S02B00002F686F6D652F7869616F7869616F2F776F726B73706163652F746162615F646174696E2F414B333712
S31580DFFE00950000EA414E594B4148334400E80300F0
S31580DFFE100000000000000000000000000600000077
S31580DFFE200000E0800100000000000000000000000C
S31580DFFE30000000000000000000000000000000005D
S31580DFFE40000000000000000000000000000000004D
S31580DFFE50000000000000000000000000000000003D
S31580DFFE60000000000000000000000000000000002D
S31580DFFE70000000000000000000000000000000001D
S31580DFFE80000000000000000000000000000000000D
S31580DFFE9000000000000000000000000000000000FD
S31580DFFEA000000000000000000000000000000000ED
S31580DFFEB000000000000000000000000000000000DD
S31580DFFEC000000000000000000000000000000000CD
S31580DFFED000000000000000000000000000000000BD
S31580DFFEE000000000000000000000000000000000AD
S31580DFFEF0000000000000000000000000000000009D
S31580DFFF00000000000000000000000000000000008C
S31580DFFF10000000000000000000000000000000007C
S31580DFFF20000000000000000000000000000000006C
S31580DFFF30000000000000000000000000000000005C
S31580DFFF40000000000000000000000000000000004C
S31580DFFF50000000000000000000000000000000003C
S31580DFFF60000000000000000000000000000000002C
S31580DFFF70000000000000000000000000000000001C
S31580DFFF8000000000000000000000000053504950D0
S31580DFFF9000000000000000000000000000000000FC
S31580DFFFA000000000000000000000000000000000EC
S31580DFFFB000000000000000000000000000000000DC
S31580DFFFC000000000000000000000000000000000CC
S31580DFFFD000000000000000000000000000000000BC
S31580DFFFE000000000000000000000000000000000AC
S31580DFFFF0000000000000000000000000000000009C
S31580E00000150000EA14F09FE514F09FE514F09FE5F3
S31580E0001014F09FE514F09FE514F09FE514F09FE55A
S31580E00020E000E0804001E080A001E0800002E08026
S31580E000306002E080C002E0804003E080EFBEADDE9B
S31580E0004000FEDF80580A0300D0402A005064030097
S31580E00050DEC0AD0BDEC0AD0BDEC0AD0B00000FE148
S31580E000601F00C0E3D30080E300F029E10C039FE5A5
S31580E00070001090E5021081E3001080E5010000EBBE
S31580E00080850400EB1EFF2FE10000A0E37AFF17EE68
S31580E00090FDFFFF1A170F08EE150F07EE100F11EE92
S31580E000A0030CC0E38700C0E3020AC0E3020080E3FA
S31580E000B0010A80E3100F01EE0EC0A0E1888C00EB10
S31580E000C00CE0A0E10EF0A0E10000A0E10000A0E1DC
S31580E000D00000A0E10000A0E10000A0E10000A0E1B6
S31580E000E090D01FE500E08DE500E04FE104E08DE58E
S31580E000F013D0A0E30DF069E10FE0A0E10EF0B0E1EE
S31580E0010048D04DE2FF1F8DE8B8201FE50C0092E84D
S31580E0011048008DE234508DE20E10A0E10F0085E8B4
S31580E001200D00A0E16A0600EB0000A0E10000A0E17E
S31580E001300000A0E10000A0E10000A0E10000A0E155
S31580E00140F0D01FE500E08DE500E04FE104E08DE5CD
S31580E0015013D0A0E30DF069E10FE0A0E10EF0B0E18D
S31580E0016048D04DE2FF1F8DE818211FE50C0092E88C
S31580E0017048008DE234508DE20E10A0E10F0085E854
S31580E001800D00A0E15A0600EB0000A0E10000A0E12E
S31580E001900000A0E10000A0E10000A0E10000A0E1F5
S31580E001A050D11FE500E08DE500E04FE104E08DE50C
S31580E001B013D0A0E30DF069E10FE0A0E10EF0B0E12D
S31580E001C048D04DE2FF1F8DE878211FE50C0092E8CC
S31580E001D048008DE234508DE20E10A0E10F0085E8F4
S31580E001E00D00A0E14A0600EB0000A0E10000A0E1DE
S31580E001F00000A0E10000A0E10000A0E10000A0E195
S31580E00200B0D11FE500E08DE500E04FE104E08DE54B
S31580E0021013D0A0E30DF069E10FE0A0E10EF0B0E1CC
S31580E0022048D04DE2FF1F8DE8D8211FE50C0092E80B
S31580E0023048008DE234508DE20E10A0E10F0085E893
S31580E002400D00A0E13A0600EB0000A0E10000A0E18D
S31580E002500000A0E10000A0E10000A0E10000A0E134
S31580E0026010D21FE500E08DE500E04FE104E08DE58A
S31580E0027013D0A0E30DF069E10FE0A0E10EF0B0E16C
S31580E0028048D04DE2FF1F8DE838221FE50C0092E84A
S31580E0029048008DE234508DE20E10A0E10F0085E833
S31580E002A00D00A0E12A0600EB0000A0E10000A0E13D
S31580E002B00000A0E10000A0E10000A0E10000A0E1D4
S31580E002C078D21FE548D04DE2FF1F8DE83C808DE275
S31580E002D0006048E900E088E500604FE1046088E579
S31580E002E0080088E50D00A0E194009FE5009090E588
S31580E002F090009FE5008090E5089009E00000A0E38B
S31580E003000110A0E31110A0E1010019E10190C911EB
S31580E0031001002DE9A203001B0100BDE8000059E3BE
S31580E003200100000A010080E2F4FFFFEAFF7FDDE8DA
S31580E003300000A0E13CE09DE548D08DE204F05EE27D
S31580E00340F4D21FE548D04DE2FF1F8DE83C808DE278
S31580E00350006048E900E088E500604FE1046088E5F8
S31580E00360080088E50D00A0E1010600EBFF7FDDE8EF
S31580E003700000A0E13CE09DE548D08DE204F05EE23D
S31580E00380A40100084C000008240000080233A0E322
S31580E0039010209FE5082283E50322A0E30C2283E573
S31580E003A00000A0E31EFF2FE1E02E00000233A0E371
S31580E003B00C2293E5012382E30C2283E5081293E580
S31580E003C08C3099E5010053E18C3099358800993578
S31580E003D08C0099250030833088309925BB3D833267
S31580E003E00030832020308332033061E0883089E535
S31580E003F08C1089E50010A0E3880099E51EFF2FE1C7
S31580E0040008402DE9E8FFFFEB08209FE50030A0E3F8
S31580E00410748E00EB0880BDE8E02E000010402DE9E8
S31580E004200040A0E1F5FFFFEB000064E01080BDE84E
S31580E004300021A0E1F8402DE9002092E00050A0E301
S31580E00440203FA0E10530A3E0022092E00330A3E064
S31580E00450002092E00530A3E00040A0E10312A0E195
S31580E004600202A0E1221E81E1002092E00130A3E0B9
S31580E00470022092E00330A3E0024094E00350A5E03E
S31580E004808532A0E1A43D83E18422A0E10240A0E19F
S31580E004900350A0E1C4FFFFEBFA2FA0E30030A0E316
S31580E004A00060A0E10170A0E10400A0E10510A0E1F8
S31580E004B04C8E00EB006096E00170A7E0BAFFFFEBA0
S31580E004C0002056E00030C7E20310A0E1000052E3CE
S31580E004D00030D1E2F8FFFFAAF880BDE8D3FFFFEA5B
S31580E004E008402DE90233A0E3083093E520009FE53C
S31580E004F0FF2003E20F1C03E2033A03E22336A0E186
S31580E005002114A0E1920000E01113A0E1B68D00EB8A
S31580E005100880BDE800366E010233A0E310402DE985
S31580E00520084093E5EDFFFFEBA418A0E1031001E29C
S31580E00530011081E28110A0E1AB8D00EB1080BDE877
S31580E0054008402DE90233A0E3083093E5010413E384
S31580E005500100001A0840BDE8EEFFFFEAEDFFFFEB81
S31580E00560A000A0E10880BDE810402DE99CE09FE571
S31580E00570070051E384C09EE50F4200E20FC20CE221
S31580E005800F02C0E38110A0810C0080E10720029277
S31580E005903010818201200282040180E18111829102
S31580E005A00210818184008EE50820DDE580009EE5ED
S31580E005B0000052E38110A0E10700000A50209FE589
S31580E005C0010013E3002002E001304302032C82E3C2
S31580E005D0032582E1013082E1040000EA010000E2C5
S31580E005E0020C80E3013043E2033580E1013083E1B0
S31580E005F018209FE5803082E50C30DDE5000053E38E
S31580E006009C309215013083139C3082151080BDE8B2
S31580E006100000142001010000070050E30200008A78
S31580E006208004A0E1120380E21EFF2FE10F0050E379
S31580E006300300008A8003A0E1120380E2030B80E2DC
S31580E006401EFF2FE1100050E30500000A120050E380
S31580E006500500008A0003A0E1120380E2530D80E2E8
S31580E006601EFF2FE108009FE51EFF2FE10000A0E3BB
S31580E006701EFF2FE100180048F34D2DE90040A0E170
S31580E006800100A0E10270A0E10380A0E1E1FFFFEBC1
S31580E006902860DDE5000050E37B00000A083087E053
S31580E006A0000056E323B3A0E107C080E02851A0E133
S31580E006B0031008E23F3003E2032004E23700000A39
S31580E006C0000052E304E0A0010C6064002300000A0D
S31580E006D004E06CE00C70A0E10020A0E304E08DE58E
S31580E006E0050052E10F00000A04E09DE507E08EE098
S31580E006F000E08DE500E0A0E30E60A0E100809DE5EE
S31580E0070008A0DEE70A80A0E18EA1A0E101E08EE20A
S31580E0071004005EE3186A86E1F7FFFF1A046087E467
S31580E00720012082E2EDFFFFEA000051E31400000AB7
S31580E007300221A0E100E0A0E3044082E00E50A0E1C7
S31580E007400470DEE78E61A0E101E08EE201005EE109
S31580E00750175685E1F9FFFF1A02508CE7080000EA98
S31580E00760050052E100709E150E70861701208212F8
S31580E0077004E08E12F9FFFF1A000051E3021194178C
S31580E0078002118C17013043E23B0053E30B33A09117
S31580E007903C3083920020A093002083973A0000EAC1
S31580E007A0000052E30CE0A00104606C001D00000A2A
S31580E007B00470A0E10620A0E10C8064E0050052E12F
S31580E007C00B00000A07A098E700E0A0E38E61A0E1B5
S31580E007D03A66A0E1FF6006E20760CEE701E08EE2DE
S31580E007E004005EE3F8FFFF1A012082E2047087E2EC
S31580E007F0F1FFFFEA000051E31E00000A02E19CE7F8
S31580E00800024184E000C0A0E38C21A0E13E22A0E189
S31580E00810FF2002E20C20C4E701C08CE201005CE12B
S31580E00820F8FFFF1A130000EA050052E100709E15FA
S31580E008300E7086170120821204E08E12F9FFFF1AED
S31580E00840000051E30B00000A8111A0E102E19CE780
S31580E00850011081E201C0A0E31C11A0E1025194E7FE
S31580E0086000C061E2011041E205C00CE00E1001E03B
S31580E008700C1081E1021184E7013043E23B0053E34F
S31580E008800B33A0913C3083920030939708D08DE271
S31580E00890F08DBDE80223A0E31C3092E50010A0E3D2
S31580E008A0023CC3E31C3082E528309FE50120A0E3CB
S31580E008B0802083E50322A0E3842083E518209FE55A
S31580E008C0881083E514009FE58C2083E59C1083E502
S31580E008D0022CA0E3357B00EA000014200000C390E0
S31580E008E05808E38028309FE5070050E3A0309395D1
S31580E008F00001A0913300A091A83093850F0000926B
S31580E00900080040828000A0813300A081030000823D
S31580E009101EFF2FE100001420F34D2DE922B3A0E164
S31580E009200BA3A0E1010053E30080A0E10160A0E118
S31580E009300370A0E102506AE00040A0E32400001AC0
S31580E009400B0054E10C00000A0600A0E1E4FFFFEB97
S31580E00950080050E3FBFFFF0A072004E2040388E077
S31580E0096000708DE50610A0E10223A0E14030A0E30F
S31580E0097040FFFFEB014084E2F0FFFFEA000055E331
S31580E009801E00000A0600A0E1D5FFFFEB000050E361
S31580E00990FBFFFF1A0130A0E307200BE200308DE574
S31580E009A0110000EA0600A0E1CDFFFFEB000050E376
S31580E009B0FBFFFF0A072004E2040388E000708DE570
S31580E009C00610A0E10223A0E14030A0E329FFFFEB7F
S31580E009D0014084E20B0054E1F1FFFF1A000055E389
S31580E009E00600000A072004E200708DE508008AE030
S31580E009F00610A0E10223A0E10530A0E11DFFFFEB98
S31580E00A0008D08DE2F08DBDE804E02DE507C002E276
S31580E00A1004E0DDE504E08DE5020380E004E09DE4AA
S31580E00A200C23A0E113FFFFEAFF4D2DE90260A0E170
S31580E00A30122F6FE1A222A0E1070051E302B0A0915C
S31580E00A4001B0828300005BE308008DE50140A0E110
S31580E00A503070DDE56900001A2683A0E1800058E366
S31580E00A6003A0A0E11100009A070018E36300001AD2
S31580E00A708050A0E30800A0E10510A0E1848C00EBA3
S31580E00A80000051E30600001A0800A0E10510A0E18D
S31580E00A90558C00EB01B040E2FE005BE30400009A77
S31580E00AA0560000EA085055E2F1FFFF1A530000EACB
S31580E00AB00850A0E14C219FE58412D2E7000051E383
S31580E00AC04E00001A8402A0E100C082E00D10DCE551
S31580E00AD0FF1011E24900001A08309DE53F6006E20A
S31580E00AE008808CE518608CE504308CE502A0CCE5C6
S31580E00AF00170CCE50C10CCE518309CE5000053E3A2
S31580E00B000700000A0130A0E30C30CCE504309CE518
S31580E00B1008109CE5013383E010308CE508309CE5D5
S31580E00B2014308CE50C208DE508008DE5C30100EBE3
S31580E00B3008009DE50C209DE5C8309FE5001082E029
S31580E00B4008C091E501E0A0E300005CE30A00001A3A
S31580E00B5084C2C3E70DE0C1E5100091E5142091E57C
S31580E00B60183091E50210D1E5FF2002E282008DE89F
S31580E00B700410A0E17BFEFFEB200000EA84E2C3E7FD
S31580E00B800431A0E1023283E204C091E5053783E2D5
S31580E00B9000C083E5FF5005E26C309FE50BB885E148
S31580E00BA004B183E7403043E288C093E50210D1E5A3
S31580E00BB00150A0E3000051E3081084E21E118C117D
S31580E00BC01E11CC01881083E540109FE580C093E537
S31580E00BD0002082E00C1001E018C084E2151C81E15F
S31580E00BE0801083E50130D2E524E09FE5000053E301
S31580E00BF09C309E1509408412154483119C408E15C5
S31580E00C0010D08DE2F08DBDE85808E38040001420D6
S31580E00C10FFFD000000001420080051E30700509318
S31580E00C201EFF2F8124209FE5080080E38C3092E52B
S31580E00C30011280E1FF30C3E3031081E18C1082E58D
S31580E00C408C3092E5FF30C3E38C3082E51EFF2FE1E6
S31580E00C500000142028309FE5070050E38820939514
S31580E00C608C2093850110A0E3180080920800808292
S31580E00C701100829111008281880083958C008385A2
S31580E00C801EFF2FE100001420F04D2DE9EC409FE59A
S31580E00C90187080E20180A0E3803094E51877A0E1C7
S31580E00CA0030017E10050A0E1F08DBD080CFFFFEBDB
S31580E00CB0CC309FE585B2A0E10B2083E00210D2E53F
S31580E00CC00360A0E1002090E20120A013000051E340
S31580E00CD00020A013000052E300A0A0E10200001A69
S31580E00CE098809FE50B4086E01D0000EA0500A0E1C4
S31580E00CF0FBFEFFEB0A0050E1F8FFFF1A0233A0E3A8
S31580E00D0088C094E5900094E5941094E5202093E5DE
S31580E00D10022982E3202083E5202093E50229C2E3AD
S31580E00D20202083E50332A0E3808084E5843084E577
S31580E00D308C3094E5053283E38C3084E588C084E5A5
S31580E00D40900084E5941084E5F08DBDE80230D4E52A
S31580E00D500500A0E1000053E30500001A0810A0E3B7
S31580E00D60ACFFFFEB803098E5030017E1F6FFFF1A52
S31580E00D70010000EAB6FFFFEBF9FFFFEAF08DBDE880
S31580E00D80000014205808E38073402DE948519FE520
S31580E00D900060A0E18032D5E7000053E32800000A36
S31580E00DA0070050E318208092082080820130A0E37B
S31580E00DB028019FE528119FE51322A0E10030A0E3FA
S31580E00DC080C090E50C0012E10200000A013083E267
S31580E00DD0010053E1F9FFFF1A08219FE50040A0E3F7
S31580E00DE0020053E18642C5E70600009A0600A0E1CC
S31580E00DF0A4FFFFEBF0309FE5033086E00331A0E10E
S31580E00E00004083E5310000EACC109FE5861281E060
S31580E00E100C30D1E5000053E32A00000A0130A0E35C
S31580E00E200D30C1E5100091E5142091E5183091E58B
S31580E00E300210D1E5FF2002E212008DE80610A0E163
S31580E00E40C8FDFFEB8622A0E1023085E00D30D3E5D8
S31580E00E50000053E31B00000A80009FE580109FE5B9
S31580E00E600030A0E380C090E5020C1CE30200000A9B
S31580E00E70013083E2010053E1F9FFFF1A025085E079
S31580E00E8060209FE50040A0E3020053E10D40C5E508
S31580E00E900E00008A0230D5E5040053E10900000A1D
S31580E00EA0183095E53C0053E30600008A0600A0E191
S31580E00EB0D8FDFFEB143095E5073003E20333A0E17C
S31580E00EC03C3083E2004083E70100A0E3000000EAD3
S31580E00ED00400A0E108D08DE27080BDE85808E38088
S31580E00EE000001420E182EC00DF82EC0010000508AF
S31580E00EF0020050E34A00000AFF3000E228119FE535
S31580E00F0083C1A0E10C2081E00400D2E5FF0050E33C
S31580E00F101EFF2F1114219FE5F0412DE910719FE509
S31580E00F200040A0E10050A0E10160A0E302E0A0E182
S31580E00F300580D2E5010058E30700001AFF0055E37B
S31580E00F40B680D2E10450D2050870A0010540A00128
S31580E00F50070058E10440D2350870A031016086E28E
S31580E00F60080056E3042082E2F0FFFF1AFF0055E313
S31580E00F70F081BD0804018EE00020A0E30120C0E5F9
S31580E00F80B220D0E1012082E20228A0E12228A0E17D
S31580E00F90000052E3B220C0E11000000A0160A0E345
S31580E00FA090509FE516E4A0E1102084E2880095E564
S31580E00FB016228EE10C1081E0090053E3002082E1E5
S31580E00FC0882085E5833083900440C1E568109F954D
S31580E00FD00A3043828330838060109F85060000EA72
S31580E00FE00250A0E102008EE0042082E2200052E37B
S31580E00FF0B250C0E1FAFFFF1AE7FFFFEA002091E571
S31580E010000700A0E31023C2E1000004E0103382E190
S31580E010100400A0E1003081E50DFFFFEB0400A0E1D4
S31580E01020F081BDE8FF00A0E31EFF2FE188E0E280CB
S31580E0103068E0E280FFFF00000000142090001420AA
S31580E0104094001420FF2000E2C4009FE58221A0E105
S31580E0105038402DE9023080E00440D3E5FF0054E3D8
S31580E010603880BD08ACC09FE501E0A0E39C109CE51C
S31580E01070093084E21E33C1E19C308CE598309FE5EF
S31580E0108084C2A0E100E0A0E30C1083E001E0C1E5CA
S31580E010901CE081E584E2D3E700005EE30200001A0B
S31580E010A00D10D1E5000051E30300000A0010A0E333
S31580E010B08412C3E70C3083E00D10C3E5020080E0C4
S31580E010C00030E0E30430C0E550309FE50150A0E316
S31580E010D0043183E00400A0E10150C3E5E9FEFFEBC3
S31580E010E03C309FE50020A0E3033084E00331A0E1BB
S31580E010F0002083E51C109FE51534A0E1100084E212
S31580E01100882091E5154083E10440C2E1884081E58D
S31580E011103880BDE888E0E280000014205808E3804B
S31580E0112068E0E2801000050808402DE9013040E2E1
S31580E01130170053E30600009A40009FE540109FE5C4
S31580E011402D20A0E33C309FE5A22600EB38009FE50A
S31580E01150057D00EB0233A0E30120A0E3201093E5B8
S31580E011601200A0E1012080E1202083E5202093E5A4
S31580E011700000C2E1200083E50000A0E30880BDE82E
S31580E011807B5DE280985DE2802255E280AA5DE28026
S31580E01190E4FFFFEA0010A0E100009FE58D2600EA6B
S31580E011A0AF5DE2800C309FE5802183E0042092E50C
S31580E011B0800193E712FF2FE1580AE38001C0A0E1A6
S31580E011C0111F6FE1A112A0E11F0050E30130A0D111
S31580E011D0013081C3000053E30C309F0580218307F3
S31580E011E08031830004C083051EFF2FE1580AE38027
S31580E011F010402DE90040A0E30400A0E10420A0E136
S31580E0120014109FE5014084E2EBFFFFEB200054E3FE
S31580E01210F8FFFF1A0000A0E31080BDE89411E0809B
S31580E0122008402DE9D00100EB730200EB790200EB78
S31580E01230180000EB0000A0E3170F07EE0880BDE87A
S31580E012400030A0E37EFF17EEFDFFFF1A9A3F07EE20
S31580E012501EFF2FE11F0010E30120A0030020A01352
S31580E012601F3011E20130A013030052E11EFF2F91DF
S31580E01270010050E10200002A3E0F07EE200080E2E6
S31580E01280FAFFFFEA0030A0E39A3F07EE1EFF2FE168
S31580E01290011080E0EEFFFFEA1EFF2FE16CD09FE5B4
S31580E012A007D0CDE3A0D04DE207D0CDE30D90A0E10D
S31580E012B00000A0E3570000EB40D099E507D0CDE3EE
S31580E012C0009099E5A09049E20CE08FE2440099E530
S31580E012D000E08EE0300099E5100000EA68FBFFEB65
S31580E012E02C009FE52C109FE50020A0E3010050E153
S31580E012F00020803504008032FBFFFF3A3A0000EBA5
S31580E013003A0000EB0900A0E1301099E508F09FE58E
S31580E0131060FFFE805808E380D03E0A816415E08055
S31580E013204C109FE5014050E01000000A44209FE504
S31580E01330000CB1E8000CA0E8020051E1FBFFFF3AA7
S31580E0134034209FE534309FE50300B2E8FF1001E2E8
S31580E01350170051E30300001A040080E0001090E5D6
S31580E01360041081E0001080E5030052E1F5FFFF3ACA
S31580E013701EFF2FE100FEDF805808E3805808E380F7
S31580E013805062E3800000A0E31EFF2FE108402DE9D4
S31580E013900C109FE50C009FE50E2600EB0000A0E315
S31580E013A00880BDE81DE0E280E75DE28010402DE93F
S31580E013B00A10A0E314209FE514009FE50940A0E110
S31580E013C0DD1C00EB080084E50000A0E31080BDE8AA
S31580E013D000C20100EE5DE28008402DE99A00A0E3BC
S31580E013E0DF3500EB0000A0E30880BDE81EFF2FE1BB
S31580E013F01EFF2FE1003099E50221A0E3182083E566
S31580E01400002099E5343099E51C3082E51EFF2FE116
S31580E014100000A0E31EFF2FE1F8402DE9A020A0E325
S31580E014200900A0E10010A0E3607800EB10219FE5C1
S31580E014300233A0E3002092E5382089E504219FE588
S31580E01440082083E5042093E5012282E3042083E5F6
S31580E01450042093E5010212E3FCFFFF1AE8409FE5D2
S31580E01460AA24A0E30233A0E3E82083E5043094E4F1
S31580E01470000053E30300000A33FF2FE1000050E34E
S31580E01480F9FFFF0A246F00EB340099E50129A0E318
S31580E014909C2089E59C2099E5020180E2000062E0DB
S31580E014A02008A0E10008A0E1980089E52D3500EB51
S31580E014B098209FE598609FE51C0089E5384099E58E
S31580E014C0000064E0FF4EC0E30F40C4E3015544E210
S31580E014D0022084E0835D45E2002089E53C5089E591
S31580E014E00D0100EB066084E0002099E5083099E57F
S31580E014F0003082E5BEFFFFEB58009FE5003099E5BE
S31580E015001C7093E5A72500EB0700A0E10010A0E39F
S31580E0151044209FE54E6D00EB40309FE5A020A0E3A0
S31580E01520000093E5304089E5044060E0406089E56D
S31580E015300500A0E1444089E50910A0E1F840BDE856
S31580E01540317800EA4800E0807D13000110E1E28016
S31580E01550E0DFBFFF30AFBFFFF75DE28011CFE28013
S31580E015604000E08008402DE9043099E59B00A0E347
S31580E01570013083E3043089E50140A0E1783500EB72
S31580E0158010319FE5002093E50C319FE5002083E54F
S31580E015908C0100EB618700EB8D5400EB010544E2A2
S31580E015A0F8109FE5020A40E2A12600EB97FFFFEBE9
S31580E015B08C8700EB004050E20B00000A0400A0E1BB
S31580E015C00010A0E3D8209FE5216D00EBD4109FE5C5
S31580E015D00120A0E34C0099E5B06E00EB000050E3FB
S31580E015E00400000A652B00EB050000EAB8009FE5E1
S31580E015F06C2500EBC86E00EBB32A00EBAC009FE5F0
S31580E01600742500EBA8009FE51E1C00EB0410A0E10A
S31580E01610B98700EB9C309FE51010A0E398209FE50A
S31580E01620000083E594009FE50940A0E1421C00EBC1
S31580E016304C0084E54C0099E5348900EB010070E3C9
S31580E016400200001A4C1099E574009FE5612500EBD5
S31580E01650000099E5544600EB303A00EBA02D00EB14
S31580E0166060409FE51E2600EBBB0000EB1010A0E378
S31580E01670002094E550009FE52F1C00EB000084E5F8
S31580E0168048009FE5472500EB000099E5697F00EB80
S31580E01690D93800EBFDFFFFEA4C00E0805C0BE3808D
S31580E016A00020400011CFE280FF5DE280105EE280A4
S31580E016B0205EE280365EE280580BE3800000308177
S31580E016C03F5EE2804E5EE280A0F7E280AB8AE28017
S31580E016D0755EE280003099E573402DE9043093E54C
S31580E016E0606090E50050A0E188009FE504308DE5DC
S31580E016F0024C01E2E31B00EB000050E30500000A28
S31580E017001010A0E304208DE22D7B00EB68009FE5BE
S31580E0171004109DE52F2500EB0F00A0E3103500EBCC
S31580E0172058309FE5000054E354109FE554009FE550
S31580E017300310A001272500EBA100A0E3083500EB0C
S31580E01740B6FEFFEB703095E5000053E36C2095150F
S31580E017500930A0010030930508209305000054E38A
S31580E017600200001A0400A0E104109DE536FF2FE197
S31580E0177008D08DE27080BDE8945EE2809B5EE28078
S31580E01780B0DDE2807D5EE280C05EE280002099E5A9
S31580E01790003099E5182092E51C3093E50D10A0E124
S31580E017A0022083E0011A41E2022061E0097300EA47
S31580E017B01EFF2FE170402DE90040A0E1E4009FE5A7
S31580E017C0B01B00EB702094E5000052E30800000AAD
S31580E017D0D4009FE5FF2400EB0400A0E1B83300EBE2
S31580E017E0000050E37080BD08C0009FE5F92400EB5F
S31580E017F0496E00EB0030A0E1000099E5B0C09FE5BE
S31580E01800084090E5AC509FE5082084E50C2084E50F
S31580E01810102084E50500A0E3142084E2000053E371
S31580E01820011084E8002085E5002099E51400000A8F
S31580E018300360A0E10120D3E4200052E3FBFFFF0A2E
S31580E01840000052E30E00000A6C309FE5183084E514
S31580E018500600A0E1F27600EB0610A0E10D0080E242
S31580E018602031A0E1000095E5143084E5080080E2AF
S31580E01870B67600EB003095E5002093E5023183E013
S31580E01880003085E52C009FE5C8FFFFEB0020A0E354
S31580E018900930A0E1003093E5003095E5042083E54A
S31580E018A0002083E57080BDE8D95EE280E25EE2807A
S31580E018B0EE5EE28001004154600BE3800900415412
S31580E018C0F8402DE9C05010E20050E0131000001AF5
S31580E018D00040A0E1017C14E20360A0E10300A0E106
S31580E018E00100000AB2FFFFEB090000EA065C14E2A1
S31580E018F00300000A0410A0E175FFFFEB0750A0E1AA
S31580E01900030000EAAAFFFFEB0600A0E10410A0E1D5
S31580E019106FFFFFEB0500A0E1F880BDE83C3099E57C
S31580E0192028209FE5041043E2001082E53C2099E5FB
S31580E019301C109FE5082082E2002081E5023A43E21E
S31580E0194010209FE5043043E2003082E527FEFFEA7F
S31580E019505000E0805800E0805400E08000300FE1E5
S31580E019608030C3E303F021E11EFF2FE100000FE1A9
S31580E01970C03080E303F021E1A003A0E1010020E292
S31580E01980010000E21EFF2FE108402DE900009FE5FF
S31580E01990F57A00EB0E5FE28030402DE98CD04DE2A7
S31580E019A00040A0E100119FE508008DE28020A0E3E1
S31580E019B0157700EB303094E500308DE52C3094E5FA
S31580E019C004308DE53C1094E5382094E5343094E598
S31580E019D0D8009FE5405094E57E2400EB281094E5FE
S31580E019E0242094E5203094E5C4009FE5792400EB3B
S31580E019F0103094E500308DE51C1094E5182094E5D0
S31580E01A00143094E5AC009FE5722400EB003094E559
S31580E01A100C1094E5082094E500308DE598009FE56C
S31580E01A20043094E56B2400EB010115E35A20A01302
S31580E01A307A20A003020215E34330A0136330A003AB
S31580E01A40010215E35610A0137610A003000055E3BB
S31580E01A5068009FE500108DE54E10A0B36E10A0A340
S31580E01A605C2400EB403094E554209FE554C09FE52C
S31580E01A70800013E30210A0010C10A01188008DE213
S31580E01A80400013E31F3003E2033180E038009FE536
S31580E01A9000008DE50C20A011803013E52C009FE539
S31580E01AA04C2400EB8CD08DE23080BDE80C41E280A6
S31580E01AB0255FE2806A5FE2808E5FE280BE5FE280E1
S31580E01AC0EE5FE2801093E280215FE280B0DDE2802B
S31580E01AD0FE5FE28008402DE90040A0E10C009FE532
S31580E01AE03C2400EB0400A0E1AAFFFFEBA5FFFFEB9F
S31580E01AF01D60E28008402DE90040A0E10C009FE5F2
S31580E01B00342400EB0400A0E1A2FFFFEB9DFFFFEB96
S31580E01B103460E28008402DE90040A0E10C009FE5BA
S31580E01B202C2400EB0400A0E19AFFFFEB95FFFFEB8E
S31580E01B304860E28008402DE90040A0E10C009FE586
S31580E01B40242400EB0400A0E192FFFFEB8DFFFFEB86
S31580E01B505860E28008402DE90040A0E10C009FE556
S31580E01B601C2400EB0400A0E18AFFFFEB85FFFFEB7E
S31580E01B70A260E28008402DE90040A0E10C009FE5EC
S31580E01B80142400EB0400A0E182FFFFEB7DFFFFEB76
S31580E01B90AC60E28008402DE920009FE5012400EB5F
S31580E01BA01C009FE5F87600EB6FFFFFEB2C5E00EB09
S31580E01BB00100A0E3345E00EB0000A0E30880BDE80E
S31580E01BC0B061E28050C300001EFF2FE108D04DE2F5
S31580E01BD00030A0E304308DE504309DE5630053E3F7
S31580E01BE0030000CA0000A0E104309DE5013083E2F5
S31580E01BF0F7FFFFEA08D08DE21EFF2FE110402DE9C6
S31580E01C00F1FFFFEB104F11EEEFFFFFEB014AC4E36C
S31580E01C10104F01EE1080BDE810402DE9EAFFFFEBA2
S31580E01C20104F11EE040014E31080BD08E6FFFFEBD1
S31580E01C3082FDFFEB0540C4E3104F01EE1080BDE866
S31580E01C400030A0E10100A0E10210A0E113FF2FE146
S31580E01C50010052E370402DE90040E0D3120000DA43
S31580E01C600340A0E10400B4E50250A0E10010A0E347
S31580E01C701020A0E3A47900EB0060A0E10610A0E1CB
S31580E01C802C009FE5D32300EB011045E20420A0E180
S31580E01C900600A0E1E9FFFFEB004090E20010A0E142
S31580E01CA010009FE50140A013CA2300EB0400A0E1E9
S31580E01CB07080BDE8BF61E280E761E2801EFF2FE1D0
S31580E01CC0F04D2DE904489FE528D04DE248709DE52A
S31580E01CD003A0A0E18C3094E5010017E3033087E1AF
S31580E01CE018008DE520108DE50260A0E18C3084E55A
S31580E01CF01700000A0010A0E3132EA0E30400A0E181
S31580E01D002A7600EBC8079FE5D32800EB880084E5B8
S31580E01D10900084E2637100EBA13000EB0050A0E11B
S31580E01D20AB3000EB0510A0E10020A0E1900084E25A
S31580E01D30667100EB900084E293FEFFEB900084E214
S31580E01D400D7200EBA000A0E3853300EB0130A0E349
S31580E01D508C3084E5020017E38C00000A000056E32D
S31580E01D6070379FD5005093D5040000DA00009AE5DD
S31580E01D700010A0E31020A0E3637900EB0050A0E11F
S31580E01D800100A0E3763300EB0500A0E1643100EBCF
S31580E01D900080A0E3548084E5508084E50050A0E193
S31580E01DA04C3100EB010050E33900001A0510A0E148
S31580E01DB024079FE5872300EB001095E50C379FE528
S31580E01DC0012CA0E1888093E5212C82E1FF3C01E2B1
S31580E01DD0032482E1FF3801E2233482E1FC269FE599
S31580E01DE0020053E10300000AF4069FE56D2300EB51
S31580E01DF00000E0E3230000EA0200A0E3583300EBB2
S31580E01E000500A0E1053000EB000050E30300001A76
S31580E01E10D0069FE5632300EB0100E0E3190000EACA
S31580E01E200300A0E34E3300EB0500A0E1BD3000EBFC
S31580E01E30000058E30B00000AAC069FE5592300EB4F
S31580E01E400500A0E10D3000EB000050E30300001A2E
S31580E01E5098069FE55F2300EB0200E0E3090000EAD5
S31580E01E608C069FE54F2300EB0400A0E33C3300EBB8
S31580E01E701D10D5E5020051E36300000A74069FE574
S31580E01E80542300EB0300E0E3353300EB0050A0E39E
S31580E01E90060000EA18309DE55C069FE5001093E5B4
S31580E01EA04C2300EB6F00E0E32D3300EB0850A0E11C
S31580E01EB0543094E514869FE5000053E33C069F0585
S31580E01EC04F00000A0500A0E1023100EB010050E37B
S31580E01ED01B00001A1E10D5E55D10C8E51F30D5E55C
S31580E01EE05C30C8E51C30D5E55E30C8E50CC095E5CC
S31580E01EF0400085E20C2CA0E1FF3C0CE22C2C82E138
S31580E01F00032482E1FF380CE2233482E1033080E06F
S31580E01F10100095E54C3088E5002CA0E1FF3C00E21E
S31580E01F20202C82E1032482E1FF3800E2233482E13F
S31580E01F30583088E5443098E5000053E30200001A03
S31580E01F400F0000EAB8059FE52D0000EA180098E545
S31580E01F500E0051E3002CA0E1FF3C00E2202C82E160
S31580E01F60032482E1FF3800E2233482E1603088E5B1
S31580E01F705020980558208805023083006030880517
S31580E01F80010000EA7C059FE51D0000EA485084E5F3
S31580E01F90040017E34A00000A5D20D4E52C559FE54E
S31580E01FA0023042E2FD0013E30130A0030030A013CB
S31580E01FB00E0052E301308303000053E30360A00187
S31580E01FC03F00000A5E30D5E5050053E30060A013CC
S31580E01FD03B00001A643085E200308DE5683085E2AA
S31580E01FE004308DE50600A0E10A10A0E10520A0E11D
S31580E01FF00230A0E3CD3000EB000050E308059F15EA
S31580E02000ED00000AE72200EB2B0100EA0500A0E3E1
S31580E02010D33200EB1E30D5E5020053E31B00001AF5
S31580E020200C1095E5403085E2012CA0E1503084E546
S31580E02030212C82E1FF3C01E2032482E1FF3801E2C8
S31580E02040233482E1543084E5060000EA040053E359
S31580E020501100001AB4249FE50500A0E10010A0E37A
S31580E02060043082E2A42F00EB0510A0E14020A0E33B
S31580E020709C049FE57F7500EB0130A0E30600A0E3BA
S31580E02080005084E5443084E5B53200EB87FFFFEA13
S31580E02090EDFFFF8A010053E3000000EA0E0053E300
S31580E020A0DEFFFF0A18309DE568049FE5001093E5A2
S31580E020B0C82200EB0400E0E372FFFFEA6C0095E5DE
S31580E020C0760200EB085017E25C00000A26FEFFEB82
S31580E020D0483094E510308DE54C3094E51C308DE544
S31580E020E0543094E514308DE55C30D4E524308DE5CC
S31580E020F050B094E5588094E50050A0E15D00D4E5C9
S31580E02100FC2F00EB24309DE5000053E30010A0E1B6
S31580E021102A00001A10309DE5030058E10B005811A3
S31580E021200140A0030040A0130300001AE8039FE5E6
S31580E02130A82200EB01B0A0E3070000EADC039FE5FC
S31580E02140A42200EB0B10A0E10800A0E114209DE59D
S31580E021500138A0E3C12F00EB04B0A0E114309DE587
S31580E021600800A0E10311A0E1034088E047FCFFEB13
S31580E021707C039FE58B2200EB0420A0E10810A0E120
S31580E021809C039FE5932200EB0700A0E3743200EB0B
S31580E0219010309DE51C209DE5030054E10030A093BE
S31580E021A00130A083020058E101B02BE20030A02389
S31580E021B00B0013E114B39FE51C00000A060000EA59
S31580E021C060039FE50310A0E1822200EB000055E367
S31580E021D06C00000A0250E0E3670000EA10109DE51B
S31580E021E01C209DE540039FE57A2200EB3C039FE5BA
S31580E021F00810A0E10420A0E1762200EB44309BE5C4
S31580E02200000053E30500000A2230DBE5040053E3D7
S31580E022100A00001A18039FE5622200EB070000EA35
S31580E0222010039FE55F2200EB7300E0E33F0000EAE6
S31580E0223058109BE590008BE2042061E0657000EB2E
S31580E02240100017E384429FE50F00000A783084E2AD
S31580E02250682094E500308DE5641094E5900084E292
S31580E02260022061E0743084E2C93000EB000050E384
S31580E022709400001A741094E5BC029FE50C1800EBFC
S31580E02280B8029FE5781094E5091800EB200017E383
S31580E022900800000AA8029FE56C1094E5542D00EB37
S31580E022A09C029FE5241040E2042081E2722D00EB3F
S31580E022B0000050E38300001A88329FE55E20D4E573
S31580E022C01F0D17E3028193E70130A0130030A003CE
S31580E022D0000058E30030A01301300302000053E30E
S31580E022E04300001A400017E34D00001A800017E310
S31580E022F05300001A010C17E35900001A010B17E38B
S31580E023001A00000A5D30D4E5C0719FE5010053E311
S31580E023100B00000A68FEFFEB010BA0E30610A0E1CC
S31580E023200A20A0E10730A0E138FF2FE10800E0E3D2
S31580E023300B3200EB000055E31800000A0050E0E3A2
S31580E023400D0000EA00029FE5CE1800EB000050E3A6
S31580E023504E00000AF4119FE50B7400EB000050E399
S31580E023604A00001AE8019FE5541097E5D01700EB84
S31580E02370000055E35200000A0050A0E376FDFFEB33
S31580E02380030075E30300001A0600E0E3F43100EB96
S31580E023900200E0E34B0000EA010075E34800001A22
S31580E023A018009DE520109DE50620A0E10A30A0E119
S31580E023B0F7FDFFEB0000E0E3420000EA6C3085E2E7
S31580E023C004308DE5703085E208308DE50610A0E1B9
S31580E023D000508DE520009DE50A20A0E10230A0E3D3
S31580E023E0882D00EB006050E233FFFF0A64019FE531
S31580E023F003FFFFEA000055E30000000A56FDFFEB0D
S31580E024005E00D4E52F2F00EB5E20D4E50010A0E13E
S31580E0241044019FE5EF2100EB0700E0E3D03100EBDC
S31580E02420250000EA4000A0E30610A0E10A20A0E132
S31580E0243098309FE538FF2FE100B050E20F00001A98
S31580E02440A9FFFFEA8000A0E30610A0E10A20A0E150
S31580E0245078309FE538FF2FE100B050E2A4FFFF0A15
S31580E02460060000EA010CA0E30610A0E10A20A0E144
S31580E0247058309FE538FF2FE100B050E29EFFFF0A1B
S31580E02480D8009FE5C72100EB0B00A0E10D0000EA34
S31580E02490601094E50600A0E1012CA0E1FF3C01E29A
S31580E024A0212C82E1032482E1FF3801E2233482E1B8
S31580E024B00A10A0E133FF2FE1ACFFFFEA0100A0E3C1
S31580E024C0000000EA0500A0E128D08DE2F08DBDE8AD
S31580E024D0640BE380AE62E280A0F7E280B562E280E0
S31580E024E056190527E762E280F962E2800E63E280B0
S31580E024F02963E280348FE2803763E2807763E2802B
S31580E025009A63E280BA63E280DD63E2800164E2801E
S31580E02510B40BE380680BE3805663E2804A64E28032
S31580E025205964E2806C64E2809864E280BB64E28015
S31580E02530EB64E2801565E2804F65E2809665E28035
S31580E02540A365E280F40BE380BC42E280F665E2803C
S31580E025500066E2800366E2802664E280AE65E28021
S31580E02560DC65E280F0452DE9018042E2000058E337
S31580E0257014D04DE20070A0E10160A0E10250A0E13C
S31580E025800340A0E104A083E2240000DA0C108DE28F
S31580E02590040093E51020A0E35B7700EB0C309DE52B
S31580E025A00000D3E53A0050E3000050130110A01379
S31580E025B00010A003230050E30010A00301100112D5
S31580E025C0000051E31500000A0920A0E3040094E529
S31580E025D06C109FE5EE1E00EB022045E2083084E2B7
S31580E025E0000050E30B00000A0CC090E554109FE514
S31580E025F001005CE38C1091E507C0A0030C0051E17B
S31580E0260000C08DB50700A0B10610A0B1090000BAE0
S31580E0261034009FE56F2100EB0000E0E3060000EA6E
S31580E0262028309FE500308DE50700A0E10610A0E1A7
S31580E026300820A0E10A30A0E1A0FDFFEB14D08DE2F6
S31580E02640F085BDE8CCE4E280640BE3800C66E28052
S31580E026500F07000073402DE90050A0E158009FE588
S31580E026600160A0E1071800EB000050E30100001ACA
S31580E026700000A0E30E0000EA40109FE5427300EB05
S31580E02680004050E2F9FFFF1A34309FE534009FE5C1
S31580E02690001093E500608DE504408DE54D2100EB6B
S31580E026A00500A0E10410A0E10120A0E30D30A0E147
S31580E026B0ABFFFFEB08D08DE27080BDE8F665E28087
S31580E026C03666E280A0F7E2803A66E28001C0A0E367
S31580E026D007402DE900C08DE5616100EB0CD08DE20D
S31580E026E004F09DE401C0A0E307402DE900C08DE53C
S31580E026F0D36100EB0CD08DE204F09DE4010052E35F
S31580E02700F0402DE964D04DE2030000CA70009FE5F9
S31580E02710302100EB0000A0E3170000EA0140A0E3CF
S31580E0272000408DE50350A0E1030093E90C208DE2A3
S31580E0273010308DE23E3900EB006050E20D0000BAC9
S31580E027400C009DE510108DE2047090E5645D00EB71
S31580E02750000050E30500000A041095E50720A0E19B
S31580E027600630A0E11C009FE51A2100EB010000EA9B
S31580E027704C6000EB000000EA0400A0E164D08DE24A
S31580E02780F080BDE8B566E280E066E28070402DE9E3
S31580E02790004090E50050A0E1000054E30200001AFA
S31580E027A0C8009FE50B2100EB2C0000EA0400A0E1C5
S31580E027B0BD6100EB006050E22A0000AA2F6800EBC2
S31580E027C00010A0E1A8009FE5022100EB0A0076E375
S31580E027D01E00001A142094E5223CA0E1FF1802E2D4
S31580E027E0023C83E1213483E1FF1C02E2011483E1B0
S31580E027F00F0051E30200008A78009FE51020A0E3F5
S31580E02800F42000EB181094E5212CA0E1FF3801E2DA
S31580E02810012C82E1232482E1FF3C01E2033482E160
S31580E02820110053E30900009A143094E548009FE5CF
S31580E02830231CA0E1FF2803E2031C81E1221481E14D
S31580E02840FF3C03E2031481E11120A0E3E12000EBE9
S31580E0285028009FE50040A0E3DE2000EB004085E510
S31580E028600400A0E17080BDE80100A0E37080BDE8CF
S31580E02870846AE280AF6AE280CD6AE280E56AE280DD
S31580E0288011CFE280000051E31700000A013080E0BA
S31580E02890013053E50A0053E30000531374C09F05EB
S31580E028A00B00001A0130D0E4000053E30A00000A6E
S31580E028B00320DCE7B70012E30D00001A000051E3C5
S31580E028C0000053030100A0130000A003010020E2F2
S31580E028D01EFF2FE10000A0E31EFF2FE1000051E381
S31580E028E0F5FFFFDA010051E30500001A0100A0E1DF
S31580E028F01EFF2FE1000051E3EFFFFFDA011041E216
S31580E02900E7FFFFEA0020D0E5000052E3FAFFFF1A76
S31580E029100200A0E11EFF2FE15E57E280F8452DE937
S31580E02920004051E2F885BD080050A0E1D4FFFFEBFE
S31580E02930006050E21600000A34019FE5992000EB22
S31580E029400060A0E3040056E10E0000AA000056E312
S31580E02950010000DA1C019FE5922000EB0500A0E172
S31580E02960902000EB0500A0E1AD7200EB016086E20D
S31580E02970006086E00500A0E1A97200EB010080E23C
S31580E02980005085E0EEFFFFEAE4009FE5F845BDE80C
S31580E02990842000EA038014E22200001A400054E317
S31580E029A0040000DA0510A0E10420A0E1C8009FE55C
S31580E029B0F845BDE8872000EAC0009FE5852000EB6A
S31580E029C0033084E2000054E30340A0B14441A0E137
S31580E029D00860A0E1A8A09FE5A8809FE5017044E299
S31580E029E0040056E10D0000AA063195E7070056E19E
S31580E029F0231CA0E1FF2803E2031C81E1221481E18C
S31580E02A00FF3C03E280009FE5031481E10820A0B14A
S31580E02A100A20A0A16F2000EB016086E2EFFFFFEACB
S31580E02A2068009FE5100000EA400054E3DCFFFFCA3F
S31580E02A305C009FE5672000EB48809FE5017044E2FB
S31580E02A40040056E1070000AA070056E10610D5E724
S31580E02A502C209FE53C009FE50820A0B15D2000EB9F
S31580E02A60016086E2F5FFFFEA2C009FE5F845BDE8C8
S31580E02A70582000EA006BE280FD6AE280026BE28029
S31580E02A80126BE280B0DDE28028DCE280146BE280CB
S31580E02A9060D7E2801D6BE2801F6BE280F2D9E28034
S31580E02AA00C309FE50010A0E1000083E504009FE57F
S31580E02AB0FF1500EA9410E380266BE280010052E382
S31580E02AC0F04D2DE950D04DE24C0100DA040093E55B
S31580E02AD00370A0E10030D0E50280A0E1610053E31D
S31580E02AE04F00001A024052E2BA03000A080097E556
S31580E02AF00C1F9FE5247200EB000050E31600001ADD
S31580E02B00034058E20C7087120150A0131400001A9B
S31580E02B104C3099E50140A0E320308DE520309DE5FD
S31580E02B20000053E34500000A20008DE216FFFFEB2C
S31580E02B30000050E34100000A000054E320109D1598
S31580E02B400300001A0410A0E1B80E9FE5EB1600EB37
S31580E02B500010A0E1B00E9FE52F0000EA087087E242
S31580E02B600050A0E30010A0E31020A0E3000097E56A
S31580E02B70E57500EB50308DE2300023E50300A0E1FF
S31580E02B8001FFFFEB000050E32C00000A000055E354
S31580E02B900930A01120209D154C2083150100001AD4
S31580E02BA020009DE5BDFFFFEB010054E38D0300DAD5
S31580E02BB01020A0E3040097E50010A0E3D27500EBB7
S31580E02BC00020A0E120009DE504E090E52ECCA0E188
S31580E02BD0FF380EE20ECC8CE123C48CE1FF3C0EE2A2
S31580E02BE003348CE1030052E10400002A0210A0E1E4
S31580E02BF0180E9FE50320A0E1F61F00EB790300EABB
S31580E02C000010A0E18A6600EB000050E37503000A3D
S31580E02C101A6700EB0010A0E1F40D9FE5ED1F00EBD5
S31580E02C20700300EAECAD9FE500309AE50A40A0E14A
S31580E02C30000053E30300001ADC0D9FE5D91F00EB8B
S31580E02C400160A0E36B0300EAD01D9FE50220A0E3CC
S31580E02C50D87100EB006050E23900001A030058E3B7
S31580E02C60E60000DA0610A0E11020A0E3080097E570
S31580E02C70A57500EB00008AE50A00A0E1C2FEFFEB45
S31580E02C80000050E3EDFFFF0A0C0097E50610A0E197
S31580E02C901020A0E39C7500EB040058E30050A0E10F
S31580E02CA00800001A00309AE5041093E5213CA0E183
S31580E02CB0013C83E1FF2801E2223483E1FF1C01E24B
S31580E02CC0013483E1120000EA0610A0E11020A0E3BF
S31580E02CD0100097E58C7500EB00209AE504E092E51C
S31580E02CE02ECCA0E1FF280EE20ECC8CE122C48CE152
S31580E02CF0FF2C0EE202248CE1020050E10010A0E1FC
S31580E02D000030A0E10200002A140D9FE5B11F00EB20
S31580E02D10CAFFFFEA0320A0E1000094E50510A0E1E8
S31580E02D20436600EB000050E3E83C9F0500508305D6
S31580E02D303003000AD16600EB0010A0E1D00C9FE5DD
S31580E02D40F60100EA040097E5D81C9FE50220A0E39F
S31580E02D50987100EB000050E31000001A030058E37E
S31580E02D60A60000DA081097E500009AE50C4097E5A2
S31580E02D70C36200EB001050E2E50100BA00009AE57C
S31580E02D800420A0E1016600EB000050E3150300AAF1
S31580E02D90BA6600EB0010A0E18C0C9FE5DF0100EA4B
S31580E02DA0040097E50060D0E5730056E38D00001AD5
S31580E02DB0030058E3910000DA0C3097E5040058E30D
S31580E02DC008A097E50C308DE57400000A103097E591
S31580E02DD020308DE50020D3E510B087E23C0052E359
S31580E02DE0045048E22D00001A0060A0E33CCC9FE549
S31580E02DF0012083E20670A0E150308DE2302023E5A9
S31580E02E0020809DE50010D8E53E0051E36400000A8D
S31580E02E10050057E1F50200AA000051E30170870240
S31580E02E2007219B0720208D05F4FFFF0A0310A0E110
S31580E02E300020A0E30800A0E114C08DE510308DE508
S31580E02E40317500EB14C09DE5046086E210309DE5A7
S31580E02E50002CA0E1202C82E1FF1C00E2012482E12B
S31580E02E60FF0800E2200482E120209DE504008CE456
S31580E02E70022068E0000052E3B40B9FD50810A0D191
S31580E02E80A60100DA20209DE50010D2E5200051E37E
S31580E02E90DAFFFF1A012082E220208DE5F8FFFFEAC3
S31580E02EA05B0052E32900001A0060A0E37C8B9FE57B
S31580E02EB080CB9FE5012083E20670A0E150308DE271
S31580E02EC0302023E520209DE50020D2E55D0052E319
S31580E02ED01900000A20009DE50020D0E5200052E39D
S31580E02EE00100800220008D05F9FFFF0A000052E311
S31580E02EF00170870207219B0720208D050C00000AC0
S31580E02F000220DCE714C08DE5440012E30A00000AE3
S31580E02F100310A0E11020A0E310308DE5FA7400EBF9
S31580E02F2014C09DE510309DE5016086E2018088E26F
S31580E02F30010048E5050057E1E1FFFFBA20309DE555
S31580E02F400010D3E55D0051E3A802001A140000EA00
S31580E02F500060A0E3D4BA9FE50680A0E120009DE56D
S31580E02F602F7100EB20109DE5018088E2013080E240
S31580E02F700B00A0E110308DE5F47000EB10309DE59C
S31580E02F80050058E103B08BE0066083E0083187E016
S31580E02F90103093E520308DE5EFFFFFBA000000EAC0
S31580E02FA00060A0E30A10A0E1000094E5346200EB43
S31580E02FB0001050E2560100BA583A9FE500608DE570
S31580E02FC00C209DE5000093E5603A9FE5DC6400EB2C
S31580E02FD0000050E3830200AA286600EB0010A0E11F
S31580E02FE0540A9FE54D0100EA670056E39A00001A0D
S31580E02FF00030A0E3040058E318308DE5010000CAF4
S31580E030000060E0E37B0200EA050058E308B097E55C
S31580E030100200001A0030DBE5730053E3F7FFFF1A86
S31580E03020000094E5101097E50CA097E5146097E50D
S31580E03030136200EB003050E2350100BA0050DBE568
S31580E030406E0055E30400000A730055E3050058035B
S31580E030500150A0030050A0133900001A0310A0E12C
S31580E03060000094E50C308DE56E6200EB0C309DE55A
S31580E0307050608DE20310A0E1300026E50080A0E1FB
S31580E030800620A0E1000094E5426000EB0020DBE54D
S31580E030906E0052E30070E0130030A0E10600001AF3
S31580E030A00C008DE50010A0E3140097E51020A0E366
S31580E030B0957400EB0C309DE50070A0E10050E0E3F4
S31580E030C001C088E220209DE5080052E1140000DA84
S31580E030D00C0052E10020DBE501508502070055E156
S31580E030E06E0052030600001A0310A0E1000094E58A
S31580E030F00020A0E32C6100EB0010A0E10A00A0E133
S31580E03100410000EA0310A0E1000094E50620A0E17A
S31580E031100CC08DE51F6000EB0CC09DE5003050E2F1
S31580E03120E7FFFFAA0030DBE5730053E30C099F1548
S31580E031309F00001A0A00A0E1011085E2541400EB1A
S31580E03140280200EACC289FE50310A0E1000092E582
S31580E0315018308DE20620A0E1A86100EB18609DE5BD
S31580E03160000056E30070A0E10300001A0A00A0E127
S31580E03170CC189FE5301400EB1E0200EA610000DA0D
S31580E031800030DBE5760053E32300001A0610A0E169
S31580E03190BBFDFFEB000050E30A00A0110710A01171
S31580E031A01900001A040056E30400001A20008DE29C
S31580E031B090189FE5002097E5E17400EB100000EAA7
S31580E031C0030016E30130A0030030A013140056E399
S31580E031D00030A0C3013003D2000053E30C00000AA4
S31580E031E00040A0E120308DE2840083E0042097E770
S31580E031F054189FE5044084E2D17400EB060054E164
S31580E03200F7FFFFBA0A00A0E120108DE20A1400EB76
S31580E03210F40100EA34089FE5650000EA610053E3C3
S31580E0322020008D0228189F050720A0010400000ACF
S31580E03230730053E371FFFF1A08189FE520008DE2C3
S31580E032400620A0E1BE7400EB0A00A0E120108DE22A
S31580E03250F91300EB0560A0E1E60100EA6C5046E276
S31580E03260FB5015E29F00001A6C0056E32060A01325
S31580E032700160A003020058E3D8A79F050300000A77
S31580E03280030058E308A097E50C5097150050A0037B
S31580E03290000094E50A10A0E1796100EB008050E23D
S31580E032A09B0000BA000055E31800000A64379FE5EA
S31580E032B00810A0E1000093E50520A0E120308DE232
S31580E032C04E6100EB20609DE5000056E30040A0E102
S31580E032D00400001A0A10A0E10520A0E178079FE526
S31580E032E03C1E00EBC30100EA060000DA0510A0E10F
S31580E032F068079FE5371E00EB0400A0E120109DE5FE
S31580E0330085FDFFEB0E0100EA0600A0E1500000EA31
S31580E033104C779FE50810A0E1000094E518208DE247
S31580E03320355F00EB013040E20010A0E1080053E396
S31580E0333003F19F97630000EA5C33E080BC33E08072
S31580E03340F033E080B434E080C834E080C834E08094
S31580E03350C834E080C834E080402CE080000094E50A
S31580E033600810A0E10020A0E38F6000EB060055E1A5
S31580E033700030A0E10A0000CAE8269FE5000050E39D
S31580E033800230A00100C0D3E5201065E200005CE3D6
S31580E03390D4269FE5D4069FE5011087E00320A0119F
S31580E033A00C1E00EB015085E21F0055E3490000DA70
S31580E033B0BC069FE5071E00EB20FEFFEA018045E2A2
S31580E033C0060058E1010000DA0850A0E1410000EA79
S31580E033D0211065E29C069FE5011087E0FD1D00EB6C
S31580E033E0000058E30050E0033A00000AF5FFFFEAE8
S31580E033F00810A0E10C20A0E3000094E5DB5E00EB82
S31580E03400083090E50080A0E1231CA0E1FF2803E2DC
S31580E03410031C81E1221481E1FF3C03E2031481E194
S31580E03420000094E5CE5F00EB04C098E52C1CA0E19B
S31580E03430FF380CE20C1C81E1231481E1FF3C0CE2B5
S31580E034400020A0E1030481E1000050E320008DE547
S31580E03450030000AA096500EB0010A0E118069FE5CD
S31580E034602E0000EA0600001A060055E1190000CA9F
S31580E03470201065E2011087E000069FE5D51D00EB90
S31580E03480140000EA060055E1120000CA201065E249
S31580E03490011087E0E8059FE5CE1D00EB0C0088E291
S31580E034A020109DE51CFDFFEBD8059FE5C91D00EBCF
S31580E034B0080000EA201065E2011087E0C8059FE574
S31580E034C0C41D00EB030000EA060055E1BC059FD56C
S31580E034D0DAFDFFCA110000EA010075E318809DE578
S31580E034E08BFFFF1A3F0100EAA4159FE50220A0E3C7
S31580E034F0B06F00EB000050E31C00001A081097E55F
S31580E0350000009AE5DE6000EB001050E2050000AABC
S31580E035100100A0E1D96400EB0010A0E174059FE50D
S31580E03520AC1D00EBC5FDFFEA030058E300009AE519
S31580E03530070000DA0C2097E5BA6300EB006050E202
S31580E03540280100AACD6400EB0010A0E148059FE5C4
S31580E03550F80000EA196400EB006050E2210100AA5D
S31580E03560C66400EB0010A0E130059FE5F10000EABB
S31580E03570040097E50030D0E5680053E37300001A55
S31580E0358000209AE518059FE5143092E584649FE56E
S31580E03590235CA0E1FF1803E2035C85E1215485E129
S31580E035A0FF3C03E2035485E1003092E5231CA0E171
S31580E035B0FF2803E2031C81E1221481E1FF3C03E260
S31580E035C0031481E1831D00EB00309AE5D4049FE586
S31580E035D0042093E5223CA0E1FF1802E2023C83E16D
S31580E035E0213483E1FF1C02E2011483E10120A0E1A2
S31580E035F0781D00EB00309AE5AC049FE5083093E552
S31580E03600231CA0E1FF2803E2031C81E1221481E16F
S31580E03610FF3C03E2031481E16E1D00EB00309AE586
S31580E0362088049FE50C3093E5231CA0E1FF2803E2A4
S31580E03630031C81E1221481E1FF3C03E2031481E172
S31580E03640641D00EB00309AE564049FE5103093E555
S31580E03650231CA0E1FF2803E2031C81E1221481E11F
S31580E03660FF3C03E2031481E15A1D00EB0510A0E163
S31580E0367040049FE5571D00EB00309AE538049FE54E
S31580E03680183093E5231CA0E1FF2803E2031C81E1C7
S31580E03690221481E1FF3C03E2031481E14D1D00EB3E
S31580E036A0010055E32100009A003096E50C049FE581
S31580E036B01C3093E5231CA0E1FF2803E2031C81E193
S31580E036C0221481E1FF3C03E2031481E1411D00EB1A
S31580E036D0020055E31500000A003096E5E0039FE519
S31580E036E0203093E5231CA0E1FF2803E2031C81E15F
S31580E036F0221481E1FF3C03E2031481E1351D00EBF6
S31580E03700100055E30900009A003096E5B4039FE582
S31580E03710243093E5231CA0E1031C81E1FF2803E22A
S31580E03720221481E1FF3C03E2031481E1291D00EBD1
S31580E03730000094E5465F00EB0010A0E188039FE57A
S31580E03740241D00EB84039FE5221D00EBA50000EA23
S31580E037507C139FE50320A0E3166F00EB006050E248
S31580E037600C00001A0610A0E11020A0E3080097E5FF
S31580E03770E57200EB00209AE5003CA0E1203C83E185
S31580E03780FF1C00E2013483E1FF0800E2200483E1CC
S31580E037901C0082E5970000EA040097E534139FE574
S31580E037A00220A0E3036F00EB005050E21000001A05
S31580E037B01020A0E3080097E50510A0E1287300EB50
S31580E037C01020A0E300A0A0E101B0A0E10C0097E505
S31580E037D00510A0E1227300EB0A20A0E10B30A0E106
S31580E037E0F000CDE1000094E5082700EBC06F00E033
S31580E037F0800000EA040097E5DC129FE50220A0E362
S31580E03800EC6E00EB006050E24C00001A083097E561
S31580E038100030D3E5700053E32100001A00009AE5FA
S31580E038200B5F00EB0650A0E10070A0E1AC029FE5E3
S31580E03830E81C00EBA8029FE5E61C00EB070055E1DB
S31580E038406C0000AA000094E50510A0E118208DE246
S31580E0385020308DE2CC5E00EB008050E2050000AACD
S31580E03860066400EB0860A0E10010A0E174029FE529
S31580E03870D81C00EB5F0000EA24309DE500308DE542
S31580E0388020309DE504308DE50510A0E158029FE5E6
S31580E038901C209DE518309DE5CE1C00EB015085E2AD
S31580E038A0E5FFFFEA610053E31400001A0610A0E189
S31580E038B01020A0E30C0097E5E97200EB1020A0E36E
S31580E038C000A0A0E101B0A0E1100097E50610A0E11C
S31580E038D0E37200EB0A20A0E10B30A0E1F000CDE13D
S31580E038E0000094E53F6200EB006050E23D0000AAF4
S31580E038F0E26300EB0010A0E1F0019FE50D0000EA35
S31580E03900640053E3BDFDFF1A0610A0E11020A0E39A
S31580E039100C0097E57C7200EB0010A0E100009AE5D0
S31580E039206B6200EB006050E22E0000AAD36300EBEE
S31580E039300010A0E1B8019FE5A61C00EB2D0000EA8F
S31580E03940040097E50030D0E5630053E31900001AE0
S31580E03950026048E20260D6E3A8FDFF1A040058E35D
S31580E039600650A0110680A0110900001A0610A0E1F9
S31580E039701020A0E3080097E5637200EB0610A0E153
S31580E039801020A0E30080A0E10C0097E55E7200EBDA
S31580E039900050A0E1000094E50110A0E3C22500EB11
S31580E039A0000094E50810A0E10520A0E10130A0E345
S31580E039B0432500EB0F0000EA38119FE50220A0E3E3
S31580E039C07C6E00EB006050E28CFDFF1A00009AE509
S31580E039D0962600EB070000EA38309FE5003093E555
S31580E039E020308DE54CFCFFEA0060A0E3010000EAB0
S31580E039F004019FE5C9FEFFEA0600A0E150D08DE212
S31580E03A00F08DBDE8476BE280266BE2804A6BE28010
S31580E03A106C6BE2809B6BE2809410E380B76BE28014
S31580E03A20276CE2802A6CE2805D6CE280866CE280C4
S31580E03A30940CE380A46CE2805E57E280E06CE280E6
S31580E03A40FA6CE280B0DDE280116DE2804A74E28059
S31580E03A50186DE280326DE280E9E5E280516DE280C8
S31580E03A608B6DE280C8E5E2802E6BE280456BE2807A
S31580E03A70586DE280606DE2807C6DE280376DE28039
S31580E03A80826DE280896DE280866DE280916DE28072
S31580E03A909E6DE2806AA4E280606CE280B26DE28034
S31580E03AA0CD6DE280E96DE280F86DE2800F6EE280B6
S31580E03AB0256EE2803C6EE280536EE280616EE2804B
S31580E03AC0786EE2808F6EE280A66EE280BD6EE280E6
S31580E03AD011CFE280D46EE280A3D8E280D86EE28015
S31580E03AE0DB6EE280F66EE280286FE280476FE280EE
S31580E03AF0616FE280806FE280A675E280C56CE280CD
S31580E03B0013402DE930C09FE50040A0E12C009FE501
S31580E03B1001E0A0E10CC060E024109FE54CC1A0E18B
S31580E03B200C008DE89C0101E00420A0E10E30A0E1CC
S31580E03B30E21900EB08D08DE21080BDE82808E3802A
S31580E03B40E403E380B76DDBB618309FE50020A0E3A1
S31580E03B50002083E510309FE5002093E50C309FE55B
S31580E03B60002083E51EFF2FE1D010E380E810E3809C
S31580E03B70DC10E3802C309FE5002093E528309FE53C
S31580E03B80002083E524309FE5002093E520309FE503
S31580E03B90002083E51C309FE5002093E518309FE503
S31580E03BA0002083E51EFF2FE1D410E380F810E38048
S31580E03BB0D010E380D810E380DC10E380AC10E380A3
S31580E03BC02C309FE5002093E528309FE5002083E5B3
S31580E03BD024309FE5002093E520309FE5002083E5B3
S31580E03BE01C309FE5002093E518309FE5002083E5B3
S31580E03BF01EFF2FE1F810E380D410E380D810E38035
S31580E03C00D010E380AC10E380DC10E380F0412DE956
S31580E03C1041DE4DE208108DE50050A0E10D10A0E1F7
S31580E03C2004008DE28C3100EB000050E30060A001DF
S31580E03C300640A0011A00001A10008DE2011BA0E3E5
S31580E03C400D20A0E1133200EB007050E21A0000DA9A
S31580E03C50058086E00800A0E1382600EB074084E096
S31580E03C60076086E0000050E30800000A10008DE25D
S31580E03C700810A0E10720A0E1432600EB000050E316
S31580E03C80ECFFFF0A952600EB0000E0E31A0000EA6D
S31580E03C900800A0E110108DE20720A0E15A6E00EB4B
S31580E03CA0E4FFFFEA00009DE5CA3200EB0040A0E3B6
S31580E03CB00010A0E148009FE5C61B00EB0D00A0E1E7
S31580E03CC08A3200EB0000A0E338109FE59C3200EBDF
S31580E03CD00500A0E10410A0E16CF5FFEB0410A0E183
S31580E03CE00420A0E120009FE5BA1B00EB1C009FE5C5
S31580E03CF00410A0E16E1100EB0500A0E141DE8DE24B
S31580E03D00F081BDE8E492E280143DE0806070E2807C
S31580E03D100366E28008402DE98D1B00EB000050E34E
S31580E03D200100000A0840BDE8801B00EA0000E0E3ED
S31580E03D300880BDE81C309FE5003093E5000053E342
S31580E03D4014209F0500309205011083020010820541
S31580E03D500000C3051EFF2FE1D010E380DC10E38076
S31580E03D6020109FE50030A0E30120F1E5000052E35A
S31580E03D7002308310FBFFFF1A030CA0E1200F83E0E3
S31580E03D803F0000E21EFF2FE1B110E38038402DE9CD
S31580E03D9038309FE538509FE5004093E5000054E3D6
S31580E03DA0030000DA0000D5E5721B00EB014044E237
S31580E03DB0F9FFFFEA1C409FE50100D4E4000050E3F0
S31580E03DC00100000A6B1B00EBFAFFFFEA3880BDE8D2
S31580E03DD0E410E380B010E380B110E380F04D2DE98C
S31580E03DE054079FE598D04DE20240A0E10350A0E160
S31580E03DF0241200EB000050E340879F050300000A91
S31580E03E000010A0E31020A0E33F7100EB0080A0E16A
S31580E03E10083099E5010054E304308DE5130000DABB
S31580E03E20040095E50010A0E31020A0E3367100EBD6
S31580E03E30030054E30080A0E10600001A080095E53F
S31580E03E400010A0E30A20A0E32F7100EB00A050E26F
S31580E03E500600000AA50100EA040054E30300001A04
S31580E03E6018008DE20C1095E58020A0E3DC7800EB6D
S31580E03E7004A09DE5000095E5C4169FE5426D00EB44
S31580E03E80004050E20600001A0810A0E1B4069FE563
S31580E03E900A20A0E14F1B00EB0800A0E10210A0E39E
S31580E03EA00A0000EA000095E59C169FE5366D00EB7A
S31580E03EB0004050E20700001A0810A0E18C069FE55A
S31580E03EC00A20A0E1431B00EB0800A0E10110A0E37B
S31580E03ED04DFFFFEB740100EA0810A0E10A20A0E1A3
S31580E03EE06C069FE53B1B00EB68269FE568169FE521
S31580E03EF068769FE5001082E564669FE564269FE527
S31580E03F00002087E50D20A0E30020C6E558269FE542
S31580E03F100050A0E30050C2E550269FE52310A0E3C1
S31580E03F204C369FE50010C2E548469FE548269FE56A
S31580E03F30008083E508308DE5005084E5005082E519
S31580E03F4000FFFFEB0AFFFFEB10408DE52C469FE577
S31580E03F5008309DE500B0E0E314308DE50C708DE52A
S31580E03F6008608DE518369FE518269FE5002083E5F5
S31580E03F70EE1A00EB010050E30300000A030050E371
S31580E03F80FAFFFF1A0050A0E3280100EAE71A00EBE7
S31580E03F90E00010E30070A0E17500000AE31A00EB90
S31580E03FA0E00010E37200000AFF6000E2205046E283
S31580E03FB0FF5005E20B0055E10100001AFFFEFFEB22
S31580E03FC0000000EAEAFEFFEBD81A00EBE00010E31F
S31580E03FD06600000AFF7007E2066087E0207047E22D
S31580E03FE0FF7007E2027047E2FFB000E2020077E38B
S31580E03FF00B6086E03500001ACC1A00EBE00010E397
S31580E040005A00000AFF7000E2C81A00EB076086E0FB
S31580E04010207047E2FF7007E2E00010E35300000AF9
S31580E04020FF0000E2006086E0200040E2FF0000E260
S31580E040305F30A0E3930727E0BC1A00EBE00010E3D3
S31580E04040FF2000E24900000A063CA0E1233F86E02B
S31580E040503F3003E2203083E2030052E102608600D3
S31580E040604200001A190000EAB01A00EB0030A0E125
S31580E04070E00013E3FF0000E23C00000A44005BE35B
S31580E04080006086E0017047E21C00001AE8249FE5A4
S31580E04090001092E5000051E30F00000A0C209DE538
S31580E040A0001092E5602003E2400052E3BF00030285
S31580E040B00200000A7F2003E23F0052E340008003D3
S31580E040C031FF2FE1B0349FE50020A0E3002083E5B7
S31580E040D0010057E3E3FFFFCA160000EA8C349FE550
S31580E040E00030D3E5000053E10130A0030F00000A61
S31580E040F00C309DE5003093E533FF2FE1F3FFFFEAD7
S31580E0410053005BE3F1FFFF1A74349FE570149FE57B
S31580E04110003093E5012083E2002081E568149FE585
S31580E041200000C3E5010052E1E8FFFF3A50249FE535
S31580E04130003082E5E5FFFFEA7C1A00EBE00010E361
S31580E041400A00000A063CA0E1236F86E03F6006E2B3
S31580E04150FF0000E2206086E2060050E10300001ADC
S31580E04160721A00EBFF0000E20D0050E31800000A2F
S31580E0417005B0A0E191FEFFEB0130A0E30030C4E59D
S31580E041802330A0E30130C4E5203085E20230C4E587
S31580E041900060A0E34E30A0E30330C4E50460C4E5EC
S31580E041A0EEFEFFEB08309DE50660C4E50030D3E522
S31580E041B00530C4E5200080E20400C4E5F2FEFFEBB2
S31580E041C00530A0E10B50A0E105B0A0E10350A0E1ED
S31580E041D063FFFFEA53005BE37B00001A08309DE54E
S31580E041E010209DE50000C3E50030A0E3003082E5C5
S31580E041F074239FE50030C2E570339FE52320A0E37A
S31580E042000020C3E578339FE5002093E57C339FE586
S31580E04210030052E168239F050130430200308205A6
S31580E042205C339FE55C239FE5003093E5033062E0F5
S31580E04230000053E30360A0D34D0000DA7E20A0E3C4
S31580E04240010053E30420C4E50460A0034800000AAB
S31580E042502120A0E3020053E30520C4E50560A00326
S31580E042604300000A1C239FE510109DE50220D2E55D
S31580E04270030053E3202042E2FF2002E2002081E5B2
S31580E042802020A0E30620C4E50660A0033800000AEB
S31580E04290F0229FE50320D2E5601002E2400051E380
S31580E042A0BF2002020200000A7F1002E23F0051E3D3
S31580E042B040208203B0129FE5040053E30020C1E56D
S31580E042C04020A0E30720C4E50760A0032800000A99
S31580E042D0B0229FE508109DE50420D2E5050053E372
S31580E042E0202042E20020C1E52D20A0E30820C4E59D
S31580E042F00860A0031E00000A88229FE5060053E3BB
S31580E043000510D2E564229FE50960A0030010C2E5AE
S31580E043102320A0E30920C4E51500000A4E10A0E39F
S31580E04320070053E30A10C4E5082043E20A60A003CD
S31580E043300F00000A3130A0E3000052E30B30C4E501
S31580E043400B60A0030A00000A010052E32230A013AA
S31580E043500D30C4152030A0130E30C4151060A013A4
S31580E043607E30A0130C60A0030C10C4E50F30C4159A
S31580E043701030C4150130A0E30030C4E5203086E279
S31580E043800130C4E5203085E20230C4E501B086E242
S31580E043905930A0E30070A0E30330C4E50B70C4E7B6
S31580E043A06EFEFFEB08309DE5066084E00030D3E5E5
S31580E043B0200080E20B00C4E70230C6E50370C6E564
S31580E043C071FEFFEB0530A0E17EFFFFEA0130A0E35E
S31580E043D00030C4E52330A0E30130C4E5203085E237
S31580E043E00230C4E50060A0E35930A0E30330C4E5C1
S31580E043F00460C4E559FEFFEB08309DE50660C4E540
S31580E044000030D3E50530C4E5200080E20400C4E551
S31580E044105DFEFFEB42005BE3E9FFFF1A70319FE54B
S31580E0442014209DE5003093E5005092E5035065E069
S31580E044306440A0E3C61900EB000050E30000000AE8
S31580E04440BA1900EBFA0FA0E3CF6C00EB014054E21F
S31580E04450F7FFFF1A0510A0E10800A0E18BF3FFEB60
S31580E044600510A0E10520A0E128019FE5D91900EB20
S31580E044700510A0E120019FE58D0F00EB010078E3B8
S31580E0448018519FE50400001A14019FE5004085E578
S31580E04490D01900EB0140A0E3030000EA04019FE5A8
S31580E044A00810A0E1CB1900EB008085E504309DE59E
S31580E044B003005AE11D00000A0310A0E1E8009FE531
S31580E044C0C41900EBE4009FE5AF6C00EB04209DE5AA
S31580E044D0082089E5F84800EBD0009FE5AA6C00EB60
S31580E044E0921900EB1B0050E3FCFFFF1A0F0000EA75
S31580E044F004309DE503005AE15DFEFF0A0A10A0E163
S31580E04500AC009FE5B31900EBA0009FE59E6C00EB45
S31580E0451008A089E5E84800EB90009FE59A6C00EBFF
S31580E04520821900EB0D0050E3FCFFFF1A50FEFFEA14
S31580E045300400A0E198D08DE2F08DBDE8AB8AE28000
S31580E0454000800082BA70E280C070E280FF70E28014
S31580E045500571E2804471E280F010E380483BE080C0
S31580E04560CC10E380F410E380343DE080B010E3804B
S31580E04570EC10E380E810E380E410E380D410E3807D
S31580E04580B110E380E010E3809810E380AC10E38024
S31580E04590AB10E380DC10E3806070E2800366E2804B
S31580E045A0A0F7E2808371E280A871E280C671E28042
S31580E045B050C300008870E2800000A0E310402DE93F
S31580E045C00010A0E101DA4DE280209FE50030A0E115
S31580E045D07F3E00EB004050E20200001A70009FE54B
S31580E045E0B91E00EB170000EA68109FE568209FE59A
S31580E045F068009FE5771900EB50C094E50400A0E1E0
S31580E046000E19A0E3012AA0E30D30A0E13CFF2FE1E3
S31580E04610000050E30200000A44009FE5AA1E00EB7A
S31580E04620060000EA0D00A0E10110A0E3DF1E00EB2A
S31580E04630000050E30930A0110120A0132820831543
S31580E046400400A0E1034000EB01DA8DE21080BDE8D2
S31580E0465000B4C404F671E280DE55E280A404000072
S31580E046601072E2802172E28008402DE9D1FFFFEBF3
S31580E046700010A0E308009FE59E2C00EB0000A0E37D
S31580E046800880BDE83A72E280010052E310402DE9ED
S31580E0469028409FE5040000DA040093E50010A0E3DB
S31580E046A01020A0E3186F00EB000084E5001094E58D
S31580E046B00C009FE5471900EB0000A0E31080BDE801
S31580E046C00011E3805773E280031042E2010051E378
S31580E046D02E00008AF0412DE9000093E50410A0E366
S31580E046E00350A0E10260A0E18F1800EB007050E279
S31580E046F0280000DA0010A0E31020A0E3040095E58E
S31580E04700016F00EB94309FE50010A0E3003093E565
S31580E047101020A0E3034080E0080095E5FA6E00EB08
S31580E04720040056E30080A0E10100A0130300001A14
S31580E047300C0095E50010A0E31020A0E3F26E00EBFC
S31580E04740343099E57F3483E2030054E10430A0916C
S31580E047500A00009A48109FE548009FE51D1900EB86
S31580E047600C0000EA040057E3008083050200000A9B
S31580E04770020057E3B080C3010080C315073083E0B1
S31580E04780010050E2F6FFFF2A0000A0E3F081BDE8D9
S31580E047900000E0E31EFF2FE10100A0E3F081BDE829
S31580E047A00011E3805855E2806E73E280040052E3A4
S31580E047B04A00001AF0412DE90210A0E118D04DE23E
S31580E047C0000093E50370A0E1571800EB004050E24B
S31580E047D00100A0B3430000BA040054E30C619F05D6
S31580E047E00300000A08319FE5020054E304619FE577
S31580E047F00360A011040097E50010A0E31020A0E379
S31580E04800C16E00EBF0509FE50010A0E3008095E5D7
S31580E048101020A0E3088080E0080097E5BA6E00EB00
S31580E04820005095E50010A0E31020A0E3055080E05D
S31580E048300C0097E5B46E00EB0070A0E305C0A0E144
S31580E048400010A0E1080065E0010057E100308CE04F
S31580E048501C00000A040054E300E0930500209C0558
S31580E048600400000A020054E3B0E0D301B020DC018A
S31580E0487000E0DC170020DC1502005EE10E00000A95
S31580E04880033068E0055083E00C408DE510208DE52F
S31580E048900610A0E1082083E000E08DE50430A0E189
S31580E048A004608DE508508DE550009FE5C91800EB62
S31580E048B00140A0E30710A0E1030000EA04C08CE019
S31580E048C0017087E2DFFFFFEA0040A0E330009FE56A
S31580E048D00620A0E1BF1800EB0400A0E1010000EA99
S31580E048E00000E0E31EFF2FE118D08DE2F081BDE805
S31580E048F0A173E2809873E2809D73E2800011E38089
S31580E04900A673E280D873E280020052E3340000DAD4
S31580E0491070402DE9000093E50410A0E30350A0E188
S31580E04920011800EB006050E22F0000BA0010A0E30F
S31580E049301020A0E3040095E5736E00EB0010A0E381
S31580E049401020A0E30040A0E1080095E56E6E00EB44
S31580E04950010050E30900001A040056E30100001A42
S31580E04960003094E5FDFFFFEA020056E30100001AFD
S31580E04970B030D4E1FDFFFFEA0030D4E5FDFFFFEA89
S31580E04980040056E30600001A0420A0E10030A0E10E
S31580E04990013053E2FBFFFF3A001092E5042082E209
S31580E049A0FAFFFFEA020056E3040080100600001AD0
S31580E049B00420A0E10030A0E1013053E2FBFFFF3AA2
S31580E049C0B010D2E1022082E2FAFFFFEA0430A0E1F1
S31580E049D0000053E1FCFFFF0A0020D3E5013083E2CB
S31580E049E0FAFFFFEA0000E0E31EFF2FE10100A0E30B
S31580E049F07080BDE8FF4D2DE9D0009FE5D0709FE542
S31580E04A00D0A09FE5010052E3004090E508008DE5E7
S31580E04A1000609AE5008097E50C708DE50000E0D3B4
S31580E04A20280000DA015011E20370A0E102B0A0E1B3
S31580E04A301300001A000093E50410A0E3BA1700EB18
S31580E04A40004050E20100A0B31E0000BA1020A0E3AF
S31580E04A50040097E50510A0E12B6E00EB78209FE53A
S31580E04A6002005BE3006092E5066080E00400000AF5
S31580E04A70080097E50510A0E11020A0E3226E00EB88
S31580E04A800080A0E10410A0E11000A0E3887C00EBA8
S31580E04A900610A0E10830A0E10420A0E1980405E03A
S31580E04AA000008DE50600A0E1356000EB0C309DE569
S31580E04AB0066085E0008083E508309DE50000A0E3A0
S31580E04AC000608AE5004083E510D08DE2F08DBDE898
S31580E04AD00C11E380D0EBE280FC10E3800011E380F0
S31580E04AE0040052E34100001AF8452DE90210A0E1E6
S31580E04AF0000093E50370A0E18B1700EB006050E2C5
S31580E04B003C0000BA040097E50010A0E31020A0E383
S31580E04B10FD6D00EBE4809FE50010A0E31020A0E3AC
S31580E04B2000A098E50050A0E1080097E5F66D00EB5F
S31580E04B300010A0E31020A0E3008098E50040A0E10B
S31580E04B400C0097E5F06D00EB007050E20200001A71
S31580E04B50AC009FE5131800EB260000EA084084E0ED
S31580E04B600400A0E1752200EB0A5085E0000050E3E6
S31580E04B700C00000A8C009FE50A1800EB0410A0E107
S31580E04B800500A0E1960702E07F2200EB004050E2BC
S31580E04B900100000AD12200EB160000EA68009FE5DA
S31580E04BA0001800EB0F0000EA0410A0E1055064E075
S31580E04BB0017057E2053081E00A00003A040056E3CE
S31580E04BC000309305003081050400000A020056E3B8
S31580E04BD0B030D3010530D117B030C1010030C115F6
S31580E04BE0061081E0F1FFFFEA0000A0E3F885BDE86A
S31580E04BF00000E0E31EFF2FE10100A0E3F885BDE8B9
S31580E04C000011E380FA73E2800B74E2802BDCE280B1
S31580E04C10020052E3000000CA901500EAF0412DE957
S31580E04C20040093E50250A0E10010A0E31020A0E389
S31580E04C300340A0E1B46D00EB64309FE50010A0E393
S31580E04C40006093E51020A0E3066080E0080094E52C
S31580E04C50AD6D00EB0610A0E10080A0E10820A0E1A8
S31580E04C600000A0E3745F00EB0610A0E1082086E078
S31580E04C700070A0E10730A0E128009FE5D51700EBA2
S31580E04C80030055E30400000A0C0094E50010A0E35D
S31580E04C901020A0E39C6D00EB007080E50000A0E3AF
S31580E04CA0F081BDE80011E3801D74E280020052E3EA
S31580E04CB0F34D2DE90000E0135200001A4C819FE588
S31580E04CC04CA19FE5016011E203B0A0E10070A0E194
S31580E04CD0004098E500509AE50B00001A000093E545
S31580E04CE00410A0E3101700EB005050E23F0000BA3A
S31580E04CF004009BE50610A0E11020A0E3826D00EBA6
S31580E04D0010319FE5004093E5044080E0343099E53A
S31580E04D107F3483E2030054E1FC609F951100009AA2
S31580E04D20F8109FE5F8009FE5AA1700EB2F0000EA50
S31580E04D30A81700EBEC009FE5F62900EB000050E3B6
S31580E04D402C00000A010050E31300001A0030D6E57B
S31580E04D502D0053E31000001A000057E30100000A1B
S31580E04D60003065E2034084E00410A0E1B8009FE5EE
S31580E04D70981700EB040055E3B0009F0500109405FA
S31580E04D80EAFFFF0A020055E3A4009F05B010D401B4
S31580E04D90A0009F150010D415E4FFFFEA78009FE598
S31580E04DA004108DE21020A0E3576D00EB04309DE502
S31580E04DB0063053E00900000A040055E3000084054C
S31580E04DC00200000A020055E3B000C4010000C415E9
S31580E04DD0000057E305408410000053E3E1FFFF1A2B
S31580E04DE0004088E500508AE50000A0E3050000EA7F
S31580E04DF00100A0E3030000EA000057E3D9FFFF0AC1
S31580E04E000530A0E1D6FFFFEA08D08DE2F08DBDE85F
S31580E04E100811E3800411E3800011E380A442E3807B
S31580E04E208555E2806E73E2805B74E2804274E28054
S31580E04E304974E2804F74E2805574E2800100A0E319
S31580E04E4099FFFFEA0000A0E397FFFFEA010052E343
S31580E04E50FF4D2DE9C40000DA2C649FE50350A0E104
S31580E04E60003096E50270A0E1000053E3050000AA59
S31580E04E70493800EB000050E30030A0C3003086C51F
S31580E04E8008049FD52C0000DA040095E500149FE520
S31580E04E903D6900EB004050E20D00001A020057E346
S31580E04EA0B100001A000096E5A03300EB003050E236
S31580E04EB0D4339F05DC039F0500109305A700000A05
S31580E04EC0344083E5EB3700EB004090E20140A013ED
S31580E04ED0EA0000EA040095E5BC139FE50420A0E320
S31580E04EE0346900EB004050E21500001A020057E3F7
S31580E04EF09D00001A000096E58C3300EB88539FE511
S31580E04F00000050E38C039F05001095059300000A8E
S31580E04F10D83700EB000095E5FA3700EB003050E239
S31580E04F200400000A0B30D3E5FF0053E30100000ADA
S31580E04F30DB2E00EBD10000EA60039FE5191700EB5A
S31580E04F40870000EA040095E554139FE50E6900EBBF
S31580E04F50004050E20400001A020057E38200001A83
S31580E04F600A00A0E3F23700EBC40000EA040095E50E
S31580E04F7030139FE5046900EB004050E24400001ADC
S31580E04F80020057E3008096050600000A030057E317
S31580E04F900600001A080095E50410A0E10A20A0E3C7
S31580E04FA0D96C00EB0080A0E10050E0E30F0000EA5E
S31580E04FB0040057E36C00001A080095E50410A0E1B0
S31580E04FC00A20A0E3D06C00EB0410A0E10A20A0E365
S31580E04FD00080A0E10C0095E5CB6C00EB070050E388
S31580E04FE00050A0E10710A0C3BC029FC55B0000CAC9
S31580E04FF00800A0E14D3300EB007050E294029F057B
S31580E050000810A0015500000A9A3700EB010075E30D
S31580E050101200000A8630D7E5FF0053E30200001A4B
S31580E0502088029FE5EB1600EB4D0000EA8730D7E576
S31580E05030030055E10900000A0510A0E10800A0E19F
S31580E05040C53300EB0510A0E1000050E38750C705AB
S31580E050505C229F055C229F155C029FE5DD1600EBD6
S31580E050608630D7E5008086E5FF0053E30300001A2B
S31580E050700810A0E144029FE5D61600EB7F0000EA27
S31580E050800810A0E18720D7E534029FE5D11600EB32
S31580E050907A0000EA050057E30A00001A040095E565
S31580E050A020129FE5B86800EB000050E30D00000A8F
S31580E050B0040095E510129FE5B36800EB000050E32D
S31580E050C02B00000A280000EA040057E32600001AB5
S31580E050D0040095E5F4119FE5AB6800EB000050E332
S31580E050E02500000A200000EA01A0A0E3000096E582
S31580E050F00E3300EB03005AE300B0A0030230A003B6
S31580E051000080A0E10500000A080095E50010A0E314
S31580E051101020A0E37C6C00EB0330A0E300B0A0E1BC
S31580E05120030195E70010A0E31020A0E30341A0E18E
S31580E05130756C00EB044085E00010A0E31020A0E34E
S31580E051400C008DE5040094E56F6C00EB000058E3FD
S31580E05150001096050070A0E138019F050800001A4E
S31580E051609C1600EB0140A0E3440000EA0040E0E347
S31580E05170420000EA02A0A0E3DBFFFFEA03A0A0E38F
S31580E05180D9FFFFEA0C309DE500708DE5002096E5BD
S31580E05190041095E538019FE58E1600EB0800A0E146
S31580E051A0343700EB02304AE2010053E30700008A1D
S31580E051B00800A0E13D3200EB010050E30040A0E1B1
S31580E051C00200001A0C019FE5821600EB2B0000EA34
S31580E051D0343099E57F3483E203005BE1F8009F8514
S31580E051E0F8109F85DDFFFF8A02005AE30C00000A73
S31580E051F003005AE31100000A0C109DE53CC198E5D6
S31580E05200000096E50720A0E10B30A0E13CFF2FE10E
S31580E052108714A0E10040A0E10B00A0E11BF0FFEBCA
S31580E052200C0000EA40C198E5000096E50C109DE58B
S31580E052300720A0E10B30A0E13CFF2FE1040000EA6B
S31580E05240443198E5000096E50C109DE50720A0E145
S31580E0525033FF2FE10040A0E154C09FE5070054E111
S31580E052600410A0E14C309FE574009FE50C30A0016E
S31580E05270042095E5571600EB074054E00140A01363
S31580E052800400A0E110D08DE2F08DBDE8D4EBE280A1
S31580E05290D476E280ED76E280F476E2808082E28007
S31580E052A00E77E280DCC6E2802377E2802777E280B1
S31580E052B04E77E280CB76E280CE76E2807077E280CF
S31580E052C08E77E280A777E280C977E280CE77E28048
S31580E052D0D477E280DA77E2800778E2806E73E280E4
S31580E052E08D55E2802878E28013402DE954419FE590
S31580E052F0003094E5000053E30A0000AA263700EB6D
S31580E05300000050E3040000DA0010A0E338019FE5D6
S31580E05310001084E52F1600EB020000EA2C019FE5E1
S31580E05320201600EB440000EA000094E57F3200EBB3
S31580E05330004050E23C00000A14019FE5191600EB9C
S31580E053400400A0E1CB3600EB081084E204019FE57F
S31580E05350201600EB7710D4E5FC009FE51D1600EBE8
S31580E05360741094E5F4009FE50114A0E12118A0E112
S31580E05370181600EB782094E57410D4E52204A0E1B9
S31580E05380FF0000E22238A0E100008DE5FF0002E2A6
S31580E05390FF3003E2222CA0E104008DE5C0009FE50A
S31580E053A00C1600EB881094E5B8009FE5091600EB33
S31580E053B08C1094E5B0009FE5061600EB303094E55E
S31580E053C0A8C09FE5020813E32324A0E1A0109FE58F
S31580E053D0FF3003E20C10A0010F2002E294009FE56B
S31580E053E0FC1500EB401094E58C309FE58C209FE522
S31580E053F0000051E30210A0110310A00180009FE598
S31580E05400F41500EB7C009FE5E61500EBD809C4E1D6
S31580E0541074209FE58E5D00EB70009FE5441094E577
S31580E05420EC1500EB0000A0E3040000EA14309FE5F1
S31580E054305C009FE5001093E5E61500EB0100A0E334
S31580E0544008D08DE21080BDE8D4EBE2804578E2803A
S31580E05450D476E2806E78E2808978E2809578E28020
S31580E05460AA78E280B378E280C678E280D678E28075
S31580E054703A78E28019A4E280E878E2804278E280B5
S31580E054803E78E280FA78E2800D79E28011CFE280A0
S31580E054901879E280F476E28070402DE90050A0E150
S31580E054A0000090E50060A0E3004090E5050050E153
S31580E054B00800000A060090E8042081E5001082E5F5
S31580E054C0006080E5046080E51C1700EB0400A0E145
S31580E054D0004094E5F4FFFFEA7080BDE810402DE9D6
S31580E054E00020A0E30140A0E1DD6B00EB002094E525
S31580E054F00030D2E54D0053E30E00000A0400008A36
S31580E05500470053E30800000A4B0053E30C00000A0F
S31580E055101080BDE86B0053E30900000A6D0053E399
S31580E055200400000A670053E31080BD180115A0E16E
S31580E05530201B81E10005A0E10115A0E1201B81E1AE
S31580E055400005A0E1012082E20115A0E1201B81E1B6
S31580E05550002084E50005A0E11080BDE8F0402DE95B
S31580E055600361C2E30070A0E3071096E1222FA00159
S31580E05570032182015C109F05233FA0011300000AEE
S31580E0558054609FE50070A0E3026006E0037007E0E8
S31580E05590071096E1222AA001032682013C109F058E
S31580E055A0233AA0010900000A34609FE50070A0E379
S31580E055B0026006E0037007E0071096E12225A0016D
S31580E055C020109F0520109F15032B82012335A00113
S31580E055D0F040BDE8DA6B00EA667AE280FFFF0F0012
S31580E055E06C7AE280FF030000727AE280787AE28069
S31580E055F0E8329FE5F04D2DE9002093E530D04DE28D
S31580E05600030052E100308DE5D4329F050040A003CF
S31580E056100040C305A400000AC4029FE5C4129FE5CA
S31580E05620C76B00EB00309DE5BC429FE5007093E5DB
S31580E05630B8629FE500309DE5030057E19300000ADC
S31580E05640083097E5180093E5756700EB01A080E2E6
S31580E0565004005AE10080A0E18F00008A083097E5D7
S31580E056600600A0E1181093E50820A0E1E66700EBCC
S31580E056703A30A0E30830C6E707B0A0E1085086E0FC
S31580E056800080A0E31060BBE504406AE0015085E25B
S31580E0569008A0A0E10B0056E16F00000A183096E5FD
S31580E056A004308DE51C3096E508308DE510008DE2FE
S31580E056B0D021C6E1A8FFFFEB10008DE2586700EB32
S31580E056C0018088E2040050E10030A0E17200008AA7
S31580E056D00320A0E10500A0E110108DE20C308DE5FD
S31580E056E0C96700EB0C309DE508209DE5035085E019
S31580E056F0044063E004309DE5023093E10130A0137D
S31580E057000030A00300005AE30030A013013003020A
S31580E05710000053E30900001A00005AE31D00000A66
S31580E05720D821CAE1D001CAE1020090E00310A1E0ED
S31580E05730D821C6E1030051E1020050011500000ABC
S31580E057400C009DE910008DE283FFFFEB10008DE2F7
S31580E05750336700EB013080E2040053E100A0A0E172
S31580E0576008308DE54C00008A01C085E24020A0E348
S31580E057700020C5E50C00A0E110108DE20A20A0E132
S31580E0578004C08DE5A06700EB04C09DE508309DE58B
S31580E057900A508CE0044063E00C30D6E5000053E329
S31580E057A01500001A080096E51D6700EB02C080E24E
S31580E057B004005CE100A0A0E108C08DE53600008A27
S31580E057C0013085E22820A0E30020C5E50300A0E1C2
S31580E057D00A20A0E1081096E504308DE58A6700EBA3
S31580E057E004309DE508C09DE50A5083E02920A0E3CA
S31580E057F0015085E204406CE00A20C3E7243096E558
S31580E05800000053E30800000A010054E32200009AF6
S31580E058100530A0E17220A0E30220C3E46F20A0E37C
S31580E058200120C5E5024044E20350A0E1BC30D7E167
S31580E05830080053E10500009A000054E31600000AD0
S31580E058402C30A0E30030C5E5014044E2015085E21A
S31580E0585006A0A0E1006096E58DFFFFEA003097E5BF
S31580E0586000209DE50560A0E1020053E10500000A05
S31580E05870000054E30800000A3B30A0E3016085E2C3
S31580E05880014044E20030C5E5007097E568FFFFEA35
S31580E058900040A0E30040C6E5030000EA40309FE513
S31580E058A00020A0E30140A0E30020C3E530109FE59F
S31580E058B0013024E20020D1E534009FE5000052E388
S31580E058C00030A00301300312000053E30310A0016F
S31580E058D0590A00EB0400A0E130D08DE2F08DBDE8FE
S31580E058E0B013E380A411E380A8DFE280FF0100002B
S31580E058F0AD11E380365EE280F8402DE954309FE5D5
S31580E059000070A0E3004093E50350A0E1006094E5D9
S31580E05910050054E10B00000A0C0094E8100084E2D4
S31580E05920043082E5002083E5007084E5047084E538
S31580E05930D8FEFFEB0400A0E1001600EB0640A0E1F4
S31580E05940006096E5F1FFFFEA004084E5044084E5E7
S31580E059500000A0E3F880BDE8B013E380020050E3E6
S31580E059601F402DE90240A0E10130A0E14C209F05D7
S31580E059700300000A48C09FE5040050E344209FE509
S31580E059800C20A00140109FE50D00A0E1EC6A00EB41
S31580E059900D00A0E13B3900EB010A70E3000084E5ED
S31580E059A00000A0930300009A20009FE50D10A0E17F
S31580E059B0881400EB0100A0E310D08DE21080BDE8F2
S31580E059C0CFD3E280817AE2807D7AE280897AE28052
S31580E059D08E7AE280D021C1E1F04D2DE90140A0E14F
S31580E059E00010E0E30050A0E1010053E10000E0E3B5
S31580E059F00000520130D04DE2D061C5E1D821C4E14A
S31580E05A000200001A020056E00310C7E0F001C4E18C
S31580E05A10070053E1060052010400009AF060CDE1F0
S31580E05A20181095E5E4029FE56A1400EBB30000EAFE
S31580E05A30D001C4E102A090E003B0A1E003005BE105
S31580E05A4002005A010900008A0820D5E5020052E3E7
S31580E05A50BC129F050300000AB8329FE5040052E3BA
S31580E05A60B4129FE50310A001B0029FE5A00000EA12
S31580E05A7007005BE106005A010300009A181095E5DD
S31580E05A809C029FE5531400EB9C0000EA30208DE2F7
S31580E05A900030A0E3143022E50800D5E50910D5E50D
S31580E05AA0ADFFFFEB006050E29400001A1CC09DE55C
S31580E05AB034809CE510709CE5000058E3287084E50E
S31580E05AC03C00001A1C1094E50630A0E10120A0E11C
S31580E05AD0188094E5033092E120808DE524108DE5F1
S31580E05AE00900001A0800A0E10710A0E1687800EB41
S31580E05AF00800A0E101A0A0E10710A0E13A7800EB60
S31580E05B000010A0E3F002CDE1030000EA20008DE280
S31580E05B100710A0E1865C00EB00A0A0E100005AE35C
S31580E05B200900000A0820D5E5020052E3E0119F054E
S31580E05B300300000ADC319FE5040052E3D8119FE5BB
S31580E05B400310A001DC019FE5690000EA141094E5EA
S31580E05B501C309DE50120A0E1107093E50A30A0E1BC
S31580E05B60108094E5033092E128808DE52C108DE558
S31580E05B700900001A0800A0E10710A0E1447800EBD4
S31580E05B800800A0E101A0A0E10710A0E1167800EBF3
S31580E05B900010A0E3F802CDE1030000EA28008DE2E0
S31580E05BA00710A0E1625C00EB00A0A0E100005AE3F0
S31580E05BB04600001A520000EA0600A0E1080050E123
S31580E05BC01B0000AA1830A0E3900303E038109CE5A0
S31580E05BD000E0A0E3032081E0037091E70C3092E5DA
S31580E05BE010208DE514308DE514309DE503005EE1EF
S31580E05BF00D00000A0720A0E10030A0E3F820CDE107
S31580E05C00D8A0CDE1D821C4E10B0053E10A005201CE
S31580E05C1000C0A0032100000A10309DE501E08EE27D
S31580E05C20083093E5037087E0EEFFFFEA010080E24B
S31580E05C30E1FFFFEA0820D5E5020052E3D0109F0598
S31580E05C400300000ACC309FE5040052E3C8109FE5CC
S31580E05C500310A001D0009FE5250000EAD0A1C4E1B1
S31580E05C60D820CDE10A2092E00B30A3E000B0A0E39B
S31580E05C700B0053E1000052012100000A08A091E5E3
S31580E05C8001E08EE20A0080E007005EE1F2FFFF1AA3
S31580E05C9001C08CE208005CE1181081E2030000AAF2
S31580E05CA0000091E50C7091E500E0A0E3F5FFFFEAE6
S31580E05CB0D0A1C4E1D820CDE10010A0E30A2092E093
S31580E05CC00B30A3E0010053E1000052010C00000A12
S31580E05CD00820D5E5020052E334109F050300000A50
S31580E05CE030309FE5040052E32C109FE50310A001BD
S31580E05CF038009FE50920D5E5083094E5B51300EB3B
S31580E05D000160A0E30600A0E130D08DE2F08DBDE831
S31580E05D10A47AE280CFD3E280817AE2807D7AE280E3
S31580E05D20D07AE280F37AE280187BE2807D7BE28043
S31580E05D304E7BE28040209FE504E02DE5003092E551
S31580E05D40020053E10800000A08C093E508E0DCE5BC
S31580E05D5000005EE10200001A09C0DCE501005CE1BA
S31580E05D600300000A003093E5F4FFFFEA0000A0E3B9
S31580E05D7004F09DE40300A0E104F09DE4B013E38029
S31580E05D80F7402DE90370A0E10030A0E30030C2E5E2
S31580E05D900140A0E10250A0E1E4109FE50420A0E3E9
S31580E05DA00060A0E104008DE5826500EB000050E331
S31580E05DB00500001A0230A0E30030C5E504309DE519
S31580E05DC0043083E204308DE5170000EA04009DE5A7
S31580E05DD0B0109FE50320A0E3766500EB000050E37A
S31580E05DE004209D050130A0030030C5050320820212
S31580E05DF00900000A04009DE58C109FE50720A0E3DA
S31580E05E006C6500EB000050E30500001A04209DE578
S31580E05E100430A0E3072082E20030C5E504208DE56A
S31580E05E20010000EA64009FE5060000EA04009DE5C3
S31580E05E305C209FE50030D0E50330D2E7040013E331
S31580E05E400400001A4C009FE50610A0E1611300EB08
S31580E05E500100A0E3080000EA04108DE20020A0E340
S31580E05E60296900EB000054E304309D150000C7E586
S31580E05E700000A0130400A001003084150CD08DE250
S31580E05E80F080BDE8CFD3E2807D7AE280817AE280DD
S31580E05E90B47BE2805E57E280D17BE28007402DE9E9
S31580E05EA0000050E31C00000ABC30D0E1030051E161
S31580E05EB00030A0311000B3350020A0331300003A43
S31580E05EC0080090E50820D0E5020052E350209F05C7
S31580E05ED00400000A4CC09FE54C309FE5040052E385
S31580E05EE00320A0010C20A0110930D0E5180090E530
S31580E05EF000008DE534009FE5361300EB050000EAEF
S31580E05F00010052E10400000A000090E5012082E2EF
S31580E05F10030050E1F9FFFF1A0000A0E30CD08DE208
S31580E05F2004F09DE4CFD3E2807D7AE280817AE280DC
S31580E05F30F07BE280FF4D2DE903A0A0E180319FE573
S31580E05F4000B0A0E1007093E50160A0E10250A0E11D
S31580E05F5000C0A0E3030057E10020A0E31500000A9B
S31580E05F6000C0C5E5007086E5108097E5002096E5DF
S31580E05F70102082E2020058E10C00000A00808AE5E7
S31580E05F800B10A0E1080098E508108DE8FE6400EBB0
S31580E05F90004050E24700000A0020D5E508109DE861
S31580E05FA0012082E20020C5E5008098E5EEFFFFEA69
S31580E05FB0007097E5E6FFFFEA10708DE2002086E547
S31580E05FC004B027E500208AE50B00A0E10020C5E5C6
S31580E05FD00710A0E10A208DE20B308DE267FFFFEB30
S31580E05FE0004050E23200001A0C309DE5010083E269
S31580E05FF00C008DE50020D3E52C0052E30200001A68
S31580E060000130D3E5000053E30200001AB4009FE5B7
S31580E06010F01200EB260000EA0710A0E10420A0E1E0
S31580E06020B96800EB0C309DE50010D3E5000051E344
S31580E060300080A0E10200000A8C009FE5E51200EBFB
S31580E060401B0000EA0A70DDE50BB0DDE50700A0E1A4
S31580E060500B10A0E136FFFFEB000050E3000086E581
S31580E060600A00001A020057E360109F050300000A49
S31580E060705C309FE5040057E358109FE50310A001CC
S31580E060800B20A0E150009FE5D21200EB080000EA69
S31580E06090FF1008E280FFFFEB000050E300008AE596
S31580E060A00080C5150300001A30009FE5C91200EB99
S31580E060B0004086E50140A0E30400A0E110D08DE237
S31580E060C0F08DBDE8B013E380227CE280417CE28003
S31580E060D0CFD3E280817AE2807D7AE280657CE2805D
S31580E060E07A7CE28038402DE99C309FE5004093E55C
S31580E060F0000054E31D00000A90109FE50350A0E1E4
S31580E06100002091E50030A0E3010052E10F00000A93
S31580E06110040052E10700001A74209FE574009FE5B1
S31580E061200010D2E5011083E00118A0E12118A0E17A
S31580E06130570800EB050000EABC00D2E1002092E5BA
S31580E06140003083E00338A0E12338A0E1EDFFFFEAE9
S31580E061503C309FE5000095E50010D3E54EFFFFEB70
S31580E061600030A0E1081093E52C009FE5040000EAEA
S31580E061700410A0E11C009FE52F0800EB18009FE5C6
S31580E061800410A0E13840BDE82B0800EA9011E380D6
S31580E06190B013E380A413E3808D7CE280977CE28079
S31580E061A094309FE510402DE9004093E518D04DE20C
S31580E061B0000054E31800000A081094E50820D1E5B1
S31580E061C0020052E374209F050400000A70009FE5F8
S31580E061D070309FE5040052E30320A0010020A01167
S31580E061E00930D1E560109FE508008DE20010D1E529
S31580E061F000108DE554109FE5D16800EB08108DE224
S31580E062004C009FE50C0800EB08108DE21020A0E31F
S31580E0621040009FE5536400EB040000EA30009FE510
S31580E062200410A0E1040800EB28309FE50040C3E5B8
S31580E06230ABFFFFEB18D08DE21080BDE89011E380D4
S31580E06240CFD3E2807D7AE280817AE280A413E38014
S31580E06250A27CE2809382E2809411E3801C209FE519
S31580E0626008402DE90030A0E30030C2E510209FE52C
S31580E06270003082E5C9FFFFEB0840BDE89DFDFFEAFF
S31580E06280A411E3809011E38038402DE90040A0E13D
S31580E06290100080E27FFCFFEB0C0094E80050A0E366
S31580E062A0043082E50400A0E1002083E5005084E527
S31580E062B0045084E5A11300EB38309FE5002093E598
S31580E062C0020054E10800001A2C109FE5002091E5B9
S31580E062D0010052E10020831520309F150050830590
S31580E062E00050C315ADFFFFEB000000EA7CFFFFEB3B
S31580E062F00000A0E33880BDE89011E380B013E3802E
S31580E06300A413E380103090E5F04D2DE9108080E213
S31580E063100150A0E1080053E10040A0E12C0085E5B2
S31580E063200410830500308105043081051010840552
S31580E063303100000AD8309FE5003093E5030050E154
S31580E063400000A0130200001AC8309FE50010D3E5D4
S31580E06350D1FEFFEB103094E5080053E12100000AFE
S31580E06360D8A1C5E1D861C3E107005BE106005A0127
S31580E063700500001A0B209AE10400001A98009FE5B8
S31580E06380141200EB0100A0E3F08DBDE81300008A53
S31580E06390042093E5045083E5003085E5BC30D4E104
S31580E063A0000050E3013083E2042085E5005082E579
S31580E063B0BC30C4E11300000AD821C0E1030057E1F4
S31580E063C0020056010F00008A48209FE50030D2E5A2
S31580E063D0013083E20030C2E570FFFFEB0A0000EA9D
S31580E063E0003093E5DBFFFFEA142094E5145084E562
S31580E063F0003085E5042085E5005082E5BC30D4E1B7
S31580E06400013083E2BC30C4E135FFFFEB0000A0E35E
S31580E06410F08DBDE89011E380A413E380AA7CE2804E
S31580E06420F04D2DE940D04DE238308DE238308DE5C3
S31580E064303C308DE50030A0E3003082E528208DE514
S31580E06440002051E2003082153A10A0E30050A0E12E
S31580E0645020208DE5E76300EB000050E348059F05CB
S31580E064602501000A44859FE5014080E2006098E5C9
S31580E0647000B065E0080056E14301000A180096E5A1
S31580E06480E76300EB00005BE10E00001A180096E57A
S31580E064900510A0E10B20A0E1C66300EB007050E29E
S31580E064A00800001A0800D6E50910D6E520FEFFEBC5
S31580E064B0000050E30500001A0020A0E30030A0E3CE
S31580E064C0F021CDE1070000EA006096E5E8FFFFEA0B
S31580E064D0143090E5D001C3E1D821C3E102A090E079
S31580E064E003B0A1E0F0A1CDE10030A0E30100A0E39C
S31580E064F003A0A0E1000054E3CD00000A0030D4E51B
S31580E06500000053E33B005313C900000A34408DE595
S31580E065100030D4E52D0053E30500001A014084E203
S31580E065200020E0E30030E0E334408DE5F820CDE183
S31580E065300D0000EA0400A0E134108DE2E6FBFFEBFB
S31580E06540F800CDE10020A0E10130A0E160049FE504
S31580E065500010A0E3010053E1000052010200008A2E
S31580E0656050049FE59B1100EB430000EA34009DE573
S31580E065700030D0E5400053E30500001A010080E2D8
S31580E0658040108DE20C0021E5D3FBFFEBF801CDE175
S31580E06590020000EA0020E0E30030E0E3F821CDE10C
S31580E065A034809DE50030D8E5280053E31650A013EB
S31580E065B00080A0131700001A018088E20800A0E19D
S31580E065C02910A0E334808DE58A6300EB000050E378
S31580E065D00040A0E134008DE50300001AD8039FE572
S31580E065E07C1100EB04B0A0E1370000EA005068E0DF
S31580E065F0015085E2010055E30140801234408D155B
S31580E066000400001AB4039FE50040A0E3711100EB9B
S31580E0661004B0A0E1650000EAA4139FE534009DE59F
S31580E066200220A0E3636300EB000050E334309D0575
S31580E066300030A0130230830234308D0534409DE56E
S31580E066400130A0030010D4E524308DE52C0051E321
S31580E066500B00001AD820CDE10010E0E3010053E101
S31580E066600000E0E3000052010140841234408D15C1
S31580E066700C00001A4C039FE5561100EB0040A0E3A6
S31580E06680D7FFFFEA3B0051E30000511301B0A003BE
S31580E0669000B0A0130300000A2C039FE54D1100EB28
S31580E066A00B40A0E1080000EA302085E20200A0E18C
S31580E066B02C208DE52E1300EB2C209DE500B050E2DA
S31580E066C00300001A04039FE5421100EB0150A0E3AA
S31580E066D0360000EA0010A0E3B46300EBD820CDE1F9
S31580E066E030008BE2F021CBE1D821CDE1000058E308
S31580E066F0F821CBE124309DE524308BE508008BE55D
S31580E067000400000A0810A0E1012045E2156300EBD1
S31580E067100030A0E3050000EAD821CDE1B0129FE584
S31580E06720F020CDE1D820CDE1856700EB0130A0E314
S31580E067300C30CBE508309BE598129FE5055083E069
S31580E067400030A0E3013045E508009BE500B08BE52D
S31580E0675004B08BE50620A0E3166300EB000050E36F
S31580E067600500001A18109BE56C029FE5D00600EB49
S31580E0677068029FE510109BE5CD0600EB08009BE5DF
S31580E067805C129FE50320A0E30A6300EB005050E231
S31580E067900050A0130500001A18109BE544029FE5FF
S31580E067A0C30600EB40029FE510109BE5C00600EBB8
S31580E067B000005BE301508503010015E31E00001A2B
S31580E067C0D821CBE10010E0E30000E0E3010053E1F3
S31580E067D000005201D021CD01F821CB010600A0E1D5
S31580E067E00B10A0E1F820CDE179FCFFEB00C050E290
S31580E067F01100001AD820CDE1D001CBE1020090E073
S31580E068000310A1E03C309DE538208DE23CB08DE57B
S31580E068100C008BE800B083E501308AE20338A0E122
S31580E068202338A0E1F001CDE103A0A0E10C00A0E1D6
S31580E068302FFFFFEA010050E30200001A38008DE2E4
S31580E0684014FBFFEB540000EA00005AE30C00001A48
S31580E068500820D6E5020052E390119F050300000A66
S31580E068608C319FE5040052E388119FE50310A00177
S31580E068700920D6E5183096E57C019FE5D51000EB3A
S31580E06880450000EA000054E31600000A0010D4E553
S31580E068903B0051E30400001A20309DE5000053E3FD
S31580E068A0014084120500001A0E0000EA000051E360
S31580E068B00400001A20309DE5000053E30900000A39
S31580E068C0004083E5070000EA30019FE5C11000EB58
S31580E068D020309DE5000053E320209D150030A01375
S31580E068E0003082152C0000EA1800A0E3A01200EB2D
S31580E068F0004050E20200001AD0009FE5B51000EBA0
S31580E06900250000EA0010A0E31820A0E3276300EB4F
S31580E06910086084E540608DE2004084E5081036E555
S31580E06920103084E2103084E5008091E50050A0E3E9
S31580E06930BC50C4E1143084E5044084E5060051E1AE
S31580E069400E00000A0C0091E80400A0E1043082E524
S31580E06950002083E5005081E5045081E568FEFFEB89
S31580E06960000050E30200000A0400A0E145FEFFEBD0
S31580E06970090000EA0810A0E1008098E5EEFFFFEA52
S31580E0698028309DE5004083E5040000EA70009FE53D
S31580E069900B10A0E10520A0E18E1000EB0170A0E3D2
S31580E069A00700A0E140D08DE2F08DBDE8177FE28060
S31580E069B0A813E380FF0F0000D37CE280F47CE280C2
S31580E069C01A7DE280307DE280337DE280647DE28004
S31580E069D0977DE280A67DE280B87DE280BF7DE28021
S31580E069E0CD7DE280D97DE280DD7DE280E87DE2805A
S31580E069F0CFD3E280817AE2807D7AE280F17DE280A7
S31580E06A00157EE280457EE280F04D2DE9F8559FE5E2
S31580E06A1043DE4DE2004095E5000054E31300001AA2
S31580E06A20E8359FE50410A0E1003083E5043083E596
S31580E06A30DC359FE58020A0E3D8059FE5003083E53F
S31580E06A40043083E5D96200EB0410A0E1022CA0E3D8
S31580E06A50C4059FE5D56200EBC0059FE50410A0E183
S31580E06A601020A0E3D16200EB0130A0E3003085E5A1
S31580E06A70AC059FE5030700EB043099E50080A0E1D3
S31580E06A80800013E39C059FE50200000AFD0600EB0B
S31580E06A900050A0E1030000EA30108DE2022CA0E372
S31580E06AA0C60600EB30508DE27C059FE5F50600EBEF
S31580E06AB00030A0E32030CDE5004050E20600000A39
S31580E06AC068159FE568059FE5421000EB20008DE2A2
S31580E06AD00410A0E11020A0E3226200EB000058E35E
S31580E06AE00300001A38059FE548159FE5D20500EBBF
S31580E06AF040859FE50800A0E1496200EB7F0050E316
S31580E06B0034059F858010A0830A00008A000055E343
S31580E06B100200001A24059FE52E1000EB080000EA2B
S31580E06B200500A0E13E6200EB020C50E30400003A6F
S31580E06B300C059FE5021CA0E3261000EB0100A0E314
S31580E06B402F0100EACC049FE50030D0E50070A0E19B
S31580E06B50000053E30500001AB0449FE51C808DE5F4
S31580E06B60000094E500A0A0E3006090E5050000EA5F
S31580E06B700810A0E1046200EB000050E3F5FFFF1A85
S31580E06B800040A0E1780000EA040050E10800000A35
S31580E06B900C0090E8043082E5002083E500A080E5E3
S31580E06BA004A080E5651100EB0600A0E1006096E5B3
S31580E06BB0F4FFFFEA0030A0E30030C7E51C208DE259
S31580E06BC00130A0E3004084E5044084E50C208DE5B7
S31580E06BD01C009DE5000050E30700001A010053E326
S31580E06BE05300000A2C049FE50810A0E18020A0E372
S31580E06BF0DC6100EB0140A0E35B0000EA0020D0E529
S31580E06C00000052E3F4FFFF0A20308DE20C109DE590
S31580E06C1017208DE2083043E258FCFFEB00C050E2DB
S31580E06C204300001A1C309DE50020D3E53D0052E389
S31580E06C3010049F153200001A432E8DE2013083E264
S31580E06C401700DDE51810DDE500C222E51C308DE594
S31580E06C5041FBFFEB000050E30E00001A30329DE569
S31580E06C601CA09DE5D820C3E10A00A0E12C10A0E39A
S31580E06C70F020CDE1DF6100EB000050E31C008DE504
S31580E06C800600000A00C06AE0010080E201B08CE202
S31580E06C901C008DE5040000EA6FFDFFEBA6FFFFEA2E
S31580E06CA00A00A0E1DE6100EB01B080E200005BE378
S31580E06CB094039F051200000A003094E51710DDE585
S31580E06CC01820DDE5040053E10700000A0800D3E55B
S31580E06CD0010050E10200001A0900D3E5020050E10C
S31580E06CE00900000A003093E5F5FFFFEA20708BE2A9
S31580E06CF00700A0E19E1100EB006050E28300001ADD
S31580E06D0048039FE5B30F00EB090000EA020051E378
S31580E06D103C139F050400000A38039FE538339FE55E
S31580E06D20040051E30310A0010010A0112C039FE59D
S31580E06D30A80F00EB000094E50060A0E3005090E52A
S31580E06D40040050E1D3FFFF0A0C0090E8043082E5AE
S31580E06D50002083E5006080E5046080E5F71000EBC5
S31580E06D600500A0E1005095E5F4FFFFEAA8029FE563
S31580E06D70000055E30030D0E59E00000A000053E3B2
S31580E06D800500001A18508DE533FDFFEB000050E357
S31580E06D900600000AC8029FE5170000EA0510A0E198
S31580E06DA0796100EB043090E1F5FFFF1A710000EAAB
S31580E06DB0043099E5800013E30300000A64029FE54E
S31580E06DC0300600EB18008DE5040000EA231E8DE214
S31580E06DD050029FE5022CA0E318108DE5F70500EB45
S31580E06DE018009DE57C129FE50920A0E3716100EB28
S31580E06DF0006050E20200000A6C029FE5750F00EB2E
S31580E06E004DFFFFEA18309DE518708DE2093083E288
S31580E06E1018308DE50130A0E318009DE5000050E3D1
S31580E06E200700001A010053E32B00000AE0419FE5CA
S31580E06E30003094E5040053E12900001A2C029FE516
S31580E06E40EDFFFFEA0020D0E5000052E3F4FFFF0A01
S31580E06E500710A0E11C208DE270FDFFEB000050E3FF
S31580E06E601D00001A1C409DE5000054E31A00000A4C
S31580E06E70083094E50880D3E509A0D3E50800A0E1D1
S31580E06E800A10A0E1AAFBFFEB000050E30A00000A2B
S31580E06E90020058E3B8119F050300000AB8319FE568
S31580E06EA0040058E3AC119FE50310A0010A20A0E19D
S31580E06EB0BC019FE5470F00EB070000EA50219FE504
S31580E06EC00030A0E1041092E5044082E5002084E5EC
S31580E06ED0041084E5004081E5CEFFFFEA85FAFFEB0A
S31580E06EE015FFFFEA0510A0E1022CA0E328019FE54B
S31580E06EF01C6100EB7C319FE5002094E5002083E572
S31580E06F0074319FE50060C3E5A4FCFFEB190000EA5D
S31580E06F100010A0E30720A0E1A46100EB1820DDE5E6
S31580E06F200920C6E51720DDE50820C6E5D020CDE1BD
S31580E06F30200086E2F021C6E10A10A0E101204BE2C2
S31580E06F40180086E5076100EB182096E50BC082E025
S31580E06F500020A0E301204CE5046086E5041094E57A
S31580E06F600230A0E1046084E5004086E5041086E511
S31580E06F70006081E515FFFFEA2030DDE5000053E3A0
S31580E06F801300000A20008DE290109FE5FE6000EB82
S31580E06F90000050E30E00000A20008DE2231E8DE201
S31580E06FA0082040E2043040E2E1FBFFEB000050E3E2
S31580E06FB00B00001ABC309FE530229DE5002083E57A
S31580E06FC0B4309FE51820DDE50020C3E573FCFFEBD8
S31580E06FD0030000EA50009FE5AA0500EB004050E27E
S31580E06FE00100000A0000A0E3050000EA6BFCFFEB6D
S31580E06FF00400A0E1020000EA000053E3F8FFFF0A84
S31580E0700095FCFFEB43DE8DE2F08DBDE8B813E380BF
S31580E07010A813E380B013E3801011E380A411E3802A
S31580E070209411E3806C7EE280365EE2809382E28039
S31580E07030BE56E280737EE280607EE280907EE28071
S31580E07040A87EE280D87EE280F27EE2800F7FE280D8
S31580E07050977DE280CFD3E2807D7AE280817AE2809A
S31580E070602F7FE280697FE280A8DFE2808B7FE2800B
S31580E07070F67FE280BD7FE2809011E380A413E38017
S31580E0708030402DE914D04DE20250A0E10340A0E16A
S31580E070905CFEFFEB000050E32200001A010055E39E
S31580E070A0020000CA8C009FE5CA0E00EB1D0000EAD4
S31580E070B0040094E508108DE207208DE20C308DE225
S31580E070C09BFBFFEB004050E21600001A68309FE51C
S31580E070D008209DE5002083E560309FE50720DDE51B
S31580E070E00020C3E52DFCFFEB08309DE5082093E505
S31580E070F00810D2E5020051E344109F050400000A1F
S31580E0710040009FE540309FE5040051E30310A00175
S31580E071100010A0110920D2E50730DDE52C009FE5BF
S31580E07120AC0E00EB000000EA0140A0E30400A0E121
S31580E0713014D08DE23080BDE81A80E2809011E38041
S31580E07140A413E380CFD3E2807D7AE280817AE28005
S31580E071503580E280020052E3F04D2DE90260A0E145
S31580E0716060D04DE20350A0E11B00001A040093E5D5
S31580E071704C159FE5846000EB004050E20A00001A5F
S31580E0718040159FE540059FE52B0400EB3C159FE508
S31580E071903C059FE5280400EB0410A0E134059FE55B
S31580E071A0250400EB17FEFFEB420100EA040095E5BB
S31580E071B024159FE5746000EB004050E20600001A5B
S31580E071C010FEFFEB0410A0E104059FE51A0400EB36
S31580E071D021FCFFEB0040A0E1360100EA09FEFFEB6F
S31580E071E0004050E22A01001A010056E35200001ADC
S31580E071F0E8749FE5E8849FE5005097E5070055E150
S31580E072002400000A08C095E50810DCE5020051E399
S31580E07210D0149F050300000ACC349FE5040051E3B7
S31580E072200810A0010310A011BC30D5E10920DCE5EF
S31580E07230B8049FE500308DE518309CE5650E00EBDF
S31580E0724005A0A0E1A8049FE5620E00EB1060BAE518
S31580E0725000B0A0E30A0056E10C00000AD021C6E1A6
S31580E072600B10A0E1F020CDE1D821C6E184049FE5B2
S31580E07270F820CDE1243096E510308DE5082096E5BE
S31580E07280540E00EB01B08BE2006096E5F0FFFFEA7A
S31580E07290005095E5D8FFFFEA003095E5050053E11B
S31580E072A00100001A50049FE54A0E00EB4C649FE50E
S31580E072B0000096E5000050E31C00000A40549FE57C
S31580E072C00010D5E5F4FAFFEB000050E31500000A64
S31580E072D0003096E5082093E50810D2E5020051E3F8
S31580E072E000149F050400000AFCC39FE5F0339FE588
S31580E072F0040051E30310A0010C10A01108C090E532
S31580E073000920D2E50030D5E500C08DE5D061C0E149
S31580E07310F860CDE1D861C0E1E8039FE5F061CDE1B9
S31580E073202C0E00EB010000EADC039FE5290E00EB62
S31580E07330D8039FE51B0E00EBDE0000EA053046E24F
S31580E07340010053E36900008AC4139FE5040095E5D4
S31580E073500320A0E3176000EB001050E20100000A72
S31580E073600040E0E3D30000EA080095E51A208DE2CC
S31580E073701B308DE281FAFFEB000050E3C400001A77
S31580E0738090339FE51A20DDE51B10DDE5006093E58F
S31580E07390030056E1B800000A0800D6E5020050E195
S31580E073A01300001A0900D6E5010050E11000001A2A
S31580E073B0180096E51A6000EB0040A0E10C0095E528
S31580E073C0176000EB000084E0014080E2100095E564
S31580E073D0136000EBFF4004E2020080E2004084E0BC
S31580E073E0140095E5FF4004E2000050E30200001A35
S31580E073F0A90000EA006096E5E4FFFFEA086000EB9A
S31580E07400020050E302408402FF4004023F0054E35E
S31580E074100100009A00039FE5920000EA141095E5CA
S31580E07420F8C29FE5000051E3182096E50C3095E51B
S31580E07430100095E50C10A00103008DE8E0129FE5B1
S31580E0744020008DE23E6400EB20008DE20010A0E398
S31580E074501C208DE2F1FBFFEB000050E38C00001A6C
S31580E074601C409DE5000054E38900000A083094E55D
S31580E07470106094E50800D3E50910D3E52CFAFFEB1C
S31580E07480005050E20E00001A50329FE5002093E54E
S31580E07490030052E164229F050040820560229F0539
S31580E074A00050C205042093E50150A003044083E523
S31580E074B0000055E3003084E5042084E5004082E561
S31580E074C0600000EA080095E50610A0E140F9FFEBD0
S31580E074D0000050E36C00001A0500A0E10610A0E170
S31580E074E087FBFFEB000050E35A00000A660000EAE3
S31580E074F0030056E399FFFF1A040095E524129FE501
S31580E07500A15F00EB000050E394FFFF1A084095E589
S31580E075101C108DE20400A0E11B208DE220308DE27C
S31580E0752083FAFFEB000050E35000001A1C309DE523
S31580E07530082093E50810D2E5020051E3A4119F05E7
S31580E075400400000AA0019FE594319FE5040051E321
S31580E075500310A0010010A01120009DE50920D2E5CE
S31580E0756008C090E500C08DE5D041C0E11B30DDE587
S31580E07570F840CDE1D841C0E1AC019FE5F041CDE1F5
S31580E07580940D00EB1C609DE520509DE5BC40D6E166
S31580E07590010054E30400001A0600A0E139FBFFEB8A
S31580E075A0000050E34300001A2A0000EA4C319FE5D0
S31580E075B0003093E5030056E10100000A0040A0E3B5
S31580E075C0140000EA38419FE50600A0E10010D4E50A
S31580E075D031FAFFEB000050E3F7FFFF0A050050E1C8
S31580E075E00300001A44019FE57A0D00EB0030A0E32A
S31580E075F0060000EAD821C5E1D801C0E1010053E1E7
S31580E07600000052010200008A0030D4E5013043E2F6
S31580E076100030C4E50140A0E30C0095E80500A0E158
S31580E07620043082E5002083E50030A0E3003085E584
S31580E07630043085E5C10E00EBBC30D6E1000054E3B2
S31580E07640013043E2BC30C6E10100000AD3FAFFEB29
S31580E07650000000EAA2FAFFEBE4F7FFEB004050E21D
S31580E076601400000AC8009FE55A0D00EB080000EA06
S31580E07670C0009FE50410A0E1010000EAB8009FE5A4
S31580E07680081095E5530D00EB010000EA1C009DE52E
S31580E07690FCFAFFEB0140A0E3060000EA3F0054E37A
S31580E076A05BFFFF8A182096E50C3095E5100095E59E
S31580E076B068109FE55FFFFFEA0400A0E160D08DE2FD
S31580E076C0F08DBDE85380E280607EE2806C7EE28071
S31580E076D09541E280365EE2809382E2805B80E28062
S31580E076E0B013E380817AE280CFD3E2807D7AE28054
S31580E076F06280E2808380E280A780E280C780E28049
S31580E077009011E380A413E380DE80E2801581E2803D
S31580E0771011CFE2803C81E280A813E3804081E28061
S31580E07720B0DDE2806081E2809C81E280A081E280BF
S31580E07730E881E2806C81E2801B82E2803382E280B3
S31580E07740F0452DE90070A0E124D04DE25C029FE592
S31580E077500160A0E10240A0E10350A0E1C90300EB93
S31580E07760000050E30400000A0010A0E31020A0E32C
S31580E07770E56200EB38329FE5000083E5020054E3E2
S31580E077800600000A030054E31D00000A010054E3EA
S31580E077902800000A4F00E0E3F11C00EB230000EA3A
S31580E077A0040095E504108DE21020A0E3D66200EB9C
S31580E077B0343099E50080A0E17F3483E2030050E134
S31580E077C00300009AEC119FE5EC019FE5010D00EBCB
S31580E077D0160000EA044095E504A09DE50400A0E1DA
S31580E077E00F5F00EB000084E000005AE1C0319F05A6
S31580E077F0C8019F1500808305041095150800001ABE
S31580E078000C0000EA0010A0E3040095E51020A0E358
S31580E07810BD6200EB98319FE5081095E5000083E5B1
S31580E0782098019FE58020A0E36D6A00EB010000EA05
S31580E078300000E0E35B0000EA5000A0E3C81C00EB38
S31580E078400700A0E10B6B00EB004050E2030000AACA
S31580E078505000E0E3C21C00EB0100A0E3510000EA27
S31580E078605100A0E3BE1C00EB54319FE5000093E598
S31580E07870000050E30400000A08108DE2746A00EB11
S31580E0788040019FE508108DE26B0200EB38319FE501
S31580E07890000093E5000050E30400000A08108DE242
S31580E078A06B6A00EB24019FE508108DE2620200EB33
S31580E078B01C119FE50030D1E5000053E30100000A8A
S31580E078C010019FE55C0200EB0C119FE50030D1E5ED
S31580E078D0000053E30100000A00019FE5560200EB39
S31580E078E0FC309FE5000093E5000050E30400000AC9
S31580E078F008108DE2566A00EBE8009FE508108DE2FD
S31580E079004D0200EBE0309FE5000093E5000050E398
S31580E079100400000A08108DE24D6A00EBCC009FE57A
S31580E0792008108DE2440200EBC4309FE5000093E549
S31580E07930000050E30400000A08108DE2446A00EB80
S31580E07940B0009FE508108DE23B0200EBA8109FE5B2
S31580E079500030D1E5000053E30100000A9C009FE57A
S31580E07960350200EB000054E35100E0030B00000A0F
S31580E079703C309FE50410A0E1000093E543E6FFEB91
S31580E079805200A0E3761C00EB0600A0E1001095E52E
S31580E079902FEBFFEB004050E25200E0B35400A0A38F
S31580E079A06F1C00EB0400A0E124D08DE2F085BDE8F9
S31580E079B0AB8AE280A0F7E2804955E2806E73E2808E
S31580E079C08C6EE680786EE680DC82E280246EE680ED
S31580E079D0E682E280346EE680EE82E280529D098124
S31580E079E0F782E280306EE6800083E2808056E68031
S31580E079F00783E280206EE6801083E280546EE68024
S31580E07A001683E2800010A0E10000A0E34BFFFFEACE
S31580E07A1070402DE90060A0E10250A0E10340A0E1C2
S31580E07A20A300A0E34E1C00EB0430A0E10610A0E129
S31580E07A300520A0E10300A0E340FFFFEB0040A0E1CA
S31580E07A40A400A0E3461C00EB0400A0E17080BDE842
S31580E07A50010052E3170000DA10402DE9040093E5B7
S31580E07A600340A0E1E35D00EB50309FE5000050E38A
S31580E07A70000083E50100001A0000E0E31080BDE825
S31580E07A800500A0E37B6A00EB000050E3040000AA57
S31580E07A90041094E528009FE54E0C00EB0100A0E37E
S31580E07AA01080BDE8041094E518009FE5490C00EBD2
S31580E07AB00000A0E31080BDE80000E0E31EFF2FE1B8
S31580E07AC0949D09811D83E2804083E280F8402DE920
S31580E07AD00250A0E10470A0E3010055E30360A0E159
S31580E07AE0050000CA74209FE50040A0E3003092E5DF
S31580E07AF0013083E2003082E50C0000EA0410B3E551
S31580E07B000020D1E52D0052E3F5FFFF1A015045E252
S31580E07B100120F1E5000052E3EEFFFF0A660052E342
S31580E07B200670A0E3F9FFFF0A0000E0E3F880BDE815
S31580E07B30015045E2000055E3060000DA0400B6E5B0
S31580E07B401C109FE50720A0E1685700EB000050E39A
S31580E07B500140A003F5FFFFEA0400A0E1F880BDE85C
S31580E07B609CF2E28090F7E28008402DE9C41300EBB6
S31580E07B70000090E20100A0130880BDE8010052E316
S31580E07B80130000DAF0412DE90150A0E10060A0E1A8
S31580E07B90014042E2040093E53C109FE50820A0E323
S31580E07BA0047083E27A0900EB000050E30600000AE5
S31580E07BB00CC090E50510A0E10600A0E10420A0E15C
S31580E07BC00730A0E1F041BDE81CFF2FE10000E0E3D3
S31580E07BD0F081BDE80000E0E31EFF2FE1A0F2E28045
S31580E07BE030402DE90030A0E32CD04DE2004050E259
S31580E07BF00120A0E110308DE51100000A1C308DE5F2
S31580E07C0000308DE514308DE204308DE580309FE5DF
S31580E07C1008308DE528308DE218408DE50C108DE535
S31580E07C200F0013E9FA5500EB14409DE5000054E39C
S31580E07C301400000A060094E858009FE5E50B00EB87
S31580E07C40110000EA00408DE504408DE508408DE5B1
S31580E07C503C009FE50A10A0E310308DE2595700EB17
S31580E07C60005050E2050000DA10009DE5CD0B00EBF8
S31580E07C7010009DE5310D00EB0500A0E1020000EA71
S31580E07C8014009FE5D30B00EB0400A0E12CD08DE23D
S31580E07C903080BDE890F7E2801F84E2802684E2802F
S31580E07CA0010052E3F8402DE90240A0E10A0000DA43
S31580E07CB0042093E50010D2E52D0051E30900001A77
S31580E07CC00120D2E5610052E30600001A014044E259
S31580E07CD0043083E20010A0E3000000EA0810A0E38D
S31580E07CE0010054E30300000A0350A0E10060A0E332
S31580E07CF00170A0E3120000EA0000A0E3B7FFFFEB0B
S31580E07D00001050E21200000A4C209FE54C009FE5EF
S31580E07D10B00B00EB0000A0E3F880BDE80400B5E519
S31580E07D200010A0E3ADFFFFEB000050E30300001A74
S31580E07D302C009FE5001095E5A60B00EB016086E23E
S31580E07D40017087E2040057E1F3FFFFBA0600A0E185
S31580E07D50F880BDE80400A0E1F880BDE8FC0F0000F3
S31580E07D604B84E2806C84E280F0452DE9001093E557
S31580E07D700040A0E31CD04DE202A0A0E10350A0E1C8
S31580E07D800400A0E10480A0E10A70A0E301A04AE239
S31580E07D9000005AE3260000DA0420B5E50030D2E59B
S31580E07DA02D0053E32400001A0130F2E5000053E38E
S31580E07DB0F5FFFF0A630053E30C00000A0200008A25
S31580E07DC0620053E30500000A190000EA640053E309
S31580E07DD01100000A740053E30A00000A140000EA66
S31580E07DE0000050E30E00001A0100A0E3030000EA61
S31580E07DF0000050E30A00001A0100A0E30080A0E141
S31580E07E000070A0E3E7FFFFEA000050E30400001AF9
S31580E07E100100A0E30A70A0E3E2FFFFEA0140A0E3ED
S31580E07E20E0FFFFEA58019FE56A0B00EB0100A0E363
S31580E07E30510000EA0000E0E34F0000EA000050E372
S31580E07E400100001A3C019FE5620B00EB1020A0E3E5
S31580E07E50000095E50010A0E32B6100EB02005AE3F9
S31580E07E600060A0E1012680120030A0110500001A12
S31580E07E70040095E50010A0E31020A0E3226100EB6A
S31580E07E800050A0E1110000EA035066E00110D3E45F
S31580E07E90070051E10200001A0010D3E5000051E32B
S31580E07EA00500000A020053E1F6FFFF1AD8009FE5BD
S31580E07EB00116A0E3470B00EB0156A0E3025085E2F2
S31580E07EC0C8009FE50510A0E10520A0E1410B00EB8D
S31580E07ED0000058E30F00000A0610A0E10420A0E3AA
S31580E07EE0045045E214008DE2046086E2C65D00EB54
S31580E07EF00000A0E30610A0E10520A0E1CE5200EB51
S31580E07F0014309DE5030050E10200000A80009FE501
S31580E07F10240B00EBC4FFFFEA014024E200408DE53C
S31580E07F200040A0E304408DE508408DE564009FE5D0
S31580E07F300610A0E10520A0E10730A0E1655700EB3F
S31580E07F40040050E10800001A4C309FE500308DE5D2
S31580E07F5048309FE548209FE5001093E544009FE583
S31580E07F6044309FE51B0B00EBAFFFFFEA043099E559
S31580E07F700400A0E1803083E3043089E51CD08DE203
S31580E07F80F085BDE84385E2808884E2807285E28080
S31580E07F90AF84E280D784E28090F7E280A555E280E4
S31580E07FA0DC4FE6803685E280F984E28018040000C2
S31580E07FB000C0A0E308402DE9012042E2000052E340
S31580E07FC00D0000DA0410B3E500E0D1E52D005EE3B4
S31580E07FD00900001A01E0F1E500005EE3F5FFFF0A23
S31580E07FE061005EE30200000A66005EE3F8FFFF0AD6
S31580E07FF0130000EA01C0A0E3F5FFFFEA000052E3C8
S31580E080000010A01301100C02000051E30200000AE8
S31580E080103C009FE52C1000EB0B0000EA01C02CE24F
S31580E08020000052E300C0A0D301C00CC200005CE3B4
S31580E080300300000A0200A0E10310A0E14D1000EB6E
S31580E08040010000EA0840BDE8840800EA0000A0E3F9
S31580E080500880BDE8A785E280F0452DE90080A0E1B3
S31580E080602CD04DE20470A0E3010058E30150A0E17A
S31580E08070080000CA046095E53D10A0E30600A0E193
S31580E08080DC5C00EB000050E368019F150610A01150
S31580E080902C00001A0C0000EA0430B1E50020D3E59C
S31580E080A02D0052E3F2FFFF1A018048E20120F3E55A
S31580E080B0000052E3EBFFFF0A660052E30670A0E39E
S31580E080C0F9FFFF0A0000E0E3480000EA28219FE587
S31580E080D0020058E3003092E5013083E2003082E529
S31580E080E0040000DA083095E5000053E30040A01173
S31580E080F002A0A0130600001A0600A0E1FC109FE58E
S31580E081000720A0E1F95500EB100F6FE1A002A0E196
S31580E08110360000EA0A0195E7C15C00EB01A08AE23D
S31580E08120014084E208005AE1004084E0F8FFFF1A4B
S31580E081300400A0E18E0C00EB008050E20400001AFF
S31580E08140BC009FE50410A0E1A20A00EB0100A0E3D9
S31580E08150260000EA081085E20830A0E10A5185E0B1
S31580E0816020E0A0E304C091E40120DCE40300A0E188
S31580E08170000052E30120C3E4FAFFFF1A050051E153
S31580E0818000E0C0E5F6FFFF1A080053E10120431541
S31580E0819014308DE204308DE560309FE508308DE562
S31580E081A00140A0E328308DE218608DE51C808DE5E6
S31580E081B000408DE50C708DE50F0013E9945400EBDB
S31580E081C00800A0E1DD0B00EB14309DE5000053E3F1
S31580E081D00000A0130500001A28309FE528009FE5DF
S31580E081E00610A0E1002093E57A0A00EB0400A0E106
S31580E081F02CD08DE2F085BDE8CC85E2809CF2E280F1
S31580E0820090F7E2800286E280DC4FE6801C86E280A0
S31580E08210010052E3020000DA0200A0E10310A0E1CF
S31580E082208CFFFFEA0000E0E31EFF2FE104309FE5CC
S31580E08230000093E51EFF2FE19CF2E2801F402DE9CE
S31580E0824048309FE500308DE50030A0E30C308DE5C9
S31580E08250043099E503008DE9800013E30100A00373
S31580E082600800000A000051E30300000A0030D1E56F
S31580E08270000053E30300A0130000001A0200A0E30D
S31580E082800D10A0E173FFFFEB14D08DE204F09DE4C6
S31580E082904886E28010402DE90040A0E10100A0E19F
S31580E082A0C26000EB0010A0E10400A0E11040BDE850
S31580E082B0E1FFFFEA10402DE918D04DE20120A0E170
S31580E082C00040A0E118109FE504008DE29C6000EB81
S31580E082D00400A0E104108DE2D7FFFFEB18D08DE219
S31580E082E01080BDE84F86E280F04D2DE90040A0E3A6
S31580E082F040D04DE20250A0E100C0A0E1002093E52D
S31580E0830004B0A0E10A70A0E30480A0E110208DE52E
S31580E0831001A045E200005AE3360000DA040093E566
S31580E08320046083E20020D0E52D0052E33300001A9A
S31580E083300120F0E5000052E32600000A630052E3E4
S31580E083400B00000A0200008A620052E30500000A80
S31580E08350280000EA730052E30A00000A740052E340
S31580E083601700000A230000EA000054E30300000A35
S31580E083701B0000EA000054E31900001A01B0A0E3F4
S31580E083800470A0E1110000EA02A045E200005AE391
S31580E08390020000CA0C00A0E1B00700EB5F0000EA33
S31580E083A0080093E50010A0E31020A0E314C08DE55B
S31580E083B0086083E2D45F00EB14C09DE50080A0E115
S31580E083C0040000EA000054E30500001A0A70A0E306
S31580E083D00140A0E3D5FFFFEA0630A0E10A50A0E124
S31580E083E0CAFFFFEA3C019FE510109DE5F90900EB25
S31580E083F00100A0E3490000EA0000E0E3470000EA6C
S31580E084000010A0E31020A0E3BF5F00EB000058E37C
S31580E084101C008DE50200000A0010A0E30820A0E120
S31580E08420625C00EB000057E3025045E2046086E2BE
S31580E084301700000A5020A0E300808DE560008DE9FA
S31580E08440E4009FE50710A0E11C308DE25D5500EB6E
S31580E08450002050E2070000AAD0309FE500308DE58D
S31580E08460CC309FE5CC009FE5001093E5C8209FE5E2
S31580E08470C8309FE51C0000EA20008DE2C0109FE531
S31580E084802F6000EB20108DE2B8009FE56AFFFFEBDE
S31580E08490210000EA1C409DE500005BE30430841285
S31580E084A0A4709FE520308D1560008DE900708DE524
S31580E084B074009FE50010A0E35020A0E320308DE219
S31580E084C020408D053F5500EB005050E2080000AAA1
S31580E084D058309FE500308DE554309FE554009FE5A8
S31580E084E0001093E550209FE560309FE5B90900EBE9
S31580E084F0BEFFFFEA00005BE30400000A0000A0E3A1
S31580E08500041084E20720A0E14B5100EB000084E5F3
S31580E0851030009FE5041085E265FFFFEB0000A0E3F5
S31580E0852040D08DE2F08DBDE84385E28090F7E28031
S31580E085309755E280DC4FE6805386E2803685E2809E
S31580E085408D0300009086E2800366E280FC0F0000E7
S31580E08550A1030000F8402DE9005050E20140A0E17F
S31580E085600100001A0000E0E3F880BDE80400A0E125
S31580E085700070D5E5AC0E00EB016084E2000057E1C7
S31580E085800500001A0130D5E40640A0E13D0053E342
S31580E08590F5FFFF1A0600A0E1F880BDE80030D5E5DA
S31580E085A0000053E3EEFFFF1A0400A0E19E0E00EB0D
S31580E085B03D0050E3EAFFFF1A0600A0E1F880BDE83F
S31580E085C0F04D2DE9B4A09FE50070A0E10160A0E147
S31580E085D00280A0E10050A0E30500A0E1920E00EB4E
S31580E085E0000050E30100001A0000E0E3F08DBDE8F2
S31580E085F00540A0E10400A0E18B0E00EB000050E313
S31580E086000300000A0A0054E1F6FFFFCA014084E253
S31580E08610F7FFFFEA0700A0E10510A0E1CCFFFFEB42
S31580E08620000050E308B086A00650A0A100A066A096
S31580E08630050000AA015084E2E6FFFFEA7A0E00EB2D
S31580E08640000050E30100C5E40A00000A0B0055E192
S31580E0865005008AE0054066E0F7FFFF1A000054E374
S31580E086600030A0130130451514009FE50810A0E105
S31580E086700720A0E1570900EB0400A0E1F08DBDE8FA
S31580E08680FF0F00009486E280043099E510402DE9E2
S31580E08690804013E228D04DE20F00000A0030A0E3CC
S31580E086A014208DE21C308DE500308DE504208DE5CB
S31580E086B00C308DE540209FE528308DE218008DE571
S31580E086C008208DE50F0013E9515300EB14009DE57A
S31580E086D0000050E304009015050000EA5C1089E292
S31580E086E02020A0E3B5FFFFEB000050E35C0089C2E9
S31580E086F00400A0D128D08DE21080BDE890F7E2801A
S31580E0870037402DE90150A0E1DEFFFFEB004050E26B
S31580E087100100001A0500A0E1050000EA04108DE2E0
S31580E087201020A0E3F85E00EB04309DE5040053E101
S31580E08730F7FFFF0A0CD08DE23080BDE838402DE9A6
S31580E087400150A0E10240A0E1CEFFFFEB000050E344
S31580E087500300000A0520A0E10010A0E33840BDE850
S31580E08760E95E00EA0400A0E13880BDE8F0412DE949
S31580E087700140A0E194119FE5DC5B00EB000050E353
S31580E087808C019F058C119F058C219F050900000AAD
S31580E08790010080E284119FE5625B00EB005050E2CD
S31580E087A0BC4084120A70A0130500001A60019FE5A0
S31580E087B060119FE568219FE5060900EB0000E0E394
S31580E087C0F081BDE80500A0E12810A0E3095B00EB9D
S31580E087D0006050E238019F0548119F0548219F05BA
S31580E087E00600000A2910A0E3025B00EB000050E3DC
S31580E087F00400001A18019FE528119FE5562FA0E393
S31580E08800F40800EB390000EA002065E0022042E24D
S31580E08810011086E20080A0E30400A0E1D15A00EBDB
S31580E088204010A0E3208084E50500A0E1F15A00EB4A
S31580E08830002050E220808415031082120B00001A7B
S31580E08840CC009FE5DC109FE5E0209FE5EBFFFFEAAB
S31580E088500130D1E4300043E2090050E30600008AAB
S31580E08860200094E5003283E0303043E2203084E536
S31580E08870060051E1F5FFFF3A0B0000EA610043E2B2
S31580E08880050050E320009495003283905730439260
S31580E08890F5FFFF9A410043E2050050E320009495FE
S31580E088A00032839037304392EFFFFF9A0030A0E3A7
S31580E088B0020055E1243084E5243094E50500002A61
S31580E088C00110D5E4300041E2090050E3971323908C
S31580E088D030304392F5FFFF9A0335A0E1243084E5FA
S31580E088E04C009FE50410A0E1202094E5B90800EB58
S31580E088F00000A0E324109FE50A5B00EB284084E2B9
S31580E08900005050E2AEFFFF1A0500A0E1F081BDE81D
S31580E08910AD8FE2800389E2807C56E2808F010000A1
S31580E08920E294E280960100006556E2805201000002
S31580E08930620100001389E28010402DE901DB4DE2FF
S31580E08940012BA0E30040A0E10010A0E30D00A0E130
S31580E08950165B00EB20009FE54AFFFFEB0010A0E1ED
S31580E089600D00A0E1795A00EB0D00A0E10410A0E132
S31580E089707DFFFFEB01DB8DE21080BDE8365EE280B5
S31580E08980F0402DE901DB4DE2083090E5387090E566
S31580E0899004D04DE20060A0E10010A0E30D00A0E16C
S31580E089A0012BA0E3077083E0005B00EB0750A0E1BA
S31580E089B00040A0E3000055E30D00000A3C3096E558
S31580E089C0030054E10A00002A0500A0E144109FE577
S31580E089D0465B00EB000050E30500001A0500A0E1CD
S31580E089E08F5A00EB014084E2004084E0045087E047
S31580E089F0EFFFFFEA0510A0E10D00A0E1535A00EB7E
S31580E08A000D00A0E10610A0E157FFFFEB01DB8DE250
S31580E08A1004D08DE2F080BDE8A8DFE2803C3090E5CE
S31580E08A20000053E30000000AD4FFFFEAC1FFFFEA3B
S31580E08A30F3412DE90040A0E1010181E00160A0E180
S31580E08A40000380E00210A0E10270A0E10380A0E1D3
S31580E08A50656C00EB000056E30050A0E11300000ACD
S31580E08A60C4009FE5C4E09FE52814A0E12838A0E192
S31580E08A70FF1001E2FF3003E2000084E00EE084E0D4
S31580E08A8000C0A0E10020A0E3050052E103C08CE233
S31580E08A9003804C1502104C1501304C1501208212D2
S31580E08AA0F8FFFF1A5A0E80E20E0050E1F3FFFF1A3C
S31580E08AB0070056E11A00000A74009FE50510A0E160
S31580E08AC0000085E0800080E0004084E000708DE575
S31580E08AD060009FE560209FE50630A0E1515F65E29A
S31580E08AE03C0800EB015085E20400A0E1E1CD84E2A0
S31580E08AF00010E0E30030A0E10020A0E3050052E1B1
S31580E08B00033083E203104315021043150110431529
S31580E08B1001208212F8FFFF1A5A0E80E20C0050E123
S31580E08B20F3FFFF1A08D08DE2F081BDE827CB040081
S31580E08B30670305000D9901002089E2804501000068
S31580E08B40F04D2DE950059FE53EDE4DE2CDFEFFEB93
S31580E08B50004050E20400001A40159FE538059FE585
S31580E08B60B5FDFFEBC60F00EB30459FE50050A0E377
S31580E08B702C659FE50510A0E12A2EA0E3050D8DE288
S31580E08B800050C6E5895A00EB0510A0E12020A0E35D
S31580E08B9020008DE2855A00EB08059FE5B9FEFFEBE4
S31580E08BA000A050E21800000A0510A0E11020A0E322
S31580E08BB0D55D00EBF0349FE51C308DE50130A0E318
S31580E08BC0E8849FE500308DE50510A0E1E0749FE53F
S31580E08BD00620A0E308308DE20C708DE510808DE5EF
S31580E08BE014A08DE518408DE540018DE50500A0E1F6
S31580E08BF01B4800EB050050E10850A0E10800000AA0
S31580E08C00B0049FE5B0149FE5290000EAA8149FE52B
S31580E08C10412FA0E30430A0E1A0049FE5ED0700EB3F
S31580E08C20600000EA40B19DE594149FE50B00A0E169
S31580E08C30AE5A00EB000050E30500000A168080E2A1
S31580E08C400800A0E17C149FE5A85A00EB002050E2E2
S31580E08C500300001A0B10A0E16C049FE5DD0700EB32
S31580E08C60110000EA0810A0E1022068E020008DE211
S31580E08C70BC5900EB54049FE582FEFFEB20108DE2A9
S31580E08C800080A0E10820A0E144049FE5D10700EB45
S31580E08C90000058E30800000A20008DE20810A0E1F9
S31580E08CA0B95900EB000050E30300001A24049FE565
S31580E08CB020108DE2C70700EB3A0000EA18349FE502
S31580E08CC01C308DE50000A0E30130A0E300308DE5A7
S31580E08CD00010A0E10620A0E308308DE20C708DE55F
S31580E08CE010508DE514A08DE518408DE5DC4700EB4E
S31580E08CF0E8139FE540019DE57C5A00EB007050E269
S31580E08D00C4039F050410A001E9FFFF0A0040A0E329
S31580E08D102020A0E30410A0E10040C7E5530F8DE2D8
S31580E08D20225A00EB20108DE2530F8DE2875900EB3B
S31580E08D30ACE39FE540C08DE20F00BEE80F00ACE8F3
S31580E08D400F00BEE80F00ACE80F009EE85B5F8DE2A7
S31580E08D5040808DE20F008CE8043198E70510A0E1B1
S31580E08D6040019DE533FF2FE1043095E5DC239DE569
S31580E08D70014084E2023083E00C0054E3083085E56C
S31580E08D80DC338DE50C5085E2F2FFFF1A4C039FE55C
S31580E08D90A35900EB000087E048018DE5050D8DE2E3
S31580E08DA01DFFFFEB3C0000EA050D8DE21AFFFFEBAD
S31580E08DB0F0029FE533FEFFEB000050E30800000A77
S31580E08DC00010A0E31020A0E34F5D00EB48319DE565
S31580E08DD0000053E30050A0E140018DE548018D0598
S31580E08DE0050000EAFC129FE5D420A0E3F8329FE577
S31580E08DF0C8029FE5770700EBA00000EA40408DE2DD
S31580E08E000010A0E31820A0E30400A0E1E75900EBFE
S31580E08E10D8129FE50520A0E10030A0E30400A0E1A0
S31580E08E20C75D00EB88329FE524308DE57C329FE597
S31580E08E3028308DE5B0329FE530308DE50000A0E347
S31580E08E400130A0E300308DE50010A0E10520A0E32D
S31580E08E5020308DE22C408DE5814700EB000050E329
S31580E08E600300000A7C129FE548029FE5590700EB64
S31580E08E70820000EAE8329DE5DC239DE5AC318DE5B4
S31580E08E80023083E0B0318DE5DC338DE50030D6E528
S31580E08E90A8018DE5013083E30030C6E50010A0E34C
S31580E08EA0012CA0E340008DE2C05900EB40229FE513
S31580E08EB01010A0E33C029FE51FFEFFEB054D8DE21F
S31580E08EC07F5F8DE20080A0E30070A0E10710A0E163
S31580E08ED024029FE53F0700EB20029FE50010A0E318
S31580E08EE0841A00EB302094E5243095E5030052E1C6
S31580E08EF00600009A0C008DE804129FE504229FE5A7
S31580E08F000530A0E100029FE5320700EB2E0000EA83
S31580E08F10000052E32C00000A00208DE50510A0E158
S31580E08F20202095E5E4019FE52A0700EB0010A0E309
S31580E08F30012CA0E340008DE29C5900EB202095E5D2
S31580E08F40243095E5C8119FE540008DE27C5D00EB1D
S31580E08F500010A0E340008DE2661A00EBDC239DE57D
S31580E08F60341094E5000052E3303094E50300000AC3
S31580E08F70A31041E00700A0E198319FE5ABFEFFEB4F
S31580E08F80302094E52C3094E500208DE548219DE560
S31580E08F9084119FE5032082E040008DE2203095E554
S31580E08FA0675D00EB0010A0E340008DE2511A00EB14
S31580E08FB0DC239DE5341094E5000052E30200000ACC
S31580E08FC00700A0E14C319FE598FEFFEB018088E247
S31580E08FD00C0058E30C4084E2285085E2C0FFFF1A7B
S31580E08FE07C319DE5000053E30900001A88319DE558
S31580E08FF0000053E30600001A0030D6E5000053E394
S31580E090000300001A531F8DE2C0009FE58AFCFFEB48
S31580E090109B0E00EB04019FE5EE0600EB0040A0E32B
S31580E090206410A0E30120A0E1E8309FE50700A0E11D
S31580E090307EFEFFEB7D0FA0E3DF5900EB6410A0E33B
S31580E090400120A0E10030A0E30700A0E177FEFFEB7E
S31580E09050014084E27D0FA0E3D75900EBC0009FE595
S31580E09060051064E2DB0600EB050054E3EBFFFF1A34
S31580E090700010A0E3AC009FE51E1A00EBE7FFFFEAD5
S31580E09080A4109FE5A4209FE5A4009FE5D10600EB10
S31580E090900000A0E33EDE8DE2F08DBDE86189E280EE
S31580E090A05289E280BC13E380AB8AE2807189E280F8
S31580E090B0D7A6E28072D5E2809D89E2804B56E28037
S31580E090C07889E280B389E28060D7E280CA89E280EB
S31580E090D0D989E280EE89E280238AE280358AE2805D
S31580E090E03F8AE2805442E2801956E280648AE280D6
S31580E090F07A8AE2800020D083A88AE280B48AE280FD
S31580E09100C68AE2809656E2803E020000CF8AE280FE
S31580E09110048BE2803E8BE2802693FF00518BE280D7
S31580E09120698BE280828BE2800E62E280B056E280DA
S31580E09130870200007E8AE280F0412DE942DF4DE23F
S31580E091400040A0E10160A0E10270A0E10010A0E390
S31580E0915008008DE2012CA0E304108DE5135900EBA5
S31580E091600400A0E1EC109FE5605900EB005050E26E
S31580E091703500000A018095E23300000A0A0058E3D0
S31580E091802F00000A0010A0E3012CA0E308008DE286
S31580E09190065900EB082064E00410A0E1012042E2D9
S31580E091A008008DE26F5800EB08008DE20610A0E122
S31580E091B04E5900EB004050E22100000A0600A0E193
S31580E091C0975800EB000094E00030A0111E00000AE2
S31580E091D00300A0E10020D0E5013083E2200052E3E5
S31580E091E00200001A000053E3F8FFFF1A0300A0E133
S31580E091F004108DE20A20A0E38F5C00EB04309DE54D
S31580E09200000087E5000053E20300000A0020D0E575
S31580E09210013083E2200052E3F9FFFF0A04108DE279
S31580E092200A20A0E3845C00EB0610A0E1002097E52D
S31580E092300030A0E1040087E51C009FE5650600EBB1
S31580E09240010000EA024085E2C4FFFFEA0000A0E3F5
S31580E0925042DF8DE2F081BDE811CFE280AA8BE28029
S31580E092600120A0E100109FE5B2FFFFEABB8BE28020
S31580E092700120A0E100109FE5AEFFFFEAC68BE28009
S31580E092800120A0E100109FE5AAFFFFEAD18BE280F2
S31580E092900120A0E100109FE5A6FFFFEADB8BE280DC
S31580E092A00120A0E100109FE5A2FFFFEAE58BE280C6
S31580E092B00120A0E100109FE59EFFFFEAF28BE280AD
S31580E092C00120A0E100109FE59AFFFFEA648AE28030
S31580E092D00120A0E100109FE596FFFFEAFD8BE2808A
S31580E092E00120A0E100109FE592FFFFEA048CE28076
S31580E092F00120A0E100109FE58EFFFFEA208CE2804E
S31580E093000120A0E100109FE58AFFFFEA208CE28041
S31580E093100120A0E100109FE586FFFFEA348CE28021
S31580E09320010050E3F3412DE90070A0E1540000DA3A
S31580E093300140A0E1040091E50020A0E304108DE265
S31580E09340F15B00EB043094E50030D3E5000053E3B5
S31580E093500050A0E10100001A0000E0E34D0000EAC1
S31580E0936004009DE50030D0E53A0053E30000531356
S31580E093700120A0130020A003F6FFFF1A3A0053E372
S31580E093800560A0110250A0110A00001A0130D0E554
S31580E09390000053E3EFFFFF0A010080E204108DE254
S31580E093A0D95B00EB04309DE50030D3E5000053E364
S31580E093B00060A0E1E7FFFF1A020057E33200000AEF
S31580E093C0080094E504108DE20020A0E3CE5B00EB7C
S31580E093D0083094E50030D3E5000053E30080A0E157
S31580E093E0DCFFFF0A04309DE50030D3E5000053E35F
S31580E093F0D8FFFF1A030057E30C00000A1020A0E311
S31580E094000C0094E504108DE2BF5B00EB0C2094E544
S31580E094100020D2E5000052E30030A0E1CDFFFF0A54
S31580E0942004209DE50020D2E5000052E3C9FFFF1A43
S31580E094300500A0E10610A0E10820A0E1E42A00EB07
S31580E09440007050E20500001A50009FE50510A0E18B
S31580E094500620A0E1DF0500EB0100A0E30D0000EAB5
S31580E094603C309FE5000093E50340A0E1000050E337
S31580E094700000000A772C00EB007084E50000A0E392
S31580E09480040000EA0060A0E30650A0E114809FE5B6
S31580E094900030A0E3E5FFFFEA08D08DE2F081BDE889
S31580E094A06D8CE280C013E38000B4C404F0402DE903
S31580E094B00140A0E1041090E51CD04DE2C13FA0E15F
S31580E094C00371A0E10161A0E1016096E0217F87E17F
S31580E094D00370A7E00731A0E10621A0E1062092E033
S31580E094E0263F83E10730A3E00371A0E10261A0E1BA
S31580E094F0227F87E1062092E00730A3E083C1A0E1E6
S31580E09500A2CE8CE18211A0E1045180E00120A0E1AD
S31580E0951010108DE50C60A0E10C1095E50070A0E3DD
S31580E09520070096E114C08DE50115A0E10400001A5C
S31580E095300200A0E1AC6900EB0010A0E3F001CDE110
S31580E09540010000EA10008DE2F94D00EB10309DE558
S31580E09550FA1FA0E38361A0E10600A0E100308DE57B
S31580E09560D36900EBFA1FA0E304008DE50600A0E1D5
S31580E09570066A00EB1C309FE51C009FE5042193E71B
S31580E0958008108DE50410A0E10C3095E5910500EB1F
S31580E095901CD08DE2F080BDE85450E280968CE2806B
S31580E095A038402DE90040A0E1005090E5080090E5C4
S31580E095B099DBFFEB055184E0001094E50C0085E52E
S31580E095C00400A0E1B8FFFFEB0000A0E392DBFFEB35
S31580E095D0003094E5013083E2003084E5080084E5DC
S31580E095E03880BDE8010052E3B30100DAF04D2DE9A1
S31580E095F0047093E538D04DE20700A0E130179FE58F
S31580E096000340A0E1015042E25F5700EB000050E3E7
S31580E096100300001A0500A0E1041084E23FFFFFEB9F
S31580E09620A20100EA0C679FE5003096E5000053E36F
S31580E0963004079F055C00000A0700A0E1FC169FE591
S31580E09640515700EB000050E30500001A0030A0E31C
S31580E09650030055E31C308DE520308DE50B0000CA14
S31580E09660CE0000EA0700A0E1D4169FE5465700EB5E
S31580E09670000050E3F4FFFF0A0700A0E1C4169FE56F
S31580E09680415700EB000050E3EFFFFF0A770000EA66
S31580E09690040094E5A4169FE50420A0E3455700EB7B
S31580E096A0000050E30900001A080094E510108DE2EE
S31580E096B01020A0E3145B00EB083094E50030D3E59E
S31580E096C0000053E300A0A0E10E00001AB30000EA18
S31580E096D0040094E568169FE50520A0E3355700EB86
S31580E096E0000050E3EFFFFF0A040094E554169FE57F
S31580E096F00520A0E32F5700EB000050E30140A013C4
S31580E097009E00001AE7FFFFEA10309DE50030D3E5C2
S31580E09710000053E3A100001A0C0094E510108DE2DE
S31580E097201020A0E3F85A00EB0C3094E50030D3E546
S31580E09730000053E30050A0E19800000A10309DE558
S31580E097400030D3E5000053E39400001A100094E55E
S31580E0975010108DE21020A0E3EB5A00EB103094E578
S31580E097600030D3E5000053E30080A0E18B00000ADF
S31580E0977010309DE50070D3E5000057E38700001ABE
S31580E09780C4359FE50500A0E1001093E514208DE245
S31580E0979018308DE2866800EB000050E318709D0576
S31580E097A000005AE30300001AA0059FE5FD0400EBE4
S31580E097B00100A0E35C0100EA0010A0E30820A0E33A
S31580E097C01C008DE2795700EB040094E56C159FE56B
S31580E097D00420A0E3F75600EB000050E30800001AEF
S31580E097E0000096E50A30A0E150C090E50510A0E1C2
S31580E097F00820A0E13CFF2FE154359FE50040A0E141
S31580E09800100000EA040094E538159FE50520A0E302
S31580E09810E85600EB000050E32901000A010000EA67
S31580E0982030059FE5EB0400EB000096E50A30A0E109
S31580E0983054C090E50510A0E10820A0E13CFF2FE1AF
S31580E0984014359FE50040A0E110159FE5000054E344
S31580E098500C259FE50120A00100208DE50810A0E100
S31580E098600520A0E1FC049FE5DA0400EB430000EA72
S31580E098700700A0E1F0149FE5C35600EB000050E33B
S31580E098804100001A020055E3440000DA080094E53E
S31580E0989018108DE21020A0E39B5A00EB083094E587
S31580E098A00030D3E5000053E30080A0E13B00000AEE
S31580E098B018309DE50030D3E5000053E33700001A09
S31580E098C00C7094E51C108DE20030D7E51020A0E303
S31580E098D02B0053E3017087020700A0E101A0A003FB
S31580E098E000A0A013885A00EB1C309DE5070053E1E9
S31580E098F00050A0E12900000A0030D3E5000053E3E0
S31580E099002600001A00005AE30600000A003096E5B9
S31580E09910143093E5000053E3012043120050821097
S31580E099200030631203500510000096E5083085E0AC
S31580E099300C2090E5020053E10300009A2C049FE599
S31580E09940041094E5A30400EB98FFFFEA583090E515
S31580E099500810A0E10520A0E133FF2FE1FC239FE57D
S31580E09960FC339FE50510A0E1000050E30040A0E154
S31580E099700230A001F8039FE50820A0E1950400EB02
S31580E09980000094E20100A013C80000EA0700A0E10D
S31580E09990E0139FE57C5600EB000050E30100000AEF
S31580E099A00000E0E3E00000EA080094E518108DE2AC
S31580E099B01020A0E3545A00EB083094E50030D3E55C
S31580E099C0000053E30080A0E1F4FFFF0A18309DE534
S31580E099D00030D3E5000053E3F0FFFF1A0C0094E576
S31580E099E018108DE21020A0E3475A00EB0C3094E586
S31580E099F00030D3E5000053E30050A0E1E7FFFF0A23
S31580E09A0018309DE50040D3E5000054E3E3FFFF1AFC
S31580E09A10570600EB007050E20500000A0500A0E161
S31580E09A20530600EB00A050E20300001A0700A0E115
S31580E09A30C20500EB40039FE59A0000EA3C139FE5F0
S31580E09A400520A0E1F05600EB34039FE500B096E5F3
S31580E09A50600400EB0410A0E11C20A0E31C008DE272
S31580E09A60D25600EB0400A0E16BDAFFEB20508DE5E7
S31580E09A7058309BE50810A0E10520A0E124008DE5A3
S31580E09A800B00A0E133FF2FE1000050E3F4029F15C5
S31580E09A900C00001AF0029FE54E0400EB1C008DE2FC
S31580E09AA0BEFEFFEB50C09BE50B00A0E10810A0E1F5
S31580E09AB00520A0E10730A0E13CFF2FE1004050E225
S31580E09AC00300000AC4029FE5420400EB0040E0E3A5
S31580E09AD06C0000EAB8029FE53E0400EB0760A0E177
S31580E09AE00730A0E1050054E11400000A0320A0E15C
S31580E09AF00010D2E5013083E2FF0051E30D00000A59
S31580E09B000410A0E18C029FE50C208DE5310400EB8A
S31580E09B10053064E00C209DE50010A0E3400053E3AF
S31580E09B2000108DE50400A0E10210A0E14030A02302
S31580E09B300120A0E3480000EA014084E2E8FFFFEA72
S31580E09B4054029FE5230400EB1C008DE293FEFFEBBD
S31580E09B500810A0E154C09BE50B00A0E10420A0E141
S31580E09B600A30A0E13CFF2FE1001050E22C029F1565
S31580E09B70D4FFFF1A28029FE50C108DE5150400EB53
S31580E09B800420A0E10C109DE50700A0E1875600EBDC
S31580E09B901C008DE281FEFFEB0420A0E150C09BE536
S31580E09BA00B00A0E10810A0E10730A0E13CFF2FE127
S31580E09BB0004050E2EC019F15C2FFFF1AE8019FE5E5
S31580E09BC0040400EB1C008DE274FEFFEB0480A0E150
S31580E09BD00A30A0E1000000EA018088E2050058E151
S31580E09BE01F00000A0320A0E106B0A0E10000D2E554
S31580E09BF00010DBE5013083E2010050E1016086E29E
S31580E09C00F4FFFF0A055068E00810A0E19C019FE59B
S31580E09C100C208DE5EF0300EB400055E30C209DE53D
S31580E09C204050A0230040A0E30210A0E10530A0E16F
S31580E09C300120A0E300408DE50800A0E1D04B00EBD9
S31580E09C406C019FE5E30300EB0800A0E10B10A0E1C7
S31580E09C500120A0E30530A0E100408DE5C84B00EB94
S31580E09C6099FFFFEA4C019FE5DA0300EB0050A0E3A1
S31580E09C700510A0E11C008DE2015085E20AFEFFEBB3
S31580E09C80040055E3F9FFFF1A0700A0E12B0500EB7E
S31580E09C900A00A0E1290500EB000054E30400A001DE
S31580E09CA02100000A10019FE5CA0300EBBFFEFFEA30
S31580E09CB0010070E31C00001A38FFFFEA0000E0E3D1
S31580E09CC01EFF2FE1080057E1F0009F35F5FFFF3AD0
S31580E09CD0000055E30900001A000096E50510A0E1B2
S31580E09CE0102090E550C090E58220A0E10A30A0E106
S31580E09CF03CFF2FE1010070E3C4009F050700000AE6
S31580E09D00000096E50510A0E1583090E50720A0E137
S31580E09D1033FF2FE1000050E3C0FEFF0AA4009FE579
S31580E09D200510A0E10720A0E105FFFFEA38D08DE22B
S31580E09D30F08DBDE8C98AE280C013E380CB8CE280F7
S31580E09D40C977E280CE77E280F98CE280580BE380B7
S31580E09D50008DE280C68CE280C48DE280BE8CE2809B
S31580E09D60CB76E280CE76E280DE8DE280D477E280CA
S31580E09D70FB8DE280278EE280BF91E280478EE28093
S31580E09D8000FEDF805F8EE280708EE280838EE280EE
S31580E09D90928EE280AA8EE280BE8EE280D28EE280D1
S31580E09DA0EC8EE280FF8EE2800E8FE280258FE2806D
S31580E09DB0388FE280598FE280648FE2807D8FE28007
S31580E09DC01F8DE2804B8DE280898DE280F04D2DE91A
S31580E09DD090D04DE20010A0E31020A0E320008DE2B9
S31580E09DE030A08DE2F15500EB40B08DE20010A0E3AB
S31580E09DF01020A0E30A00A0E1EC5500EB0010A0E300
S31580E09E001020A0E30B00A0E1E85500EB0000A0E302
S31580E09E100010A0E10C239FE50330A0E3483300EB7C
S31580E09E20005050E20400001A0510A0E10520A0E1F0
S31580E09E30F4029FE5670300EBA90000EA50608DE23B
S31580E09E400010A0E31320A0E30600A0E1D75500EBC5
S31580E09E5090708DE26030E0E3803067E50130A0E32A
S31580E09E6000308DE50500A0E10810A0E30720A0E121
S31580E09E700030A0E34F3500EB004050E20300000ADB
S31580E09E801010DDE5A4029FE5520300EB190000EA1D
S31580E09E900230A0E300308DE50420A0E10500A0E1DA
S31580E09EA09810A0E30630A0E1423500EB004050E296
S31580E09EB00200000A78029FE5460300EB0D0000EA07
S31580E09EC05030DDE56C029FE55210DDE55120DDE5A1
S31580E09ED0400300EB5230DDE5180053E30700001A3B
S31580E09EE05130DDE5200053E30400001A5040DDE503
S31580E09EF0C24054E20040E013000054E30100000A4F
S31580E09F0034029FE51F0000EA30129FE50520A0E3BA
S31580E09F100600A0E1BC5500EB0130A0E300308DE502
S31580E09F200500A0E12810A0E30620A0E10430A0E12E
S31580E09F30203500EB008050E20300000A0610A0E125
S31580E09F40E8019FE5230300EB0A0000EA0230A0E384
S31580E09F5000308DE50500A0E18010A0E30420A0E1BB
S31580E09F600B30A0E1133500EB008050E20700000AD9
S31580E09F70CC019FE5170300EB000058E30840A0E121
S31580E09F800200000ABC019FE5120300EB5B0000EAD9
S31580E09F904E30E0E30F30CDE50380A0E33E30E0E3F2
S31580E09FA01030CDE50810A0E30030A0E300808DE519
S31580E09FB00500A0E10F208DE2FE3400EB003050E298
S31580E09FC068019F150F10DD152000001A0120A0E31F
S31580E09FD000208DE52010A0E30620A0E10500A0E1A9
S31580E09FE05080CDE55140CDE55240CDE55340CDE5BD
S31580E09FF0F03400EB002050E230019F150810A011EC
S31580E0A0001200001A0A30A0E100808DE50500A0E18B
S31580E0A0108010A0E3E73400EB003050E20200000A53
S31580E0A0200C019FE5EB0200EB090000EA00808DE57C
S31580E0A0300500A0E10810A0E30720A0E1DD3400EBF5
S31580E0A040000050E30200000AE0009FE51010DDE525
S31580E0A050E00200EBF0109FE50F20A0E30700A0E10F
S31580E0A060695500EB0600A0E10010A0E34020A0E3E4
S31580E0A0704E5500EB0030A0E30320DBE70320C6E784
S31580E0A080013083E2100053E3FAFFFF1A0030A0E3C9
S31580E0A090032086E00310D7E7013083E20F0053E325
S31580E0A0A01010C2E5F9FFFF1A0600A0E11E10A0E33A
S31580E0A0B020208DE2355400EB0030A0E320208DE2B5
S31580E0A0C00310D2E70320DAE7020051E10B00001A21
S31580E0A0D0013083E2100053E3F7FFFF1A0040A0E36C
S31580E0A0E0070000EA64009FE5BA0200EB60009FE5A6
S31580E0A0F0B80200EB2C009FE5A35500EBF8FFFFEAE2
S31580E0A1000040E0E30500A0E1F73200EB000054E315
S31580E0A110F3FFFF1A3C009FE5AE0200EB0400A0E1EE
S31580E0A12090D08DE2F08DBDE840420F006D8CE280EC
S31580E0A130C491E280DD91E280F791E2801092E28044
S31580E0A1408442E2802792E2802B92E280C992E2808A
S31580E0A1504292E2806292E2807392E28010402DE940
S31580E0A16020409FE520109FE520009FE5990200EBC7
S31580E0A1700400A0E18B0200EB0400A0E1890200EB81
S31580E0A1800000A0E31080BDE811CFE2801DE0E28010
S31580E0A190E392E280F8452DE9008050E20100001A62
S31580E0A1A00000A0E3F885BDE80140A0E12E10A0E321
S31580E0A1B00270A0E18F5400EB000050E3005068107D
S31580E0A1C00200001A0800A0E1955400EB0050A0E1DF
S31580E0A1D01C30A0E3934727E004A0A0E10060A0E361
S31580E0A1E0070054E10D00000A0800A0E1001094E5A4
S31580E0A1F00520A0E16F5400EB000050E30500001A53
S31580E0A200000094E5865400EB000055E10700000A63
S31580E0A210016086E204A0A0E11C4084E2EFFFFFEA51
S31580E0A220010056E3DDFFFF1A0A00A0E1F885BDE8EC
S31580E0A2300400A0E1F885BDE814109FE514309FE5A1
S31580E0A24014209FE5033061E04331A0E1930202E010
S31580E0A250CFFFFFEAE403E3802808E380B76DDBB64F
S31580E0A26010402DE90040A0E1001094E5102094E52F
S31580E0A2703C009FE5570200EB38009FE5001094E52F
S31580E0A280540200EB140094E5000050E30300001A4A
S31580E0A29024009FE5430200EB0100A0E31080BDE8C7
S31580E0A2A0400200EB0A00A0E3320200EB0000A0E3EC
S31580E0A2B01080BDE81393E2801D93E2802893E280CC
S31580E0A2C0F04D2DE91CB08DE210D04DE204A09BE567
S31580E0A2D00070A0E101005AE30150A0E108809B15DF
S31580E0A2E00040A0130160A0134700001A0131A0E1ED
S31580E0A2F00A3083E20730C3E30D60A0E103D04DE08E
S31580E0A3000D80A0E10030A0E31C10A0E3050053E13E
S31580E0A310917322E0032188B7013083B2FAFFFFBA56
S31580E0A32001A045E200005AE3010000CA0040A0E334
S31580E0A330250000EA0070A0E30840A0E10730A0E134
S31580E0A340002094E504C0B4E5013083E2000092E5A4
S31580E0A35000109CE528300BE524200BE520C00BE5BA
S31580E0A360095400EB28301BE5000050E320C01BC5F4
S31580E0A37024201BC504C004C5002084C5017087C2A3
S31580E0A3800A0053E1EDFFFF1A000057E3E6FFFF0AFC
S31580E0A39001A04AE2E2FFFFEA04A198E710709AE59D
S31580E0A3A02E0200EB000050E30B00001A000057E39A
S31580E0A3B00400000A7C009FE50810A0E300209AE5EF
S31580E0A3C00730A0E1030200EB014084E2050054E19E
S31580E0A3D0F0FFFFBA0000A0E3000000EA0100A0E37E
S31580E0A3E006D0A0E1110000EA0400B8E50710A0E17C
S31580E0A3F00520A0E166FFFFEB000050E30500000AC0
S31580E0A40096FFFFEB004084E1016086E20A0056E1B8
S31580E0A410F4FFFFBA040000EA1C009FE5001098E50F
S31580E0A420EC0100EB0140A0E3F6FFFFEA0400A0E1C7
S31580E0A4301CD04BE2F08DBDE84993E2805393E280F5
S31580E0A44002C0A0E1DF001CE309C04C121CCF6F11F3
S31580E0A45001C0A003ACC2A01104E02DE5010050E3E9
S31580E0A46000E0A01301E00C0200005EE304209DE51D
S31580E0A4703C109F1504108D1538009F150800001AB2
S31580E0A48001C02CE2020050E30000A01301000C02A0
S31580E0A490000050E304F09D0414009FE504008DE580
S31580E0A4A0040091E50310A0E104E09DE4023CA0E312
S31580E0A4B0BE0700EAC415E380B0DDE280F04D2DE909
S31580E0A4C0F8D04DE210308DE5003092E514308DE520
S31580E0A4D010309DE50160A0E1003093E520149FE512
S31580E0A4E01C008DE50C208DE518308DE5A65300EB3C
S31580E0A4F0004050E20100000A0000A0E3FE0000EA0E
S31580E0A5000600A0E1C65300EB0610A0E1003050E261
S31580E0A51008308DE5EC039FE5033086C0014053C5E6
S31580E0A5208A5300EBDC239FE50010A0E30150A0E115
S31580E0A5300230A0E10320A0E10100D3E4200050E353
S31580E0A54009005013FAFFFF0A000050E31000000AEA
S31580E0A55074308DE2015081E2012183E70210A0E1AF
S31580E0A5600130D2E4000053E30900000A090053E316
S31580E0A570200053130130A0130030A003F6FFFF1A2A
S31580E0A580200055E3012081E20030C1E50510A0E11D
S31580E0A590E5FFFF1A0020A0E3F8308DE2053183E085
S31580E0A5A0020055E1842003E55CB39FE524208DE538
S31580E0A5B00400001A54339FE50B0053E10C00000AB7
S31580E0A5C01C3083E2FBFFFFEADF0014E30130A003E7
S31580E0A5D00030A013010055E3013083C3000053E34C
S31580E0A5E00600000A74009DE512FFFFEB000050E3D1
S31580E0A5F00500001A0030A0E324308DE53B0000EA38
S31580E0A600090054E3F6FFFF0A0B0000EA18C090E564
S31580E0A61000005CE3F6FFFF0A24308DE200308DE532
S31580E0A6200420A0E10500A0E174108DE21430A0E3DF
S31580E0A6303CFF2FE10040A0E12A0000EA74709DE52E
S31580E0A6402E10A0E30700A0E16A5300EB000050E380
S31580E0A65000A067100200001A0700A0E1705300EB2B
S31580E0A66000A0A0E1A8829FE50040A0E31C2048E28C
S31580E0A67002005BE11700000A1C0018E5685300EB56
S31580E0A6800A0050E1110000BA0700A0E11C1018E5AD
S31580E0A6900A20A0E1095400EB000050E30B00001A09
S31580E0A6A0110054E3012084E2F8308DE20441A0E118
S31580E0A6B0044083E05C329FC5D43004C50240A0C12B
S31580E0A6C0040000CA1C1018E5D41004E50240A0E19D
S31580E0A6D01C8088E2E4FFFFEAF8308DE2043183E013
S31580E0A6E00020A0E3D42003E5000054E30400001A30
S31580E0A6F0010055E37FFFFFCA0700A0E31D0100EBE1
S31580E0A7007C0000EA010054E30A00001AF8308DE28A
S31580E0A710055183E0880015E5415300EB24B09DE5C3
S31580E0A720F4719FE500B08BE00B00A0E13C5300EBB9
S31580E0A7300030A0E1230000EA4C0000DA24B09DE579
S31580E0A74000005BE34900000A0B00A0E1345300EB14
S31580E0A75024208DE20070A0E10440B2E5000054E3DD
S31580E0A7600C00000A014044E20B30A0E103006BE0FC
S31580E0A770070050E10310A0E1040000AA01C0F4E55F
S31580E0A7800000D1E5013083E200005CE1F6FFFF0ADC
S31580E0A79001706BE0EFFFFFEA000057E33300000A49
S31580E0A7A0F8308DE2055183E0880015E51C5300EB17
S31580E0A7B0073060E0000053E32C0000DA24B09DE52A
S31580E0A7C00470A0E100B08BE000005BE32700000AA4
S31580E0A7D014109DE5042083E0025081E03C119FE562
S31580E0A7E0010055E1C3FFFFCA08109DE5010086E040
S31580E0A7F001C040E20B10A0E101E06BE003005EE106
S31580E0A80001E0D1B401E0ECB5FAFFFFBA000053E312
S31580E0A810030080A0000057E30030A0130400000A84
S31580E0A820040053E10030D7B50130C0B40130A0B3A5
S31580E0A830FAFFFFBA0030A0E30030C0E518309DE5AE
S31580E0A840000062E0024083E0D60000EB000057E3C0
S31580E0A8500100001A0700A0E3C60000EB0C309DE57E
S31580E0A860005083E510309DE5004083E5210000EA55
S31580E0A870AC009FE5EA5200EB4E40A0E324508DE227
S31580E0A8800080A0E190009FE5E55200EB0070A0E13A
S31580E0A890000095E5000050E31000000AE05200EB6E
S31580E0A8A007A080E00A3084E04D0053E3050000DA3B
S31580E0A8B070009FE5BB0000EB64009FE5B90000EB0C
S31580E0A8C0084067E0010000EA4C009FE5B50000EB38
S31580E0A8D0040095E4B30000EB0A4084E0EBFFFFEA76
S31580E0A8E040009FE5BB0000EB1C009DE5AD0000EB62
S31580E0A8F00600A0E1AB0000EB0100A0E3F8D08DE21A
S31580E0A900F08DBDE8A893E280C413E3802808E38055
S31580E0A910E403E3800004E3800A5FE28028DCE280EF
S31580E0A920FD010000F2DDE28011CFE28038402DE9C2
S31580E0A9300050A0E10140A0E1B95200EB020050E3F3
S31580E0A9400B0000DA000085E0023050E52E0053E38C
S31580E0A9500700001A013050E5623043E2FF3003E23F
S31580E0A960150053E30400008A14209FE5D30092E1AA
S31580E0A9703880BDE80400A0E13880BDE80000E0E36F
S31580E0A9803880BDE80C55E280F8452DE900A0A0E1CD
S31580E0A990000092E50180A0E10240A0E10370A0E121
S31580E0A9A020609DE523FEFFEB005050E20400001A94
S31580E0A9B0001094E584009FE5860000EB0100A0E3AB
S31580E0A9C0F885BDE8043095E5030058E1020000DA39
S31580E0A9D00500A0E1F845BDE820FEFFEA000056E369
S31580E0A9E00200000A0000A0E38BD6FFEB000086E5BC
S31580E0A9F00430A0E10CC095E50500A0E10A10A0E1D5
S31580E0AA000820A0E13CFF2FE1000056E30040A0E1F2
S31580E0AA100200000A000096E57FD6FFEB000086E59F
S31580E0AA20003097E5082095E5010074E3032002E015
S31580E0AA30002087E5E5FFFF0A0400A0E1F885BDE890
S31580E0AA40B093E280000051E32200000A020050E366
S31580E0AA502000008A38402DE90040A0E1180091E509
S31580E0AA600150A0E1000050E30200000A30FF2FE130
S31580E0AA70000050E33880BDB860309FE5000054E3C5
S31580E0AA80045183E70200000A010054E30700000A4C
S31580E0AA903880BDE8582099E52C1095E5041082E5CC
S31580E0AAA0583099E5282095E5082083E53880BDE88B
S31580E0AAB0582099E5201095E50C1082E5582099E517
S31580E0AAC0241095E5101082E5583099E510209FE531
S31580E0AAD0142083E53880BDE80000E0E31EFF2FE127
S31580E0AAE0E444E380D8ABE080020050E3030000CA90
S31580E0AAF010309FE5003193E72C3093E513FF2FE18B
S31580E0AB000000E0E31EFF2FE1E444E380020050E32F
S31580E0AB10030000CA10309FE5003193E7283093E5C3
S31580E0AB2013FF2FE10000E0E31EFF2FE1E444E38022
S31580E0AB30200099E5000050E31EFF2F01043099E5DF
S31580E0AB40020013E30100000A0000A0E3E5FFFFEA4C
S31580E0AB509A2F00EA200099E5000050E31EFF2F01BE
S31580E0AB60043099E5020013E30100000A0000A0E347
S31580E0AB70E5FFFFEA962F00EA202099E5000052E300
S31580E0AB801EFF2F01043099E5020013E30300000A5B
S31580E0AB900C309FE5043093E5203093E513FF2FE1F9
S31580E0ABA0902F00EAE444E380202099E5000052E318
S31580E0ABB01EFF2F01043099E5020013E30300000A2B
S31580E0ABC00C309FE5043093E5243093E513FF2FE1C5
S31580E0ABD08B2F00EAE444E3800F002DE910402DE955
S31580E0ABE0204099E522DE4DE2000054E30700000AAA
S31580E0ABF08B2F8DE208008DE228129DE504208DE5FD
S31580E0AC004E5600EB0040A0E108008DE2E5FFFFEB49
S31580E0AC100400A0E122DE8DE21040BDE810D08DE296
S31580E0AC201EFF2FE110402DE9204099E586DF4DE2B9
S31580E0AC30000054E30600000A0120A0E10010A0E134
S31580E0AC400D00A0E13D5600EB0040A0E10D00A0E143
S31580E0AC50D4FFFFEB0400A0E186DF8DE21080BDE843
S31580E0AC6048309FE510402DE9004093E5000054E32D
S31580E0AC700100000A0040A0E30A0000EA203099E5DE
S31580E0AC80000053E3FAFFFF0AB1FFFFEB000050E359
S31580E0AC90F7FFFF0AA5FFFFEB030050E310309F05A7
S31580E0ACA00140A003004083050400A0E11080BDE8D8
S31580E0ACB0C817E380C417E3800C309FE5002093E556
S31580E0ACC0000083E50200A0E11EFF2FE1C817E380C4
S31580E0ACD004309FE5000093E51EFF2FE1C417E38073
S31580E0ACE008309FE50020A0E3002083E51EFF2FE1EA
S31580E0ACF0C417E38010402DE90040A0E10100A0E107
S31580E0AD00521400EB000050E31080BD08002090E56F
S31580E0AD10020014E10000A0031080BDE8003050E29C
S31580E0AD2010402DE90400000A0B0000BA020053E34C
S31580E0AD300200A0D3010000DA070000EA0100A0E3E8
S31580E0AD400340A0E1EAFFFFEB001050E20200000AB8
S31580E0AD500400A0E11040BDE839FFFFEA0000E0E32F
S31580E0AD601080BDE8F8402DE90160A0E1A0109FE5E4
S31580E0AD700240A0E10050A0E10370A0E1825100EB27
S31580E0AD80000050E30020A0010B00000A0500A0E1CE
S31580E0AD9080109FE57C5100EB000050E30120A0038A
S31580E0ADA00500000A0500A0E16C109FE5765100EBF6
S31580E0ADB0000050E30800001A0220A0E3040099E5B1
S31580E0ADC0020010E30400000A010054E30900000ACF
S31580E0ADD00300003A020054E30100000A0000A0E309
S31580E0ADE0F880BDE80200A0E10610A0E1CAFFFFEB13
S31580E0ADF0A00FA0E1F880BDE8020017E30200001A88
S31580E0AE0018009FE50510A0E172FFFFEB0400A0E1CA
S31580E0AE10F880BDE8D393E280D993E280E093E28044
S31580E0AE202A97E2800120A0E3202089E50000A0E3C4
S31580E0AE301EFF2FE110402DE984409FE584009FE5C9
S31580E0AE4058FFFFEB001094E5000051E30200001A82
S31580E0AE5074009FE553FFFFEB020000EA6C009FE57C
S31580E0AE60081081E25BFFFFEB64009FE54DFFFFEB9F
S31580E0AE70041094E5000051E30200001A54009FE5B7
S31580E0AE8048FFFFEB020000EA40009FE5081081E200
S31580E0AE9050FFFFEB40009FE542FFFFEB081094E593
S31580E0AEA0000051E30200001A30009FE51040BDE843
S31580E0AEB03CFFFFEA14009FE5081081E21040BDE800
S31580E0AEC044FFFFEAE444E380E793E280EF93E280A5
S31580E0AED0E492E2800C94E2801494E2803294E28000
S31580E0AEE03A94E28070402DE9D51300EB0040A0E370
S31580E0AEF00450A0E1002090E5000052E11100000A34
S31580E0AF00343012E5341042E2000055E300C0A0136D
S31580E0AF1001C0030200005CE3A330A0E10150A01170
S31580E0AF20000054E30030A01301300302000053E335
S31580E0AF300140A011000054E3000055130300001AFD
S31580E0AF40002092E5EBFFFFEA000054E30500000AEB
S31580E0AF500410A0E10100A0E3B9FEFFEB0200A0E34C
S31580E0AF600410A0E1B6FEFFEB000055E30200000A04
S31580E0AF700000A0E30510A0E1B1FEFFEBACFFFFEB24
S31580E0AF8034509FE534609FE50040A0E3041196E7E6
S31580E0AF90040195E7081081E2014084E2A6F4FFEB24
S31580E0AFA0030054E3F8FFFF1A043099E50000A0E3BC
S31580E0AFB0023083E3043089E57080BDE8A8F7E2805B
S31580E0AFC0E444E3805C309FE570402DE9004093E502
S31580E0AFD0000050E3046080E00350A0E1040000AA92
S31580E0AFE00020A0E10010A0E30600A0E1002062E2DC
S31580E0AFF06E5100EB30309FE5003093E5030056E17B
S31580E0B0000600003A24309FE5003093E5030056E1E0
S31580E0B0100200008A006085E50400A0E17080BDE85A
S31580E0B0200000E0E37080BDE8D017E3800818E38095
S31580E0B0300018E3800120A0E128109FE502C080E0AF
S31580E0B040000081E520109FE5043099E500C081E5A8
S31580E0B05018109FE5010013E3000081E51EFF2F0134
S31580E0B0600010A0E3515100EA0818E3800018E3805D
S31580E0B070D017E38070402DE9B4609FE5083096E50F
S31580E0B080045093E50350C5E3050060E0FE4E80E2A0
S31580E0B0900F4084E2FF4EC4E30F40C4E3014A44E23A
S31580E0B0A0010A54E3160000BA0000A0E3C4FFFFEBF8
S31580E0B0B0083096E5053083E0030050E11000001A81
S31580E0B0C0000064E2BEFFFFEB010070E30E00001AB1
S31580E0B0D00000A0E3BAFFFFEB082096E5003062E0CF
S31580E0B0E00F0053E3060000DA48109FE5013083E362
S31580E0B0F0001091E5043082E5000061E038109FE5BC
S31580E0B100000081E50000A0E37080BDE8083096E5A8
S31580E0B11024209FE5055064E0015085E3045083E5F3
S31580E0B120003092E50100A0E3034064E0004082E560
S31580E0B1307080BDE880F3E28088F7E280D817E3800C
S31580E0B140000050E31EFF2F0130402DE9041010E58A
S31580E0B1500CC29FE50120C1E3083040E2024083E073
S31580E0B16008509CE504E094E5050054E103E0CEE375
S31580E0B170011001E21400001A000051E302208EE083
S31580E0B1800600001A081010E5033061E0080093E538
S31580E0B190012082E00C1093E50C1080E5080081E543
S31580E0B1A0011082E3041083E508308CE5B4319FE535
S31580E0B1B0003093E5030052E13080BD38A8319FE549
S31580E0B1C03040BDE8000093E5A9FFFFEA000051E3C7
S31580E0B1D004E084E50010A0130900001A080010E5D9
S31580E0B1E008508CE2033060E0002082E0080093E5BE
S31580E0B1F0050050E10C5093150110A0030C5080150A
S31580E0B200080085150E0084E0040090E5010010E357
S31580E0B2101000001A000051E30E2082E0080094E559
S31580E0B2200900001A38E19FE508508EE2050050E1FA
S31580E0B2300500001A14308EE510308EE50110A0E38B
S31580E0B2400C0083E5080083E5020000EA0CE094E563
S31580E0B2500CE080E508008EE5010082E3000051E322
S31580E0B260040083E5022083E73080BD18020C52E3B8
S31580E0B2700C00002A04009CE5A221A0E14211A0E195
S31580E0B28001E0A0E31E1180E104108CE582C18CE030
S31580E0B29008209CE5082083E50CC083E508308CE532
S31580E0B2A00C3082E53080BDE8A214A0E1040051E3D1
S31580E0B2B02213A091381081920F00009A140051E376
S31580E0B2C05B1081920C00009A540051E32216A09103
S31580E0B2D06E1081920800009A550F51E3A217A09153
S31580E0B2E0771081920400009A80009FE5000051E18A
S31580E0B2F02219A0917C1081927E10A08381C18CE07E
S31580E0B30008009CE558E09FE50C0050E10010A01194
S31580E0B3100900001A04209EE54111A0E101C0A0E3E6
S31580E0B3201C1182E104108EE50010A0E1070000EA1E
S31580E0B330081091E50C0051E10300000A040091E554
S31580E0B3400300C0E3000052E1F8FFFF3A0C0091E50C
S31580E0B3500C0083E5081083E5083080E50C3081E554
S31580E0B3603080BDE880F3E2808CF7E2800418E380E9
S31580E0B37054050000E0359FE5F34D2DE9003093E577
S31580E0B380000053E30500001AD0359FE5003093E5D1
S31580E0B390000053E30100001A0000A0E36C0100EA1C
S31580E0B3A0000050E3FBFFFFBA0B6080E2160056E335
S31580E0B3B0AC559FE5030000DA0760C6E37E0F56E3EF
S31580E0B3C01300002A000000EA1060A0E3A631A0E1A5
S31580E0B3D0832185E00C0092E5020050E10400001A2A
S31580E0B3E0082080E2140090E5020050E102308302FA
S31580E0B3F03600000A043090E50C2090E5081090E5D0
S31580E0B4000330C3E30C2081E5033080E0081082E559
S31580E0B410200000EAA634B0E13F30A0031300000A22
S31580E0B420040053E32633A091383083920F00009ACC
S31580E0B430140053E35B3083920C00009A540053E38C
S31580E0B4402636A0916E3083920800009A550F53E31A
S31580E0B450A637A091773083920400009A04259FE571
S31580E0B460020053E12639A0917C3083927E30A0831E
S31580E0B470831185E00C0091E50B0000EA00005CE3B7
S31580E0B480080000BA0C3090E5081090E50C3081E5B4
S31580E0B490081083E5023080E0042093E5012082E312
S31580E0B4A0042083E5290100EA0C0090E5010050E1E3
S31580E0B4B00500000A042090E50320C2E302C066E0AE
S31580E0B4C00F005CE3ECFFFFDA013043E2013083E218
S31580E0B4D08C249FE5100095E508E082E20E0050E1BD
S31580E0B4E00E10A0E15300000A04C090E503C0CCE34F
S31580E0B4F00C4066E00F0054E30A0000DA063080E094
S31580E0B500016086E3046080E5143082E5103082E5F0
S31580E0B510012084E30CE083E508E083E5042083E50D
S31580E0B520044083E7090100EA000054E314E082E581
S31580E0B53010E082E50CC080A004309CA5013083A396
S31580E0B54004308CA5010100AA020C5CE30C00002A01
S31580E0B550044092E5ACC1A0E14CE1A0E10170A0E33A
S31580E0B56017EE84E104E082E58C2182E008C092E572
S31580E0B57008C080E50C2080E5080082E50C008CE5BB
S31580E0B5802C0000EAAC24A0E1040052E32C23A09135
S31580E0B590382082920F00009A140052E35B20829258
S31580E0B5A00C00009A540052E32C26A0916E208292E1
S31580E0B5B00800009A550F52E3AC27A091772082923B
S31580E0B5C00400009A9CE39FE50E0052E12C29A091AD
S31580E0B5D07C2082927E20A083824185E008E094E50B
S31580E0B5E07C739FE504005EE10900001A04C097E5DC
S31580E0B5F04221A0E10140A0E314228CE1042087E50A
S31580E0B6000E20A0E1070000EA08E09EE504005EE186
S31580E0B6100300000A04209EE50320C2E302005CE109
S31580E0B620F8FFFF3A0C209EE50C2080E508E080E5F7
S31580E0B630080082E50C008EE50100A0E34321A0E14D
S31580E0B6401022A0E1040095E5000052E14A00008A5C
S31580E0B650000012E10400001A0330C3E38220A0E177
S31580E0B660000012E1043083E2FBFFFF0A83E185E01C
S31580E0B6700E80A0E10340A0E10C0098E5080050E1CF
S31580E0B6802000000A04C090E503C0CCE30C7066E0BD
S31580E0B6900F0057E30E0000DA063080E0016086E3B3
S31580E0B6A00C2090E5046080E508C0B0E50C208CE5D0
S31580E0B6B008C082E5012087E3143085E5103085E512
S31580E0B6C00C1083E5081083E5042083E5077083E7A3
S31580E0B6D09F0000EA000057E3080000BA0C3080E0E3
S31580E0B6E0042093E5012082E3042083E50C3090E595
S31580E0B6F00820B0E50C3082E5082083E5940000EA76
S31580E0B7000C0090E5DCFFFFEA014084E2030014E3ED
S31580E0B710088088E2D7FFFF1A030013E3043095051B
S31580E0B7200230C301043085050400000A08004EE2B9
S31580E0B73000E09EE5013043E200005EE1F5FFFF0AAE
S31580E0B740043095E58220A0E1030052E10000A08369
S31580E0B7500100A093000052E30000A003000050E344
S31580E0B7600500000A030012E1044084028220A00161
S31580E0B770FBFFFF0A0430A0E1BBFFFFEA08B095E5D6
S31580E0B78004709BE50370C7E3073066E00F0053E380
S31580E0B790670000CAD0319FE5004093E5CC319FE554
S31580E0B7A0044086E0002093E504308DE5010072E3F5
S31580E0B7B0014A84120F408412FF4EC4131040840263
S31580E0B7C00F40C4130400A0E1FDFDFFEB010070E330
S31580E0B7D00080A0E15000000A05205BE007008BE0D6
S31580E0B7E00120A01305005BE10000581104309DE5BF
S31580E0B7F04900003A78A19FE5000058E100109AE5FB
S31580E0B800011084E000108AE50500001A50319FE5BA
S31580E0B810074084E0083093E5014084E3044083E513
S31580E0B820340000EA003093E504208DE5010073E3FF
S31580E0B8300800601034319F05000081100080830588
S31580E0B84000008A15073018E20830631203808810FA
S31580E0B850044088E0030064E0FF4E84E20F3084E237
S31580E0B860FF3EC3E30F30C3E3034080E00400A0E182
S31580E0B870D3FDFFEB010070E32700000A00309AE574
S31580E0B88004209DE5033084E000308AE5003068E0FE
S31580E0B890033084E0013083E3000052E3088085E5ED
S31580E0B8A0043088E51300000A0F0057E3B0309F9517
S31580E0B8B00120A09308309395042083951600009A82
S31580E0B8C004309BE50C7047E20770C7E3013003E282
S31580E0B8D0033087E104308BE50520A0E307308BE079
S31580E0B8E00F0057E3042083E5082083E50100009AF2
S31580E0B8F008008BE211FEFFEB78209FE500309AE5A9
S31580E0B900001092E5010053E10030828568209FE5D2
S31580E0B910001092E5010053E100308285083095E51C
S31580E0B920043093E50330C3E3033066E00F0053E36E
S31580E0B93098FEFFDA080095E5012086E3013083E38F
S31580E0B940066080E0042080E5086085E5043086E5D1
S31580E0B950080080E208D08DE2F08DBDE80818E3802B
S31580E0B9600018E38080F3E280540500000418E38049
S31580E0B97088F7E280D817E380D417E380CC17E3809A
S31580E0B980F8402DE9C4309FE50050A0E1087093E5CA
S31580E0B990910500E0042097E50360C2E374FEFFEBC7
S31580E0B9A0A51FA0E1000050E301108103000051E3F0
S31580E0B9B02400001A043010E5082040E20330C3E397
S31580E0B9C0060053E1077062E0177F6FE1A772A0E19E
S31580E0B9D00070A093000057E30360A001042046E2D4
S31580E0B9E0240052E30040A0E11300008A130052E3F2
S31580E0B9F00030A0910B00009A1B0052E3001080E516
S31580E0BA00041080E5083080920600009A240052E314
S31580E0BA101030801218308002081080E50C1080E526
S31580E0BA2010108005141080050020A0E3002083E537
S31580E0BA30042083E5082083E5000000EADB4E00EB86
S31580E0BA400400A0E1F880BDE80000A0E3F880BDE84E
S31580E0BA5080F3E280F0412DE90070A0E1000051E240
S31580E0BA60010000AA0000A0E3F081BDE8080057E3EA
S31580E0BA700100008AF041BDE83DFEFFEA0B5080E21E
S31580E0BA800F0057E31070A093160055E30750C5C327
S31580E0BA901050A0D3100087E2050080E034FEFFEB73
S31580E0BAA0008050E2EEFFFF0A0710A0E1786000EB2D
S31580E0BAB0084048E2000051E31800000A016047E2CE
S31580E0BAC0003067E2066088E0036006E0086046E2F0
S31580E0BAD0063064E00F0053E3043018E50760869093
S31580E0BAE0064064E00330C3E3033064E0012083E38F
S31580E0BAF0033086E0042086E5042093E50800A0E193
S31580E0BB00012082E3042083E5043018E5013003E276
S31580E0BB10034084E1044008E588FDFFEB0640A0E1B0
S31580E0BB20043094E50330C3E3033065E00F0053E36C
S31580E0BB30080000DA050084E0013083E3043080E524
S31580E0BB40041094E5080080E2011001E2015085E1ED
S31580E0BB50045084E579FDFFEB080084E2F081BDE8DE
S31580E0BB60F8452DE9006050E21E00000A01A0A0E140
S31580E0BB700080A0E30600A0E12C10A0E31D4E00EBC0
S31580E0BB80004050E20C00001A0600A0E1244E00EBD3
S31580E0BB90000050E31500000A010080E2F4FDFFEBAF
S31580E0BBA0005050E20100001A0B00E0E3F885BDE8A2
S31580E0BBB00610A0E1E54D00EB140000EA067054E0C3
S31580E0BBC00A00000A010087E2E9FDFFEB005050E23F
S31580E0BBD0F4FFFF0A0610A0E10720A0E1E14D00EBAB
S31580E0BBE00780C5E7090000EA0100A0E3F885BDE823
S31580E0BBF00050A0E30500A0E150FDFFEB000054E318
S31580E0BC00016084E2DAFFFF1A0400A0E1F885BDE86E
S31580E0BC100500A0E13A10A0E3F64D00EB006050E2AB
S31580E0BC200300000A0080C6E5010086E21C4900EBBD
S31580E0BC300060A0E10500A0E1194900EB0070A0E1F9
S31580E0BC40F74D00EB000050E3E9FFFF0A0610A0E1A4
S31580E0BC500700A0E13AFF2FE1006050E2E4FFFF0A2F
S31580E0BC600500A0E135FDFFEB0600A0E1F885BDE823
S31580E0BC70000052E33B00000A000050E33B00000A6C
S31580E0BC80F8452DE90030D1E50270A0E1000053E3EC
S31580E0BC900150A0E10060A0E10700000A0040A0E3B7
S31580E0BCA00510A0E1914E00EB003050E20300000A5F
S31580E0BCB0010083E20340A0E1F8FFFFEA0640A0E14D
S31580E0BCC0000054E32500000A0500A0E1D44D00EB16
S31580E0BCD00430A0E1012073E5200052E3FCFFFF0A77
S31580E0BCE0010040E2000084E00130F0E5200053E30B
S31580E0BCF0FCFFFF0A060054E10100000A2C0052E333
S31580E0BD000400001A3A0053E32C0053131900000A8A
S31580E0BD10000053E31700000A0030D5E5000053E346
S31580E0BD20E5FFFF0A0600A0E100A0A0E30510A0E180
S31580E0BD306E4E00EB008050E20600000A0500A0E1AE
S31580E0BD40B74D00EB000088E0000054E10100882256
S31580E0BD5008A0A021F4FFFF2A0A40A0E1D7FFFFEA6E
S31580E0BD600200A0E3F885BDE80000E0E31EFF2FE1D6
S31580E0BD700100A0E31EFF2FE10500A0E1A84D00EB46
S31580E0BD80000084E00120D0E4200052E3FCFFFF0ABB
S31580E0BD903A0052E30040A0131200001A0030A0E1FE
S31580E0BDA00350A0E10020D5E5013083E2200052E394
S31580E0BDB0FAFFFF0A0500A0E138109FE5CA4D00EBC7
S31580E0BDC0000050E3004065100200001A0500A0E183
S31580E0BDD0934D00EB0040A0E10700A0E10510A0E153
S31580E0BDE00420A0E1084E00EB0030A0E30430C7E772
S31580E0BDF00300A0E1F885BDE8415DE2800030A0E384
S31580E0BE00083080E50300A0E11EFF2FE1F8452DE92B
S31580E0BE1054609FE554409FE5000050E3044066E0AF
S31580E0BE20C441A0E10070A0110050A01306A0A011AB
S31580E0BE300700001A0080A0E3090000EA0700A0E1FD
S31580E0BE4085119AE7504D00EB000050E30400000AAC
S31580E0BE50015085E2040055E1858186E0F6FFFFBA70
S31580E0BE60F3FFFFEA0800A0E1F885BDE82808E38053
S31580E0BE705808E38038402DE92C409FE50150A0E149
S31580E0BE8028009FE528109FE5654800EB0410A0E1B7
S31580E0BE9020009FE531FFFFEB0500A0E10410A0E163
S31580E0BEA02EFFFFEB0000A0E33880BDE8BCBEE0805B
S31580E0BEB090F7E280FCBDE0805F94E28010402DE95F
S31580E0BEC028D04DE20030A0E314208DE21C308DE5D1
S31580E0BED000308DE504208DE50C308DE568209FE50A
S31580E0BEE028308DE218008DE508208DE50140A0E13F
S31580E0BEF00F0013E9464500EB14309DE5000053E35F
S31580E0BF000E00000A000054E30100001A0020A0E3BE
S31580E0BF10080000EA0400A0E1414D00EB000050E398
S31580E0BF20F9FFFF0A0400A0E1B7FFFFEB000050E352
S31580E0BF300200000A042090E514309DE5082083E5A0
S31580E0BF400000A0E328D08DE21080BDE890F7E28083
S31580E0BF5070402DE9005090E501DC4DE20040A0E123
S31580E0BF6080009FE5C7F1FFEB0010A0E3FC20A0E393
S31580E0BF7000108DE50060A0E104008DE28B4D00EBC2
S31580E0BF80000056E30600001A5C009FE50510A0E17C
S31580E0BF900D20A0E135FFFFEB000050E30F00001A13
S31580E0BFA0050000EA0600A0E10510A0E10D20A0E171
S31580E0BFB02EFFFFEB000050E3F2FFFF1A0D00A0E139
S31580E0BFC0174D00EB000050E30400000A0D00A0E1ED
S31580E0BFD08DFFFFEB000050E30430901508308415A8
S31580E0BFE001DC8DE27080BDE8E494E2805F94E280DB
S31580E0BFF0243099E50300D0E71EFF2FE1282099E55C
S31580E0C0000930A0E1000052E32430991504309F0501
S31580E0C010000083E01EFF2FE15E58E28008402DE9B4
S31580E0C020F5FFFFEB0000D0E50880BDE8041099E558
S31580E0C030010011E30000000AF7FFFFEA283099E5E6
S31580E0C040000053E30000000AE8FFFFEA04309FE5C2
S31580E0C0500000D3E71EFF2FE15E58E28008402DE91D
S31580E0C06088F1FFEB000050E30900000A0000D0E50C
S31580E0C070DF3000E2540053E3590053130130A0034C
S31580E0C0800030A013310050E30300A01101008303C8
S31580E0C0900880BDE80000E0E30880BDE838402DE98F
S31580E0C0A0285099E5044099E5042099E58020C2E38B
S31580E0C0B0042089E50020A0E3282089E571F1FFEBE3
S31580E0C0C0285089E5044089E53880BDE81F402DE9A0
S31580E0C0D0004050E20500000A0030D4E5210053E339
S31580E0C0E00400000AAFFAFFEB0430A0E3020000EAA6
S31580E0C0F060009FE5ABFAFFEB0030A0E300308DE512
S31580E0C1000030A0E304308DE508308DE548009FE5FA
S31580E0C11048109FE548209FE5EE4600EB000050E39F
S31580E0C1200700001A3C309FE500308DE538309FE50A
S31580E0C13038009FE5001093E534209FE58A30A0E340
S31580E0C140A4FAFFEB043099E5803083E3043089E597
S31580E0C15010D08DE21080BDE8EF94E28090F7E28027
S31580E0C1605E58E280E30400006A55E280DC4FE680B8
S31580E0C170F984E2800A95E2801F402DE90530A0E34C
S31580E0C18003008DE900308DE514109FE514209FE5CE
S31580E0C1900030A0E310009FE5CE4600EB14D08DE2A0
S31580E0C1A004F09DE45E58E280E304000090F7E280CC
S31580E0C1B0000051E3F0402DE90040A0E11CD04DE2C3
S31580E0C1C0045080E23F00000A0410A0E10420A0E3CE
S31580E0C1D014008DE20C4D00EB0000A0E30510A0E119
S31580E0C1E058219FE5144200EB14309DE5030050E1B1
S31580E0C1F03400000A48619FE548019FE575FAFFEB48
S31580E0C200000096E50E19A0E350C090E5012AA0E370
S31580E0C2100430A0E13CFF2FE1007050E20200000A0A
S31580E0C22024019FE56BFAFFEB200000EA0410A0E111
S31580E0C2300420A0E314008DE2F34C00EB0700A0E1BC
S31580E0C2400510A0E1F4209FE5FB4100EB14309DE56D
S31580E0C250030050E11500001AF0009FE55DFAFFEB60
S31580E0C260000096E5371AA0E3583090E5012AA0E36E
S31580E0C27033FF2FE1000050E3D4009F150800001A39
S31580E0C280000096E5371AA0E354C090E5012AA0E3C2
S31580E0C2900430A0E13CFF2FE1000050E30900000AF2
S31580E0C2A0B0009FE5371AA0E3012AA0E349FAFFEB45
S31580E0C2B0A4009FE547FAFFEBA0009FE582FFFFEB36
S31580E0C2C00040A0E31A0000EA0030A0E300308DE5EC
S31580E0C2D004308DE508308DE584009FE50510A0E10A
S31580E0C2E058209FE57B4600EB004050E204309915EC
S31580E0C2F00140A01380308313043089150C00001AA6
S31580E0C30060509FE560009FE50510A0E131FAFFEB04
S31580E0C31058309FE500508DE554009FE5001093E589
S31580E0C32050209FE5FB30A0E32AFAFFEB48009FE52B
S31580E0C33065FFFFEB0400A0E11CD08DE2F080BDE854
S31580E0C340FC0F00000C18E3801795E2802895E280C8
S31580E0C3503E95E2805795E2809095E280C995E280AD
S31580E0C360DA95E28090F7E2807A55E280E395E280A2
S31580E0C370DC4FE6800596E2800A95E2804296E2808E
S31580E0C38008402DE9283099E5000053E30400001ABF
S31580E0C3903B00E0E3F20900EB0C009FE50840BDE8D6
S31580E0C3A049FFFFEA0840BDE81A0200EADA95E28032
S31580E0C3B0FF4D2DE900C0A0E330509DE50240A0E1AD
S31580E0C3C00380A0E10CA0A0E10C70A0E102B041E204
S31580E0C3D000008DE500C082E50710A0E100009DE544
S31580E0C3E00C208DE2A0309FE5E14300EB0A60A0E1FE
S31580E0C3F0007050E21600000A0C309DE5000093E5DF
S31580E0C400074C00EB0B005AE10020A0B30120A0A36B
S31580E0C410013080E2030058E1012082B3000052E35C
S31580E0C4200B00001A0C209DE50A5184E70500A0E187
S31580E0C430001092E50320A0E104308DE5724C00EB1C
S31580E0C44004309DE501A08AE2035085E0088063E040
S31580E0C450E0FFFFEA34309FE50400A0E10A10A0E1A6
S31580E0C4600420A0E3804B00EB000057E301608A12D2
S31580E0C4701C309F150600A0E10A3184170030A0E346
S31580E0C480063184E710D08DE2F08DBDE890F7E2804A
S31580E0C49044F3E1800A5FE280000050E304E02DE5AA
S31580E0C4A00600000A00C0D1E530005CE30300001A14
S31580E0C4B001C0D1E5DFC00CE258005CE302108102E6
S31580E0C4C03CC09FE5033081E0030051E10500000AAE
S31580E0C4D000E0D1E5000050E30EE0DCE70400000A6E
S31580E0C4E044001EE30400001A000052E300108215A7
S31580E0C4F004F09DE404001EE3F9FFFFEA011081E207
S31580E0C500F0FFFFEA5E57E2800030A0E30C3080E582
S31580E0C5100300A0E11EFF2FE138402DE92C409FE586
S31580E0C5200150A0E128009FE528109FE5BC4600EB7E
S31580E0C5300410A0E120009FE588FDFFEB0500A0E167
S31580E0C5400410A0E185FDFFEB0000A0E33880BDE8A4
S31580E0C55008C6E08090F7E28008C5E0805196E280E8
S31580E0C56070402DE90050A0E1AD4B00EB000050E3B8
S31580E0C5707080BD082C609FE50010D5E50600A0E13F
S31580E0C5809C4B00EB004050E20100000A040066E0AC
S31580E0C5907080BDE80010D5E50C009FE58DF9FFEBD6
S31580E0C5A00400A0E17080BDE8595DE2806896E28093
S31580E0C5B070402DE90050A0E1994B00EB010050E37B
S31580E0C5C00C00009A34609FE50110D5E50600A0E1F5
S31580E0C5D0884B00EB004050E20100000A040066E070
S31580E0C5E07080BDE80110D5E514009FE579F9FFEB91
S31580E0C5F00400A0E17080BDE80000A0E37080BDE8A3
S31580E0C600545DE2809C96E28070402DE928D04DE230
S31580E0C6100030A0E314208DE21C308DE500308DE5FE
S31580E0C62004208DE50C308DE57C209FE528308DE279
S31580E0C63018008DE508208DE50140A0E10F0013E9A3
S31580E0C640734300EB14309DE5000053E31300000ACA
S31580E0C650000054E30300001A14309DE50020A0E3B7
S31580E0C6600C2083E50D0000EA0400A0E16C4B00EBB2
S31580E0C670000050E3F7FFFF0A0400A0E114509DE5B7
S31580E0C680B6FFFFEB076000E20400A0E1C7FFFFEB27
S31580E0C69018309FE5003193E7030086E10C0085E5DD
S31580E0C6A00000A0E328D08DE27080BDE890F7E280BC
S31580E0C6B08847E28037402DE9005090E50040A0E1D0
S31580E0C6C08C009FE5EFEFFFEB88309FE50030D3E508
S31580E0C6D00430CDE50030A0E30530CDE50630CDE58C
S31580E0C6E0030050E10600001A6C009FE50510A0E10A
S31580E0C6F004208DE25DFDFFEB000050E31200001A9E
S31580E0C700040000EA0510A0E104208DE257FDFFEB6E
S31580E0C710000050E3F3FFFF1A04008DE2404B00EB8C
S31580E0C720000050E30800000A04008DE28BFFFFEB77
S31580E0C730075000E204008DE29CFFFFEB1C309FE592
S31580E0C740003193E7033085E10C3084E50CD08DE24F
S31580E0C7503080BDE8D996E2808942E2805196E280D7
S31580E0C7608847E280FF4D2DE9008052E200308DE57A
S31580E0C770F0329FE504B0901508B0A001000051E3C7
S31580E0C7800140A0E10340A001010058E30060A0E180
S31580E0C790005090E58100000A0CA090E507A00AE22F
S31580E0C7A001304AE2050053E303F19F977B0000EAFC
S31580E0C7B0C8C7E080E8C7E0803CC8E0808CC8E080FD
S31580E0C7C0ECC8E08074C9E0800030E0E30000A0E3DC
S31580E0C7D00410A0E10C208DE22EFFFFEB0C309DE5EE
S31580E0C7E00070D3E5250000EA0C208DE20030E0E31E
S31580E0C7F00100A0E30410A0E126FFFFEB0C309DE5ED
S31580E0C8000020D3E5000052E35900001A022084E2BA
S31580E0C810020053E16100001A0030D4E5300053E3B2
S31580E0C8205E00001A0170D4E5DF7007E2580057E336
S31580E0C8300070A0130070E0034F0000EA0010D4E51A
S31580E0C840DF3001E2540053E3590053130130A01363
S31580E0C8500030A003302041E2010052E30020A093A3
S31580E0C86001200382D73001E2460053E30030A00383
S31580E0C87001300212000053E33D00001A0170D4E556
S31580E0C880007097E20070E0133B0000EA04C0A0E18C
S31580E0C8900070A0E30C10A0E10330A0E30000A0E369
S31580E0C8A00C208DE204C08DE5FAFEFFEB0C309DE5B1
S31580E0C8B004C09DE503005CE12D00000A030057E318
S31580E0C8C00020D3E50100000A2E0052E3000000EAD2
S31580E0C8D0000052E32600001A017087E2040057E365
S31580E0C8E001C083E2EAFFFF1A2C0000EA0470A0E1AF
S31580E0C8F000C0A0E30230A0E30100A0E30710A0E1BE
S31580E0C9000C208DE204C08DE5E2FEFFEB0C309DE568
S31580E0C910030057E11600000A022087E2020053E195
S31580E0C92004C09DE50600001A0020D7E5300052E3FA
S31580E0C9300300001A0120D7E5DF2002E2580052E327
S31580E0C9400B00000A05005CE30020D3E50100000A45
S31580E0C9503A0052E3000000EA000052E30400001AC5
S31580E0C96001C08CE206005CE3017083E2E0FFFF1A1F
S31580E0C9700A0000EA0070E0E3010000EA010077E3E4
S31580E0C9800600001AE0309FE50510A0E10420A0E152
S31580E0C9900A30D3E7D4009FE58EF8FFEB2E0000EA5D
S31580E0C9A000309DE5027013E20100000A0070A0E30A
S31580E0C9B0290000EA010058E30300000A1F00003A5C
S31580E0C9C0020058E30800000A230000EA0C3096E5EE
S31580E0C9D0080013E3F4FFFF0A94009FE50510A0E149
S31580E0C9E07CF8FFEB0870A0E11B0000EA0C3096E5CE
S31580E0C9F0200013E30F00001A400013E3EAFFFF0A6A
S31580E0CA000500A0E1A4FDFFEB58409FE50B10A0E1F7
S31580E0CA10000050E30040A0110420A0E154009FE50F
S31580E0CA206CF8FFEB0B00A0E10410A0E1564A00EBA6
S31580E0CA30000050E3DCFFFF0A3C009FE5030000EACC
S31580E0CA400C3096E5100013E3D7FFFF0A2C009FE534
S31580E0CA500510A0E15FF8FFEB0170A0E30700A0E11D
S31580E0CA6010D08DE2F08DBDE8B0DDE280595DE280E8
S31580E0CA70E096E2802097E2805D97E2803D97E280D3
S31580E0CA807597E280F0402DE94C419FE501DA4DE271
S31580E0CA90000094E51CD04DE2000050E30470A0E174
S31580E0CAA00900001A0010A0E130219FE50030A0E1E6
S31580E0CAB0471D00EB000050E3000084E50200001A09
S31580E0CAC01C019FE580FDFFEB1F0000EA0040A0E32C
S31580E0CAD018308DE21C608DE208519FE5046023E505
S31580E0CAE004019FE500508DE504408DE508408DE525
S31580E0CAF00410A0E10420A0E1B24300EB000050E383
S31580E0CB00070000AAE4309FE500308DE5E0309FE540
S31580E0CB10E0009FE5001093E5DC209FE5DC309FE5B3
S31580E0CB20080000EA010A50E3090000DABC309FE51C
S31580E0CB3000308DE5B8309FE5C4009FE5001093E5B1
S31580E0CB40B4209FE5BC309FE522F8FFEB0100A0E32F
S31580E0CB501E0000EA0520A0E10610A0E10400A0E1A5
S31580E0CB60B53F00EB371AA0E3012AA0E368509FE5C2
S31580E0CB7018008DE5000097E5583090E533FF2FE10A
S31580E0CB80000050E31100001A7C009FE505F8FFEBFA
S31580E0CB90000095E5371AA0E354C090E5012AA0E3AA
S31580E0CBA018308DE23CFF2FE1004050E20600001A8B
S31580E0CBB058009FE5B3EEFFEB003095E50C1093E56A
S31580E0CBC04D5A00EB48309FE5000083E50400A0E184
S31580E0CBD001DA8DE21CD08DE2F080BDE80C18E380AE
S31580E0CBE000B4C404F671E280FC0F000090F7E280A6
S31580E0CBF06255E280DC4FE6805386E2809297E2805F
S31580E0CC00320200009B97E28039020000E697E280DC
S31580E0CC10365EE280580BE3800000A0E310402DE909
S31580E0CC200010A0E101DA4DE27C209FE50030A0E132
S31580E0CC30E71C00EB74409FE5000050E3000084E5CC
S31580E0CC400200001A68009FE51FFDFFEB140000EA72
S31580E0CC5050C090E5371AA0E3012AA0E30D30A0E1A9
S31580E0CC603CFF2FE1000050E30200000A44009FE50C
S31580E0CC7015FDFFEB060000EA0D00A0E10110A0E340
S31580E0CC804AFDFFEB000050E30120A0132820891520
S31580E0CC9028008905000094E56E1E00EB0030A0E3D5
S31580E0CCA0003084E501DA8DE21080BDE800B4C4048A
S31580E0CCB00C18E380F671E2802172E28010209FE515
S31580E0CCC0242089E50120A0E3282089E50000A0E36F
S31580E0CCD01EFF2FE15E58E2801EFF2FE10600A0E3F3
S31580E0CCE01EFF2FE110402DE97000A0E30940A0E18E
S31580E0CCF09FF9FFEB2C219FE52C119FE5580084E5F9
S31580E0CD00583099E5002083E5583099E51C219FE568
S31580E0CD10042083E5583099E514219FE5082083E5D2
S31580E0CD20583099E50C219FE50C2083E5583099E54C
S31580E0CD3004219FE5102083E5583099E5FC209FE5A6
S31580E0CD40142083E5582099E5F4309FE5183082E594
S31580E0CD50582099E51C3082E5582099E5201082E537
S31580E0CD60582099E5DC109FE5241082E5582099E566
S31580E0CD70D4109FE5281082E5582099E5CC109FE5F0
S31580E0CD802C1082E5582099E5C4109FE5301082E5A5
S31580E0CD90582099E5BC109FE5341082E5582099E546
S31580E0CDA0B4109FE5381082E5582099E5AC109FE5F0
S31580E0CDB03C1082E5582099E5A4109FE5401082E575
S31580E0CDC0582099E59C109FE5441082E5582099E526
S31580E0CDD094109FE5481082E5582099E58C109FE5F0
S31580E0CDE04C1082E5582099E5503082E5582099E547
S31580E0CDF0543082E5582099E5583082E5582099E507
S31580E0CE005C3082E5582099E5603082E5582099E5E6
S31580E0CE10643082E5582099E5683082E5582099E5C6
S31580E0CE206C3082E51080BDE8DCCCE08074B3E080D5
S31580E0CE3030ABE08054ABE08078ABE080A8ABE080BC
S31580E0CE40D8ABE080D8CCE08040B1E0808CF7E18060
S31580E0CE501C04E08024ACE080941BE0808886E0803F
S31580E0CE603C82E0800C03E280C403E2803C04E28002
S31580E0CE708CF3E1800120A0E10010A0E308402DE9D9
S31580E0CE800130A0E15D3A00EB000050E30A00000AC1
S31580E0CE90002090E5223CA0E1FF0802E2023C83E12B
S31580E0CEA0203483E1FF0C02E2000483E1020050E3D8
S31580E0CEB00400A0130800A0030880BDE80400A0E3F6
S31580E0CEC00880BDE8F04D2DE90140A0E128D04DE293
S31580E0CED0BC119FE50060A0E10250A0E10380A0E1E3
S31580E0CEE0673A00EB00A050E2030000AA633E00EB45
S31580E0CEF00010A0E19C019FE5610000EA000055E397
S31580E0CF00000054130170A0030070A0130100001A02
S31580E0CF100000A0E35C0000EA0600A0E14C3900EBEB
S31580E0CF200420A0E10030A0E3F820CDE100B0A0E14C
S31580E0CF300B0057E10F0000AA0710A0E118208DE250
S31580E0CF4020308DE20600A0E10F3900EBD821CDE15B
S31580E0CF50D800CDE1010053E1000052010300001A40
S31580E0CF600600A0E10710A0E1D93C00EB010000EA51
S31580E0CF70017087E2EDFFFFEA052064E00030A0E380
S31580E0CF80F020CDE10600A0E1D820CDE1953C00EB94
S31580E0CF90007050E2050000AA383E00EB0010A0E1E8
S31580E0CFA0F0009FE50BF7FFEB0700A0E1360000EA13
S31580E0CFB00600A0E10A10A0E1DC209FE50030A0E3B6
S31580E0CFC00E3A00EB008098E20180A013000050E367
S31580E0CFD00800A01101008803000050E3CBFFFF0AA0
S31580E0CFE0043CA0E1FF2C04E2243C83E1023483E1AB
S31580E0CFF0FF4804E2244483E128708DE20480A0E3C4
S31580E0D000144027E50600A0E100808DE50A10A0E146
S31580E0D01084209FE50730A0E1C93C00EB004050E268
S31580E0D020050000AA153E00EB0010A0E16C009FE52C
S31580E0D030E8F6FFEB0400A0E1130000EA053CA0E17E
S31580E0D040FF2C05E2253C83E1023483E1FF5805E2CB
S31580E0D050255483E10A10A0E100808DE50600A0E179
S31580E0D0603C209FE50730A0E114508DE5B43C00EB11
S31580E0D07000A050E2A5FFFFAA003E00EB0010A0E171
S31580E0D08020009FE5D3F6FFEB0A00A0E128D08DE2F1
S31580E0D090F08DBDE82398E2802B98E2803B98E28091
S31580E0D0A04E98E2807D98E2808E98E280F3412DE989
S31580E0D0B00070A0E10150A0E17B3700EB004050E238
S31580E0D0C0030000AAED3D00EB0010A0E1CC009FE557
S31580E0D0D02E0000EA0700A0E1C4109FE5E83900EBE6
S31580E0D0E0006050E20B0000AA0700A0E10010A0E378
S31580E0D0F0B0209FE5253D00EB006050E2050000AAE8
S31580E0D100DE3D00EB0010A0E19C009FE5B1F6FFEB71
S31580E0D1100600A0E11F0000EA90009FE559EDFFEBD5
S31580E0D120008050E21A00000A0700A0E10610A0E1A4
S31580E0D13078209FE50030A0E3B03900EB005095E21F
S31580E0D1400150A013000050E30500A0110100850303
S31580E0D150000050E30E00000A0800A0E1B04800EBB2
S31580E0D1600610A0E144209FE50830A0E1010080E2BE
S31580E0D17000008DE50700A0E1713C00EB004050E245
S31580E0D180030000AABD3D00EB0010A0E120009FE572
S31580E0D19090F6FFEB0400A0E108D08DE2F081BDE8D7
S31580E0D1A0BB98E2802398E2802498E280CB98E28064
S31580E0D1B0D95EE280F298E280F04D2DE9010053E3FA
S31580E0D1C040D04DE21C108DE520208DE50380A0E166
S31580E0D1D0060000DA0320A0E104029FE504129FE541
S31580E0D1E00130A0E37BF6FFEB0000E0E37A0000EAA3
S31580E0D1F00040A0E12C3700EB005050E2040000AA8A
S31580E0D2009E3D00EBDC119FE50020A0E1D8019FE583
S31580E0D2101C0000EA0400A0E1D0119FE5983900EBFC
S31580E0D22000B050E20A0000AA0400A0E10010A0E3EA
S31580E0D230BC219FE5D53C00EB004050E2650000AAAA
S31580E0D2408E3D00EB0010A0E1A8019FE561F6FFEBC3
S31580E0D250600000EA0730A0E300308DE50400A0E13D
S31580E0D2600B10A0E190219FE584319FE5343C00EBF3
S31580E0D270005050E2060000AA803D00EB78119FE561
S31580E0D2800020A0E174019FE552F6FFEB0500A0E1E6
S31580E0D290510000EA68119FE50400A0E1F4FEFFEB8F
S31580E0D2A060119FE50060A0E10400A0E1F0FEFFEBE5
S31580E0D2B0013046E28331A0E114308DE5013040E271
S31580E0D2C08331A0E118308DE50030A0E3062080E0D0
S31580E0D2D000A0A0E10350A0E124208DE5080053E101
S31580E0D2E02E0000AA30308DE205C083E01C309DE53B
S31580E0D2F00C70A0E1D020C3E1F820CDE114309DE5AB
S31580E0D300062067E002208CE0000052E3090000DAA4
S31580E0D3100320A0E1D800CDE12CC08DE528308DE555
S31580E0D320A25A00EB28309DE52CC09DE5083043E20B
S31580E0D3300100C7E4F1FFFFEA30308DE2067085E058
S31580E0D340077083E020309DE518C09DE5D020C3E1DD
S31580E0D350F820CDE10730A0E10A2063E0022087E0F3
S31580E0D360000052E3090000DA0C20A0E1D800CDE10C
S31580E0D3702C308DE528C08DE58C5A00EB2C309DE570
S31580E0D38028C09DE508C04CE20100C3E4F1FFFFEA56
S31580E0D39024309DE5055083E00130A0E3CEFFFFEA2F
S31580E0D3A00400A0E100508DE50B10A0E158209FE538
S31580E0D3B030308DE2E23B00EB004050E20000A0A37B
S31580E0D3C0050000AA2D3D00EB3C109FE50020A0E182
S31580E0D3D028009FE5FFF5FFEB0400A0E140D08DE259
S31580E0D3E0F08DBDE84099E2803255E2803278E28085
S31580E0D3F09699E2808966E2809E99E280C699E2808B
S31580E0D400D299E2800898E2801798E280F199E280EA
S31580E0D41007402DE908108DE2F82061E110208DE2C9
S31580E0D4200130A0E363FFFFEB0CD08DE204F09DE4D6
S31580E0D430F0412DE9005050E218D04DE20500A00100
S31580E0D4403C00000A023800EB0040A0E30560A0E162
S31580E0D4500070A0E30080A0E1080054E10E0000AA7D
S31580E0D46008208DE210308DE20500A0E10410A0E1F5
S31580E0D470C53700EBD820CDE1070053E10600520125
S31580E0D4800300001A0500A0E10410A0E1903B00EB48
S31580E0D490010000EA014084E2EEFFFFEA0CE095E558
S31580E0D4A020C095E52E1CA0E1FF280EE20E1C81E14E
S31580E0D4B0FF3C0EE2221481E1032481E12C1CA0E1F1
S31580E0D4C0FF380CE20C1C81E1231481E1FF3C0CE285
S31580E0D4D0033481E1033082E0054AA0E1413D83E205
S31580E0D4E0244AA0E10F3083E2043083E0FF3EC3E3C9
S31580E0D4F00F30C3E3034064E0043CA0E1FF2C04E288
S31580E0D500243C83E1023483E1FF2804E2223483E190
S31580E0D510043085E50420A0E10030A0E3F020CDE1F1
S31580E0D5200500A0E10620A0E10730A0E12D3B00EB5D
S31580E0D530000050E30400A0A118D08DE2F081BDE8A0
S31580E0D5403C309FE53C209FE5081093E5020051E1E1
S31580E0D5500900000A0C2093E5020050E10600003A3B
S31580E0D560001093E5012082E0012042E2020050E1D2
S31580E0D5700300A0910000A0831EFF2FE10000A0E33E
S31580E0D5801EFF2FE1A49E0981FFFF0000F34D2DE9E8
S31580E0D590017042E200A0A0E10100A0E10250A0E11A
S31580E0D5A0017087E00160A0E1E4FFFFEB0040A0E1CD
S31580E0D5B00700A0E1E1FFFFEB000055E30100001A60
S31580E0D5C00000A0E3430000EA000054E300005013AB
S31580E0D5D00080A0E10430A0113B00000A080053E17E
S31580E0D5E03200008A001093E50C2093E5B4E0D3E1A5
S31580E0D5F0022081E001104EE20118A0E104208DE5D1
S31580E0D6000CC083E20020A0E34118A0E10E0052E1C5
S31580E0D610110000AA010052E104009C1504009D055A
S31580E0D62004B09CE4000056E10100A0330000A02392
S31580E0D6300B0057E10000A033000050E30400000A2D
S31580E0D640020982E20C0080E20000D3E7000050E3AA
S31580E0D6501F00001A012082E2EBFFFFEA0A3A83E22A
S31580E0D6602C3083E2DCFFFFEA003094E50C7094E531
S31580E0D6700400A0E1077083E0077066E0050057E1EB
S31580E0D6800570A0210A10A0E10620A0E10730A0E104
S31580E0D690895700EB000050E30E00001A0A4A84E244
S31580E0D6A0055067E0076086E007A08AE02C4084E2C8
S31580E0D6B0003095E20130A013080054E10030A083E9
S31580E0D6C0000053E3E7FFFF1ABCFFFFEA0800A0E390
S31580E0D6D0000000EA0400A0E308D08DE2F08DBDE80A
S31580E0D6E0080050E30030A0E11F00000A0B0000CAEA
S31580E0D6F0010050E31800000A020000CA000050E36F
S31580E0D7001EFF2F01200000EA020050E31400000A09
S31580E0D710040050E380009F051200000A1A0000EA28
S31580E0D720400050E31400000A050000CA100050E3F0
S31580E0D7300F00000A200050E360009F050900000A00
S31580E0D740110000EA800050E30D00000A010C50E36E
S31580E0D7504C009F050300000A0B0000EA44009FE5A9
S31580E0D760000000EA40009FE50EF5FFEA3C009FE5F9
S31580E0D770FCFFFFEA38009FE5FAFFFFEA34009FE509
S31580E0D780F8FFFFEA30009FE5F6FFFFEA2C009FE511
S31580E0D7902C109FE5DF20A0E30EF5FFEAE59BE28013
S31580E0D7A0579CE280A89CE280B99BE280D39BE28092
S31580E0D7B00D9CE280269CE280709CE280879CE280E1
S31580E0D7C0C39CE280D89CE28010402DE90040A0E135
S31580E0D7D014009FE5F3F4FFEB0400A0E1F1F4FFEB26
S31580E0D7E008009FE51040BDE8EEF4FFEAE09CE280A9
S31580E0D7F0E89CE280F0402DE90070A0E11CD04DE28B
S31580E0D8000100A0E10150A0E1A73500EB004050E225
S31580E0D8101600001A0500A0E10D3700EB0060A0E1DC
S31580E0D820060054E1110000AA0500A0E10410A0E181
S31580E0D83008208DE210308DE2D33600EB000050E315
S31580E0D8400800001AD021CDE128009FE5F020CDE147
S31580E0D850D820CDE1DFF4FFEB0700A0E108109DE5DD
S31580E0D86010209DE5DB4200EB014084E2EBFFFFEA1E
S31580E0D8701CD08DE2F080BDE80D9DE280F34D2DE970
S31580E0D880004092E5006091E5000054E35300000A11
S31580E0D8900070A0E10600A0E10280A0E101A0A0E185
S31580E0D8A0813500EB004050E23C019F154100001AB3
S31580E0D8B038019FE500B098E572EBFFEB035A8BE207
S31580E0D8C0000050E31700000A0410A0E11020A0E356
S31580E0D8D08D4A00EB0030A0E1010073E30700A0E190
S31580E0D8E00500001A0610A0E10520A0E1B94200EB90
S31580E0D8F0000056E31A00001A160000EA000053E31F
S31580E0D9000510A0E1012AA0E30400000A0B4300EB26
S31580E0D910007050E2D8009F051900001A0E0000EA58
S31580E0D920134300EB080000EAC00100EB04008DE53C
S31580E0D9309B0100EB04309DE50510A0E1012AA0E300
S31580E0D940033080E00700A0E1FC4200EB000050E3FA
S31580E0D9500070A0E10A00001A98009FE591F4FFEBC1
S31580E0D960150000EA053CA0E1FF2C05E2253C83E1B9
S31580E0D970023483E1FF2805E2223483E1043086E540
S31580E0D980120000EABF2D8BE23F2082E20710A0E181
S31580E0D990022087E060009FE58EF4FFEB0600A0E1C1
S31580E0D9A00710A0E10520A0E1213B00EB000050E359
S31580E0D9B00300000A44009FE582FFFFEB0140A0E3FD
S31580E0D9C0060000EA38009FE576F4FFEB0760A0E109
S31580E0D9D000608AE50600A0E1005088E52FD4FFEBE1
S31580E0D9E00400A0E108D08DE2F08DBDE8429DE280A2
S31580E0D9F0559DE2805E9DE2808A9DE280AA9DE280DE
S31580E0DA00D49DE280348FE280F3412DE920408DE29F
S31580E0DA10D00094E80030A0E3020051E3003086E5D0
S31580E0DA20003087E5020000DA080092E5030050E165
S31580E0DA300400001A0400A0E13A0200EB005050E234
S31580E0DA404B00000A0000A0E30010A0E31020A0E352
S31580E0DA502D4A00EB320200EB0040A0E11D0200EB14
S31580E0DA60010050E30400000A020050E36500000A6A
S31580E0DA701C029FE54BF4FFEB6D0000EA0410A0E189
S31580E0DA8010029FE553F4FFEB0400A0E1A50100EB53
S31580E0DA9004029FE543F4FFEB0400A0E1DF0000EB26
S31580E0DAA0000050E3F4019F052F00000A0400A0E186
S31580E0DAB0F20000EB000050E3E4019F052A00000A33
S31580E0DAC0E0019FE537F4FFEB1E30D4E5080053E331
S31580E0DAD0D4019F152400001A1F30D4E5000053E3DB
S31580E0DAE0C8019F152000001A408084E20800A0E16A
S31580E0DAF0ED3400EB000050E3B4019F151A00001AE4
S31580E0DB00103094E50C1094E5035CA0E1235C85E19C
S31580E0DB10FF2C03E2025485E1FF3803E2235485E1DA
S31580E0DB20040055E1080055113600000A212CA0E1D9
S31580E0DB30FF3C01E2012C82E1032482E1FF3801E22D
S31580E0DB40233482E1052083E0040052E1083083E05B
S31580E0DB500020A0930120A083030055E10020A023AC
S31580E0DB60000052E33700000A48019FE515FFFFEB0E
S31580E0DB702F0000EA443094E5000053E34100000AB8
S31580E0DB802230D4E5040053E33E00001A001094E509
S31580E0DB9024019FE50FF4FFEB04308DE2000094E56D
S31580E0DBA00210A0E30D20A0E1D30000EB04309DE558
S31580E0DBB0000053E33300000A00409DE5FC009FE54A
S31580E0DBC00410A0E103F4FFEB0400A0E1B63400EB1F
S31580E0DBD0000050E3E8009F15E3FFFF1A041094E588
S31580E0DBE0212CA0E1FF3801E2012C82E1232482E1AD
S31580E0DBF0FF3C01E2033482E104209DE5020053E12B
S31580E0DC00C0009F15D8FFFF1A041094E5004086E512
S31580E0DC10212CA0E1FF3801E2012C82E1232482E17C
S31580E0DC20FF3C01E2033482E1003087E50050A0E367
S31580E0DC30140000EA0030A0E3003086E50150A0E35E
S31580E0DC40003087E50F0000EA0810A0E10520A0E19A
S31580E0DC5074009FE5DFF3FFEB0C3094E50500A0E16F
S31580E0DC60032CA0E1FF1C03E2232C82E1012482E164
S31580E0DC70FF3803E20810A0E1232482E17D4600EB31
S31580E0DC800540A0E1DFFFFFEA0500A0E108D08DE2D4
S31580E0DC90F081BDE8C49EE280E49DE2800E63E2808E
S31580E0DCA0199EE280359EE280348FE2804A9EE28051
S31580E0DCB05E9EE280739EE2808C9EE280F99EE280A8
S31580E0DCC0379FE280429DE280599FE2809C9EE2807F
S31580E0DCD00100A0E31EFF2FE170402DE90060A0E186
S31580E0DCE00140A0E10100A0E10110A0E30350A0E122
S31580E0DCF0EDFCFFEB000050E3090000AAD0109FE5A1
S31580E0DD00D0209FE5D0009FE5B2F3FFEBCC009FE506
S31580E0DD10A4F3FFEBC8009FE5A2F3FFEB0000E0E38E
S31580E0DD207080BDE8043094E50500A0E1232CA0E1F5
S31580E0DD30FF1803E2032C82E1212482E1FF3C03E227
S31580E0DD40032482E10410A0E1614100EB0400A0E13C
S31580E0DD50B6FDFFEB002050E21B0000BA743096E57A
S31580E0DD60000053E30A00000A783096E5000053E3AA
S31580E0DD700700000A802082E2021CA0E1FF3C02E26A
S31580E0DD80221C81E1031481E1FF3802E2231481E160
S31580E0DD90041084E50410A0E10500A0E18D4100EBCC
S31580E0DDA0741096E5782096E50130A0E30400A0E1C2
S31580E0DDB043FCFFEB0400A0E1C4FFFFEB000050E36F
S31580E0DDC00000A0130000E0037080BDE80200A0E13F
S31580E0DDD07080BDE83856E280D2010000709FE28014
S31580E0DDE0929FE280E89CE280000052E308402DE9C1
S31580E0DDF00100000A020052E30500001A0100A0E1DA
S31580E0DE001020A0E30010A0E33F4900EB08309FE537
S31580E0DE10000083E50000A0E30880BDE8A0F7E2808B
S31580E0DE2010402DE90040A0E140D04DE20410A0E191
S31580E0DE300D00A0E14020A0E30E4600EB0D10A0E12E
S31580E0DE400000A0E34020A0E304008DE5FA3A00EB71
S31580E0DE50041094E5012CA0E1FF3C01E2212C82E153
S31580E0DE60032482E1FF3801E2233482E1000063E0AB
S31580E0DE70100F6FE1A002A0E140D08DE21080BDE8F6
S31580E0DE800C3090E510402DE9032CA0E1FF1C03E265
S31580E0DE90232C82E10040A0E1012482E1FF3803E205
S31580E0DEA0401084E2232482E10000A0E30138A0E36D
S31580E0DEB0E63A00EB181094E5012CA0E1FF3C01E284
S31580E0DEC0212C82E1032482E1FF3801E2233482E1DE
S31580E0DED0000063E0100F6FE1A002A0E11080BDE8D2
S31580E0DEE03C3080E20000A0E30420B3E5000052E38A
S31580E0DEF001008012FBFFFF1A1EFF2FE1F8402DE99B
S31580E0DF000370A0E10160A0E10250A0E10040A0E141
S31580E0DF10F2FFFFEB000056E10030A02300308725BA
S31580E0DF2000308525F880BD2840E084E206119EE732
S31580E0DF30012CA0E1FFCC01E2212C82E10C2482E1DC
S31580E0DF40FFC801E22CC482E13C2084E2064184E001
S31580E0DF503C4084E20010A0E300C087E5040052E183
S31580E0DF600A00000A0460B2E506CCA0E1FF3C06E2C6
S31580E0DF7026CC8CE103C48CE1FF3806E223348CE1C5
S31580E0DF80033083E20330C3E3031081E0F2FFFFEA6C
S31580E0DF90010080E200E18EE001E08EE000E085E5D0
S31580E0DFA0F880BDE808402DE920009FE5B5E9FFEB64
S31580E0DFB0000050E30300000A0010A0E31020A0E375
S31580E0DFC00840BDE8D04800EA0201A0E30880BDE849
S31580E0DFD0B49FE28010402DE948009FE5A9E9FFEB78
S31580E0DFE0004050E20300000A1020A0E30010A0E306
S31580E0DFF01B4900EB1080BDE82C009FE5A1E9FFEB13
S31580E0E000003050E20300A0010200000A0410A0E103
S31580E0E0101020A0E3124900EB003099E51C3093E52F
S31580E0E020030060E01080BDE8BE9FE280B49FE2809E
S31580E0E03008402DE920009FE592E9FFEB000050E3E0
S31580E0E0400300000A1020A0E30010A0E3044900EBDF
S31580E0E0500880BDE80840BDE8DDFFFFEAC99FE280B1
S31580E0E060000051E11EFF2F01824500EA10402DE9B4
S31580E0E0700040A0E10410A0E114009FE5D5F2FFEB9B
S31580E0E0800400A0E10010A0E308209FE51040BDE871
S31580E0E0906F3A00EAD79FE28011CFE280003090E5C8
S31580E0E0A0000053E3050000BA020053E10100001AC4
S31580E0E0B0080090E51EFF2FE10C0080E2F6FFFFEA04
S31580E0E0C00100A0E11EFF2FE10020A0E104109FE502
S31580E0E0D004009FE5F0FFFFEAE39FE280B451E2802F
S31580E0E0E00020A0E104109FE504009FE5EAFFFFEA37
S31580E0E0F0EE9FE2806450E2800020A0E104109FE57C
S31580E0E10004009FE5E4FFFFEA03A0E2801452E28088
S31580E0E1100020A0E104109FE504009FE5DEFFFFEA12
S31580E0E12011A0E2806C51E280F0402DE92020A0E34E
S31580E0E1300040A0E114D04DE2023084E06C119FE50E
S31580E0E1406C019FE5A3F2FFEB60119FE564019FE51B
S31580E0E150A0F2FFEB1C00D4E5DAFFFFEB0060A0E164
S31580E0E1601D00D4E5DDFFFFEB0070A0E11E00D4E5E5
S31580E0E170E0FFFFEB0050A0E11F00D4E5E3FFFFEBFB
S31580E0E1800620A0E10530A0E10710A0E100008DE5C2
S31580E0E19024019FE58FF2FFEB10119FE51C019FE5BF
S31580E0E1A08CF2FFEB0C3094E5030CA0E1FF2C03E24C
S31580E0E1B0230C80E1020480E1FF3803E2230480E15E
S31580E0E1C0A9FFFFEB103094E5F4009FE5032CA0E176
S31580E0E1D0FF1C03E2232C82E1012482E1FF3803E283
S31580E0E1E0232482E1C4109FE57AF2FFEB143094E5B4
S31580E0E1F0D0009FE5032CA0E1FF1C03E2232C82E103
S31580E0E200012482E1FF3803E2232482E19C109FE52A
S31580E0E21070F2FFEB1E30D4E5FD3003E2040053E3F9
S31580E0E2202000001A0400A0E12CFFFFEB7C109FE5A4
S31580E0E2300050A0E30060A0E18C009FE565F2FFEB73
S31580E0E240060055E11700000A0C308DE20400A0E1DB
S31580E0E2500510A0E108208DE227FFFFEB0520A0E175
S31580E0E26048109FE564009FE55AF2FFEB0C009DE5C0
S31580E0E2707DFFFFEB1E20D4E5003095E20130A01350
S31580E0E280060052E30030A013000053E30300000AC7
S31580E0E2903C009FE514109FE508209DE54DF2FFEBDD
S31580E0E2A0015085E2E5FFFFEA14D08DE2F080BDE81B
S31580E0E2B0F1DDE28025A0E2803BA0E2804CA0E28016
S31580E0E2C05BA0E2806CA0E28082A0E28098A0E280FF
S31580E0E2D0A5A0E280B5A0E280001090E508402DE997
S31580E0E2E0012CA0E1FF3C01E2212C82E1032482E1C2
S31580E0E2F0FF3801E2233482E120209FE5020053E1EA
S31580E0E3000400000AE83200EB000050E30200A003BC
S31580E0E3100000A0130880BDE80100A0E30880BDE806
S31580E0E320561905271EFF2FE10000A0E31EFF2FE10F
S31580E0E330F7452DE928609DE52C709DE50040A0E33A
S31580E0E340010050E3004086E502A0A0E1004087E5B9
S31580E0E3500B0000DA045091E5040055E10800000A5C
S31580E0E3600500A0E1FC119FE50380A0E1064400EBF7
S31580E0E370000050E300008D0504008D051000000AC2
S31580E0E380170000EA44309AE5000053E36200000A91
S31580E0E3902230DAE5040053E35F00001A0D00A0E3C3
S31580E0E3A0EF0100EB00109AE5BC019FE509F2FFEB77
S31580E0E3B000009AE50110A0E30D20A0E104308DE293
S31580E0E3C0CDFEFFEB00409DE5000054E304309D1553
S31580E0E3D00040861504408310004087150040A01356
S31580E0E3E05D0000EA0410A0E10500A0E11020A0E3B2
S31580E0E3F0C54700EB0050A0E1B6FFFFEB010050E31C
S31580E0E4000040A0E14000001A0510A0E15C019FE514
S31580E0E410F0F1FFEB0900A0E3D10100EB001095E5F8
S31580E0E42088A09AE5013CA0E1FF2C01E2213C83E152
S31580E0E430023483E1FF2801E2222483E130319FE543
S31580E0E440030052E10300000A28019FE5D5F1FFEBC6
S31580E0E4500900E0E3060000EA0500A0E16FFEFFEBBD
S31580E0E460000050E30400001A0C019FE5CDF1FFEBBC
S31580E0E4700A00E0E3BA0100EB370000EA0A00A0E315
S31580E0E480B70100EB0500A0E126FFFFEB00005AE3B1
S31580E0E4900B00000AE4009FE5C2F1FFEB0500A0E176
S31580E0E4A076FEFFEB000050E30300001AD0009FE504
S31580E0E4B0BCF1FFEB0B00E0E3EDFFFFEAC4009FE574
S31580E0E4C0B8F1FFEB0B00A0E3A50100EB1C30D5E52E
S31580E0E4D0050053E30500001A1D30D5E5080053E139
S31580E0E4E00200001A1E30D5E5030053E31000000A4F
S31580E0E4F00800A0E1F9FEFFEB0010A0E188009FE5AF
S31580E0E500B4F1FFEB0C00E0E3D9FFFFEA7C009FE586
S31580E0E510A4F1FFEB0140A0E30F0000EA0E00A0E3C8
S31580E0E5208F0100EB0030A0E300308DE504308DE50F
S31580E0E530A3FFFFEA0C1095E5403085E2012CA0E1CF
S31580E0E54000308DE5212C82E1FF3C01E2032482E16B
S31580E0E550FF3801E2233482E1F3FFFFEA0400A0E121
S31580E0E5600CD08DE2F085BDE8CDA0E2803EA1E280D0
S31580E0E570CFA0E28056190527E762E280F962E28061
S31580E0E5800E63E2802963E280348FE28007A1E28035
S31580E0E59022A1E280F0412DE90080A0E110019FE513
S31580E0E5A00150A0E10260A0E10340A0E118709DE582
S31580E0E5B034E8FFEB000050E32900000A0010A0E3F6
S31580E0E5C01020A0E3504700EB010070E30030A0E1AB
S31580E0E5D01A00001A000055E31A00000A063085E0AA
S31580E0E5E0005084E50800A0E1003087E50510A0E151
S31580E0E5F00620A0E1773F00EB0E0000EA0C00A0E3E6
S31580E0E600570100EB002094E5A8009FE5022086E014
S31580E0E610002087E5001094E56EF1FFEB000094E5BD
S31580E0E6200510A0E10620A0E10138A0E38BFEFFEB18
S31580E0E63084009FE55BF1FFEB0000A0E3F081BDE89D
S31580E0E640000055E30300001A0000A0E3000084E523
S31580E0E650000087E5F081BDE8000053E30800000A8A
S31580E0E660020000EA000055E3F6FFFF0A0030E0E32F
S31580E0E6700800A0E10610A0E1012AA0E3AF3F00EB8D
S31580E0E680030000EA0800A0E10610A0E1012AA0E369
S31580E0E690B73F00EB000084E5003094E5000053E3EB
S31580E0E6A0D5FFFF1A14009FE53EF1FFEB0000E0E3A3
S31580E0E6B0F081BDE886A1E280AEA1E280348FE2807F
S31580E0E6C092A1E28030402DE90040A0E1905080E2C6
S31580E0E6D014D04DE2703090E56C1094E50500A0E131
S31580E0E6E00C308DE542FCFFEB682094E5641094E500
S31580E0E6F0783084E200308DE50500A0E1022061E01B
S31580E0E700743084E2A2FFFFEB000050E30D00001AB4
S31580E0E7100500A0E16C1084E20C208DE256FCFFEB54
S31580E0E720000050E30700001A0C209DE5000052E34C
S31580E0E7300200A0010300000A0400A0E16C1094E549
S31580E0E7400530A0E163FDFFEB14D08DE23080BDE8BB
S31580E0E75038209FE50E10D2E5B030D2E1050051E3D6
S31580E0E760833083000400000A1331A0E1071083E2BE
S31580E0E770000053E30130A0B1C331A0E1003080E571
S31580E0E780B230D2E1000090E5930000E01EFF2FE179
S31580E0E7901803E38030309FE50030D3E5000053E393
S31580E0E7A01EFF2F0124309FE513402DE904008DE202
S31580E0E7B0004093E5E5FFFFEB001084E00400A0E174
S31580E0E7C0A3CAFFEB08D08DE21080BDE82D18E38068
S31580E0E7D01418E38030402DE9CC209FE544D04DE20B
S31580E0E7E0C8009FE51010A0E30940A0E1D2E7FFEB67
S31580E0E7F01C0084E51C2099E5000052E30300001A22
S31580E0E800AC009FE5F3F0FFEB0040E0E3230000EA95
S31580E0E8101C0099E58D5400EB010070E30040A0E117
S31580E0E8200200001A8C009FE5EAF0FFEB1B0000EA8D
S31580E0E8301C4099E580509FE50400A0E1004085E515
S31580E0E8405D2700EB74009FE51C2099E50930A0E187
S31580E0E850020054E11C30991500308515BBFFFFEBB3
S31580E0E8605C309FE50150A0E30050C3E5612A00EBF0
S31580E0E87050309FE50040A0E3B040C3E148309FE5DB
S31580E0E8800410A0E104008DE23C20A0E3B050C3E197
S31580E0E890464300EB0C008DE230109FE5AB4200EB87
S31580E0E8A00400A0E144D08DE23080BDE80020D08332
S31580E0E8B0A88AE28067A5E28087A5E2801418E380D3
S31580E0E8C02418E3802C18E3801018E3801818E3807E
S31580E0E8D0A1A5E28038402DE954309FE50040A0E3D1
S31580E0E8E0004083E54C309FE54C109FE5001083E5C2
S31580E0E8F048209FE548309FE548509FE5B230D3E118
S31580E0E900002092E5000095E5930202E0274300EBC4
S31580E0E91034309FE5002095E5002083E52C309FE5A7
S31580E0E920B040C3E128309FE5B040C3E13840BDE860
S31580E0E93097FFFFEA2018E3802818E380FFFF0000B6
S31580E0E9402418E3801803E3801418E3801C18E3801E
S31580E0E9501018E3801818E38008402DE9DCFFFFEB10
S31580E0E9600000A0E30880BDE837402DE90050A0E133
S31580E0E97004008DE275FFFFEBFF3EC5E30F30C3E396
S31580E0E980FF0E80E20F4080E2FF4EC4E30F40C4E317
S31580E0E99010009FE5034064E08EF0FFEB0400A0E109
S31580E0E9A00CD08DE23080BDE8A5A5E280F0412DE96E
S31580E0E9B00370A0E1013051E50240A0E1090053E394
S31580E0E9C018809DE5016041E20050A0011E00001A1A
S31580E0E9D0003094E5080053E1050000DA90009FE5F9
S31580E0E9E070F0FFEB003094E5013043E2003084E5DF
S31580E0E9F0F6FFFFEA7C809FE5060055E10530A0E161
S31580E0EA001600002A0030D3E5015085E2090053E381
S31580E0EA10002094E50700001A070002E2000088E083
S31580E0EA2060F0FFEB003094E50730C3E3083083E223
S31580E0EA30003084E5EFFFFFEA012082E2002084E5F2
S31580E0EA40010055E54BF0FFEBEAFFFFEA20009FE58A
S31580E0EA5054F0FFEB003094E5013043E2003084E58A
S31580E0EA60003097E50600A0E1013043E2003087E51B
S31580E0EA70F081BDE8605DE28014E0E280F8402DE957
S31580E0EA80000051E30250A0E10070A0E118609DE52E
S31580E0EA901C209DE5004093E50200001A000095E504
S31580E0EAA0040050E12200001A012042E2020054E113
S31580E0EAB00200009A0700A0E3F840BDE82DF0FFEAE7
S31580E0EAC0014084E2000051E3004083E51800000A3B
S31580E0EAD0001095E5044061E0010054E30400009AEB
S31580E0EAE0010081E2000086E0011086E0012044E238
S31580E0EAF0E04200EB003095E560009FE50370C6E7F5
S31580E0EB00002095E50410A0E1022086E031F0FFEBDD
S31580E0EB10003095E5013083E2003085E5014054E23E
S31580E0EB200200000A0800A0E312F0FFEBFAFFFFEA1A
S31580E0EB30F880BDE8003095E520009FE50370C6E7E4
S31580E0EB40002095E50110A0E3022086E021F0FFEBAE
S31580E0EB50003095E5013083E2003085E5F880BDE858
S31580E0EB60CFA5E2801EFF2FE1043099E5F04D2DE937
S31580E0EB70013013E228D04DE20080A0E10140A0E11F
S31580E0EB800C208DE5D101000A48299FE5003092E509
S31580E0EB900200A0E1000053E31400001A38299FE543
S31580E0EBA00010E0E3003082E530299FE530E99FE51B
S31580E0EBB0003082E52C299FE503C0A0E1001082E5C4
S31580E0EBC024299FE5003082E520299FE5831483E0B0
S31580E0EBD0015082E003518EE7013083E2140053E373
S31580E0EBE002C0C1E7F8FFFF1A0130A0E3003080E5FC
S31580E0EBF0000058E30100000A0800A0E1E9EFFFEB1E
S31580E0EC000030A0E30400A0E110308DE514308DE5FE
S31580E0EC10034200EB000050E3005084100460A01132
S31580E0EC200400001A0170A0E30050A0E307B0A0E161
S31580E0EC30B0A89FE5290000EA050056E1F8FFFF0A43
S31580E0EC40023CA0E30100D6E40110A0E304308DE5A8
S31580E0EC5000408DE510208DE214308DE286FFFFEBDB
S31580E0EC60F4FFFFEABAEFFFEB000050E32800000A6A
S31580E0EC700070A0E3ADEFFFEBFF0000E20A0050E397
S31580E0EC800D0050130160A0030060A0132600000A67
S31580E0EC90000055E34100001A0B0050E3BA00000A79
S31580E0ECA07500008A040050E39E00000A6600009A20
S31580E0ECB0060050E36A00001A10309DE514209DE5B9
S31580E0ECC0020053E10400002A0300D4E7A9EFFFEB3A
S31580E0ECD010309DE5013083E210308DE50050A0E3F1
S31580E0ECE00C309DE5000053E30030A00301300712AD
S31580E0ECF0000053E3DEFFFF0AABC5FFEBF0379FE58D
S31580E0ED000C209DE59302E1E00060A0E10170A0E1C6
S31580E0ED10D3FFFFEAA4C5FFEB070051E106005001EF
S31580E0ED20CFFFFF3A0100E0E3E80100EA0A00A0E352
S31580E0ED3090EFFFEB14509DE50030A0E30530C4E78B
S31580E0ED400030D4E594679FE5210053E30000531338
S31580E0ED505901000A002096E584379FE50410A0E17A
S31580E0ED60020193E7794100EB003096E568279FE55D
S31580E0ED70013083E2001092E5130053E30030A0C334
S31580E0ED80010053E1003082C55C279FE5003086E5CF
S31580E0ED90003092E5013083E2003082E5460100EA08
S31580E0EDA0010055E30C00001A5B0050E32100CD051D
S31580E0EDB00250A003C9FFFF0A023CA0E304308DE5C0
S31580E0EDC02000DDE500408DE50B10A0E110208DE20E
S31580E0EDD014308DE228FFFFEBBFFFFFEA413040E2CF
S31580E0EDE0070053E303F19F97070000EACCF0E08049
S31580E0EDF010F1E080B8ECE08008EFE0800CEEE08097
S31580E0EE000CEEE0800CEEE080DCEEE08028308DE2F7
S31580E0EE10016085E2055083E0080045E520508DE2FB
S31580E0EE20016056E2ACFFFF3A023CA0E30100D5E484
S31580E0EE300B10A0E104308DE500408DE510208DE2D9
S31580E0EE4014308DE20CFFFFEBF4FFFFEA020050E3A3
S31580E0EE502C00000A2900008A010050E30E01001A06
S31580E0EE601D0000EA5900003A080050E37A00000AE3
S31580E0EE70090050E3E900000A070100EA150050E3C3
S31580E0EE805D00000A0700008A0F0050E301B02B0204
S31580E0EE9092FFFF0A100050E38B00000A0E0050E359
S31580E0EEA0FD00001A990000EA1B0050E32000CD0522
S31580E0EEB00150A00389FFFF0A0200008A180050E390
S31580E0EEC04D00000AF40000EA7F0050E36200000A89
S31580E0EED0FF0050E36000000AEF0000EA10509DE575
S31580E0EEE0000055E37DFFFF0A0800A0E321EFFFEB7A
S31580E0EEF010309DE5013043E210308DE5F6FFFFEA04
S31580E0EF000050C4E51B0100EA10509DE5000055E382
S31580E0EF1072FFFF0A0800A0E316EFFFEB10309DE5D5
S31580E0EF20013043E26BFFFFEA10009DE514609DE54A
S31580E0EF30060050E169FFFF2A016046E2006056E084
S31580E0EF400900000A011080E2011084E00620A0E1B9
S31580E0EF50000084E0C74100EB10209DE594059FE525
S31580E0EF600610A0E1022084E01AEFFFEB2000A0E388
S31580E0EF7000EFFFEB0800A0E3FEEEFFEB000056E3B8
S31580E0EF80016046E2FAFFFF1A4C0000EA10309DE588
S31580E0EF9014109DE5010053E150FFFF2A58059FE5D7
S31580E0EFA0011063E054259FE50AEFFFEB0800A0E33C
S31580E0EFB0F0EEFFEB14309DE510209DE5013043E255
S31580E0EFC0020053E114308DE5F7FFFF8A43FFFFEA45
S31580E0EFD010209DE514109DE5010052E13FFFFF2AD8
S31580E0EFE0011062E00C059FE5022084E0F9EEFFEB7C
S31580E0EFF014309DE510308DE538FFFFEA10309DE551
S31580E0F000000053E30500000A0800A0E3D9EEFFEB19
S31580E0F01010309DE5013043E210308DE5F6FFFFEAE2
S31580E0F02014109DE5000051E32CFFFF0AC8049FE51C
S31580E0F030C8249FE5E7EEFFEB0800A0E3CDEEFFEB0B
S31580E0F04014309DE510209DE5013043E2020053E156
S31580E0F05014308DE5F7FFFF8A20FFFFEA10109DE56B
S31580E0F060000051E31DFFFF0A14609DE5010041E2C7
S31580E0F070066061E00620A0E1011084E010008DE5E5
S31580E0F080000084E07B4100EB0800A0E3B9EEFFEBF3
S31580E0F09010209DE55C049FE50610A0E1022084E057
S31580E0F0A0CCEEFFEB2000A0E3B2EEFFEB0800A0E39E
S31580E0F0B0B0EEFFEB000056E3016046E2FAFFFF1A8E
S31580E0F0C014309DE5013043E2710000EA00209AE5C4
S31580E0F0D0000052E3260000BA013042E2010073E309
S31580E0F0E000308AE5F0339F05F0139FE50030930505
S31580E0F0F000308A05EC339FE5001091E5003093E51A
S31580E0F100010053E100208A051200001A180000EA87
S31580E0F11000309AE5000053E3150000BABC239FE572
S31580E0F120002092E5020053E11100000AA8139FE552
S31580E0F130013083E2001091E500308AE5010053E179
S31580E0F1400030A0C300308AC598339FE5003093E550
S31580E0F150020053E10400000A84239FE5035192E70D
S31580E0F160000055E30500001A010000EA8C539FE594
S31580E0F170020000EA0700A0E37EEEFFEBD6FEFFEAA0
S31580E0F18010309DE5000053E30500000A0800A0E387
S31580E0F19078EEFFEB10309DE5013043E210308DE5EF
S31580E0F1A0F6FFFFEA14109DE5000051E30F00001A18
S31580E0F1B00510A0E10400A0E1644000EB0400A0E1BA
S31580E0F1C0974000EB10209DE5000052E10010A0E1A1
S31580E0F1D014008DE5C0FEFF2A011062E014039FE56E
S31580E0F1E0022084E07BEEFFEB14309DE5B9FEFFEA7A
S31580E0F1F004039FE504239FE576EEFFEB0800A0E39A
S31580E0F2005CEEFFEB14309DE510209DE5013043E296
S31580E0F210020053E114308DE5F7FFFF8AE3FFFFEA52
S31580E0F22010309DE514209DE5020053E10200002A9E
S31580E0F2300700A0E34FEEFFEBA8FEFFEA0020A0E385
S31580E0F2400320C4E70800A0E1754000EB14309DE59B
S31580E0F25028208DE20410A0E1030080E010309DE5D7
S31580E0F2601C008DE5103022E50800A0E11C308DE21F
S31580E0F27091ECFFEB000050E398FEFF0A10309DE52D
S31580E0F28018109DE510108DE5012063E014309DE5B2
S31580E0F290023083E014308DE590FEFFEA023CA0E385
S31580E0F2A004308DE500408DE50B10A0E110208DE265
S31580E0F2B014308DE2F0FDFFEB88FEFFEA24329FE515
S31580E0F2C0002096E5002083E50500A0E17F0000EAC6
S31580E0F2D0000050E31C308DE50070A0010300000AB9
S31580E0F2E04F4000EB0070A0E10800A0E12DEEFFEBBF
S31580E0F2F00CA29FE50450A0E120708DE50BEEFFEBBC
S31580E0F300FF6000E20A0056E31200000A060000CA27
S31580E0F310030056E31500000A080056E33500000AAC
S31580E0F320000056E3F4FFFF0A3D0000EA150056E3CD
S31580E0F3301200000A020000CA0D0056E30500000A2A
S31580E0F340370000EA170056E31900000A7F0056E30B
S31580E0F3502800000A320000EA0030A0E3A4019FE51D
S31580E0F3600030C5E50FEEFFEB050064E0570000EAEC
S31580E0F3700030A0E30030C4E50000E0E3530000EA9B
S31580E0F38020309DE5070053E1050000DA78019FE52E
S31580E0F39004EEFFEB20309DE5013043E220308DE541
S31580E0F3A0F6FFFFEA0030A0E31C308DE50450A0E1D3
S31580E0F3B0D1FFFFEA1C309DE5000053E30600000A1A
S31580E0F3C00510A0E100708DE50400A0E120208DE22B
S31580E0F3D01C308DE274FDFFEB0050A0E11C309DE512
S31580E0F3E0000053E3C4FFFFDA0030D5E5200053E3A5
S31580E0F3F0F2FFFF1AC0FFFFEA1C309DE5000053E3F1
S31580E0F400BDFFFF0A0510A0E100708DE50400A0E1D4
S31580E0F41020208DE21C308DE263FDFFEB0050A0E101
S31580E0F420B5FFFFEA1C309DE50A0053E1240000CADF
S31580E0F430090056E31400001A0030A0E30030C5E569
S31580E0F4400800A0E1C4109FE51C208DE220308DE20B
S31580E0F45019ECFFEB000050E31C509D15055084101D
S31580E0F460A5FFFF1A20309DE5A4009FE5073003E263
S31580E0F470030080E0CBEDFFEB20309DE50730C3E372
S31580E0F480083083E220308DE5070000EA20309DE5F4
S31580E0F49018008DE2013083E220308DE50030A0E374
S31580E0F4A01860CDE51930CDE5BEEDFFEB0060C5E532
S31580E0F4B01C309DE5015085E2013083E21C308DE50C
S31580E0F4C08DFFFFEA0700A0E3AAEDFFEB8AFFFFEAE4
S31580E0F4D028D08DE2F08DBDE89C42E3809440E380C5
S31580E0F4E09840E3803018E380A4F7E280A042E3808E
S31580E0F4F08018E380001BB700CFA5E280D4A5E28028
S31580E0F500B0DDE280FD01000026BEE280605DE28043
S31580E0F510A442E38014E0E28008109FE50020A0E3A7
S31580E0F5200020C1E58FFDFFEAA442E38010402DE98B
S31580E0F53004E041E20040A0E30020A0E10130D0E415
S31580E0F540200053E309005313FAFFFF0A000053E358
S31580E0F5500B00000A014084E20420AEE502C0A0E18F
S31580E0F5600130D2E4000053E30500000A090053E3CA
S31580E0F570200053130130A0130030A003F6FFFF1ADA
S31580E0F580010000EA043181E7060000EA200054E346
S31580E0F59001008CE20030CCE5E6FFFF1A0C009FE527
S31580E0F5A00410A0E18BEDFFEB0400A0E11080BDE844
S31580E0F5B0D8A5E280F04D2DE90130A0E36ADE4DE288
S31580E0F5C00040A0E10C108DE518308DE5C3EDFFEB32
S31580E0F5D0000054E30800000A0030D4E5000053E35D
S31580E0F5E00500000A0400A0E18D3F00EB020C50E329
S31580E0F5F00300003AF8029FE56AEDFFEB0000E0E3E6
S31580E0F600B90000EAA0008DE20410A0E14F3F00EBD4
S31580E0F6100080A0E3A0708DE21CA08DE20030D7E5EB
S31580E0F620000053E3AD00000A013047E20020A0E38A
S31580E0F630013083E20010D3E508308DE5000051E328
S31580E0F6401300000A270051E30200001A010053E587
S31580E0F6505C0050E301202212030057E13B1041E2B7
S31580E0F660111F6FE1010022E2A112A0E10010A003C8
S31580E0F670010010E1EDFFFF0A012053E55C0052E353
S31580E0F6800020A0E3E9FFFF0A0020C3E5013083E222
S31580E0F69008308DE50700A0E1613F00EB0030A0E394
S31580E0F6A0026CA0E30310A0E103C0A0E12A5E8DE234
S31580E0F6B0000056E3000050130E00000A030053E3F7
S31580E0F6C0012087E20040D7E501B040E25A00000A17
S31580E0F6D05C005CE35CE044E21EEF6FE1AEE2A0E159
S31580E0F6E000E0A00300005EE31000000A00005BE398
S31580E0F6F0020040E20400001A000056E3016045057E
S31580E0F7000030A0130030C515610000EA010053E324
S31580E0F710022087E20140D7E51600000A020053E3A3
S31580E0F7202300000A00B0A0E15CC0A0E3030000EA89
S31580E0F730010053E31000000A020053E31D00000AB3
S31580E0F7405C305CE20130A013270054E30000A01394
S31580E0F75001000302000050E34200001A240054E353
S31580E0F7600030A01301300302000053E30130A01300
S31580E0F7704300001A370000EA00B0A0E1280054E315
S31580E0F7807B0054130130A0030030A0133700000A39
S31580E0F790010056E32400A0E30000C5E50140C5155D
S31580E0F7A0015085020360A001026046120250851274
S31580E0F7B0330000EA00B0A0E1290054E37D00541351
S31580E0F7C02B00001A02C061E001C04CE20030A0E3E9
S31580E0F7D00C0053E14A0E8DE203E0D1B703E0C0B7F7
S31580E0F7E0013083B2F9FFFFBA14208DE56A2E8DE2EF
S31580E0F7F0033082E00020A0E310108DE5002243E58F
S31580E0F800A0E3FFEB10109DE514209DE5000050E39A
S31580E0F810010040120600000A0130F0E5000053E3E3
S31580E0F8200300000A000056E30130C5140160461269
S31580E0F830F8FFFF1A0030A0E3110000EA5C005CE309
S31580E0F840270044E2100F6FE1A002A0E10000A003D0
S31580E0F850000050E30800001A0040C5E5016046E27A
S31580E0F860015085E2060000EA0330A0E3030000EAE7
S31580E0F8700210A0E10230A0E3010000EA0030A0E33C
S31580E0F8802740A0E30B00A0E104C0A0E10270A0E164
S31580E0F89086FFFFEA0A10A0E12A0E8DE222FFFFEB47
S31580E0F8A0001050E20080E0030A00000A0030A0E386
S31580E0F8B000308DE50A20A0E118308DE20C009DE550
S31580E0F8C030ECFFEB000050E30080E013FFECFFEB51
S31580E0F8D0000050E348FFFF1A08709DE54EFFFFEAFF
S31580E0F8E0000058E318009D0543FFFF1A6ADE8DE2AB
S31580E0F8F0F08DBDE8F7A5E28008402DE92CFFFFEB0F
S31580E0F900010070E30000A0130100A0030880BDE8B9
S31580E0F910010071E3F8402DE90050A0E10140A0E14B
S31580E0F9200700001ABE3E00EB0A10A0E30040A0E10B
S31580E0F9300500A0E1AF3E00EB000050E30060A001CF
S31580E0F9400A00000A010084E289EEFFEB006050E2E3
S31580E0F9501E00000A0510A0E10420A0E12A3F00EB8A
S31580E0F9600030A0E30430C6E70650A0E10160A0E3E2
S31580E0F9700540A0E10500A0E10070A0E30110D4E419
S31580E0F980000051E31500000A0A0051E3FAFFFF1A6E
S31580E0F990017044E50030D0E5000053E30100001A31
S31580E0F9A00400A0E1F4FFFFEA0010A0E300FFFFEB14
S31580E0F9B0000050E3F9FFFFAA0140A0E3000056E310
S31580E0F9C00400000A0500A0E1DCEDFFEB010000EA9F
S31580E0F9D00100A0E3F880BDE80400A0E1F880BDE87E
S31580E0F9E00040D0E5000054E3F3FFFF0AF0FEFFEBB2
S31580E0F9F00040E0E1A44FA0E1EFFFFFEAF3412DE90B
S31580E0FA00A200A0E356FCFFEB7C129FE57C029FE51B
S31580E0FA1009E2FFEB0010A0E374029FE5B5FFFFEB80
S31580E0FA2070029FE517E3FFEB000050E30120A0039F
S31580E0FA300300000A0A20A0E30010A0E37E4200EB68
S31580E0FA400020A0E14C129FE54C0099E5933500EB50
S31580E0FA500050A0E140029FE50AE3FFEB38129FE504
S31580E0FA600060A0E14C0099E59C3500EB2C129FE507
S31580E0FA70000050E30060A0114C2099E50040A0E131
S31580E0FA800020A0E34C0099E5843500EB003050E29D
S31580E0FA900300000A08129FE508029FE5011083E053
S31580E0FAA003E2FFEB4C0099E5FC119FE50020A0E323
S31580E0FAB07A3500EB003050E20300000AE0119FE562
S31580E0FAC0E8019FE5011083E0F9E1FFEB4C0099E561
S31580E0FAD0DC119FE50020A0E3703500EB000050E3E9
S31580E0FAE01900000A000054E304408DE50200001A84
S31580E0FAF0C0019FE537ECFFEB120000EA0100A0E3CE
S31580E0FB006CECFFEB04009DE5CAE9FFEB003050E2C8
S31580E0FB100300001A04109DE59C019FE52DECFFEBA8
S31580E0FB20080000EA0CC093E50010A0E30120A0E302
S31580E0FB3004308DE23CFF2FE104109DE50020A0E13A
S31580E0FB4078019FE523ECFFEB733500EB000056E38D
S31580E0FB50010075133300000A000055E3010000AA96
S31580E0FB600040A0E30A0000EA0510A0E150019FE50D
S31580E0FB7018ECFFEBF6EBFFEB000050E3F7FFFF0A34
S31580E0FB80EAEBFFEB3C019FE506ECFFEB2A2600EB78
S31580E0FB900140A0E330719FE5013024E2000055E3A7
S31580E0FBA00030A0D3013003C2000053E31500000A01
S31580E0FBB00000A0E318C2FFEB0080A0E1E4EBFFEBDE
S31580E0FBC0004050E20400000AD8EBFFEB1A2600EB77
S31580E0FBD00140A0E30050A0E3060000EAEC009FE5C8
S31580E0FBE0E93E00EB0800A0E10BC2FFEB070050E125
S31580E0FBF0F1FFFF9A015045E20510A0E1D0009FE5B4
S31580E0FC00F4EBFFEBE3FFFFEA0A00A0E3D9EBFFEBBF
S31580E0FC10000054E30300001A0600A0E10010E0E3D0
S31580E0FC200420A0E139FFFFEBA8509FE50140A0E367
S31580E0FC30A4009FE537FEFFEB000050E3040000DA06
S31580E0FC4098109FE58C009FE5C03D00EB0010A0E397
S31580E0FC50060000EA010070E30200001A80009FE5DA
S31580E0FC60D0EBFFEB040000EA101F6FE1A112A0E1E8
S31580E0FC7060009FE51FFFFFEB0040A0E1000054E33A
S31580E0FC800030A0D30030C5D5E8FFFFEA1DE0E28072
S31580E0FC900DA6E2803F8CE28011A6E2801BA6E28080
S31580E0FCA023A6E28000FEDF8031A6E2803AA6E280EB
S31580E0FCB04AA6E28053A6E2805EA6E2806C84E28079
S31580E0FCC08BA6E280AEA6E280D3A6E280E7030000C0
S31580E0FCD010270000D9A6E2809C40E380A893E280CA
S31580E0FCE0A442E380E1A6E280010052E3160000DA56
S31580E0FCF0F0412DE90250A0E10170A0E1044083E2E9
S31580E0FD000160A0E30480A0E1000098E55DE2FFEBFE
S31580E0FD10044084E2000050E30300001A001098E5F6
S31580E0FD2034009FE5ABEBFFEB090000EA0710A0E1AA
S31580E0FD30F0FEFFEB000050E30500001A016086E26A
S31580E0FD40050056E1EEFFFF1AF081BDE80000E0E332
S31580E0FD501EFF2FE10100A0E3F081BDE86C84E28024
S31580E0FD6030402DE9A131A0E184D04DE221E1A0E14E
S31580E0FD7000C0A0E3000053E30C20A0E10600000AE7
S31580E0FD80032190E70C218DE70320E0E1032180E762
S31580E0FD9001C08CE2C330A0E1F5FFFFEA00C090E548
S31580E0FDA0003080E5003090E580408DE2000053E34E
S31580E0FDB0024184E080C004E50130A00300C08015E4
S31580E0FDC00130A0131000000A0E0053E101204232F8
S31580E0FDD002119D37031180378330A031F9FFFF3A56
S31580E0FDE00000A0E3140000EA012042E2035190E71C
S31580E0FDF002419DE7034180E70340E0E1040055E1ED
S31580E0FE0003C1A0E18330A0E10200001A0E0053E1B5
S31580E0FE10F4FFFF3A070000EA0E0053E10120423288
S31580E0FE2002119D37031180378330A031F9FFFF3A05
S31580E0FE300C00A0E1000000EA0100A0E184D08DE2A0
S31580E0FE403080BDE800009FE51EFF2FE1DC44E380C3
S31580E0FE50000050E31100000AF8402DE944609FE578
S31580E0FE600070A0E13450B6E5060055E10100001AC5
S31580E0FE700000A0E3F880BDE8344045E2080084E273
S31580E0FE800710A0E1403D00EB000050E30100001ABE
S31580E0FE900400A0E1F880BDE8005095E5F1FFFFEAB7
S31580E0FEA00000A0E31EFF2FE1A844E380000050E3BA
S31580E0FEB01EFF2F0138402DE93C10A0E30050A0E161
S31580E0FEC00100A0E3ADEEFFEB004050E20200000A45
S31580E0FED00510A0E13C20A0E3CB3D00EB0400A0E1CF
S31580E0FEE03880BDE808402DE9EFFFFFEB000050E3E6
S31580E0FEF024309F15341080123820931538108315DE
S31580E0FF003430831234308015382080150000A013F9
S31580E0FF10001082150000E0030880BDE8A844E38075
S31580E0FF2070309FE504E02DE5342083E244D04DE255
S31580E0FF30342083E5382083E525FAFFEB3C20A0E3F7
S31580E0FF4004008DE20010A0E3983D00EB48109FE5A9
S31580E0FF500C008DE2FD3C00EB0E31A0E304308DE534
S31580E0FF6038309FE524308DE534309FE528308DE5C7
S31580E0FF7030309FE530308DE504008DE228309FE516
S31580E0FF802C308DE5D6FFFFEBDB1900EB0000A0E31C
S31580E0FF9044D08DE204F09DE4A844E380EEA6E280BE
S31580E0FFA0E869E180046AE180C069E180D469E18042
S31580E0FFB070402DE94C609FE50050A0E10040A0E351
S31580E0FFC0E3EAFFEB060054E1100F6FE1A002A0E147
S31580E0FFD00000A003000050E30300000A1400A0E341
S31580E0FFE0E93D00EB014084E2F4FFFFEAD8EAFFEB6B
S31580E0FFF0000050E37080BD08CCEAFFEB0000C5E569
S31580E100000100A0E37080BDE8A086010007402DE9EC
S31580E1001007008DE2E5FFFFEB000050E3FBFFFF1AEF
S31580E100200CD08DE204F09DE473402DE90C429FE50E
S31580E100302A34D4E5000053E30300000A0600A0E376
S31580E10040CCEAFFEB0030A0E32A34C4E50050A0E31C
S31580E100500560A0E107008DE2D4FFFFEB000050E3ED
S31580E100601C00000A0730DDE5015085E2020053E31A
S31580E100701C00000A0500008A010053E3F4FFFF1A21
S31580E100801C3494E5013083E21C3484E5180000EAEF
S31580E10090040053E30900000A180053E3ECFFFF1A5A
S31580E100A0243494E5016086E2013083E2030056E37D
S31580E100B0243484E5E6FFFF1A0400E0E35D0000EA0C
S31580E100C0010055E3E2FFFF1A0600A0E3A9EAFFEB90
S31580E100D00300E0E3570000EACBFFFFEB60019FE519
S31580E100E0A93D00EB1A0000EA203494E5013083E271
S31580E100F0203484E54C019FE5ACFFFFEB000050E343
S31580E101001300000A40019FE5A8FFFFEB000050E3E2
S31580E101100F00000A0730DDE50050A0E3010053E35C
S31580E101208030A003013BA013103484E51C319FE5A8
S31580E10130043484E5046043E2103494E5030055E138
S31580E10140050000BA08019FE598FFFFEB000050E348
S31580E101500A00001A0200E0E3360000EA07008DE2B9
S31580E1016092FFFFEB000050E3F9FFFF0A053086E0DE
S31580E101700720DDE50420C3E5015085E2EDFFFFEAD6
S31580E10180B8309FE52834D3E5000053E30800001A30
S31580E101900924D4E50834D4E5A0509FE5023023E074
S31580E101A0FF0053E30700000A97FFFFEB0500E0E35A
S31580E101B0200000EA9C009FE57CFFFFEB000050E316
S31580E101C0F2FFFF1AE2FFFFEA2834D5E5000053E3A8
S31580E101D0101495050320A0010900000A040085E2B8
S31580E101E0101495E5CC3100EB0A24D5E50B34D5E541
S31580E101F0023483E1030050E10600E0130000A0032E
S31580E102000C0000EA010052E1060000AA020084E047
S31580E102100400D0E5012082E2003083E00338A0E1EA
S31580E102202338A0E1F6FFFFEA0A24D4E5FF3003E2B2
S31580E10230030052E1EFFFFFEA08D08DE27080BDE86E
S31580E10240F044E38090D00300F848E380F948E38006
S31580E10250F444E380FA48E380FB48E380F7452DE9FF
S31580E1026024529FE50040A0E308308DE2044023E577
S31580E10270003085E50130A0E32834C5E5043090E51A
S31580E102804300A0E3143485E50180A0E1104485E5CF
S31580E102902944C5E52A44C5E5184485E51C4485E538
S31580E102A0204485E5244485E5304485E52C4485E58F
S31580E102B030EAFFEB143495E5010053E30C34C505D0
S31580E102C00400A0016E00000A0560A0E10A70A0E3C7
S31580E102D01550A0E304A0A0E1015055E26600000AB2
S31580E102E050FFFFEB004050E25100001A0834D6E59A
S31580E102F0000053E34900001A043496E5012083E2C5
S31580E10300042486E50030D3E5000053E3F9FFFF1AC4
S31580E103100230A0E10010D3E5012082E2200051E322
S31580E10320FAFFFF0A00C0A0E30AE0A0E30120A0E310
S31580E103300010D3E5000051E33500000A300051E3B7
S31580E103400020A01301200202000052E30700000A08
S31580E103500120D3E5411042E2190051E32020829247
S31580E10360FF200292780052E30230830210E0A0037C
S31580E103700010D3E5015083E2304041E2FF0004E220
S31580E10380090050E3412041E20000A0830100A093EF
S31580E10390050052E30030A0830130A093032090E171
S31580E103A00400001A613041E2050053E30700009A38
S31580E103B0D8209FE5120000EA000050E30430A01146
S31580E103C00900001A612041E2050052E30100008A3A
S31580E103D0573041E2020000EA000053E30200000ADE
S31580E103E0373041E20E0053E1F0FFFFAA9E3C2CE05C
S31580E103F00020A0E30530A0E1CCFFFFEA030051E154
S31580E104000300000A0130D2E4000053E3FAFFFF1A49
S31580E10410000000EA2CC486E50130A0E32A34C6E573
S31580E104200130A0E30000A0E30C34C6E5100486E5C4
S31580E10430130000EA030074E30D00001A017047E23D
S31580E10440000057E348009FE528A4C6D5CE3C00EBE3
S31580E104502804D6E5000050E34300A0131500A0036D
S31580E10460C4E9FFEB183496E5013083E2183486E57A
S31580E1047098FFFFEA050074E396FFFF1A0000E0E3C8
S31580E10480004088E50CD08DE2F085BDE8F044E3805C
S31580E1049028DCE28020A10700F34D2DE948B29FE5F3
S31580E104A00080A0E10160A0E10070A0E30450E0E3F8
S31580E104B00B40A0E104208DE5000056E32914DBE53D
S31580E104C00020A0D30120A0C3020051E18300002ACD
S31580E104D010249BE5000052E315A0A0036A00001AF0
S31580E104E001A05AE26000000ACEFEFFEB005050E226
S31580E104F03A00001A0814D4E50C24D4E5020051E14F
S31580E105002E00001A0120A0E3021081E00C14C4E55C
S31580E10510141494E52A24C4E5020051E10E00000A90
S31580E105202C2494E5000052E30B00000A2C2494E588
S31580E10530000052E35400000A10049BE530149BE569
S31580E10540011080E0020051E100208280022061807A
S31580E1055030148BE510248B854B0000EA040494E586
S31580E10560102494E5022080E001C052E51A005CE3A4
S31580E105700200000A010051E3EBFFFF1A420000EAA4
S31580E1058002C052E51A005CE3F9FFFF1A032052E547
S31580E105901A0052E3F6FFFF1A102494E5000052E3B5
S31580E105A0F3FFFF0A02C080E001C05CE51A005CE36C
S31580E105B0EFFFFF1A012042E210248BE5F5FFFFEA07
S31580E105C0012042E2FF2002E2020051E10750E013FE
S31580E105D01C00001A0600A0E366E9FFEBBFFFFFEA15
S31580E105E0050075E32200000A040075E31500001A90
S31580E105F00600A0E35FE9FFEB142494E5020052E3F1
S31580E106000B00001A2804DBE5000050E34300A01349
S31580E106101500A00357E9FFEB182494E5012082E257
S31580E10620182484E57FFEFFEB0050A0E10600A0E3FD
S31580E1063050E9FFEB0120A0E3000055E32924C4E55E
S31580E106409CFFFFAA0A0000EA2804D4E5000050E3F3
S31580E106504300A0131500A00346E9FFEB182494E5B7
S31580E10660012082E2182484E59CFFFFEA000055E33D
S31580E10670050000AA04309DE50020E0E3005083E513
S31580E1068064309FE5102483E5140000EA2924D4E54B
S31580E10690000052E387FFFF1A10249BE50800A0E1E2
S31580E106A0020056E106A0A0B102A0A0A10A20A0E125
S31580E106B004149BE5D43B00EB10249BE506606AE0DD
S31580E106C002206AE010248BE504249BE50A8088E019
S31580E106D00A7087E00AA082E004A48BE575FFFFEA51
S31580E106E00700A0E108D08DE2F08DBDE8F044E3801B
S31580E106F03C309FE507402DE9242493E528C4D3E5E2
S31580E1070000208DE5182493E504208DE524209FE5DE
S31580E1071000005CE320109FE520009FE50210A00128
S31580E107201C2493E5203493E52AE9FFEB0CD08DE296
S31580E1073004F09DE4F044E380F5A6E280DF95E28073
S31580E10740FBA6E280000050E310402DE90140A0E1E4
S31580E107501800000A74409FE5143494E5013043E2C1
S31580E10760010053E31080BD881800A0E301E9FFEBA7
S31580E107701800A0E3FFE8FFEB1800A0E3FDE8FFEB3C
S31580E107801800A0E3FBE8FFEB0800A0E3F9E8FFEB44
S31580E107900800A0E3F7E8FFEB0800A0E3F5E8FFEB4C
S31580E107A00800A0E3F3E8FFEB17FEFFEB0130A0E3DF
S31580E107B02934C4E51080BDE834FF2FE1000050E321
S31580E107C0FCFFFFAA08009FE51040BDE8EE3B00EA8A
S31580E107D0F044E38090D00300080080E2070050E314
S31580E107E008309F950001939704009F851EFF2FE1B6
S31580E107F08C42E2803CA7E280000050E30100001ACF
S31580E108000000A0E31EFF2FE1F0412DE954409FE572
S31580E108100070A0E10160A0E1005094E5000055E39D
S31580E108200E00000A0500A0E1048094E5FC3A00EBA5
S31580E108300510A0E10020A0E10700A0E1DD3A00EB90
S31580E10840000050E30300001A0600A0E10830A0E1B1
S31580E10850F041BDE813FF2FE1084084E2EDFFFFEAB6
S31580E108600000A0E3F081BDE8AC42E2800B30D0E548
S31580E10870FF0053E3C4019F056F00000A001090E575
S31580E10880F0452DE90040A0E114D04DE2080051E3A6
S31580E1089001F19F971E0000EA0C09E180E408E180FE
S31580E108A0BC08E180E408E180EC08E1800409E180AC
S31580E108B0EC08E180EC08E180E408E180453080E203
S31580E108C00910D0E50A20D0E500308DE55A3080E286
S31580E108D004308DE568019FE51C3084E2BDE8FFEBDD
S31580E108E00F0000EA5C019FE5000000EA58019FE500
S31580E108F01C1084E25A2084E2453084E2B5E8FFEBBD
S31580E10900070000EA44019FE5490000EA40019FE5CE
S31580E10910470000EA3C019FE514D08DE2F045BDE851
S31580E10920ACE8FFEA30019FE59EE8FFEB0C30D4E5C9
S31580E10930000053E30100000A20019FE599E8FFEBFF
S31580E109400B10D4E51F1001E2070051E301F19F97F7
S31580E10950100000EA7409E1809009E1809809E1805C
S31580E109609809E1809809E1807C09E1809809E18034
S31580E109708809E180E8009FE5000000EAE4009FE560
S31580E1098088E8FFEB050000EADC009FE5FBFFFFEA74
S31580E10990D8009FE5F9FFFFEAD4009FE58DE8FFEBFC
S31580E109A0D0009FE57FE8FFEB106094E5000056E319
S31580E109B01E00000A147094E5000057E31B00000A4C
S31580E109C0A724A0E1960202E00A50A0E3A235A0E1C5
S31580E109D08345A0E1024064E0950303E0950404E0E9
S31580E109E00510A0E1A44583E00400A0E17E4C00EB84
S31580E109F03485A0E10510A0E100A0A0E10800A0E116
S31580E10A00794C00EB950A02E00A10A0E1042062E04D
S31580E10A10900505E00030A0E1085065E0E0008DE852
S31580E10A2054009FE56BE8FFEB14D08DE2F085BDE8DD
S31580E10A3048009FE514D08DE2F045BDE859E8FFEA2C
S31580E10A4012A9E280D4A7E280FAA7E28017A8E28021
S31580E10A5034A8E28045A8E2805AA8E28075A8E280BF
S31580E10A6088A8E28093A8E2809DA8E280A4A8E2809B
S31580E10A70B3A8E280B8A8E28011CFE280C1A8E28083
S31580E10A80FCA8E28010402DE90040A0E10D0300EBD7
S31580E10A90000050E30230A0030030A0130830C4E523
S31580E10AA01080BDE80830D0E5020053E32700001A44
S31580E10AB010402DE90040A0E198009FE539E8FFEB81
S31580E10AC0003094E5013043E2070053E303F19F9759
S31580E10AD0150000EAF40AE180040BE1800C0BE18069
S31580E10AE0140BE1801C0BE180240BE1802C0BE1806F
S31580E10AF0FC0AE18060009FE50C0000EA5C009FE56E
S31580E10B000A0000EA58009FE5080000EA54009FE5E4
S31580E10B10060000EA50009FE5040000EA4C009FE5EC
S31580E10B20020000EA48009FE5000000EA44009FE5F4
S31580E10B301CE8FFEB041094E53C009FE53C209FE533
S31580E10B4024E8FFEB0400A0E11040BDE8020300EADF
S31580E10B502C009FE513E8FFEA21A9E28035A9E2802E
S31580E10B6039A9E2803EA9E28043A9E28049A9E280EF
S31580E10B704DA9E2803A78E28051A9E28059A9E280E2
S31580E10B807FA9E28083A9E28008402DE90830D0E59B
S31580E10B90020053E30300001AFC0200EB000090E23E
S31580E10BA00000E0130880BDE80000E0E30880BDE8CE
S31580E10BB0F7402DE90060A0E10150A0E10100A0E14C
S31580E10BC00270A0E104108DE21020A0E3CE3D00EB9F
S31580E10BD004309DE50030D3E5000053E348009F15DE
S31580E10BE00B00001A0040A0E10410A0E10600A0E19C
S31580E10BF000FFFFEB000050E3000087E50300000AF9
S31580E10C000B30D0E5FF0053E30400A0110400001A85
S31580E10C1018009FE50610A0E10520A0E1EDE7FFEBD6
S31580E10C200000E0E30CD08DE2F080BDE89FA9E28090
S31580E10C30C5A9E280F04D2DE90160A0E160D04DE2E9
S31580E10C40E8139FE500B0A0E10280A0E10340A0E1C6
S31580E10C5080509DE5CC3900EB007050E20B00001A24
S31580E10C60007088E52C0084E2087084E5047084E5F0
S31580E10C70007084E54C7084E5B4139FE5B33900EBED
S31580E10C800C0084E2AC139FE5B03900EBE40000EAA6
S31580E10C90000056E30700001A9C039FE579DEFFEB2F
S31580E10CA0006050E20C00001A90039FE5C9E7FFEB74
S31580E10CB00670A0E1D60000EA0600A0E1D83900EB93
S31580E10CC0000050E3F3FFFF0A0600A0E170139FE501
S31580E10CD0AD3900EB000050E3EEFFFF0A0600A0E12C
S31580E10CE03A10A0E3C33900EB00A050E204608D0521
S31580E10CF00A70A0010700000A0600A0E1DB3900EBDB
S31580E10D000A2066E00010A0E301A08AE20070A0E17B
S31580E10D100210C0E704008DE50B00A0E104109DE51B
S31580E10D200820A0E1A1FFFFEB000050E3B80000BA84
S31580E10D3000005AE31700000A0020DAE5000052E3DA
S31580E10D401400000A0A00A0E1F8129FE58E3900EB53
S31580E10D50000050E300A0E0030F00000A0A00A0E1D2
S31580E10D600C108DE21020A0E3673D00EB0C309DE591
S31580E10D700030D3E5000053E30200001A053090E12C
S31580E10D8000A0A0E10400001ABC029FE50B10A0E1DF
S31580E10D900620A0E10D0000EA01A0E0E3000098E56D
S31580E10DA00820D0E5000052E300005A130120A00399
S31580E10DB00020A0133500001A10E090E500005EE304
S31580E10DC00400001A84029FE504209DE50B10A0E152
S31580E10DD080E7FFEB8E0000EA155F6FE1A552A0E1A7
S31580E10DE000005AE3015085C3000055E360029F1578
S31580E10DF0F4FFFF1A143090E558229FE558C29FE52B
S31580E10E00032002E054129FE5000052E3031001E063
S31580E10E1003C00CE00220A0130020A00300005CE3E5
S31580E10E2001208212000051E30410A0130010A003F8
S31580E10E3001C082E0FF28C3E3FF20C2E3000052E362
S31580E10E400820A0130020A00302108CE02328A0E153
S31580E10E500228A0E1000052E31020A0130020A003A5
S31580E10E60022081E0182080E5C4119FE5204084E8D6
S31580E10E70083084E54C5084E52C0084E2333900EB7C
S31580E10E800C0084E2D8119FE5303900EB0F0000EACF
S31580E10E9002007AE30400000A01007AE30250A0012D
S31580E10EA00160A0031900000A000000EA01A0A0E3A6
S31580E10EB00A10A0E10420A0E132FFFFEB005050E2EE
S31580E10EC02900000A9C019FE50A10A0E141E7FFEBBA
S31580E10ED005A0A0E14F0000EA000055E34C2094E52F
S31580E10EE01100000A000052E30F00001A060055E1E6
S31580E10EF00300001A10008DE20410A0E15020A0E367
S31580E10F00C13900EB016086E2110056E30A00000A6E
S31580E10F10000098E50610A0E10420A0E119FFFFEBAF
S31580E10F20000050E3F6FFFF1AEAFFFFEA000052E312
S31580E10F300650A0E1ECFFFF0A0A0000EA000055E353
S31580E10F400500000A0400A0E110108DE25020A0E324
S31580E10F50AD3900EB05A0A0E1030000EA08019FE5B9
S31580E10F601CE7FFEB2B0000EA06A0A0E12C4084E21F
S31580E10F700400A0E1B8109FE52020A0E30D3900EB45
S31580E10F80000050E30300000A0410A0E1DC009FE5C5
S31580E10F9010E7FFEB1E0000EA00E098E5B4209FE54C
S31580E10FA014C09EE5B0009FE50C2002E0AC109FE501
S31580E10FB0000052E30C1001E00C0000E00220A013D7
S31580E10FC00020A003000050E301208212000051E3DB
S31580E10FD00410A0130010A003010082E0FF28CCE3F7
S31580E10FE0FF20C2E32CC8A0E1000052E30CC8A0E1D7
S31580E10FF00820A0130020A00300005CE3021080E03B
S31580E1100010C0A01300C0A0030C2081E018208EE55B
S31580E11010000000EA00A0E0E30700A0E147E8FFEB7B
S31580E110200A70A0E10700A0E160D08DE2F08DBDE815
S31580E110307983E28049A4E280DDA9E280EAA9E280BF
S31580E11040F5A9E280CDA0E28010AAE28015AAE2802D
S31580E110503EAAE2805DAAE280CCCCCCCCAAAAAAAA9E
S31580E11060F0F0F0F07FAAE2808AAAE280A6AAE28086
S31580E11070C7AAE28038402DE9FE31D0E50040A0E103
S31580E11080550053E30200001AFF31D0E5AA0053E38D
S31580E110900100000AB4009FE5150000EAB0009FE573
S31580E110A0CCE6FFEBBE31D4E57F3013E20100001AD6
S31580E110B00300A0E13880BDE8365084E20500A0E176
S31580E110C090109FE50320A0E3BA3800EB524084E21A
S31580E110D0000050E30900000A0400A0E178109FE5D2
S31580E110E00520A0E3B33800EB000050E30300000ADB
S31580E110F068009FE5B7E6FFEB0000E0E33880BDE8F6
S31580E111005C009FE5B3E6FFEB0500A0E144109FE5B7
S31580E111100320A0E3A73800EB000050E30100001AAA
S31580E1112040009FE5ABE6FFEB0400A0E128109FE5D8
S31580E111300520A0E39F3800EB000050E30100001A90
S31580E1114024009FE5A3E6FFEB0100A0E33880BDE83C
S31580E11150FCAAE2802BABE28085ABE28089ABE280C0
S31580E11160ADABE28058ABE2808FABE2809DABE280B3
S31580E11170F04D2DE91CB08DE228D04DE20380A0E14F
S31580E11180143090E520200BE53F3083E23F30C3E326
S31580E11190403083E203D04DE057408DE23F40C4E3E7
S31580E111A064C090E50070A0E10120A0E3040090E531
S31580E111B00430A0E10160A0E13CFF2FE1010050E3B2
S31580E111C040029F15041097150620A0111500001AFC
S31580E111D034029FE57FE6FFEB0050A0E30F0015E3C5
S31580E111E00100001A24029FE57AE6FFEB0410D5E7B9
S31580E111F01C029FE5015085E276E6FFEB020C55E3A2
S31580E11200F5FFFF1A0C029FE572E6FFEB0400A0E111
S31580E1121097FFFFEB000050E30400000AF8019FE529
S31580E11220FE11D4E5FF21D4E56AE6FFEB730000EA1F
S31580E11230000056E30800001ABA31D4E5BB21D4E5B3
S31580E112400338A0E1023C83E0B921D4E5023483E0AE
S31580E11250B821D4E5023083E004308BE56FCF84E2B8
S31580E11260735F84E2833F84E2023083E202A08CE210
S31580E11270025085E224300BE50C1055E5000051E380
S31580E112805B00000A000056E30700000A7F3001E2B6
S31580E112900F0051E3050053130300001A0C3055E5A6
S31580E112A0000053E32C00001A2F0000EA063055E5D2
S31580E112B0052055E50338A0E1023C83E0072055E5AA
S31580E112C058019FE5023483E0082055E5023083E04A
S31580E112D028300BE5023055E5012055E50338A0E1DC
S31580E112E0023C83E0032055E502C483E0043055E502
S31580E112F07F2001E22C300BE5050052E30F0051130C
S31580E1130010E055E518219FE514319FE50200A01113
S31580E1131080005EE30C219FE50320A01104309BE56C
S31580E1132010208DE508018DE828301BE508108DE554
S31580E11330032086E02C301BE50C008DE50810A0E14A
S31580E11340E4009FE503308CE022E6FFEB000056E304
S31580E11350D1FFFF1A018088E2030000EA7F2003E2E1
S31580E113600F0053E305005213F9FFFF1A24301BE502
S31580E11370105085E2030055E1BEFFFF1A7F4F84E2FC
S31580E11380024084E20430DAE57F2003E20F0053E392
S31580E11390050052130300000A10A08AE204005AE114
S31580E113A0F7FFFF1A150000EA0A10DAE50B30DAE5F5
S31580E113B00118A0E1031C81E00930DAE5000056E37B
S31580E113C0031481E00830DAE520201BE5031081E093
S31580E113D020301BE50700A0E1031081E004309BE5A6
S31580E113E000308DE50120A0010830A0E15FFFFFEB31
S31580E113F0E8FFFFEA000056E3D5FFFF0ADAFFFFEADE
S31580E114001CD04BE2F08DBDE8E8ABE28013ACE28024
S31580E1141011CFE2805EACE28064ACE280AEACE28089
S31580E11420DCABE280B0DDE280E2ABE280D3ACE280AD
S31580E11430F04D2DE91CB08DE210D04DE20350A0E1D4
S31580E11440143090E520200BE53F3083E23F30C3E363
S31580E11450403083E203D04DE047408DE23F40C4E334
S31580E11460646090E50070A0E10120A0E3040090E5CE
S31580E114700430A0E101A0A0E108809BE536FF2FE1E1
S31580E1148020C01BE5010050E318029F150410971553
S31580E114900A20A0110600001AFE11D4E5FF21D4E549
S31580E114A0550051E30100001AAA0052E30300000A45
S31580E114B0F4019FE5C7E5FFEB0060E0E3760000EA33
S31580E114C06F3F84E2023083E27F4F84E2022084E24E
S31580E114D00340A0E10060D4E58060D6E30C00001A09
S31580E114E00410D4E504009BE5000051E3050060E0CB
S31580E114F0100F6FE1A002A0E10000A003000050E31D
S31580E115000300000A7F0001E20F0051E3050050135A
S31580E115102400001A00005AE30600000A0410D4E50C
S31580E11520000051E30400000A7F0001E20F0051E36D
S31580E11530050050130000000A015085E2104084E264
S31580E11540020054E1E2FFFF1A0410D3E57F0001E2D5
S31580E115500F0051E3050050134B00001A0A10D3E542
S31580E115600B20D3E50118A0E1021C81E00920D3E537
S31580E115700830D3E5021481E0031081E004309BE575
S31580E1158000005AE30C1081E008018DE80700A0E134
S31580E115900120A0010C20A0110530A0E1A3FFFFEB03
S31580E115A00060A0E13C0000EA023CA0E3083088E567
S31580E115B00A30D4E50B20D4E50338A0E1023C83E090
S31580E115C00920D4E50C0088E2023483E00820D4E5E2
S31580E115D0023083E003A08AE000A088E50E30D4E5FE
S31580E115E00F20D4E50338A0E1023C83E00D20D4E569
S31580E115F0023483E00C20D4E5023083E0043088E5D0
S31580E11600003097E5042097E5013043E2070053E394
S31580E1161003F19F970F0000EA3816E1804016E180DA
S31580E116203816E1804816E1805016E1805816E1804F
S31580E116305816E1803816E18070109FE5060000EAD1
S31580E116406C109FE5040000EA68109FE5020000EA5D
S31580E1165064109FE5000000EA60109FE50530A0E197
S31580E11660612082E2B63B00EB2C0088E250109FE5D8
S31580E11670B33B00EB0030D4E5803043E2133F6FE1CA
S31580E11680A332A0E14C3088E5030000EA103083E222
S31580E11690020053E1ABFFFF1A0160E0E30600A0E13F
S31580E116A01CD04BE2F08DBDE8E8ABE280AEACE280E7
S31580E116B0F7ACE280FEACE28005ADE2800EADE28081
S31580E116C017ADE28049A4E28018482DE9143090E50F
S31580E116D00CB08DE23F3083E23F30C3E3403083E2BA
S31580E116E003D04DE03F408DE23F40C4E364C090E5E6
S31580E116F00010A0E3040090E50120A0E30430A0E11E
S31580E117003CFF2FE1010050E33C009F150600001AE3
S31580E1171038009FE52FE5FFEB0400A0E154FEFFEBE7
S31580E11720004050E20300000A24009FE529E5FFEB33
S31580E117300040E0E3010000EA18009FE525E5FFEBC4
S31580E117400400A0E10CD04BE21888BDE81EADE28032
S31580E117503CADE28058ADE28079ADE28013402DE97F
S31580E117600040A0E120009FE51AE5FFEB0010A0E331
S31580E1177000108DE50400A0E10120A0E10130A0E3A5
S31580E117807AFEFFEB08D08DE21080BDE898ADE2806D
S31580E1179073402DE90240A0E112008DE80010A0E33C
S31580E117A00120A0E10130A0E30050A0E11FFFFFEBA3
S31580E117B0020070E32900001A142095E5A4309FE524
S31580E117C0A4C09FE5023003E0A0109FE5000053E34B
S31580E117D0021001E002C00CE00230A0130030A00349
S31580E117E000005CE301308312000051E30410A01392
S31580E117F00010A00301C083E0FF38C2E3FF30C3E3FA
S31580E11800000053E30830A0130030A00303108CE0FE
S31580E118102238A0E10060A0E30338A0E1060053E1AD
S31580E118201030A0130630A001033081E0183085E541
S31580E11830103095E5043084E5082084E530109FE595
S31580E11840006084E54C6084E52C0084E2BF3600EBE1
S31580E118500C0084E21C109FE5BC3600EB0600A0E19B
S31580E1186008D08DE27080BDE8CCCCCCCCAAAAAAAA5D
S31580E11870F0F0F0F049A4E2807FAAE2807A0050E3BA
S31580E118800100009A54009FE5D2E4FFEA570050E355
S31580E118904C009FC5FBFFFFCA48209FE5000051E34E
S31580E118A0C0C2A0E10C2192071F0000E20130A0E353
S31580E118B0001092051300E0010C119217003001002F
S31580E118C000209115003082050030920513008211C7
S31580E118D00300000000008115000082051EFF2FE154
S31580E118E0EAADE280C2ADE280F047E2807A0050E381
S31580E118F00100009A38009FE5B6E4FFEA570050E31D
S31580E1190030009F85FBFFFF8A2C309FE5A022A0E176
S31580E11910022193E71F0000E2003092E5000051E3E7
S31580E119200110A0E31100C30111008311000082E5DB
S31580E119301EFF2FE1EAADE280C2ADE280E447E280BC
S31580E1194038402DE90050A0E10140A0E10110A0E37B
S31580E11950E5FFFFEB0500A0E1FF1004E2C6FFFFEB28
S31580E119600000A0E33880BDE87A0050E308402DE925
S31580E119701A00008A74109FE50020A0E30232D1E7C5
S31580E1198002C2A0E1030050E11000001A5C309FE53D
S31580E119900C3083E0042093E5010052E30900001A4C
S31580E119A0081093E50100D3E502C0D3E5002091E577
S31580E119B00C30D3E51C20C2E1133082E10000A0E3C4
S31580E119C0003081E50880BDE824009FE5040000EA57
S31580E119D0012082E27B0052E3E7FFFF1A010000EA81
S31580E119E010009FE57BE4FFEB0000E0E30880BDE8C3
S31580E119F0B4F7E28058AEE280EAADE28013402DE9A9
S31580E11A00070051E301F19F97230000EA2C1AE18058
S31580E11A10341AE180341AE1803C1AE180441AE1808B
S31580E11A20441AE180441AE180441AE180D02AC0E177
S31580E11A30050000EAD82AC0E1030000EAD02BC0E124
S31580E11A40010000EA811180E0D829C1E10040A0E1EE
S31580E11A50F829C0E19CC094E5980090E50C20A0E1CE
S31580E11A600030A0E3033092E18C1094E501108DE81B
S31580E11A700300001A5C4800EB0010A0E3F000CDE122
S31580E11A80010000EA0D00A0E1A92C00EB00309DE504
S31580E11A90E83084E50000A0E3000000EA0000E0E32E
S31580E11AA008D08DE21080BDE80000E0E31EFF2FE163
S31580E11AB010402DE90040A0E1FAFFFFEB000050E382
S31580E11AC01080BDA85C3194E5000053E30200000A72
S31580E11AD00400A0E11040BDE813FF2FE10300A0E17F
S31580E11AE01080BDE80000E0E31EFF2FE14C3190E578
S31580E11AF013FF2FE104E02DE524D04DE20020A0E3A1
S31580E11B0004108DE2B420CDE10C208DE508208DE531
S31580E11B10F5FFFFEB24D08DE204F09DE438402DE91A
S31580E11B200130A0E3B030C1E11530A0E3043081E5B6
S31580E11B300030A0E3030052E10050A0E10140A0E1C2
S31580E11B40083081E50B00000A682190E52C1090E5CC
S31580E11B5040309FE5021001E0013003E0062202E217
S31580E11B60023083E1542090E5083084E5020B12E3EC
S31580E11B7001318313083084150500A0E10410A0E14A
S31580E11B800020A0E3D8FFFFEB000050E30C30940582
S31580E11B90683185053880BDE880FF7F0004E02DE56A
S31580E11BA00830A0E334D04DE2B431CDE11530A0E385
S31580E11BB018308DE5022CA0E30030A0E31C308DE5E2
S31580E11BC004108DE50130A0E310208DE514108DE23F
S31580E11BD004208DE20C308DE508308DE5C2FFFFEB08
S31580E11BE034D08DE204F09DE470402DE90D30A0E320
S31580E11BF020D04DE2B430CDE11530A0E308308DE55B
S31580E11C00B438D0E10060A0E10338A0E10140A0E171
S31580E11C100550A0E30C308DE50600A0E104108DE2CD
S31580E11C200020A0E3B0FFFFEB000050E30D00001AB7
S31580E11C3010109DE5010C11E30200000A1E3C01E251
S31580E11C400E0C53E31100001A50309FE5013003E09A
S31580E11C50000053E30500000A44009FE5DDE3FFEB66
S31580E11C601100E0E30B0000EA015055E20900004A69
S31580E11C70FA0FA0E3C43600EB014054E2E5FFFF2A08
S31580E11C8020009FE5D3E3FFEB1200E0E3010000EAE9
S31580E11C90000054E3F9FFFFDA20D08DE27080BDE8E1
S31580E11CA08040F9FD7CAEE28092AEE2800224A0E142
S31580E11CB0032482E310402DE9011882E120D04DE230
S31580E11CC00630A0E3B430CDE10C108DE51D30A0E304
S31580E11CD004108DE20020A0E30040A0E108308DE50C
S31580E11CE081FFFFEB000050E30200001A0400A0E14F
S31580E11CF0FA1FA0E3BBFFFFEB20D08DE21080BDE8A9
S31580E11D0004E02DE51030A0E324D04DE2B430CDE1FE
S31580E11D100C108DE51530A0E304108DE20020A0E3E0
S31580E11D2008308DE570FFFFEB24D08DE204F09DE471
S31580E11D303C209FE508402DE9003092E5020053E121
S31580E11D400400000ADC1093E5000051E10600000A78
S31580E11D50003093E5F8FFFFEA0010A0E114009FE56B
S31580E11D609CE3FFEB0000A0E30880BDE80300A0E16F
S31580E11D700880BDE82449E380AEAEE280F04D2DE9EE
S31580E11D80006052E230D04DE20A00000A0180A0E113
S31580E11D9003B0A0E1E5FFFFEB005050E20500000A49
S31580E11DA0E82095E5081086E0020051E10300009AFB
S31580E11DB010019FE587E3FFEB0000A0E33F0000EA27
S31580E11DC08C1095E5CDFFFFEB000050E3F9FFFF1A9C
S31580E11DD00670A0E1603195E50500A0E1030057E1D9
S31580E11DE003A0A02107A0A03101005AE31230A0830D
S31580E11DF01130A093B431CDE1403095E514108DE2F8
S31580E11E00000053E38C3095E510308DE593080200B0
S31580E11E100130A0E31C208D051520A0E318208DE577
S31580E11E2004208DE21C808D1504B08DE50CA08DE536
S31580E11E3008308DE52CFFFFEB004050E20100000AFF
S31580E11E400040A0E3150000EA01005AE30D00009A84
S31580E11E500C30A0E3B431CDE10500A0E11D30A0E373
S31580E11E6014108DE20420A0E11C408DE518308DE54B
S31580E11E701DFFFFEB000050E30200000A48009FE5EA
S31580E11E8054E3FFEB050000EA0500A0E1FA1FA0E3B9
S31580E11E9054FFFFEB000050E3E8FFFF1A0A40A0E1A0
S31580E11EA00A0054E1C3FFFF1A8C3095E5047057E0D0
S31580E11EB0048088E093B42BE0C5FFFF1A0600A0E119
S31580E11EC030D08DE2F08DBDE8C7AEE280F3AEE28040
S31580E11ED070402DE90050A0E10000A0E320D04DE262
S31580E11EE06401C5E54CB9FFEB0060A0E10500A0E126
S31580E11EF004108DE20120A0E307FFFFEB004050E2F2
S31580E11F001000001A0600A0E143B9FFEBFA0F50E397
S31580E11F100E00008A6400A0E31B3600EB683195E58C
S31580E11F20000053E3F0FFFFAA0138A0E3303085E5F6
S31580E11F3010309DE5583085E5233FA0E1013003E28D
S31580E11F40403085E5B448C5E10400A0E1000000EA3F
S31580E11F501000E0E320D08DE27080BDE838402DE9C5
S31580E11F600140A0E171FFFFEB005050E20B00000A57
S31580E11F708630D5E5072004E20730C3E3B310A0E35A
S31580E11F80032082E148FFFFEB000050E33880BD1873
S31580E11F900500A0E10410A0E13840BDE896FEFFEA25
S31580E11FA00000E0E33880BDE810402DE90040A0E183
S31580E11FB0CBFEFFEB000050E31080BDA8583194E5DD
S31580E11FC0000053E30200000A0400A0E11040BDE8EE
S31580E11FD013FF2FE10100A0E31080BDE83C3090E5DE
S31580E11FE010402DE9030051E10310A021383090E53E
S31580E11FF0030051E14C1080254C3080350130A0E35F
S31580E12000483080E5503190E50040A0E133FF2FE193
S31580E120100030A0E3483084E51080BDE8F04D2DE93D
S31580E1202059DE4DE20230A0E33C608DE2BC33CDE186
S31580E120300020A0E30730A0E30610A0E10040A0E184
S31580E1204040308DE544208DE5A7FEFFEB005050E260
S31580E12050B40A9F152D00001A48108DE21020A0E3E6
S31580E12060740084E2683500EB0330A0E3BC33CDE154
S31580E12070B438D4E10400A0E10338A0E144308DE531
S31580E120800610A0E11530A0E30520A0E140308DE502
S31580E1209095FEFFEB000050E39902001A303094E59B
S31580E120A00020A0E3020813E348309D153C108DE241
S31580E120B02338A011B438C4110930A0E3BC33CDE193
S31580E120C00730A0E340308DE5B438D4E10400A0E1E7
S31580E120D00338A0E144308DE583FEFFEB2C1A9FE5C2
S31580E120E00050A0E10400A0E1BBFFFFEB0400A0E10A
S31580E120F01C1A9FE5B8FFFFEB0400A0E1FA1FA0E3FD
S31580E12100B8FEFFEB000055E30200000A040A9FE5F2
S31580E12110B0E2FFEB790200EA48309DE5643084E580
S31580E121204C309DE5683084E550309DE56C3084E542
S31580E1213054309DE5703084E5303094E5010853E311
S31580E121401600001AD0099FE5A2E2FFEB48309DE533
S31580E12150233DA0E10F3003E2040053E303F19F97AF
S31580E121600C0000EA9821E1807821E1808021E180FC
S31580E121708821E1809021E180A0399FE5060000EA8F
S31580E121809C399FE5040000EA98399FE5020000EA60
S31580E12190413BA0E3000000EA8C399FE5303084E5DD
S31580E121A07030D4E5883084E5BE36D4E10120A0E301
S31580E121B00F3003E2301094E51233A0E1020811E317
S31580E121C08C3084E5B636D4012333A0010F30030287
S31580E121D01233A001903084E5403094E5000053E36A
S31580E121E00500000ABA26D4E16C3094E5012082E24A
S31580E121F0032882E00225A0E1120000EA2C099FE58E
S31580E1220074E2FFEBBC26D4E1BA36D4E1022BA0E13D
S31580E12210222AA0E18C0094E5232782E0012082E254
S31580E12220A004A0E1920000E0B826D4E10110A0E389
S31580E12230C227A0E1833082E1073003E2023083E204
S31580E122401133A0E1930002E00030A0E3F02AC4E17B
S31580E122508C0094E5A0C094E5A41094E59C2083E0ED
S31580E122600060A0E3913023E00070A0E3F02AC4E1AE
S31580E12270F86AC4E1F06BC4E1B4089FE555E2FFEB8F
S31580E122808C3094E5F86BC4E1020C53E3023CA08305
S31580E122908C308485903094E5F06CC4E1020C53E394
S31580E122A0023CA083903084850730A0E3BC33CDE146
S31580E122B0B438D4E1F86CC4E1F06DC4E13C608DE200
S31580E122C00338A0E11570A0E30400A0E10610A0E1C7
S31580E122D00020A0E340708DE544308DE502FEFFEB02
S31580E122E0005050E24C089F1588FFFF1A1030A0E39A
S31580E122F0BC33CDE10520A0E1023CA0E30400A0E1EE
S31580E123000610A0E140708DE544308DE5F6FDFFEBEA
S31580E12310005050E220089F157CFFFF1A0130A0E3B0
S31580E12320302094E5943084E50030E0E38630C4E5FE
S31580E12330A238A0E1013023E2536F8DE2410B52E3F3
S31580E123400030A03301300322036086E2000053E3CC
S31580E123503F60C6E30C00001A8710D4E50400A0E1D3
S31580E12360A5FDFFEBD829C4E10050A0E1CC079FE5AC
S31580E1237018E2FFEB000055E35B00000A8710D4E525
S31580E12380BC079FE513E2FFEBDC0100EAB4079FE5BA
S31580E1239010E2FFEB0610A0E10400A0E1FEFDFFEBF9
S31580E123A0C010D6E5000050E30C00001A010051E3AD
S31580E123B00A00009AD620D6E5D530D6E50228A0E1F6
S31580E123C0032482E1D430D6E5032082E18224A0E1B0
S31580E123D0223AA0E1020B53E30030A083F02AC481C4
S31580E123E0013041E2050053E303F19F970F0000EAD4
S31580E123F00824E1801024E1801824E1803024E18002
S31580E124002024E1802824E1803C379FE5060000EA2C
S31580E1241038379FE5040000EA34379FE5020000EA99
S31580E1242030379FE5000000EA2C379FE5303084E5C0
S31580E12430AF30D6E5E0C0D6E5000053E36C309405D5
S31580E124408C39A0111F2B03023E3E0302A332A00169
S31580E124502225A0010130830201208202920303003A
S31580E12460943084E5A030D6E5E220D6E5010013E399
S31580E124700100001A000052E30100000AB330D6E5FC
S31580E124808630C4E58228A0E1C23FA0E1F82AC4E112
S31580E12490A820D6E5B87084E28228A0E1C23FA0E117
S31580E124A006E0A0E10050A0E3F02BC4E19030DEE548
S31580E124B09120DEE50334A0E1023883E08F20DEE57A
S31580E124C0DDA0D6E5023083E0930CC1E0015085E2E0
S31580E124D0902A83E0040055E39A3123E003E08EE21B
S31580E124E0F820C7E0F0FFFF1A9AFFFFEA303094E563
S31580E124F0022813E29300000A3730A0E3B835CDE134
S31580E12500B438D4E158A08DE2505084E50338A0E197
S31580E125100520A0E11580A0E30400A0E10A10A0E176
S31580E125205C808DE560308DE56FFDFFEB005050E21C
S31580E125307201001ACF708DE23330A0E35C808DE5C5
S31580E125403F70C7E30380A0E3B835CDE160508DE508
S31580E125500830A0E328308DE50400A0E10130A0E356
S31580E125600A10A0E11C208DE21C708DE524308DE5FA
S31580E1257020308DE55CFDFFEB005050E20200000A61
S31580E12580018058E2F1FFFF2A910000EA0810A0E1FC
S31580E125900400A0E193FDFFEB002097E5023CA0E17A
S31580E125A0FF1C02E2223C83E1013483E1FF2802E25F
S31580E125B0223483E15C3084E5040097E5001CA0E1E8
S31580E125C0FF2C00E2201C81E1021481E1FF2800E278
S31580E125D0222481E1602084E5232CA0E10F2002E220
S31580E125E0010052E30700000A70159FE50800003AF2
S31580E125F0020052E30600001A020913E360259F05F3
S31580E1260060259F15000000EA5C259FE5302084E582
S31580E12610000000EA301084E5010713E35030941599
S31580E12620302094E5013C8313503084152C359FE5A9
S31580E12630030052E16800000AE37F8DE2037087E2DE
S31580E1264028A59FE53F70C7E30580A0E3018058E2B6
S31580E126501300000A0630A0E3B437CDE11530A0E3DC
S31580E1266078308DE54030A0E338308DE50400A0E197
S31580E126700130A0E374108DE22C208DE27CA08DE503
S31580E126802C708DE534308DE530308DE516FDFFEB30
S31580E12690000050E32900001A1C3097E5020C13E391
S31580E126A0E9FFFF1A0C3097E5020C13E34A00000AB2
S31580E126B0543094E5113003E2110053E34600001AE9
S31580E126C00630A0E3B437CDE11530A0E378308DE56F
S31580E126D09C349FE57C308DE54030A0E338308DE554
S31580E126E0592E8DE20130A0E3603522E50400A0E1B8
S31580E126F074108DE2042042E22C708DE534308DE554
S31580E12700F9FCFFEB005050E20200000A64049FE509
S31580E1271030E1FFEB2E0000EA103097E5033CA0E1C3
S31580E127200F3403E2010453E3503094052500000A97
S31580E12730501094E540049FE526E1FFEB260000EA90
S31580E127400050A0E1220000EA410B53E3502084E5EA
S31580E127500100002A0050A0E31F0000EAE37F8DE23A
S31580E12760037087E23F70C7E30400A0E10710A0E1B0
S31580E1277009FDFFEB005050E2E000001A0400A0E101
S31580E12780B910A0E30120A0E3C480D7E546FDFFEBC5
S31580E12790005050E2D900001A0400A0E10710A0E140
S31580E127A0FDFCFFEB005050E2D400001AB930D7E5CA
S31580E127B0000053E3E6FFFF0A503094E5020018E398
S31580E127C0113083130000001A013083E3503084E531
S31580E127D0010000EA000055E3C800001A542094E5A0
S31580E127E0503094E5023003E0302094E5503084E5C2
S31580E127F0022812E20600001AE37F8DE2037087E287
S31580E128003F70C7E30250A0E170A39FE570B39FE5F7
S31580E128102A0000EA010C13E35E00000A3730A0E3E8
S31580E12820BC33CDE1B438D4E13C708DE20338A0E12C
S31580E128300020A0E31560A0E30400A0E10710A0E179
S31580E1284040608DE544308DE5A7FCFFEB002050E24A
S31580E128500200A011AA00001A0630A0E340608DE5CF
S31580E128600400A0E10260A0E30710A0E1BC33CDE162
S31580E1287044608DE59CFCFFEB000050E3A000001A6C
S31580E128800430A0E3443084E5486084E5503194E542
S31580E128900400A0E133FF2FE1485084E53D0000EAE2
S31580E128A0E0229FE5081192E7542094E5020011E1C8
S31580E128B00600001A015085E2030055E33500000A5F
S31580E128C005819AE70531A0E1000058E3F3FFFF1A9D
S31580E128D0FF2008E20400A0E1B710A0E314308DE503
S31580E128E0F1FCFFEB14309DE5002050E2F0FFFF1A8A
S31580E128F00B3093E7443084E50230A0E3483084E549
S31580E129000400A0E1503194E514208DE533FF2FE1F9
S31580E1291014209DE5482084E50400A0E10710A0E1AC
S31580E129209DFCFFEB000050E3E1FFFF1AA020D6E516
S31580E12930A030D7E5030052E1DDFFFF1AAF20D6E5EF
S31580E12940AF30D7E5030052E1D9FFFF1AC020D6E5C3
S31580E12950C030D7E5030052E1D5FFFF1AE020D6E586
S31580E12960E030D7E5030052E1D1FFFF1AD40086E2D9
S31580E12970D41087E20420A0E3503300EB000050E35B
S31580E12980CBFFFF1AFC319FE5502094E5083193E7B0
S31580E12990033082E1503084E5EC119FE5881084E5CF
S31580E129A00400A0E18CFDFFEB8C1094E5DC319FE522
S31580E129B000C0A0E3013003E0D4019FE5D4219FE587
S31580E129C00C0053E1012002E0010000E00230A01397
S31580E129D00C30A0010C0050E1013083120C0052E171
S31580E129E00420A0130C20A001020083E0FF38C1E39C
S31580E129F0FF30C3E30C0053E10830A0130C30A00193
S31580E12A00032080E02138A0E10338A0E10C0053E106
S31580E12A101030A0130C30A0019CE094E5033082E0F5
S31580E12A20F03084E50E20A0E10C30A0E1980094E539
S31580E12A30033092E1E2C0C4E5E3C0C4E5EC1084E58D
S31580E12A4090008DE594E08DE50300001A664400EB85
S31580E12A500010A0E3F009CDE1010000EA90008DE2EB
S31580E12A60B32800EB90309DE5B218D4E1E83084E5F7
S31580E12A707720D4E5BC37D4E100108DE5F40084E21B
S31580E12A8014119FE5AE3600EB783094E5470F84E28A
S31580E12A902318A0E1FF1001E200108DE52314A0E1E7
S31580E12AA0FF1001E204108DE5FF1003E208108DE5C9
S31580E12AB07F10D4E57420D4E50C108DE5233CA0E1AC
S31580E12AC0D8109FE5010080E29D3600EB7C3094E5ED
S31580E12AD0130E84E2232AA0E12338A0E1C0109FE50A
S31580E12AE00F2002E20F3003E2020080E2943600EB2F
S31580E12AF0D80084E2E2F7FFEB0000A0E3000000EA01
S31580E12B000500A0E159DE8DE2F08DBDE80EAFE280F1
S31580E12B1040420F0080841E002DAFE28048AFE28004
S31580E12B20040101000202010000030100020101002B
S31580E12B3072AFE2808EAFE280BEAFE280DCAFE28050
S31580E12B40FBAFE2802EB0E28017B0E28001040100A3
S31580E12B5002040100030401002904010005040100C7
S31580E12B600001020000020200000302000A010200E5
S31580E12B70F1FFFF00F1FFFF8056B0E28072B0E280A4
S31580E12B809847E280EC52E280A447E28040787D017A
S31580E12B90CCCCCCCCAAAAAAAAF0F0F0F09AB0E2808A
S31580E12BA0B0B0E28098DAE28068209FE50630A0E363
S31580E12BB0D83080E5003092E5DC3080E5011083E2B3
S31580E12BC00130A0E3E430C0E54C309FE53C3180E55F
S31580E12BD048309FE5403180E544309FE5443180E5EA
S31580E12BE0603190E5040080E5000053E334309F05D1
S31580E12BF06031800530309FE5001082E5042093E561
S31580E12C00040083E5003080E5042080E5000082E56C
S31580E12C100000A0E31EFF2FE164FFE2807C1DE180DE
S31580E12C20A03CE180083BE180FFFF00002449E3808E
S31580E12C30F0452DE924D04DE20050A0E1D9FCFFEB2F
S31580E12C40000050E3050000DA0030A0E3343085E58A
S31580E12C50F0019FE5DFDFFFEB0F40E0E3760000EA7E
S31580E12C60E4019FE5DBDFFFEB343095E5000053E3DC
S31580E12C700300000AD4019FE5D6DFFFEB0040A0E325
S31580E12C806D0000EA543195E50500A0E133FF2FE1BF
S31580E12C90004050E2B8019F156200001A0500A0E1EC
S31580E12CA00110A0E3CCFCFFEB0130A0E3443085E5E5
S31580E12CB00500A0E18EFBFFEB004050E294019F15F9
S31580E12CC05800001AFA0FA0E38740C5E5AE3200EB63
S31580E12CD00830A0E3B430CDE17C219FE52C3095E549
S31580E12CE00500A0E1032002E0000052E36C319FE59C
S31580E12CF0AA30A0030C308DE504108DE21530A0E3F7
S31580E12D000420A0E108308DE577FBFFEB000050E37E
S31580E12D100800001A1030DDE5AA0053E30700001A27
S31580E12D203C719FE5307085E50040A0E1FA6FA0E354
S31580E12D303780A0E31C0000EA0040A0E1000000EA41
S31580E12D401040E0E31C019FE5360000EA2930A0E36C
S31580E12D502C2095E5B430CDE1FC309FE50500A0E17E
S31580E12D60023003E0302095E50C308DE5070052E135
S31580E12D700131830304108DE20020A0E30C308D0540
S31580E12D8008A08DE558FBFFEB000050E31F00001A19
S31580E12D90FA0FA0E37C3200EB10309DE5000053E3AF
S31580E12DA00C0000BA016056E21C00003A0020A0E364
S31580E12DB015A0A0E30500A0E104108DE2B480CDE189
S31580E12DC008A08DE50C208DE547FBFFEB000050E385
S31580E12DD0DDFFFF0A0D0000EA000056E30F00000A5E
S31580E12DE07C209FE5301095E5583085E5233FA0E1CD
S31580E12DF0020051E1013003E2012C4212403085E5C7
S31580E12E000030A0E330208515B438C5E1070000EA3B
S31580E12E10000050E30040A0E10400000A000000EA5F
S31580E12E201040E0E340009FE56ADFFFEB020000EA45
S31580E12E3038009FE538109FE566DFFFEB0400A0E1EF
S31580E12E4024D08DE2F085BDE8BDB0E280D3B0E280EA
S31580E12E50EDB0E2800AB1E28028B1E2800080FF0035
S31580E12E60AA0100000002020048B1E2806BB1E28073
S31580E12E708DB1E280FB55E28010402DE90040A0E172
S31580E12E800000A0E364B5FFEB343094E5000053E342
S31580E12E901A00001A6531D4E5000053E31300E0130C
S31580E12EA00100001A0400A0E160FFFFEB140070E36B
S31580E12EB0000050131080BD186431D4E5000053E35F
S31580E12EC00500001A0400A0E153FCFFEB000050E38B
S31580E12ED00120A0030500000A030000EA0400A0E146
S31580E12EE0FAFBFFEB000050E3F5FFFF0A0020A0E3C9
S31580E12EF0342084E50020A0E36521C4E51080BDE8A7
S31580E12F000000A0E31080BDE810402DE987FBFFEBD0
S31580E12F10004050E20100001A0000A0E31080BDE805
S31580E12F20D4FFFFEB000050E3FAFFFF1AD80084E2FA
S31580E12F301080BDE8F8402DE94C509FE50060A0E1A6
S31580E12F40004095E50570A0E1050054E10B00000A1B
S31580E12F5038009FE5081084E2DC2094E51DDFFFEB75
S31580E12F60003094E5070053E10200000A20009FE566
S31580E12F700610A0E117DFFFEB004094E5F1FFFFEAE1
S31580E12F8010009FE5F840BDE812DFFFEA2449E380BF
S31580E12F909BB1E280A2B1E28011CFE28004309FE56D
S31580E12FA0000093E51EFF2FE164FFE2807F402DE97B
S31580E12FB0F8309FE5F8209FE50040A0E30360A0E1BB
S31580E12FC0003083E5043083E5004082E50400A0E13A
S31580E12FD008108DE2660200EB005050E20600001A0E
S31580E12FE0014084E2030054E3F7FFFF1AC4009FE542
S31580E12FF0F8DEFFEB0000A0E32A0000EA08309DE559
S31580E130000220C3E3010052E31300001AA8209FE5E2
S31580E13010010053E3A4109FE5A4009FE50210A011EF
S31580E13020ECDEFFEB0030E0E30010A0E300308DE55D
S31580E130300400A0E10120A0E1FF30A0E3E00100EB84
S31580E13040000050E30000E0B3160000BA2C00A0E3D4
S31580E13050B7FFFFEB004096E50F0000EA0C109DE517
S31580E1306060009FE5DBDEFFEB0030E0E30010A0E3EC
S31580E1307000308DE50400A0E10120A0E10C309DE562
S31580E13080EDFFFFEA6631D4E5000053E30100000A73
S31580E130900400A0E1E5FEFFEB004094E5060054E183
S31580E130A0F7FFFF1AD2FFFFEA10D08DE27080BDE80C
S31580E130B02449E38064FFE280E5B1E280ADB1E2805C
S31580E130C0A6B1E280B8B1E280CCB1E2800000A0E3B3
S31580E130D01EFF2FE1283090E5082093E518309FE523
S31580E130E0A23283E00331A0E1000093E51F2002E2F2
S31580E130F03002A0E1010000E21EFF2FE10AC00508CF
S31580E1310038402DE90040A0E10150A0E10100A0E1B5
S31580E131102C109FE59C3000EB000050E30600000A8E
S31580E131200500A0E11C109FE5973000EB000050E31D
S31580E131300400A0010000A0133880BDE80000E0E3B0
S31580E131403880BDE8F6B1E280FDB1E280FBC001E204
S31580E13150290051E301005C1382C3A0E110402DE90F
S31580E1316001EB8C0301C08C138140A0E101E08E0369
S31580E13170000090E504C08E0104C08C11000052E38A
S31580E13180083080E50CC080E50300001A343090E514
S31580E13190200013E3FCFFFF0A0F0000EAFD2002E2B4
S31580E131A0010052E30800001A342090E5050012E39D
S31580E131B00200000A28009FE586DEFFEB040000EAB4
S31580E131C0100012E3F7FFFF0A030000EA14009FE50F
S31580E131D080DEFFEB0000A0E31080BDE80100A0E304
S31580E131E01080BDE804B2E28024B2E280F8402DE9A5
S31580E131F0007051E2F880BD08870052E10250A0E1FB
S31580E132000020A0330060A0E10240A0310C00003A2A
S31580E132100500A0E1744200EB0710A0E10040A0E1C7
S31580E132200500A0E19A4200EB000051E301408412DF
S31580E13230024044E2A420A0E1FF2002E2043062E001
S31580E13240FF4003E2024484E1003096E51B4884E3D3
S31580E13250044083E5F880BDE838402DE9283090E5E3
S31580E132600050A0E10C2093E5000052E31400001A1F
S31580E132700243A0E31C3094E50230C3E31C3084E5CD
S31580E13280203094E58C019FE5022083E30230C3E39D
S31580E13290202084E5203084E54EDEFFEB743194E531
S31580E132A03F34C3E3093483E3743184E5782194E5DB
S31580E132B064319FE5FF2402E2033082E1783184E5DF
S31580E132C0420000EA010052E31F00001A0243A0E334
S31580E132D048019FE53FDEFFEB1C3094E50430C3E314
S31580E132E03C019FE51C3084E53ADEFFEB203094E536
S31580E132F030019FE5042083E30430C3E3202084E5A5
S31580E13300203084E533DEFFEB603194E5FF35C3E3BE
S31580E133100F37C3E3493583E3023783E3603184E5DD
S31580E13320643194E53F30C3E3123083E3643184E56D
S31580E13330D03194E53F3883E3D03184E5E43194E5D7
S31580E133403F38C3E3E43184E5200000EA020052E33A
S31580E133501700001A0243A0E3FC3094E50830C3E38A
S31580E13360FC3084E5FC3094E5BC009FE5022783E3ED
S31580E133700237C3E3FC2084E5FC3084E515DEFFEB10
S31580E133805C3194E52339A0E10339A0E1493B83E34C
S31580E13390923083E35C3184E5D83194E56E35C3E3DD
S31580E133A0D83184E5D83194E5013383E3D83184E5B6
S31580E133B0060000EA74109FE574009FE505DEFFEBE9
S31580E133C070109FE570009FE502DEFFEB080000EAE2
S31580E133D068409FE5000094E562F9FFEB0110A0E308
S31580E133E0000094E555F9FFEB000094E50010A0E3B9
S31580E133F021F9FFEB51B4FFEB44109FE50020A0E1FA
S31580E13400280095E578FFFFEB6400A0E3EA3000EB66
S31580E134100000A0E33880BDE835B2E280499224001D
S31580E1342045B2E28058B2E28068B2E28078B2E28068
S31580E13430DA56E28088B2E280EF56E280A7B2E28095
S31580E13440804DE380801A0600F8452DE9B030D1E160
S31580E134500070A0E1330053E30140A0E102A0A0E1C6
S31580E13460288090E50100001A90029FE5C63000EBC6
S31580E13470043094E5000053E30360A0010300000AF1
S31580E13480020013E32332A001016003020360A0136B
S31580E13490280097E5003090E5343093E5030B13E39C
S31580E134A00C00001AB030D4E1190053E30B00000A96
S31580E134B00010D4E5280097E50620A0E1083094E5E0
S31580E134C021FFFFEB000050E334029F05B010D401E9
S31580E134D01200001ABFDDFFEB0000E0E3F885BDE8EE
S31580E134E0B438D7E108509AE53710A0E30120A0E38C
S31580E134F00338A0E114FFFFEB0530A0E1280097E552
S31580E135001710A0E30120A0E30FFFFFEB005050E28C
S31580E13510E6FFFF1AEC019FE5AEDDFFEB0F0000EA67
S31580E13520043094E5010013E30A00000A020013E384
S31580E13530003098E5142093151820841518209315EA
S31580E1354014208415143093051C209315203093158F
S31580E13550102084150C3084E500005AE30100001A3E
S31580E135600000A0E3F885BDE804209AE5013012E287
S31580E135703700000A442097E50C009AE508309AE581
S31580E1358028C097E5040052E3900303E000109CE530
S31580E135900B20A0030320A013002882E102E5A0E32B
S31580E135A00000A0E300409AE524E081E5283081E54A
S31580E135B02C2081E500209CE5341092E5010A11E397
S31580E135C00900000A406092E500E084E00020A0E383
S31580E135D03652A0E1082082E2200052E30150CEE497
S31580E135E0FAFFFF1A040080E2043043E2012043E25D
S31580E135F0020052E30C00008A400011E30A00000A4F
S31580E1360000209CE5005084E0406092E50020A0E344
S31580E1361082E1A0E136EEA0E102E0C5E7012082E2A7
S31580E13620030052E1F9FFFF1A0030A0E30A0011E33B
S31580E136300400000AD0009FE566DDFFEBCC009FE544
S31580E13640CC109FE5A2FFFFEA020B11E3D8FFFF1A38
S31580E13650C2FFFFEA020012E3C0FFFF0A441097E5CA
S31580E136600C009AE508409AE5282097E5040051E3A5
S31580E13670900404E0002092E50910A0030110A01354
S31580E1368002C5A0E3001881E100E09AE524C082E565
S31580E13690284082E52C1082E5040053E1341092E55E
S31580E136A00C00002A020A11E30A00000A03508EE0A8
S31580E136B00200D5E501C0D5E50008A0E10C0480E172
S31580E136C003C0DEE7043083E20C0080E103C0D5E588
S31580E136D00C0C80E1400082E50A0011E30400000A57
S31580E136E024009FE53BDDFFEB28009FE528109FE561
S31580E136F077FFFFEA010B11E3E6FFFF1A97FFFFEA87
S31580E1370050C30000F8B2E280BFB2E28018B3E28033
S31580E137103CB3E2800157E28052B3E2801257E28005
S31580E1372038402DE9483090E50040A0E1010053E3BF
S31580E137300600001A4C5090E580B3FFEB0510A0E13E
S31580E137400020A0E1280094E53840BDE8A6FEFFEA26
S31580E13750020053E31400001A445090E5B438D0E1F6
S31580E13760040055E30250A0030050A0133710A0E3F4
S31580E137700120A0E30338A0E1280090E572FEFFEB8B
S31580E13780280094E50610A0E30120A0E30530A0E13E
S31580E137906DFEFFEB000050E33880BD1814009FE515
S31580E137A014109FE53840BDE80ADDFFEA0C009FE58D
S31580E137B03840BDE807DDFFEA69B3E2802457E2805D
S31580E137C088B3E28017CEA0E3900C0CE0F34D2DE9AF
S31580E137D050619FE50040A0E108008CE200108DE594
S31580E137E044519FE5000086E040119FE50CA086E00C
S31580E137F00280A0E103B0A0E10472A0E1503300EBC6
S31580E138002C319FE5072085E0010054E34C318AE5C0
S31580E1381020319FE550318AE528208AE518319FE5F8
S31580E1382018219F0554318AE5102085050700000A95
S31580E13830020054E308219F05202085050300000A44
S31580E13840000054E3FC209FE50020850504228517CE
S31580E13850072085E0F0109FE50C4082E50B00A0E1B2
S31580E1386004208DE525FEFFEB04209DE5075085E0EC
S31580E13870010070E3040082E5172EA0139462221002
S31580E13880C8109F155811821528009DE5C0109FE547
S31580E138901AFEFFEBBC109FE5010070E3173EA01313
S31580E138A094632310B0209F155C21831500309DE53C
S31580E138B0A8209FE50370E0E1173EA0E3946323E04F
S31580E138C0072002E0542083E5000058E3382083E2B4
S31580E138D0080085E5381083E5048082150600001A24
S31580E138E0010017E378309F050200000A100017E314
S31580E138F070309F1570309F05043082E5173EA0E356
S31580E13900936424E00830A0E3603184E55C309FE590
S31580E139102C3084E50A00A0E1A2FCFFEB0000A0E3E5
S31580E1392008D08DE2F08DBDE83049E380844DE380B7
S31580E13930A8B3E2804834E1802037E1805832E180E3
S31580E139400080102000001B2000001020FDB1E280E5
S31580E13950CC30E180F6B1E280801A0600D430E18095
S31580E1396011080000002D31010075190380BA8C0120
S31580E139700080FF00F0402DE94C5099E51CD04DE2E6
S31580E139800C20A0E30060A0E10170A0E10C008DE2D3
S31580E139900010A0E3052F00EB0500A0E1421D00EB3E
S31580E139A0004050E238019F150410A0110700001A6B
S31580E139B0022086E20500A0E10410A0E1582500EB93
S31580E139C0006050E2030000AA18019FE50610A0E11D
S31580E139D080DCFFEB040000EA0500A0E10610A0E12F
S31580E139E0402500EB000050E30100001A0000A0E34F
S31580E139F0390000EA0500A0E10610A0E1E8209FE594
S31580E13A009F2500EB000050E3F7FFFF0A0500A0E1E8
S31580E13A100610A0E1D4209FE5992500EB000050E354
S31580E13A20F1FFFF1A0500A0E10610A0E1C0209FE5A5
S31580E13A30932500EBBC409FE5000050E30030E003B6
S31580E13A400700000A0330A0E300308DE50500A0E120
S31580E13A500C308DE20610A0E194209FE56B2500EB0A
S31580E13A6010309DE50500A0E10610A0E188209FE5E4
S31580E13A70003084E5822500EB000050E30100A013CD
S31580E13A80000087151400001A0340A0E300408DE58D
S31580E13A900500A0E10610A0E160209FE50C308DE2F3
S31580E13AA05A2500EB000050E30230A0030030870581
S31580E13AB010309D05043087050600000A0500A0E167
S31580E13AC00610A0E138209FE56D2500EB000050E36C
S31580E13AD0C5FFFF0A004087E50100A0E31CD08DE227
S31580E13AE0F080BDE8B1C1E280AFB3E280BBB3E280F2
S31580E13AF0CCB3E280D9B3E280804DE380A6B1E280A7
S31580E13B00E4B3E280F0B3E280F04D2DE928D04DE2D6
S31580E13B1001A0A0E10280A0E184F8FFEB005050E231
S31580E13B200040E0035800000A944095E50A00A0E1D0
S31580E13B300410A0E1564000EB000051E30400001AB6
S31580E13B400800A0E10410A0E1514000EB000051E340
S31580E13B500800000A043088E0002064E20A3083E04D
S31580E13B60023003E02C019FE50410A0E10A2002E087
S31580E13B70013043E217DCFFEB0070A0E315B0A0E370
S31580E13B80080057E13800002A943095E5086067E03F
S31580E13B90030056E10360A021403095E50A2087E0E5
S31580E13BA0000053E390109505013042E20630830030
S31580E13BB09103030091020200301095E506308310EF
S31580E13BC0021801E2000051E32010A0132310A003A4
S31580E13BD021C0A01324C0A003BC10CDE114208DE543
S31580E13BE00500A0E10C108DE20020A0E304308DE514
S31580E13BF000C08DE510B08DE5BBF7FFEB00C09DE51C
S31580E13C0004309DE5004050E21300001A0420A0E153
S31580E13C100500A0E10C108DE2BCC0CDE114308DE54C
S31580E13C20B1F7FFEB004050E20B00001A2630A0E32B
S31580E13C30BC30CDE10231A0E314308DE50420A0E172
S31580E13C401D30A0E30500A0E10C108DE210308DE57A
S31580E13C50A5F7FFEB004050E20500000A38009FE53A
S31580E13C60D0DBFFEB000054E30100000A0740A0E14E
S31580E13C70050000EA0500A0E1FA1FA0E3D9F7FFEB12
S31580E13C80067087E0000050E3BCFFFF0A0400A0E174
S31580E13C9028D08DE2F08DBDE8FEB3E2805BB4E280B0
S31580E13CA0F04D2DE930D04DE201B0A0E10260A0E116
S31580E13CB003A0A0E11DF8FFEB004050E20100001AED
S31580E13CC00000A0E3480000EA901094E50BF8FFEBD2
S31580E13CD0000050E3F9FFFF1A0670A0E1603194E538
S31580E13CE0E82094E5030057E10750A0310350A02175
S31580E13CF00B8085E0020058E10300009A0810A0E1FC
S31580E13D00EC009FE5B3DBFFEB190000EA000055E329
S31580E13D101700000A010055E31830A0031930A013FB
S31580E13D20B431CDE1403094E51520A0E3000053E3C2
S31580E13D30903094E518208DE5930B0B0010308DE5DE
S31580E13D400400A0E10230A0E314108DE204208DE2AC
S31580E13D501CB08DE504A08DE50C508DE508308DE530
S31580E13D6061F7FFEB00B050E20300000A84009FE5B3
S31580E13D7098DBFFEB00C0A0E3130000EA010055E306
S31580E13D800B00000A0C30A0E3B431CDE10400A0E1E0
S31580E13D901D30A0E314108DE20B20A0E11CB08DE56F
S31580E13DA018308DE550F7FFEB000050E348009F1592
S31580E13DB0EEFFFF1A0400A0E1FA1FA0E389F7FFEB0B
S31580E13DC0000050E3EAFFFF1A05C0A0E105005CE1CF
S31580E13DD0BAFFFF1A903094E50C7057E093AC2AE075
S31580E13DE008B0A0E1BCFFFF1A0600A0E130D08DE269
S31580E13DF0F08DBDE8C7AEE2806DB4E280F3AEE280DD
S31580E13E00143090E510402DE9000053E30040A0E135
S31580E13E100300001A60009FE560109FE51420A0E38F
S31580E13E206CDBFFEB58109FE50020A0E3023191E7C0
S31580E13E30000053E30900001A200094E540109FE555
S31580E13E40000050E3024181E7AC3084E5282084E537
S31580E13E500700001A303094E5203084E51080BDE813
S31580E13E60012082E2200052E3EFFFFF1A0100A0E386
S31580E13E701080BDE80300A0E11080BDE87FB4E28058
S31580E13E8095B4E280B44DE38070402DE95C609FE5B6
S31580E13E900050A0E10040A0E3043196E7000053E33F
S31580E13EA00A00000A0500A0E1241093E5362D00EB17
S31580E13EB0000050E30500001A30309FE5040193E7E6
S31580E13EC0000050E30500001A1200E0E37080BDE8CF
S31580E13ED0014084E2200054E3EEFFFF1AF9FFFFEA96
S31580E13EE0AC3090E5013083E2AC3080E57080BDE8AE
S31580E13EF0B44DE380F7402DE924409DE501C0A0E182
S31580E13F00000054E30360A0E10130A0130330A00375
S31580E13F1000308DE58211A0E10030A0E30C20A0E124
S31580E13F200070A0E120509DE5220D00EB000050E3FA
S31580E13F300A00001A000054E30800000A0230A0E3F8
S31580E13F4020308DE50700A0E18411A0E10620A0E103
S31580E13F500530A0E10CD08DE2F040BDE8150D00EA18
S31580E13F600CD08DE2F080BDE807402DE900308DE58B
S31580E13F7010309DE504308DE50030A0E3DCFFFFEBFA
S31580E13F800CD08DE204F09DE41F402DE902E0A0E132
S31580E13F9010C08DE201106CE50120A0E300308DE5D3
S31580E13FA00C10A0E10E30A0E1EEFFFFEB14D08DE224
S31580E13FB004F09DE407402DE900C0A0E300C08DE553
S31580E13FC010C09DE504C08DE5C9FFFFEB0CD08DE205
S31580E13FD004F09DE4F04D2DE900C0A0E328D04DE248
S31580E13FE00CC08DE5D60A00EB005050E20300001AC2
S31580E13FF00C069FE5F7DAFFEB0560A0E17D0100EABB
S31580E14000400B00EB001050E20200000AF4059FE548
S31580E14010F0DAFFEBBF0000EA0500A0E19F10A0E324
S31580E1402010208DE20530A0E3D6FFFFEB000050E3E0
S31580E14030D4059F15B400001A1230DDE51140DDE5A7
S31580E140401370DDE5044483E1C0A59FE51430DDE529
S31580E14050BCB59FE5077483E10060A0E15A30A0E337
S31580E140600A80A0E11830CDE51900CDE51A00CDE54D
S31580E140701B00CDE51C00CDE504309AE51020DDE599
S31580E14080230852E11A00001A0328A0E1220854E12C
S31580E140901700001A0B0053E10D00001A0730A0E368
S31580E140A000308DE50500A0E118108DE20520A0E342
S31580E140B020308DE2ABFFFFEB000050E354059F1506
S31580E140C09100001A2000DDE5530050E35300A00380
S31580E140D00000A013B830DAE1000053E30100000AE2
S31580E140E0070053E10200001A18309AE5000053E117
S31580E140F00B00000A016086E24C0056E31CA08AE2CE
S31580E14100DCFFFF1A10059FE5B2DAFFEB1010DDE563
S31580E141100420A0E10730A0E100059FE5ADDAFFEBE1
S31580E141207A0000EA5C00A0E391DCFFEB1CB0A0E33F
S31580E14130960B0BE00BA088E0004050E27300000A8A
S31580E141400010A0E35C20A0E3182D00EBBC349FE5D2
S31580E14150CC149FE50B3093E7043084E50C3095E58C
S31580E141604C3084E5103095E54430C4E514309AE569
S31580E14170483084E504209AE50030A0E3005084E5E8
S31580E14180082084E503C081E0183083E2030081E002
S31580E14190180010E5020050E16200001A0F00BCE849
S31580E141A024E084E20F00AEE803009CE80430A0E35B
S31580E141B003008EE84430C4E568349FE5543084E5F5
S31580E141C064349FE5583084E560349FE5503084E57A
S31580E141D01C30A0E3968323E04D0C57E30C1093E566
S31580E141E0102093E5143093E5910202E0027CA0036E
S31580E141F0017CA013020013E32030A0132030C41504
S31580E14200107084E5141084E50C2084E5013AA0134E
S31580E142104700000A183084E50530A0E31F30C4E585
S31580E14220010452E30030A0E30B30CDE54900008A7A
S31580E142301E30C4E50B30A0E33F30C4E52030A0E377
S31580E142404130C4E54330C4E54030C4E54230C4E59D
S31580E142500130A0E33C30C4E54430D4E50220A0E35C
S31580E14260020013E33E20C4E54C00001A043013E259
S31580E142706500001AB8239FE5001092E5000051E33E
S31580E142808500000AAC039FE5AC339FE5243080E5E9
S31580E142900630A0E30C2094E50030C0E5103094E5CB
S31580E142A0143080E50030A0E3F820C0E10070A0E39F
S31580E142B0183094E5103080E5347080E5CFFEFFEB71
S31580E142C00400A0E1200100EB070054E10460A0E1D5
S31580E142D00E00000A0C3094E5010453E3C300009A12
S31580E142E058039FE52FDAFFEB483094E5020913E3A3
S31580E142F0BE00000A0400A0E120108DE27D0200EB01
S31580E14300070050E138039FB5820000AA31DAFFEB5E
S31580E143100500A0E17D0A00EB0500A0E1720A00EB51
S31580E143200060A0E3B30000EA2A0E53E394FFFF1A8C
S31580E1433099FFFFEA040013E32730E0032030C40548
S31580E1434018108405B3FFFF0A5230A0E32030C4E59C
S31580E143500239A0E3AEFFFFEA1030DDE50120A0E3FC
S31580E14360010053E31630A003C830A0131C30C4E526
S31580E143701730A003C530A0131D30C4E50400A0E1C9
S31580E1438000208DE51C1084E20B308DE2420200EBC9
S31580E14390000050E3DDFFFF1A0B30DDE5A3FFFFEA06
S31580E143A014209AE5200012E33B20A0133F20C41598
S31580E143B04020A0134120C4150500001A100012E325
S31580E143C04420E0133F20C4154020A0134120C415AA
S31580E143D04320C41514209AE5020C12E31220A0139F
S31580E143E03E20C4154020A0134020C4159EFFFF1A2D
S31580E143F0010C12E31820A0133E20C4154020A0131F
S31580E144004020C4154220C41597FFFFEA14209AE59F
S31580E14410800012E30600000A6B20A0E33F20C4E59A
S31580E144207F20E0E34120C4E52020A0E34320C4E5EA
S31580E14430080000EA400012E30600000A1420E0E3E7
S31580E144403F20C4E57F20E0E34120C4E54320C4E585
S31580E144500320A0E33C20C4E514209AE5020B12E395
S31580E144600500000A3220A0E33E20C4E57F20E0E398
S31580E144704020C4E52020A0E3050000EA010B12E319
S31580E144807BFFFF0A3820A0E33E20C4E57F20E0E3FE
S31580E144904020C4E54220C4E575FFFFEA0110A0E3B0
S31580E144A0000053E3001082E51000000A1C30A0E30F
S31580E144B0968323E0143093E5C30E13E30B00000AE1
S31580E144C0020813E36EFFFF1A0400A0E1AC0000EBE3
S31580E144D0000050E36AFFFF0A4430D4E564019FE5BA
S31580E144E00430C3E34430C4E5BAD9FFEB64FFFFEAA5
S31580E144F01C30A0E3938626E0143096E5C30E13E3E1
S31580E145005FFFFF0A020813E35DFFFF1A0400A0E1E3
S31580E145109B0000EB5AFFFFEA303094E520209DE5D1
S31580E145202336A0E1FF3003E20140A0E3143312E039
S31580E145302C00000A10019FE5A6D9FFEB301096E525
S31580E1454020309DE52116A0E1FF1001E21411C3E1BF
S31580E145501130A0E320108DE52118A0E11830CDE5DA
S31580E14560FF1001E20230A0E30C108DE500308DE50D
S31580E145700600A0E118108DE20420A0E10C308DE266
S31580E14580960000EB000050E3010000AABC009FE525
S31580E145905DFFFFEA6630A0E31830CDE500708DE57A
S31580E145A00600A0E118108DE20420A0E10730A0E129
S31580E145B08A0000EB000050E3F3FFFFBA6630E0E3E8
S31580E145C01830CDE500708DE50600A0E118108DE28A
S31580E145D00420A0E10730A0E1800000EB000050E379
S31580E145E0020000AAE8FFFFEA64009FE579D9FFEBC4
S31580E145F00500A0E1C50900EB0600A0E128D08DE227
S31580E14600F08DBDE833B6E2804FB6E28070B6E280E7
S31580E146100448E2801740C8008BB6E280C1B7E280E9
S31580E14620DDB7E28068FFE280BC4EE180244AE1802A
S31580E146302850E180344EE380384EE380DEB6E28076
S31580E14640E3B6E28014B7E280A8B6E28036B7E280CC
S31580E1465076B7E28099B7E28010402DE90040A0E18B
S31580E14660000090E5A00900EB0400A0E11040BDE860
S31580E14670B2DAFFEAFF412DE9006090E51F30D0E52F
S31580E1468010208DE2013062E50130A0E300308DE556
S31580E146900050A0E10170A0E10600A0E10810A0E3CE
S31580E146A00030A0E3430B00EB004050E20400A01190
S31580E146B02300001A58AFFFEB0080A0E100408DE5B2
S31580E146C00600A0E10810A0E30020A0E30E308DE211
S31580E146D0380B00EB000050E31800001A2A30D5E5CC
S31580E146E00E20DDE50F3003E25233A0E1010013E352
S31580E146F00D00001A0010A0E30230A0E300308DE542
S31580E147000600A0E10130A0E10120A0E1290B00EB48
S31580E147102A00D5E50E30DDE50F0000E25300A0E189
S31580E14720010010E20000E013050000EA0800A0E1C4
S31580E1473039AFFFEB070050E1DFFFFF3AECFFFFEA1D
S31580E147400000E0E310D08DE2F081BDE837402DE94D
S31580E147507D1EA0E30050A0E1C5FFFFEB004050E2E3
S31580E147600F00E0130400001A343095E50500A0E15E
S31580E1477004108DE233FF2FE10400A0E10CD08DE23D
S31580E147803080BDE837402DE97D1EA0E30040A0E101
S31580E14790B7FFFFEB005050E20F00E0130D00001A67
S31580E147A0343094E504108DE20400A0E133FF2FE17B
S31580E147B02E10D4E504309DE50120A0E32112A0E18D
S31580E147C0121183E10400A0E104108DE5383094E50F
S31580E147D033FF2FE10500A0E10CD08DE23080BDE80A
S31580E147E0F7452DE9005090E5000053E30060A0E134
S31580E147F00500A0E10280A0E101A0A0E10370A0E1B3
S31580E1480074409FE57D4EA0133E0900EB002050E207
S31580E148100200A0111600001A000096E50610A0E33A
S31580E148200230A0E1D7FDFFEB000050E3100000BAB3
S31580E1483028309DE500308DE50500A0E10A10A0E174
S31580E148400820A0E10730A0E1D9FDFFEB000050E3AD
S31580E14850070000BA0410A0E10600A0E184FFFFEBA7
S31580E14860004050E2010000BA0500A0E1270900EB13
S31580E148700400A0E10CD08DE2F085BDE8881300004C
S31580E148807F402DE90140A0E30F10CDE50150A0E185
S31580E1489000408DE50E108DE20420A0E10F308DE21F
S31580E148A00060A0E10E40CDE5CCFFFFEB000050E3D8
S31580E148B00E0000BA483096E5013A13E20300A00102
S31580E148C00A00000A3130A0E30E30CDE52554A0E19F
S31580E148D000408DE50600A0E10E108DE20420A0E106
S31580E148E00F308DE20F50CDE5BCFFFFEBC00F00E04E
S31580E148F010D08DE27080BDE870402DE90030A0E3F4
S31580E1490018D04DE214308DE5483090E50140A0E3C2
S31580E14910020A13E30060A0E10C108DE51340CDE5BA
S31580E149200700001A010A13E30230A0130430A00144
S31580E1493000308DE513108DE20420A0E10C308DE28C
S31580E149401E0000EAFF1001E218508DE2041025E511
S31580E149500420A0E100408DE513108DE20530A0E151
S31580E149609EFFFFEB000050E3160000BA3130A0E372
S31580E149701330CDE50D30DDE514308DE500408DE574
S31580E149800600A0E113108DE20420A0E10530A0E14C
S31580E1499092FFFFEB000050E30A0000BA1130A0E37A
S31580E149A01330CDE50E30DDE514308DE50600A0E16E
S31580E149B013108DE20420A0E10530A0E100408DE5F1
S31580E149C086FFFFEBC00F00E018D08DE27080BDE876
S31580E149D010402DE91E30D0E518D04DE2010053E1BB
S31580E149E00040A0E10F10CDE50A00000A1D30D0E5B8
S31580E149F018108DE20120A0E3013061E500208DE50C
S31580E14A000F308DE275FFFFEB000050E3020000BA44
S31580E14A100F30DDE51E30C4E50000A0E318D08DE25D
S31580E14A201080BDE8F04D2DE928D04DE2023081E0DD
S31580E14A300C008DE50000A0E30240A0E10180A0E149
S31580E14A4018308DE574AEFFEB020A54E32436A021DB
S31580E14A500130A03310308DE50C309DE514008DE5F5
S31580E14A60000093E5290800EB0C309DE50800A0E104
S31580E14A70185093E50510A0E1853C00EB000051E379
S31580E14A808000001A0400A0E10510A0E1803C00EB63
S31580E14A90000051E37B00001A010854E31D00003A4F
S31580E14AA00838A0E12338B0E10E00000A012863E26C
S31580E14AB02256A0E1022AB0E1012844E2033082E0F5
S31580E14AC00328A0E10150851222C8B0E12368A0E164
S31580E14AD00CA0A0011600000A22AEA0E1033AB0E1E3
S31580E14AE001A08A12120000EA0428A0E122C8B0E1FE
S31580E14AF00CA0A0012468A0E10A50A0010C00000AE4
S31580E14B00045AA0E1255AB0E122AEA0E101A08A12C1
S31580E14B100350A011060000EA043AA0E1233AB0E18D
S31580E14B2024A6A0E101A08A120160A0110360A00180
S31580E14B300650A0E10000A0E337AEFFEB0870A0E1EC
S31580E14B4000B0A0E10000E0E3000054E34E00000A7B
S31580E14B500B00A0E130AEFFEB640050E31D00009A4C
S31580E14B6018309DE510109DE5030067E01E3C00EBE3
S31580E14B7007B068E0643060E21C308DE510319FE576
S31580E14B8014009DE503005BE10500009A22AEFFEB90
S31580E14B902015A0E1010051E30B00A0E10110A03353
S31580E14BA0040000EA1CAEFFEB010050E30010A021F7
S31580E14BB00110A0330B05A0E10B3C00EB1C109DE539
S31580E14BC00020A0E1CC009FE502D8FFEB0000A0E346
S31580E14BD011AEFFEB00B0A0E10C009DE5271CA0E142
S31580E14BE07AFFFFEB000050E3270000BA000055E3AF
S31580E14BF00100000A2030A0E3020000EA000056E34B
S31580E14C000200000A2730E0E32430CDE5010000EA26
S31580E14C1000005AE3F6FFFF1A2738A0E12530CDE5FB
S31580E14C202734A0E12630CDE50030A0E300308DE5E4
S31580E14C300C009DE524108DE20420A0E32770CDE5EC
S31580E14C40E6FEFFEB000050E30F0000BA000055E3FB
S31580E14C50017A8712014A441201504512B9FFFF1ABF
S31580E14C60000056E30178871201484412016046123A
S31580E14C70B4FFFF1A00005AE3017A8712014A44120F
S31580E14C8001A04A12AFFFFFEA0000E0E328D08DE2FF
S31580E14C90F08DBDE8FEFF3F003DC1E280F7402DE9A2
S31580E14CA0005090E50170A0E10500A0E10260A0E17D
S31580E14CB00340A0E1130800EB000050E30B00001A6B
S31580E14CC020309DE500308DE50500A0E10430A0E1CE
S31580E14CD00710A0E10620A0E1A2FCFFEB004050E234
S31580E14CE0010000BA0500A0E1080800EB0400A0E19C
S31580E14CF00CD08DE2F080BDE8F0402DE914D04DE294
S31580E14D0010508DE20530A0E30170A0E3023065E545
S31580E14D100140A0E100708DE50510A0E10720A0E14A
S31580E14D200F308DE20060A0E1DBFFFFEB000050E396
S31580E14D30240000BA0F30DDE5003084E5483096E5A1
S31580E14D40010A13E30D00000A3530A0E30E30CDE50C
S31580E14D5000708DE50600A0E10510A0E10720A0E145
S31580E14D600F308DE2CCFFFFEB000050E3150000BA77
S31580E14D70003094E50F20DDE5023483E1003084E5FF
S31580E14D80483096E5020A13E30D00000A1530A0E3E8
S31580E14D900120A0E30E30CDE500208DE50600A0E1FF
S31580E14DA00510A0E10F308DE2BBFFFFEB000050E381
S31580E14DB0040000BA003094E50F20DDE5023883E196
S31580E14DC0003084E5000094E514D08DE2F080BDE802
S31580E14DD0FF4D2DE9005090E5000053E3D4609FE557
S31580E14DE00040A0E17D6EA0130500A0E10C608DE599
S31580E14DF001A0A0E102B0A0E130709DE50380A0E1D1
S31580E14E00C00700EB006050E20600A0112700001AFF
S31580E14E10000094E50610A0E30620A0E10630A0E1BB
S31580E14E2058FCFFEB000050E3200000BA000057E396
S31580E14E304230D4E50120A0130320A003033082E1B0
S31580E14E4000308DE50500A0E18B11A0E10A20A0E10B
S31580E14E500630A0E1570900EB000057E3100F6FE140
S31580E14E60A002A0E10000A003000050E30700000AD1
S31580E14E704030D4E50500A0E1023083E300308DE5E2
S31580E14E808711A0E10820A0E10630A0E1490900EB05
S31580E14E900400A0E10C109DE5F5FDFFEB004050E23A
S31580E14EA0010000BA0500A0E1980700EB0400A0E14B
S31580E14EB010D08DE2F08DBDE888130000F04D2DE92C
S31580E14EC018D04DE200B0A0E10C308DE510A090E560
S31580E14ED03E30D0E518708DE20150A0E10280A0E17C
S31580E14EE00000E0E30060A0E3043067E5080056E1F6
S31580E14EF02200002A0B00A0E1251CA0E1B3FEFFEB16
S31580E14F00000050E31D0000BA0500A0E10A10A0E10F
S31580E14F105F3B00EB083066E00A1061E0030051E197
S31580E14F200340A02100309BE50140A031083093E5A4
S31580E14F30000053E30100000A030054E10340A0218D
S31580E14F402538A0E11530CDE52534A0E11630CDE553
S31580E14F500C309DE500408DE50B00A0E10710A0E156
S31580E14F600420A0E3063083E01750CDE597FFFFEB01
S31580E14F70000050E3045085A0046086A0DAFFFFAA12
S31580E14F8018D08DE2F08DBDE8F34D2DE9005090E526
S31580E14F900080A0E10500A0E101A0A0E102B0A0E1CE
S31580E14FA00370A0E128609DE5560700EB004050E2E2
S31580E14FB01900001A000056E34330D8E50120A0131A
S31580E14FC00320A003033082E100308DE50500A0E1F6
S31580E14FD00430A0E18B11A0E10A20A0E1F50800EB05
S31580E14FE0004050E20A00001A000056E30800000A79
S31580E14FF04120D8E50500A0E1022082E300208DE58D
S31580E150008611A0E10420A0E10730A0E1E90800EBE8
S31580E150100040A0E10500A0E13C0700EB0400A0E12F
S31580E1502008D08DE2F08DBDE8F0452DE90380A0E161
S31580E150304C3090E514D04DE2000053E30050A0E1FE
S31580E150400160A0E102A0A0E11400000A0010A0E343
S31580E150500830A0E300308DE50120A0E10130A0E138
S31580E15060000090E5D30800EB4C1095E50A20A0E11D
S31580E15070061081E00800A0E1632900EB0010A0E3BF
S31580E150801030A0E300308DE5000095E50120A0E138
S31580E150900130A0E1C70800EB0000A0E3260000EAAA
S31580E150A03C70D0E53F20D0E5047087E2FF7007E2EF
S31580E150B00000E0E30820CDE50C30CDE50D30CDE50F
S31580E150C00E30CDE50F30CDE500005AE31A00000A37
S31580E150D0264CA0E10500A0E10410A0E13BFEFFEB38
S31580E150E0000050E31400001A014084E2044CA0E180
S31580E150F0044066E00A0054E12638A0E10A40A02196
S31580E151000930CDE52634A0E10A30CDE500408DE5D4
S31580E151100500A0E108108DE20720A0E10830A0E1BA
S31580E151200B60CDE597FFFFEB000050E3046086A0BE
S31580E151300AA064A0048088A0E2FFFFAA14D08DE2D1
S31580E15140F085BDE80223A0E11F2D02E2811DA0E1E9
S31580E15150052082E3212882E130109FE510C080E2BC
S31580E15160102080E500209CE5012012E20300000A80
S31580E15170011051E2FAFFFF1A0100E0E31EFF2FE181
S31580E15180141090E5B010C3E10200A0E11EFF2FE10B
S31580E15190102700000223A0E11F2D02E2072082E30F
S31580E151A0811DA0E1143080E5211882E120309FE560
S31580E151B0102080E2101080E5000092E5010010E207
S31580E151C01EFF2F01013053E2FAFFFF1A0100E0E3EF
S31580E151D01EFF2FE11027000037402DE90050A0E1A6
S31580E151E00040A0E3081095E50420A0E104308DE2BB
S31580E151F0000090E5B640CDE1D1FFFFEBB430DDE1D3
S31580E15200000095E5023983E3081095E50420A0E1E5
S31580E15210B430CDE1DEFFFFEB1900A0E3662900EBB8
S31580E15220000095E5081095E50020A0E306308DE2C3
S31580E15230C3FFFFEB000050E30800001AF630DDE122
S31580E15240000053E3020000BA30009FE561D6FFEB30
S31580E15250040000EA0500A0E3572900EB014084E25F
S31580E15260C70054E3EDFFFF9AC80054E30100001A3A
S31580E152700C009FE557D6FFEB0CD08DE23080BDE880
S31580E1528059C1E28070C1E2803C3090E5F0412DE980
S31580E15290007093E5018A87E23C5098E5083085E223
S31580E152A0036197E7003096E5000053E3120000BA08
S31580E152B04C009FE5030000E02008A0E1044040E2C5
S31580E152C00410A0E1080096E5253200EB043096E56E
S31580E152D0020413E3015085020050A0130231A0E3DA
S31580E152E03C5088E5003086E5043097E50020A0E370
S31580E152F0082083E50400A0E1F081BDE80000E0E359
S31580E15300F081BDE80000FF3F000050E30900001A8C
S31580E153100233A0E35C1193E598209FE5031101E256
S31580E15320022081E15C2183E58C2193E5032A82E3F6
S31580E153308C2183E51EFF2FE1010050E31EFF2F1133
S31580E153400233A0E3702193E53F24C2E3122482E392
S31580E15350702183E5741193E55C209FE5FF1401E2FA
S31580E15360022081E1742183E5982193E50226E0E13B
S31580E153702226E0E1982183E59C2193E5FF2082E3E3
S31580E153809C2183E5E82193E53F2382E3E82183E5D8
S31580E15390EC2193E50F2082E3EC2183E5242293E55A
S31580E153A03F2382E3242283E5282293E50F2082E3CB
S31580E153B0282283E51EFF2FE14992240992244900A0
S31580E153C03C3090E5F0412DE9000093E50250A0E103
S31580E153D0017A80E2343097E5823F83E2033190E7D8
S31580E153E004C093E5FF24CCE30325D2E30900001A48
S31580E153F00EC28CE385EAA0E1AECA8CE10C2083E59E
S31580E15400142083E50221A0E304C083E5081083E547
S31580E15410101083E5002083E5043090E50020A0E3C9
S31580E15420042083E5346097E570809FE5823F86E2DC
S31580E15430034190E7003094E5000053E3080000AAB9
S31580E15440018058E20300001A54009FE5E1D5FFEBA5
S31580E154506D00E0E3F081BDE80100A0E3CA2800EB3E
S31580E15460F3FFFFEA043094E50500A0E1020413E3CB
S31580E15470016086020060A013346087E5042094E52C
S31580E154800030A0E3022402E2003084E50C0084E9E6
S31580E154900C3084E5103084E5143084E5F081BDE894
S31580E154A042420F008CC1E2803C3090E5003093E5CA
S31580E154B0001093E5002091E50820C2E3002081E514
S31580E154C0001093E5002091E50420C2E3002081E508
S31580E154D0042093E5182092E5022AC2E3041093E5BD
S31580E154E0182081E5042093E5182092E50220C2E3A5
S31580E154F0041093E5182081E5013A83E20020A0E3D8
S31580E15500342083E53C2083E51EFF2FE13C3090E5A6
S31580E155101520D0E5001093E51430D0E5023483E11F
S31580E15520002091E5403082E51230D0E51320D0E5C8
S31580E155300338A0E1023C83E11020D0E5023083E12B
S31580E155401120D0E5023483E1002091E50000A0E35B
S31580E15550443082E51EFF2FE170402DE94C5099E5FC
S31580E1556018D04DE20010A0E30C20A0E30C008DE200
S31580E155700E2800EB0500A0E14B1600EB004050E25F
S31580E155800400000A74009FE50410A0E191D5FFEBC9
S31580E155900000A0E3170000EA0500A0E10410A0E105
S31580E155A00520A0E35E1E00EB006050E250009FB54F
S31580E155B00D0000BA0500A0E10610A0E1491E00EB4E
S31580E155C0000050E30B00000A0330A0E300308DE5D4
S31580E155D00500A0E10610A0E128209FE50C308DE2D0
S31580E155E08A1E00EB10409DE51C009FE50410A0E1BA
S31580E155F078D5FFEB0400A0E118D08DE27080BDE89C
S31580E156009EC1E280CAC1E280FCC1E28008C2E2803A
S31580E1561070402DE94C5099E518D04DE20010A0E399
S31580E156200C20A0E30C008DE2E02700EB0500A0E171
S31580E156301D1600EB004050E20400000A74009FE56D
S31580E156400410A0E163D5FFEB0000A0E3170000EAB8
S31580E156500500A0E10410A0E10620A0E3301E00EBE6
S31580E15660006050E250009FB50D0000BA0500A0E150
S31580E156700610A0E11B1E00EB000050E30B00000AC0
S31580E156800330A0E300308DE50500A0E10610A0E13E
S31580E1569028209FE50C308DE25C1E00EB10409DE5F5
S31580E156A01C009FE50410A0E14AD5FFEB0400A0E1D0
S31580E156B018D08DE27080BDE89EC1E280CAC1E280E9
S31580E156C0FCC1E28008C2E280F3412DE93C5090E5DD
S31580E156D00060A0E13800D0E5004095E509FFFFEBE9
S31580E156E03830D6E5000053E30D00A0030200000A3E
S31580E156F0010053E30100001A1000A0E3A3AEFFEB23
S31580E15700002094E5003192E50130C3E3003182E582
S31580E15710002094E5003192E5023083E3003182E5B1
S31580E15720043094E50120A0E3002083E5203A9FE55B
S31580E15730042094E5007092E5017017E20600000A04
S31580E15740013053E2F9FFFF1A080A9FE521D5FFEB05
S31580E15750040A9FE5041A9FE5790200EA1520D6E559
S31580E157601430D6E5023483E1002094E5403082E5C9
S31580E157701230D6E51320D6E50338A0E1023C83E179
S31580E157801020D6E5023083E11120D6E5023483E1AB
S31580E15790002094E5443082E5003094E5203093E5BD
S31580E157A00C3084E5003094E5403093E52324A0E194
S31580E157B01520C6E51430C6E5003094E5443093E51E
S31580E157C0232CA0E11320C6E52328A0E11220C6E51B
S31580E157D01030C6E52324A0E10030E0E31120C6E5E0
S31580E157E00B30C5E50C30C5E50D30C5E50E30C5E5B8
S31580E157F00F30C5E51030C5E5003094E5103093E50E
S31580E158003C30C3E3043083E3002094E5103082E545
S31580E15810003094E5103093E53860D6E5015A84E2AC
S31580E158203C3003E2000056E3503085E51700001A6C
S31580E1583048FFFFEB007050E224099F0524199F057C
S31580E1584024299F050730A0011900000A45F0FFEBE6
S31580E158500700A0E10110A0E323F0FFEB0110A0E334
S31580E158600700A0E135F0FFEB0500A0E3D22700EBCE
S31580E158700610A0E10700A0E1FFEFFFEB1900A0E32E
S31580E15880CD2700EB0700A0E10110A0E31C0000EAB0
S31580E15890010056E31D00001A5CFFFFEB008050E239
S31580E158A00700001AB8089FE5B8189FE5BC289FE570
S31580E158B00830A0E1C7D4FFEB0400A0E145FEFFEB91
S31580E158C0120000EA27F0FFEB0800A0E10610A0E154
S31580E158D005F0FFEB0610A0E10800A0E117F0FFEB71
S31580E158E00500A0E3B42700EB0710A0E10800A0E1E2
S31580E158F0E1EFFFEB1900A0E3AF2700EB0800A0E1A1
S31580E159000610A0E1DCEFFFEB0500A0E3AA2700EBA0
S31580E159103C889FE50060A0E3000094E5081094E5EB
S31580E159200020A0E306308DE205FEFFEB007050E239
S31580E15930F8FFFF1AF630DDE1000053E3080000AA24
S31580E15940080056E10400009A24089FE5A1D4FFEB04
S31580E1595020089FE520189FE5F90100EA016086E2CB
S31580E15960ECFFFFEAC800A0E3932700EB000094E593
S31580E15970081094E50720A0E102308DE2F0FDFFEB0F
S31580E15980000050E30200000AF0079FE591D4FFEBA7
S31580E15990EC0100EA081094E5000094E50220A0E31A
S31580E159A004308DE2E6FDFFEB000050E3D0079F1562
S31580E159B0B410DD11E201001A081094E5000094E5C7
S31580E159C00320A0E306308DE2DDFDFFEB007050E2BF
S31580E159D0B0079F15B610DD11D901001AB460DDE17B
S31580E159E0000094E5220056E3081094E50900001AC8
S31580E159F00720A0E102308DE2D1FDFFEBB230DDE19F
S31580E15A00000094E5013A83E3B230CDE1081094E5F4
S31580E15A100720A0E1310000EA000056E32600001AE3
S31580E15A20B630DDE14A0F53E32300001A0620A0E1F8
S31580E15A3054379FE5D6FDFFEB081094E50620A0E1FB
S31580E15A4002308DE2000094E5BDFDFFEB081094E5A0
S31580E15A501E20A0E35030A0E3000094E5CCFDFFEBEF
S31580E15A60081094E51F20A0E302308DE2000094E562
S31580E15A70B3FDFFEBB230DDE1081094E5403083E31E
S31580E15A80B230CDE11E20A0E35030A0E3000094E5E2
S31580E15A90BFFDFFEB081094E51F20A0E3B230DDE106
S31580E15AA0000094E5BAFDFFEB000094E5081094E56B
S31580E15AB01E20A0E30630A0E1080000EA0020A0E372
S31580E15AC002308DE29EFDFFEBB230DDE1000094E530
S31580E15AD0081094E5113C83E30020A0E3B230CDE1E8
S31580E15AE00060A0E3AAFDFFEB2C6085E54000A0E322
S31580E15AF0031AA0E3D6D7FFEB000050E30200001AB9
S31580E15B0088069FE533D4FFEB1D0000EA023CA0E363
S31580E15B102C3085E5811E84E20630A0E170E69FE5C2
S31580E15B200C1081E20320A0E1200884E5100084E5E1
S31580E15B300E0053E1013083E202C4A00300C0A0134A
S31580E15B40020C53E30400A1E504C080E5006080E532
S31580E15B50082080E50C2080E5102080E5142080E592
S31580E15B6000C0A0E3180080E2F0FFFF1A183094E548
S31580E15B7034C085E530C085E5443085E5403085E54E
S31580E15B8020C085E5102094E5043094E50060A0E32B
S31580E15B90102083E54000A0E3286085E5031AA0E3B1
S31580E15BA0ABD7FFEB000050E30200001AE4059FE566
S31580E15BB008D4FFEB210000EA023CA0E3D8E59FE5AB
S31580E15BC0283085E50610A0E10630A0E11CC084E21C
S31580E15BD00261A0E3200084E5140084E5282095E5B0
S31580E15BE0020053E10E00002A012042E2020053E165
S31580E15BF00224A0030020A013062C82E30400ACE576
S31580E15C00042080E503219EE7082080E50C1080E5ED
S31580E15C10101080E5141080E5013083E2186080E49D
S31580E15C20EDFFFFEA0030A0E31C2094E53C3085E5FA
S31580E15C30383085E54C2085E5482085E5243085E5C5
S31580E15C40142094E5043094E50C2083E5043094E552
S31580E15C500C3093E5043094E540259FE5002083E50B
S31580E15C60043094E538259FE5182083E5000094E526
S31580E15C70081094E50120A0E306308DE230FDFFEBCC
S31580E15C80000050E32300001AB630DDE1200013E383
S31580E15C90F5FFFF0A000094E5081094E50120A0E3F2
S31580E15CA006308DE226FDFFEB000050E31900001A75
S31580E15CB0B630DDE1046013E20300001AE4049FE5F7
S31580E15CC0C4D3FFEB546085E5120000EA0160A0E3EE
S31580E15CD0546085E5000094E5081094E50620A0E18E
S31580E15CE006308DE216FDFFEB000050E30900001A55
S31580E15CF0B630DDE1010913E30230A0135C3085158E
S31580E15D0058308515A0049F155C608505586085052A
S31580E15D1098049F05AFD3FFEB583095E5020053E336
S31580E15D20003094E5002093E56A00001A0225C2E37B
S31580E15D30002083E5002094E5003092E5013583E398
S31580E15D40003082E5002094E5003092E5023683E377
S31580E15D50003082E5002094E5003092E50136C3E328
S31580E15D60003082E5002094E5003092E5023AC3E313
S31580E15D70003082E5002094E5003092E5013AC3E304
S31580E15D80003082E5002094E5003092E5023B83E332
S31580E15D90003082E5002094E5003092E5023CC3E3E1
S31580E15DA0003082E5002094E5003092E58030C3E35F
S31580E15DB0003082E5003094E5003093E56030C3E35E
S31580E15DC0002094E5003082E5002094E5003092E5FC
S31580E15DD01030C3E3003082E5002094E5003092E59F
S31580E15DE0083083E3003082E5002094E5003092E5D7
S31580E15DF0043083E3003082E55C3095E5030053E3CC
S31580E15E00003094E5002093E50229C203022982133A
S31580E15E10002083E5002094E5043092E50231C3E376
S31580E15E20043082E5003094E5043093E5C030C3E385
S31580E15E30002094E5043082E5002094E5043092E583
S31580E15E402030C3E3043082E5002094E5043092E516
S31580E15E50023CC3E3043082E5002094E5043092E518
S31580E15E60103083E3043082E5003094E5042093E545
S31580E15E70042083E5002094E5043092E5043083E351
S31580E15E80043082E5002094E5043092E50130C3E3F5
S31580E15E90043082E5002094E5043092E50230C3E3E4
S31580E15EA0043082E5002094E5183092E50830C3E3BA
S31580E15EB0183082E5002094E5183092E5043083E3DA
S31580E15EC0183082E5002094E5183092E5023083E3CC
S31580E15ED0183082E5740000EA0225C2E3002083E5FA
S31580E15EE0002094E5003092E5013583E3003082E5D8
S31580E15EF0002094E5003092E5023683E3003082E5C6
S31580E15F00002094E5003092E50136C3E3003082E576
S31580E15F10002094E5003092E5023AC3E3003082E561
S31580E15F20002094E5003092E5013AC3E3003082E552
S31580E15F30002094E5003092E5023BC3E3003082E540
S31580E15F40002094E5003092E5023CC3E3003082E52F
S31580E15F50002094E5003092E58030C3E3003082E5AD
S31580E15F60003094E5003093E56030C3E3002094E5AA
S31580E15F70003082E5002094E5003092E51030C3E3FD
S31580E15F80003082E5002094E5003092E5083083E335
S31580E15F90003082E5002094E5003092E5043083E329
S31580E15FA0003082E55C3095E5030053E3003094E50B
S31580E15FB0002093E50229C20302298213002083E5AA
S31580E15FC0002094E5043092E50231C3E3043082E5B2
S31580E15FD0003094E5043093E5C030C3E3002094E5D6
S31580E15FE0043082E5002094E5043092E52030C3E375
S31580E15FF0043082E5002094E5043092E5023CC3E377
S31580E16000043082E5002094E5043092E5103083E3A4
S31580E16010043082E5003094E5042093E5042083E5AD
S31580E16020002094E5043092E5043083E3043082E590
S31580E16030002094E5043092E50130C3E3043082E543
S31580E16040002094E5043092E50230C3E3043082E532
S31580E16050002094E5183092E50830C3E3183082E5F4
S31580E16060002094E5183092E5043083E3183082E528
S31580E16070002094E5183092E5023083E3183082E51A
S31580E16080003094E528219FE5102083E5003094E5F2
S31580E16090143093E5023B83E3002094E5143082E5F6
S31580E160A0003094E50C219FE5102083E5043094E5EA
S31580E160B0183093E5013583E3033C83E3042094E5DB
S31580E160C0183082E5003094E5182093E5E8309FE5C5
S31580E160D0033082E1002094E5183082E5043094E5CE
S31580E160E0142093E5043094E5142083E5002094E5BB
S31580E160F0103192E50030E0E3103182E5002094E54D
S31580E161000C1192E50C3182E5002094E5001292E5CE
S31580E16110003282E5043094E5183093E5023083E37A
S31580E16120042094E5183082E5043094E5183093E54F
S31580E16130023A83E3042094E50000A0E3183082E587
S31580E16140010000EAA3D2FFEB0000E0E308D08DE294
S31580E16150F081BDE8FFFF0000BDC3E280D7C3E280E6
S31580E161605557E28012C2E2803357E280B1090000DE
S31580E16170CB0900004DC2E2806EC2E2804757E280E1
S31580E1618089C2E280AAC2E280D4C2E2804091000064
S31580E16190FEC2E280FF01000029C3E2808C56E680E0
S31580E161A0082000001C00200160C3E28069C3E28010
S31580E161B093C3E280090400000B0400000600FFFFA0
S31580E161C0F3412DE90620A0E30070A0E10180A0E182
S31580E161D00D00A0E1D8119FE50B2500EB000057E308
S31580E161E00300000ACC019FE57AD2FFEB0100A0E330
S31580E161F06D0000EA4000A0E35DD4FFEB004050E291
S31580E162000300001AB0019FE572D2FFEB0400A0E122
S31580E16210650000EA0710A0E14020A0E3E32400EB5B
S31580E16220CC00A0E352D4FFEB006050E20500001AF7
S31580E1623088019FE567D2FFEB0400A0E1BFD3FFEBC6
S31580E162400600A0E1580000EA3C6084E570019FE524
S31580E162502C4086E50470C6E545D4FFEB64319FE5C5
S31580E16260000050E3000083E50050A0E1000086E5F0
S31580E162700600001A50019FE556D2FFEB0400A0E12B
S31580E16280AED3FFEB0600A0E1ACD3FFEB450000EA1D
S31580E1629038319FE5203084E534319FE52C3084E543
S31580E162A030319FE5243084E52C319FE5283084E543
S31580E162B028319FE528219FE5303084E524119FE54B
S31580E162C00730A0E1188084E5387084E50400A0E118
S31580E162D09B2800EB0700A0E10AFCFFEB0233A0E379
S31580E162E0D02193E5402082E3D02183E5142093E514
S31580E162F00125C2E3142083E5142093E5022582E398
S31580E16300142083E5142093E5012282E3142083E5BA
S31580E16310182093E5092082E3182083E5182093E588
S31580E16320012C82E3182083E5182093E5022C82E391
S31580E16330182083E5187093E50223A0E3027C17E237
S31580E16340FBFFFF1A1C3092E5055086E2023AC3E371
S31580E163501C3082E50500A0E10D10A0E10620A0E356
S31580E16360A92400EB0510A0E10620A0E3100084E259
S31580E16370A52400EB006096E5185094E50600A0E1BF
S31580E163800710A0E138209FE5882400EB005086E5E0
S31580E16390015A85E2045086E50150A0E3085086E57E
S31580E163A00400A0E1042C00EB0500A0E108D08DE219
S31580E163B0F081BDE8F854E280F0C3E2800EC4E28069
S31580E163C02CC4E28068100000E84EE38052C4E2808B
S31580E163D0C856E180A854E180C053E1808852E180CB
S31580E163E00C55E18083C4E2807CC4E28038402DE9AB
S31580E163F0A0309FE5000050E39C409FE50340A0115B
S31580E164004EA8FFEB0233A0E31C2093E50050A0E306
S31580E164108020C2E31C2083E5642193E57C109FE51F
S31580E164203F2DC2E3642183E5642193E5092D82E36F
S31580E16430642183E568309FE5842093E5032282E346
S31580E16440842083E58C2093E5032882E38C2083E511
S31580E1645050309FE5005083E5E33500EB010040E2F3
S31580E16460033280E3023683E3003084E50C3094E541
S31580E164703F30C3E3013083E30C3084E528309FE588
S31580E16480183084E50C3094E5023183E30C3084E501
S31580E164900500A0E13880BDE80080132000001320CC
S31580E164A000C2010000001420F04EE38001001F00CD
S31580E164B00000A0E3CCFFFFEA0100A0E3CAFFFFEA08
S31580E164C01EFF2FE11EFF2FE160309FE5000050E3C4
S31580E164D05CC09FE55C009FE50300A00158309FE525
S31580E164E010402DE954209FE50CE0A0E10320A001B6
S31580E164F00040A0E300309CE5800053E300408C053A
S31580E16500083090E500109EE5A336A0E17F3003E2F6
S31580E16510030051E1F6FFFF0A14309FE5010081E2B5
S31580E16520000083E50200D1E7FF0000E21080BDE8CC
S31580E1653000001320F04EE380008013208010004895
S31580E16540801100480000A0E3DEFFFFEA0100A0E33E
S31580E16550DCFFFFEA5C209FE5000051E358309FE5D0
S31580E165600210A011022982E20310A0018C3092E58B
S31580E16570013883E38C3082E540309FE50020A0E35B
S31580E16580000083E53C2083E5003091E5013283E339
S31580E165900120A0E1043082E4043091E5013883E30F
S31580E165A0103083E3043081E5003092E5020713E39E
S31580E165B0FCFFFF0A1EFF2FE100801320000013205D
S31580E165C0001000480010A0E3E1FFFFEA0110A0E31C
S31580E165D0DFFFFFEA2C209FE52C309FE5000050E3AA
S31580E165E00300A0010200A011083090E51C209FE580
S31580E165F0A336A0E1000092E57F3003E2030050E09C
S31580E166000100A0131EFF2FE100801320000013205C
S31580E16610F04EE3800000A0E3EDFFFFEA0100A0E396
S31580E16620EBFFFFEA38402DE90040A0E10150A0E10F
S31580E166300030D4E5000053E30800000A0A0053E382
S31580E166400200001A0D00A0E30510A0E1C0FFFFEBF8
S31580E166500100D4E40510A0E1BDFFFFEBF3FFFFEA03
S31580E166603880BDE80010A0E3EDFFFFEA0110A0E36A
S31580E16670EBFFFFEA00009FE51EFF2FE1B802E38012
S31580E1668008402DE90C009FE5150000EB08009FE529
S31580E166900840BDE8120000EAB802E380E802E38040
S31580E166A008402DE9043099E5010013E30400001A5E
S31580E166B0EFFFFFEB000050E30880BD1814009FE573
S31580E166C0A92700EB10309FE5000093E5000050E339
S31580E166D00880BD18F5FFFFEA87C4E280F84EE380C3
S31580E166E01EFF2FE10C309FE5002093E52C2080E50D
S31580E166F0000083E51EFF2FE1F44EE38080309FE5C5
S31580E1670030402DE9004093E544D04DE20C508DE2D6
S31580E16710000054E31800000A3C20A0E30010A0E347
S31580E1672004008DE2A12300EB0410A0E10500A0E1C5
S31580E16730062300EB0330A0E304308DE5103094E5C9
S31580E167401C308DE5143094E520308DE5243094E5D8
S31580E1675024308DE5283094E528308DE51C3094E5AC
S31580E1676030308DE504008DE2203094E52C308DE5E6
S31580E16770DBE5FFEB2C4094E5E4FFFFEA44D08DE2D4
S31580E167803080BDE8F44EE38038402DE938309FE52E
S31580E167900050A0E1004093E5000054E30800000AC0
S31580E167A00400A0E10510A0E1F72200EB000050E330
S31580E167B02C409415F7FFFF1A10309FE5004083E5E2
S31580E167C03880BDE81500E0E33880BDE8F44EE3802B
S31580E167D0F84EE38008402DE9C0FFFFEBBFFFFFEBFA
S31580E167E0BEFFFFEBBDFFFFEBBCFFFFEBBBFFFFEBAC
S31580E167F0BAFFFFEBB9FFFFEBB8FFFFEBB7FFFFEBAC
S31580E16800B6FFFFEBB5FFFFEBB4FFFFEBB3FFFFEBAB
S31580E16810B2FFFFEBB1FFFFEBB0FFFFEBAFFFFFEBAB
S31580E16820AEFFFFEBADFFFFEBACFFFFEBABFFFFEBAB
S31580E16830AAFFFFEBA9FFFFEBA8FFFFEBA7FFFFEBAB
S31580E16840A6FFFFEBA5FFFFEBA4FFFFEBA3FFFFEBAB
S31580E16850A2FFFFEBA1FFFFEBA0FFFFEB9FFFFFEBAB
S31580E168609EFFFFEB9DFFFFEB9CFFFFEB9BFFFFEBAB
S31580E168709AFFFFEB99FFFFEB98FFFFEB97FFFFEBAB
S31580E1688096FFFFEB95FFFFEB94FFFFEB93FFFFEBAB
S31580E1689092FFFFEB91FFFFEB78FFFFEB74FFFFEBDE
S31580E168A00840BDE8B7FFFFEA10402DE97BFFFFEB2B
S31580E168B01040BDE8103090E513FF2FE110402DE93F
S31580E168C076FFFFEB1040BDE8183090E513FF2FE12E
S31580E168D0010052E338402DE90240A0E11D00000AA3
S31580E168E00350A0E10100003A020052E31C00001AC5
S31580E168F00100A0E10A20A0E30010A0E3822600EBDC
S31580E16900083099E50040A0E1000053E11400000A57
S31580E16910960D50E31400000A4B0C50E31200000A76
S31580E16920960C50E31000000AE10C50E30E00000AD9
S31580E1693074309FE5030050E10B00000A020015E385
S31580E169400200001A64009FE50410A0E1A1D0FFEBEC
S31580E169500100A0E33880BDE854009FE59DD0FFEBC0
S31580E16960FAFFFFEA0000A0E33880BDE8045015E2B3
S31580E169700400000A3C009FE50410A0E195D0FFEBFE
S31580E1698034009FE5802300EB084089E5CAFFFFEBF1
S31580E1699024009FE57C2300EB000055E3F0FFFF0A2E
S31580E169A062D0FFEB0D0050E3FBFFFFEA00C201007E
S31580E169B09CC4E280BEC4E2808870E28050C300005D
S31580E169C010402DE935FFFFEB1040BDE81C3090E526
S31580E169D013FF2FE110402DE930FFFFEB1040BDE8BA
S31580E169E0203090E513FF2FE110402DE90040A0E132
S31580E169F02AFFFFEB243090E50400A0E11040BDE8DA
S31580E16A0013FF2FE110402DE90040A0E123FFFFEBCA
S31580E16A10283090E50400A0E11040BDE813FF2FE1A6
S31580E16A20F0412DE90050A0E10100A0E10160A0E183
S31580E16A300280A0E10370A0E14DD2FFEB004050E27D
S31580E16A400500000A0010A0E30620A0E1D72200EBB2
S31580E16A50051084E0058084E7047081E50400A0E107
S31580E16A60F081BDE8302090E52C3090E504E02DE51D
S31580E16A70033062E0040053E30430A0A30020A0E3E6
S31580E16A80030052E130C090E5060000AA38E090E5C7
S31580E16A900CC08EE082E1A0E131EEA0E102E0CCE73C
S31580E16AA0012082E2F5FFFFEA03308CE0303080E5B9
S31580E16AB004F09DE4003090E5003093E5010051E378
S31580E16AC00230C303013083030500000A020051E36B
S31580E16AD00330C3030200000A000051E30130C3031F
S31580E16AE002308303800012E30338C3E30228A01354
S31580E16AF00200001A400012E30128A0130020A0033F
S31580E16B00033082E1002090E5003082E51EFF2FE12F
S31580E16B10003090E5000053E31EFF2F110223A0E32E
S31580E16B20603192E5923CC3E34930C3E3603182E56B
S31580E16B30603192E5923C83E3493083E3603182E5DB
S31580E16B401EFF2FE1010050E3F8452DE90040A0E169
S31580E16B500300009A0410A0E174019FE51DD0FFEBCC
S31580E16B60060000EA0260A0E168219FE5020056E1A5
S31580E16B700400009A60019FE50610A0E115D0FFEBC5
S31580E16B800060A0E3500000EA01C0A0E10370A0E14B
S31580E16B900000A0E33C10A0E30420A0E10C30A0E1DA
S31580E16BA09EFFFFEB005050E20200001A2C019FE5A8
S31580E16BB008D0FFEBF1FFFFEA24319FE5000095E580
S31580E16BC0043193E7143085E50030A0E3030050E11A
S31580E16BD01C3085E5186085E5207085E50500A00314
S31580E16BE00600A01369A9FFEB003095E50243A0E317
S31580E16BF0000053E32020A0034020A0131C3094E53D
S31580E16C000230C3E11C3084E50500A0E1BFFFFFEB64
S31580E16C10188095E531A6FFEB8810A0E10560A0E13B
S31580E16C2000A0A0E1F03300EB010040E2FF0050E379
S31580E16C300050A031FF50A023017085E20A00A0E157
S31580E16C408710A0E1E83300EB1C0086E5003194E58E
S31580E16C50080050E1FF3FC3E30330C3E3023183E33E
S31580E16C60003184E5000194E50750A011FF0FC0E3F0
S31580E16C700300C0E3020C80E3050080E1000184E5C6
S31580E16C80002194E50233A0E3020C12E3FBFFFF1A35
S31580E16C90002193E5012C82E3002183E5002193E540
S31580E16CA00221C2E3002183E538309FE55220A0E34B
S31580E16CB0002083E5242093E5012082E3242083E5F7
S31580E16CC0242093E5010012E3FCFFFF0A0600A0E120
S31580E16CD0F885BDE8DEC4E2804059730718C5E280D5
S31580E16CE064C5E280FC47E2800000122013D1FFEA0E
S31580E16CF0143090E5003093E5203083E3142090E56D
S31580E16D00003082E51EFF2FE10000A0E31EFF2FE1A8
S31580E16D101EFF2FE1F0412DE9382080E50170A0E1E9
S31580E16D200040A0E10110A0E3140080E20320A0E18D
S31580E16D305FFFFFEB28819FE50760A0E1000056E356
S31580E16D403F00000A020A56E30050A0E30630A03174
S31580E16D50023AA023305084E52C3084E5142094E572
S31580E16D600C3082E5143094E5043093E5010C13E3AD
S31580E16D701500000A200013E30400000A143094E5AC
S31580E16D801C1093E50400A0E135FFFFEB010000EA6A
S31580E16D90400013E30300000A143094E51C1093E5E8
S31580E16DA00400A0E12EFFFFEB2C2094E5303094E542
S31580E16DB0030052E11100000A143094E51C1093E5BA
S31580E16DC00400A0E126FFFFEB0C0000EA400013E39C
S31580E16DD00600000A143094E51C1093E50400A0E156
S31580E16DE01FFFFFEB0530A0E10350A0E1DCFFFFEAE6
S31580E16DF0080055E1013085E2FAFFFF9A050000EAD5
S31580E16E002C2094E5303094E5030052E10100000A3C
S31580E16E1050009FE56FCFFFEB305094E5000055E3DE
S31580E16E20020000AA40009FE56ACFFFEB0A0000EA74
S31580E16E30383094E5066065E0053083E0383084E5F6
S31580E16E40BDFFFFEA143094E5003093E50338C3E3F0
S31580E16E50142094E50750A0E1003082E50500A0E129
S31580E16E60F081BDE8809698008FC5E280A6C5E28074
S31580E16E70F0412DE9342080E50160A0E10040A0E108
S31580E16E800010A0E3140080E20320A0E108FFFFEBFD
S31580E16E9048719FE50680A0E1000058E34700000ABB
S31580E16EA0020A58E30030A0E30820A031022AA02399
S31580E16EB0303084E52C2084E5141094E50C2081E5BE
S31580E16EC02C1094E5302094E5020051E12300000A7C
S31580E16ED0142094E5042092E5040012E31500000AEB
S31580E16EE0300094E52C2094E50010A0E3022060E0D8
S31580E16EF0040052E30420A0A301C0A0E1020051E115
S31580E16F00060000AA34E094E500E08EE00150DEE779
S31580E16F1081E1A0E115CE8CE1011081E2F6FFFFEA85
S31580E16F20022080E0302084E5142094E518C082E5D3
S31580E16F300320A0E1030000EA070053E1012083E298
S31580E16F409C009F851100008A0230A0E1DBFFFFEA09
S31580E16F50070053E1012083E20500008A0230A0E1C7
S31580E16F60142094E5042092E5010C12E3F7FFFF0A71
S31580E16F70010000EA6C009FE5040000EA2C2094E51C
S31580E16F80303094E5030052E10100000A58009FE5A4
S31580E16F9010CFFFEB305094E5000055E3020000AAE4
S31580E16FA048009FE50BCFFFEB0A0000EA343094E519
S31580E16FB0088065E0053083E0343084E5B5FFFFEA9B
S31580E16FC0143094E5003093E50338C3E3142094E567
S31580E16FD00650A0E1003082E50500A0E1F081BDE840
S31580E16FE080969800C7C5E280E3C5E28009C6E28063
S31580E16FF0A6C5E28073402DE90050A0E10240A0E100
S31580E170000100A0E1143095E5C0109FE5101083E5FD
S31580E17010143095E5FF0052E30C2083E5283095E5B1
S31580E170200300009A030010E30100001A3F1012E208
S31580E170300400000AFF1003E20420A0E10130A0E38E
S31580E1704034A6FFEB090000EAFF3003E200108DE58C
S31580E170500310A0E10130A0E372A6FFEB2800D5E59D
S31580E1706048A7FFEB000050E364009F050C00000A8F
S31580E1707060609FE5143095E50C3093E5000053E3BD
S31580E170800400000A0100A0E3BF2100EB016056E2A3
S31580E17090F7FFFF2A050000EA000056E30300001A25
S31580E170A034009FE534109FE5CACEFFEB1540E0E35F
S31580E170B0143095E50020A0E32800D5E5102083E58E
S31580E170C0E3A6FFEB0400A0E108D08DE27080BDE885
S31580E170D00100010021C6E2808096980048C6E280E0
S31580E170E0B355E280F7452DE90050A0E10170A0E1BA
S31580E170F00240A0E1143090E524119FE5141083E568
S31580E17100143090E5FF0052E30C2083E53F6002E214
S31580E171100300009A030017E30100001A000056E31A
S31580E171202000000A24A3B0E10400000A0700A0E1E0
S31580E171302410D5E50A23A0E10030A0E3F5A5FFEB15
S31580E17140000056E32000000AD8809FE5143095E5DB
S31580E171500C3093E5000053E30400000A0100A0E34C
S31580E17160892100EB018058E2F7FFFF2A050000EA5A
S31580E17170000058E30300001AAC109FE5AC009FE5E0
S31580E1718094CEFFEB1D0000EA0030A0E300308DE5F0
S31580E171902410D5E50700A0E10A20A0E10630A0E1B0
S31580E171A018A6FFEB080000EA2410D0E50630A0E13E
S31580E171B00700A0E100608DE51AA6FFEB2400D5E586
S31580E171C0F0A6FFEB000050E30C00000A54609FE557
S31580E171D0143095E50C3093E5000053E30400000A92
S31580E171E00100A0E3682100EB016056E2F7FFFF2A88
S31580E171F0030000EA000056E3DEFFFF0A000000EA32
S31580E172001540E0E3143095E50020A0E32400D5E5C0
S31580E17210142083E58EA6FFEB0400A0E10CD08DE27D
S31580E17220F085BDE80100010080969800C955E280AD
S31580E172306EC6E280F8402DE90040A0E10160A0E160
S31580E17240140080E20010A0E30270A0E10320A0E137
S31580E1725017FEFFEB000094E5000050E30800A00371
S31580E172600B00A01321A7FFEBFF0050E3280084E584
S31580E172700400001A7C109FE57C009FE555CEFFEB6C
S31580E172800F00E0E3F880BDE871A6FFEB0050A0E3D4
S31580E17290000056E30800000A020A56E3051087E07B
S31580E172A00620A0310400A0E1022AA02350FFFFEBD3
S31580E172B0005085E0066060E0F4FFFFEA143094E573
S31580E172C0003093E50338C3E3142094E5003082E58A
S31580E172D0283094E5FF0053E30400000A000094E5BA
S31580E172E0000050E30800A0030B00A01354A7FFEBB6
S31580E172F00500A0E1F880BDE8EE55E28096C6E28021
S31580E17300F8402DE90040A0E10160A0E1140080E2AF
S31580E173100110A0E30270A0E10320A0E1E4FDFFEB10
S31580E17320000094E5000050E30700A0030A00A013E3
S31580E17330EEA6FFEBFF0050E3240084E51B00000A84
S31580E1734043A6FFEB0050A0E3000056E30800000AE5
S31580E17350020A56E3051087E00620A0310400A0E189
S31580E17360022AA0235EFFFFEB005085E0066060E025
S31580E17370F4FFFFEA143094E5003093E50338C3E384
S31580E17380142094E5003082E5243094E5FF0053E350
S31580E173900400000A000094E5000050E30700A00322
S31580E173A00A00A01326A7FFEB0500A0E1F880BDE85F
S31580E173B00F00E0E3F880BDE8F0412DE9070011E335
S31580E173C018609DE53200001A010016E30050A0E145
S31580E173D00380A0E10270A0E10140A0E10000000A83
S31580E173E042FEFFEB002097E20120A013003098E2F5
S31580E173F00130A013030012E10300000A98009FE523
S31580E17400F4CDFFEB0000A0E3180000EA000052E3B0
S31580E17410A411A0E10A00000A020C51E30500A0E1F3
S31580E174200720A0E10630A0E10100003A030017E35E
S31580E174300100000A8DFEFFEB0C0000EA7CFFFFEB0A
S31580E174400A0000EA000053E30000E0030700000AB7
S31580E17450020C51E30500A0E10820A0E10630A0E19D
S31580E174600100003AA5FFFFEB000000EA28FEFFEBF2
S31580E17470020016E30400000A143095E5003093E536
S31580E174802030C3E3142095E5003082E5C00F00E0AB
S31580E17490F081BDE80000E0E3F081BDE8ACC6E280C2
S31580E174A068329FE5242090E5001093E510402DE9B0
S31580E174B05CE29FE51C0090E501E00EE0541092E568
S31580E174C0044090E5000051E3181092E550C0A00316
S31580E174D040C0A01304E78EE1000051E3004090E54F
S31580E174E0021BA0030010A01304EC8EE10C1081E1D5
S31580E174F001108EE1001083E5101093E5581092E5B6
S31580E175005CC092E50111A0E18C1081E160C092E559
S31580E175100C1081E128C090E58C1181E124C090E5D1
S31580E175208C1581E120C090E58C1981E108C090E558
S31580E175300C1A81E164C092E58C1A81E11CC090E568
S31580E175408C1B81E118C090E50C1C81E114C090E5AB
S31580E175508C1D81E110C090E50C1F81E10CC090E5A6
S31580E175608C1F81E1101083E5141093E50111C1E3CD
S31580E17570141083E53C1093E5FFC401E2401090E5E9
S31580E1758001108CE13C1083E5401093E528C092E53B
S31580E17590FF1401E20C1681E138C092E50C1081E11D
S31580E175A0401083E5441093E52CC092E5FF1401E297
S31580E175B00C1681E130C092E50C1081E1441083E53F
S31580E175C0281092E52CC092E548E093E501C08CE075
S31580E175D0301092E5344092E501C08CE0FFE40EE2A2
S31580E175E084E68EE104108CE001108EE1481083E59B
S31580E175F04C1093E53CC092E5FF1EC1E30F10C1E359
S31580E176000C1081E14C1083E5501093E544C092E57E
S31580E17610FF1EC1E30F10C1E30C1081E1501083E539
S31580E17620F0109FE554C093E50C1001E048C090E569
S31580E176308C1081E14CC090E50C1081E144C090E56D
S31580E176400C1781E140C092E58C1781E1541083E506
S31580E176504C1090E53CC092E5000051E338E092059C
S31580E17660404092E5441092E50EE08C0004C08E0025
S31580E176700CC0841001E08CE058C093E57F1DCCE31B
S31580E176803F10C1E301108EE1581083E5A41093E524
S31580E176901CC092E5211BA0E1011BA0E18C1581E1D3
S31580E176A020C092E50C1081E1A41083E5201092E5DB
S31580E176B050C090E501106CE0501080E5B80093E58C
S31580E176C0FF0EC0E30F00C0E3011080E1B81083E54F
S31580E176D00213A0E3000191E5010180E3000181E568
S31580E176E0000191E50101C0E3000181E5BC1093E56C
S31580E176F0242092E57F1FC1E30310C1E3821081E17B
S31580E17700011C81E3011081E3BC1083E51080BDE8B3
S31580E177100000012086370000002000F8F04D2DE9B9
S31580E177204ADF4DE24A3F8DE20020A0E3042123E5D2
S31580E17730142090E50C208DE5102090E510208DE554
S31580E177400210A0E10080A0E1F8219FE50C009DE513
S31580E177502A1000EB24309DE5000053E30200000A85
S31580E17760032083E20230A0B14331A0E1D8219FE535
S31580E1777008308DE5D83092E5040013E3FCFFFF0A7B
S31580E177800070A0E30760A0E107A0A0E108309DE5D5
S31580E17790030057E1690000AA0050A0E300C0A0E31E
S31580E177A000C08DE50C009DE510109DE594219FE5D7
S31580E177B0073085E014C08DE5B41500EB000055E394
S31580E177C02200000A010055E314C09DE51200001A6B
S31580E177D0EF3000E2032043E2FD0012E3FFB000E276
S31580E177E00100000A23005BE30400001A203098E5DB
S31580E177F00160A0E3844093E5024084E3030000EA6C
S31580E17800290053E3203098050C60A001844093055C
S31580E1781034319FE5DC4083E50D0000EA2C319FE5BC
S31580E17820030050E10F00000A010056E34A3F8D0252
S31580E17830053083000E0143050800000A000056E387
S31580E1784028308D020530830002004305030000EAFB
S31580E1785000A0A0E1F4309FE5030050E11200000AA8
S31580E17860015085E2CCFFFFEA010056E31100001AE0
S31580E178701D40DDE51C30DDE50448A0E1034484E1FB
S31580E17880203098E5803093E5034384E1B8309FE585
S31580E178900B4084E1D04083E5D82093E5010012E3F3
S31580E178A0FCFFFF0A0A00A0E1C31F00EB015085E25D
S31580E178B0057087E0B4FFFFEA000056E3FAFFFF1A9E
S31580E178C0024045E280C09FE54401A0E128108DE2B7
S31580E178D00630A0E1000053E1050000AA042091E40E
S31580E178E0013083E220208DE5FF3003E2D4208CE570
S31580E178F0F7FFFFEA032014E20600000A0030A0E366
S31580E179004A0F8DE2083120E53F1F00EB38309FE5D5
S31580E1791020209DE5D42083E5203098E5803093E5ED
S31580E1792003338BE1044483E11C309FE5D04083E55A
S31580E17930D82093E5010012E3FCFFFF0AD8FFFFEAB6
S31580E179404ADF8DE2F08DBDE8D1C6E28000000120FC
S31580E17950FF0F000014209FE5681090E5043092E562
S31580E179600339C3E3013783E1043082E51EFF2FE16A
S31580E179700000012038402DE920509FE50100A0E379
S31580E17980044095E58C1F00EB0349C4E3014984E398
S31580E179900100A0E3881F00EB044085E53880BDE85F
S31580E179A00000012070402DE90050A0E10140A0E1F6
S31580E179B00260A0E1EEFFFFEB000055E30200000A62
S31580E179C0010055E30400001A014484E318309FE581
S31580E179D03200A0E3A84083E56B1F00EB240096E527
S31580E179E0DBFFFFEB0000A0E37080BDE80000012033
S31580E179F0F8452DE9AC409FE50170A0E1A83094E51A
S31580E17A00A80084E53200A0E30260A0E15E1F00EBFE
S31580E17A100050A0E30DA4A0E3060055E12000000A92
S31580E17A200C3094E56400A0E30984A0E30CA084E52E
S31580E17A30551F00EB0C3094E56400A0E30C8084E5EF
S31580E17A40511F00EB0C3094E50134A0E30C3084E562
S31580E17A506400A0E34C1F00EB0C3094E51934A0E3FD
S31580E17A600C3084E56400A0E3471F00EB0C3094E51D
S31580E17A706400A0E30C8084E5431F00EB0C3094E5C1
S31580E17A806400A0E3FF34C3E3053187E70C3094E576
S31580E17A902D34A0E30C3084E53B1F00EB015085E2F9
S31580E17AA0DCFFFFEAF885BDE80000012008402DE90A
S31580E17AB00233A0E3083093E51800A0E3FF2003E258
S31580E17AC02314A0E12336A0E1033003E20F1001E2A3
S31580E17AD0920000E01113A0E1433000EB0880BDE89D
S31580E17AE0F0452DE914D04DE20060A0E10150A0E11E
S31580E17AF0311500EB010070E3C0039F050600000A23
S31580E17B000600A0E10010A0E30120A0E3041500EB4C
S31580E17B10007050E20300001AA4039FE52DCCFFEB31
S31580E17B200100A0E3E30000EA10208DE20080A0E3FB
S31580E17B300C7085E5088022E50600A0E10710A0E14A
S31580E17B40FB1400EB004050E278039F05F2FFFF0A49
S31580E17B500410A0E1104085E56C239FE50C308DE2B1
S31580E17B600600A0E124A095E5240F00EB0410A0E136
S31580E17B7058239FE50830A0E100008AE50600A0E1F0
S31580E17B8024A095E5AD1400EB243095E50710A0E13E
S31580E17B903C239FE514008AE5144093E50600A0E1C5
S31580E17BA0010054E300808DE50700001A0430A0E16E
S31580E17BB0B61400EB000050E3040085E50800001AE6
S31580E17BC010039FE503CCFFEBB90000EA0130A0E3A7
S31580E17BD0AE1400EB000050E3040085E5F8029F0552
S31580E17BE0CDFFFF0A0040A0E300408DE50600A0E15D
S31580E17BF00710A0E1E4229FE50130A0E3A31400EBA6
S31580E17C00040050E1080085E5D4029F05C2FFFF0A22
S31580E17C107540C5E57440C5E50710A0E1C4229FE53E
S31580E17C200430A0E10600A0E1841400EB0710A0E196
S31580E17C30B4229FE50430A0E1188095E56C0085E5E6
S31580E17C400600A0E17D1400EB0710A0E19C229FE5F0
S31580E17C500430A0E1000088E50600A0E1188095E502
S31580E17C60761400EB0710A0E184229FE50430A0E1C1
S31580E17C70040088E50600A0E1188095E56F1400EB25
S31580E17C800710A0E16C229FE50430A0E1100088E5B1
S31580E17C900600A0E1188095E5681400EB0710A0E1E5
S31580E17CA054229FE50430A0E1140088E50600A0E1B6
S31580E17CB0188095E5611400EB0710A0E13C229FE571
S31580E17CC00430A0E1180088E50600A0E1188095E57A
S31580E17CD05A1400EB0710A0E124229FE50430A0E1CD
S31580E17CE01C0088E50600A0E11C8095E5531400EBB5
S31580E17CF00710A0E10C229FE50430A0E1000088E5B1
S31580E17D000600A0E11C8095E54C1400EB0710A0E18C
S31580E17D10F4219FE50430A0E1040088E50600A0E1B6
S31580E17D201C8095E5451400EB0710A0E1DC219FE579
S31580E17D300430A0E1080088E50600A0E11C8095E515
S31580E17D403E1400EB0710A0E1C4219FE50430A0E1D9
S31580E17D500C0088E50600A0E11C8095E5371400EB70
S31580E17D600710A0E1AC219FE50430A0E1100088E591
S31580E17D700600A0E11C8095E5301400EB0710A0E138
S31580E17D8094219FE50430A0E1140088E50600A0E196
S31580E17D901C8095E5291400EB0710A0E17C219FE585
S31580E17DA00430A0E1180088E50600A0E11C8095E595
S31580E17DB0221400EB0710A0E164219FE50430A0E1E5
S31580E17DC01C0088E50600A0E11C8095E51B1400EB0C
S31580E17DD00710A0E14C219FE50430A0E12C0088E565
S31580E17DE00600A0E11C8095E5141400EB0710A0E1E4
S31580E17DF034219FE50430A0E1200088E50600A0E17A
S31580E17E001C8095E50D1400EB0710A0E11C219FE590
S31580E17E100430A0E1240088E50600A0E11C8095E518
S31580E17E20061400EB0710A0E104219FE50430A0E1F0
S31580E17E30280088E50600A0E11C8095E5FF1300EBAC
S31580E17E400710A0E1EC209FE50430A0E1400088E541
S31580E17E500600A0E11C8095E5F81300EB0710A0E190
S31580E17E60D4209FE50430A0E1440088E50600A0E146
S31580E17E701C8095E5F11300EB0710A0E1BC209FE59E
S31580E17E800430A0E1480088E50600A0E11C8095E584
S31580E17E90EA1300EB0710A0E1A4209FE50430A0E1FE
S31580E17EA01C5095E54C0088E50600A0E1E31300EB64
S31580E17EB0500085E50400A0E114D08DE2F085BDE8AF
S31580E17EC0E1C6E28002C7E28020C7E2804BC7E2805A
S31580E17ED056C7E2805FC7E2806AC7E28096C7E280E2
S31580E17EE0C1C7E280CAC7E280EEC7E280FAC7E28014
S31580E17EF009C8E28019C8E28027C8E28035C8E280F5
S31580E17F0046C8E2805AC8E2806AC8E28079C8E280DF
S31580E17F1086C8E28094C8E280A4C8E280B4C8E280E0
S31580E17F20C5C8E280D5C8E280E2C8E280F0C8E280D6
S31580E17F3004C9E28018C9E28029C9E28039C9E280B0
S31580E17F404CC9E28057C9E280F8402DE9105090E5AE
S31580E17F50146090E50040A0E1247090E50510A0E171
S31580E17F600600A0E100249FE50030A0E3B31300EB17
S31580E17F700510A0E1F4239FE50030A0E3180087E532
S31580E17F800600A0E1247094E5AC1300EB0510A0E1B6
S31580E17F90DC239FE50030A0E31C0087E50600A0E135
S31580E17FA0247094E5A51300EB0510A0E1C4239FE5B9
S31580E17FB00030A0E3200087E50600A0E1247094E587
S31580E17FC09E1300EB0510A0E1AC239FE50030A0E312
S31580E17FD0240087E50600A0E1207094E5971300EB85
S31580E17FE00510A0E194239FE50030A0E3000087E53A
S31580E17FF00600A0E1207094E5901300EB0510A0E166
S31580E180007C239FE50030A0E3040087E50600A0E13C
S31580E18010207094E5891300EB0510A0E164239FE5C8
S31580E180200030A0E3080087E50600A0E1207094E532
S31580E18030821300EB0510A0E14C239FE50030A0E31D
S31580E180400C0087E50600A0E1207094E57B1300EB48
S31580E180500510A0E134239FE50030A0E3100087E519
S31580E180600600A0E1207094E5741300EB0510A0E111
S31580E180701C239FE50030A0E3140087E50600A0E11C
S31580E18080207094E56D1300EB0510A0E104239FE5D4
S31580E180900030A0E3180087E50600A0E1207094E5B2
S31580E180A0661300EB0510A0E1EC229FE50030A0E32A
S31580E180B01C0087E50600A0E1207094E55F1300EBE4
S31580E180C00510A0E1D4229FE50030A0E3200087E5FA
S31580E180D00600A0E1207094E5581300EB0510A0E1BD
S31580E180E0BC229FE50030A0E3240087E50600A0E1FD
S31580E180F0207094E5511300EB0510A0E1A4229FE5E1
S31580E181000030A0E3280087E50600A0E1207094E531
S31580E181104A1300EB0510A0E18C229FE50030A0E335
S31580E181202C0087E50600A0E1207094E5431300EB7F
S31580E181300510A0E174229FE50030A0E3300087E5D9
S31580E181400600A0E1207094E53C1300EB0510A0E168
S31580E181505C229FE50030A0E3340087E50600A0E1DC
S31580E18160207094E5351300EB0510A0E144229FE5EC
S31580E181700030A0E3380087E50600A0E1207094E5B1
S31580E181802E1300EB0510A0E12C229FE50030A0E341
S31580E18190400087E50600A0E1207094E5271300EB17
S31580E181A00510A0E114229FE50030A0E3440087E5B5
S31580E181B00600A0E1207094E5201300EB0510A0E114
S31580E181C0FC219FE50030A0E3480087E50600A0E1B9
S31580E181D0207094E5191300EB0510A0E1E4219FE5F9
S31580E181E00030A0E34C0087E50600A0E1207094E52D
S31580E181F0121300EB0510A0E1CC219FE50030A0E34E
S31580E18200500087E50600A0E1207094E50B1300EBB2
S31580E182100510A0E1B4219FE50030A0E3540087E595
S31580E182200600A0E1207094E5041300EB0510A0E1BF
S31580E182309C219FE50030A0E3580087E50600A0E198
S31580E18240207094E5FD1200EB0510A0E184219FE505
S31580E182500030A0E35C0087E50600A0E1207094E5AC
S31580E18260F61200EB0510A0E16C219FE50030A0E35A
S31580E18270600087E50600A0E1207094E5EF1200EB4F
S31580E182800510A0E154219FE50030A0E3640087E575
S31580E182900600A0E1207094E5E81200EB0510A0E16C
S31580E182A03C219FE50030A0E3680087E50600A0E178
S31580E182B0207094E5E11200EB0510A0E124219FE511
S31580E182C00030A0E36C0087E50600A0E1207094E52C
S31580E182D0DA1200EB0510A0E10C219FE50030A0E366
S31580E182E0700087E50600A0E1207094E5D31200EBEB
S31580E182F00510A0E1F4209FE50030A0E3740087E556
S31580E183000600A0E1207094E5CC1200EB0510A0E117
S31580E18310DC209FE50030A0E3780087E50600A0E158
S31580E18320207094E5C51200EB0510A0E1C4209FE51D
S31580E183300030A0E3800087E50600A0E1207094E5A7
S31580E18340BE1200EB0510A0E1AC209FE50030A0E372
S31580E18350204094E5840087E50600A0E1B71200EBB2
S31580E18360880084E50000A0E3F880BDE866C9E28084
S31580E1837074C9E28080C9E2808DC9E2809CC9E280CD
S31580E18380AFC9E280BEC9E280CDC9E280DCC9E280C4
S31580E18390EBC9E280FAC9E28016CAE28026CAE280A7
S31580E183A037CAE28048CAE28062CAE28079CAE2805C
S31580E183B090CAE280A7CAE280BACAE280D8CAE280DD
S31580E183C0F2CAE28007CBE2801BCBE2802FCBE28050
S31580E183D044CBE28052CBE28060CBE2806ECBE2801E
S31580E183E085CBE28093CBE280A1CBE280AFCBE2800A
S31580E183F0C3CBE280DFCBE280ECCBE280FFCBE280D5
S31580E1840070402DE9105090E5146090E5244090E5A8
S31580E184100510A0E10600A0E160219FE50030A0E320
S31580E18420861200EB0510A0E154219FE50030A0E320
S31580E18430180084E50600A0E1801200EB0510A0E1BA
S31580E1844040219FE50030A0E31C0084E50600A0E121
S31580E184507A1200EB0510A0E12C219FE50030A0E324
S31580E18460200084E50600A0E1741200EB0510A0E18E
S31580E1847018219FE50030A0E3240084E50600A0E111
S31580E184806E1200EB0510A0E104219FE50030A0E328
S31580E18490280084E50600A0E1681200EB0510A0E162
S31580E184A0F0209FE50030A0E32C0084E50600A0E102
S31580E184B0621200EB0510A0E1DC209FE50030A0E32D
S31580E184C0340084E50600A0E15C1200EB0510A0E132
S31580E184D0C8209FE50030A0E3380084E50600A0E1EE
S31580E184E0561200EB0510A0E1B4209FE50030A0E331
S31580E184F03C0084E50600A0E1501200EB0510A0E106
S31580E18500A0209FE50030A0E3440084E50600A0E1D9
S31580E185104A1200EB0510A0E18C209FE50030A0E334
S31580E18520540084E50600A0E1441200EB0510A0E1C9
S31580E1853078209FE50030A0E3580084E50600A0E1BD
S31580E185403E1200EB0510A0E164209FE50030A0E338
S31580E185505C0084E50600A0E1381200EB0510A0E19D
S31580E1856050209FE50030A0E3600084E50600A0E1AD
S31580E18570321200EB640084E50000A0E37080BDE880
S31580E1858066C9E28074C9E28080C9E2808DC9E280F1
S31580E185900DCCE28018CCE28022CCE2802CCCE28049
S31580E185A037CCE28041CCE2804BCCE2805ACCE2808F
S31580E185B06ACCE2807ACCE2808BCCE280F04D2DE908
S31580E185C00010A0E320D04DE200A0A0E15200A0E39C
S31580E185D0DAE4FFEB1E00A0E3771C00EB0110A0E3D9
S31580E185E04F00A0E3D5E4FFEB4F00A0E30010A0E34A
S31580E185F0A1E4FFEB0110A0E32400A0E3DFCCFFEBD5
S31580E186000110A0E30080A0E15400A0E3DBCCFFEB06
S31580E186100110A0E30070A0E14400A0E3D7CCFFEB1A
S31580E186200110A0E30060A0E18400A0E3D3CCFFEBDE
S31580E18630000057E3000058130300000A000050E3EE
S31580E18640000056130040A0E10100001A180B9FE5D7
S31580E18650060000EA7800A0E345CBFFEB0C5B9FE5E3
S31580E18660000050E3000085E50200001A000B9FE55B
S31580E1867058C9FFEBBA0200EA244080E5188080E51C
S31580E186801C7080E5286080E504A084E50243A0E3D0
S31580E186901C3094E50100A0E30135C3E31C3084E599
S31580E186A0203094E5013583E3203084E5421C00EBFC
S31580E186B0203094E50A00A0E30135C3E3203084E568
S31580E186C03D1C00EB001095E54C2099E5142081E5F1
S31580E186D04C0099E501FDFFEB000050E3940A9F15FC
S31580E186E0E2FFFF1A005095E5246095E5143096E5A2
S31580E186F0000053E38B00001A140095E5101095E510
S31580E18700742A9FE5CD1100EB243095E5640086E57A
S31580E18710643093E5000053E30A00001A6C2194E586
S31580E18720583A9FE5FF2102E2033082E16C3184E52C
S31580E187304C2A9FE59C3194E5032002E0443A9FE58B
S31580E18740033082E1540000EA010053E31600001A87
S31580E187506C2194E5303A9FE53F2002E2033082E1E5
S31580E187606C3184E5703194E5202A9FE5FF3DC3E3D2
S31580E187703F30C3E3553D83E3153083E3703184E5D0
S31580E187809C3194E5032002E0043A9FE5033082E1DF
S31580E187909C3184E5A03194E5FF3DC3E33F30C3E3FB
S31580E187A0553D83E3153083E3170000EA020053E386
S31580E187B01700001A6C2194E5D8399FE53F2002E243
S31580E187C0033082E16C3184E5703194E5C8299FE517
S31580E187D02339A0E10339A0E1022083E1702184E518
S31580E187E0A8299FE59C3194E5032002E094399FE531
S31580E187F0033082E19C3184E5A03194E52339A0E11F
S31580E188000339A0E1553B83E3553F83E3A03184E51A
S31580E18810260000EA030053E32100001A642194E56F
S31580E1882078399FE5023003E0923583E3493983E382
S31580E18830643184E5703194E52339A0E10339A0E11F
S31580E18840923C83E3493083E3703184E56C2194E59E
S31580E188504C399FE5032102E2033082E16C3184E504
S31580E1886038399FE5682194E5023003E0923683E367
S31580E18870493A83E3683184E5943194E50F3003E244
S31580E18880943184E5983194E52338A0E10338A0E179
S31580E18890983184E59C3194E50F36C3E39C3184E5D8
S31580E188A0020000EAFC089FE5CAC8FFEB010000EA86
S31580E188B00100A0E3C01B00EB244095E50500A0E1A3
S31580E188C0CEFEFFEB040095E51C3094E5303084E57F
S31580E188D0000050E3203094E5403084E5030100DA7E
S31580E188E00110A0E315E4FFEB040095E50110A0E398
S31580E188F0E1E3FFEB0100A0E3AF1B00EB040095E5AC
S31580E189000010A0E3DCE3FFEB0A00A0E3AA1B00EB87
S31580E18910040095E50110A0E3D7E3FFEB0A00A0E3AD
S31580E18920A51B00EBF10000EA010053E3F200001A17
S31580E189308C00A0E30310A0E110CCFFEB004050E2F5
S31580E1894064089F0549FFFF0A204085E50500A0E10F
S31580E18950246095E57BFDFFEB643094E5000053E30D
S31580E189601C3096050300000A010053E30200001A59
S31580E189701C3096E5A330A0E13C3084E50273A0E3A8
S31580E18980203096E520C095E57C3084E5783097E522
S31580E189900C209CE5FF34C3E3FE08C3E308309CE585
S31580E189A004109CE50223A0E1832182E110309CE55D
S31580E189B0012082E1832482E114309CE5033682E161
S31580E189C0833880E1783087E51C3097E50100A0E3C4
S31580E189D00231C3E31C3087E5203097E5023183E33A
S31580E189E0203087E5741B00EB203097E50A00A0E391
S31580E189F00231C3E3203087E56F1B00EB003197E559
S31580E18A000100A0E3013183E3003187E5743097E526
S31580E18A100231C3E3743087E5743097E50131C3E30E
S31580E18A20743087E5743097E5033283E3743087E504
S31580E18A30611B00EB743097E50332C3E3743087E55D
S31580E18A40443094E5020053E30130A0930200009A9A
S31580E18A50040053E30230A0930330A083643086E5BB
S31580E18A6011FCFFEB0070A0E10710A0E13C079FE558
S31580E18A7058C8FFEB241096E50700A0E1011081E2DA
S31580E18A80592C00EB003094E5881094E57D2DA0E328
S31580E18A90013083E2930101E0920000E0522C00EB89
S31580E18AA00030A0E3543086E54C3094E5133F6FE126
S31580E18AB0A332A0E15C3086E5503094E5133F6FE167
S31580E18AC0A332A0E1583086E51C3096E55CA094E5BA
S31580E18AD0588094E50070A0E1600094E5303086E549
S31580E18AE0703094E5383086E5683094E53C3086E54B
S31580E18AF0203096E5403086E56C3094E5443086E575
S31580E18B00280086E52CA086E5348086E5FA6FA0E329
S31580E18B10960000E00710A0E1332C00EB0710A0E1FE
S31580E18B20600084E5960A00E02F2C00EB0710A0E1B7
S31580E18B305C0084E5960800E02B2C00EB202095E58F
S31580E18B406C369FE5001092E5580084E5001083E5D8
S31580E18B50181092E5041083E51C1092E5081083E570
S31580E18B60201092E50C1083E5241092E5101083E540
S31580E18B70281092E5141083E52C1092E51C1083E50C
S31580E18B80301092E5201083E5341092E5241083E5D8
S31580E18B90381092E5281083E53C1092E5001283E5D2
S31580E18BA0401092E5041283E5441092E5081283E5CC
S31580E18BB0481092E50C1283E54C1092E5101283E59C
S31580E18BC0501092E5141283E5541092E5181283E56C
S31580E18BD0581092E51C1283E55C1092E5201283E53C
S31580E18BE0601092E5241283E5641092E5281283E50C
S31580E18BF0681092E52C1283E56C1092E5301283E5DC
S31580E18C00741092E5341283E5781092E5381283E5A3
S31580E18C107C1092E53C1283E5802092E5402283E553
S31580E18C200233A0E3746093E5880094E57F6FC6E341
S31580E18C30A00050E30360C6E30202809250004092B6
S31580E18C408001A0910A10A0930300009A050D50E3DC
S31580E18C500300008A8000A0E10510A0E3E22B00EB8F
S31580E18C60020000EA0510A0E3DF2B00EB400080E282
S31580E18C700233A0E3060080E1740083E5742093E586
S31580E18C80012182E3742083E528259FE5D83092E5AA
S31580E18C90040013E3FCFFFF0A040095E5000050E3BE
S31580E18CA0100000DA0110A0E324E3FFEB0110A0E35A
S31580E18CB0040095E5F0E2FFEB0100A0E3BE1A00EBCC
S31580E18CC00010A0E3040095E5EBE2FFEB0500A0E3ED
S31580E18CD0B91A00EB040095E50110A0E3E6E2FFEBAB
S31580E18CE01900A0E3B41A00EB0500A0E18AFAFFEBD4
S31580E18CF00500A0E1E9F9FFEB190100EA020053E37F
S31580E18D001701001A683096E5000053E31500001A52
S31580E18D10682194E584349FE5023003E0493583E3B5
S31580E18D20923A83E3683184E56C3194E52339A0E1B5
S31580E18D300339A0E1493B83E3923083E36C3184E5F7
S31580E18D40942194E570349FE5FF2202E2033082E1CB
S31580E18D50943184E5243294E5FF3DC3E33C30C3E3BB
S31580E18D60243284E5050000EA013043E2020053E360
S31580E18D700200009A44049FE596C7FFEB010000EAF2
S31580E18D800100A0E38C1A00EB147095E5106095E57F
S31580E18D900700A0E10610A0E124249FE50030A0E3CE
S31580E18DA0244095E5251000EB0610A0E114249FE50B
S31580E18DB00030A0E31C0084E50700A0E11F1000EB72
S31580E18DC00610A0E100249FE50030A0E3200084E5C1
S31580E18DD00700A0E1191000EB0610A0E1EC239FE566
S31580E18DE00030A0E3240084E50700A0E1131000EB46
S31580E18DF00610A0E1D8239FE50030A0E3680084E572
S31580E18E000700A0E10D1000EB0610A0E1C4239FE569
S31580E18E100030A0E36C0084E50700A0E1071000EBD9
S31580E18E200610A0E1B0239FE50030A0E3700084E561
S31580E18E300700A0E1011000EB0610A0E19C239FE56D
S31580E18E400030A0E3480084E50700A0E1FB0F00EBDA
S31580E18E500610A0E188239FE50030A0E30263A0E34A
S31580E18E604C0084E50700A0E1F40F00EB1C8095E55A
S31580E18E70247095E5500084E51C3096E50100A0E379
S31580E18E800135C3E31C3086E5203096E5013583E381
S31580E18E90203086E5481A00EB203096E50135C3E3BC
S31580E18EA0203086E5203097E5502098E5032062E082
S31580E18EB000339FE5502088E5B81093E5FF1EC1E3B6
S31580E18EC00F10C1E3022081E1B82083E500100FE1B4
S31580E18ED0802081E302F021E1002196E5012182E310
S31580E18EE0002186E5002196E50121C2E3002186E5A0
S31580E18EF001F021E1BC2093E5241097E5012C82E382
S31580E18F00012082E3812082E1BC2083E5042093E590
S31580E18F10481094E57F2DC2E3012382E1042083E5B5
S31580E18F20042093E54C1094E53E20C2E3812082E162
S31580E18F30042083E5042093E5681094E50329C2E3E0
S31580E18F40012782E1042083E5042093E56C1094E512
S31580E18F50022AC2E3812682E1042083E5042093E5A7
S31580E18F600110C2E3702094E5022081E1042083E5CB
S31580E18F70002093E56020C2E3202082E3002083E5A0
S31580E18F80A42093E51C1094E5202094E5812582E1D7
S31580E18F90A42083E5040095E5000050E3100000BAC3
S31580E18FA00110A0E365E2FFEB0110A0E3040095E583
S31580E18FB031E2FFEB0A00A0E3FF1900EB0010A0E32A
S31580E18FC0040095E52CE2FFEB0A00A0E3FA1900EB39
S31580E18FD0040095E50110A0E327E2FFEB7800A0E32A
S31580E18FE0F51900EBCC319FE5002093E50F20C2E334
S31580E18FF0002083E53C2093E5FF24E0E33C2083E504
S31580E19000AC2093E50820A0E3AC2083E5B02093E58E
S31580E19010040012E3FCFFFF0A0010A0E31020A0E3A6
S31580E1902010008DE2611900EB51FAFFEB0400A0E339
S31580E190300020A0E110108DE26CFAFFEB240095E5AB
S31580E1904043FAFFEB1830DDE51420DDE51C10DDE5A4
S31580E1905018308DE50334A0E1023883E11C108DE5FB
S31580E1906080019FE5011083E114208DE5D9C6FFEBF0
S31580E190703FFAFFEB0220A0E30C00A0E310108DE2A3
S31580E190805AFAFFEB14109DE55C019FE5D1C6FFEB33
S31580E19090240095E52EFAFFEB0030A0E310308DE554
S31580E190A0147095E5108095E50700A0E10810A0E130
S31580E190B038219FE510308DE2D00900EB10409DE527
S31580E190C0000054E30200000A033084E20340A0B1C9
S31580E190D04441A0E100A0A0E314B19FE50A60A0E1CC
S31580E190E0040056E11E0000AA0030A0E300308DE5C1
S31580E190F00700A0E10630A0E10810A0E1EC209FE5A1
S31580E19100620F00EB0B0050E10030A0E100A0A0036C
S31580E191101100000A00005AE30A00001A0310A0E1D8
S31580E191200A00A0E10520A0E10C308DE51CFAFFEBF9
S31580E191300C309DE5110053E30600001A7800A0E3A8
S31580E191409D1900EB030000EA0100A0E30310A0E112
S31580E191500520A0E112FAFFEB01A08AE2016086E236
S31580E19160DEFFFFEA20D08DE2F08DBDE89BCCE28088
S31580E19170FC4EE380B9CCE280D8CCE2808BCCE28035
S31580E19180405555153F0001C040555415405555553C
S31580E191903F000100405554554055559556550100BF
S31580E191A0FF0F00C049922409FFCCE2801FCDE28007
S31580E191B041CDE280000060200000012000A7AA0ADC
S31580E191C055CDE28074C9E28080C9E2808DC9E280B2
S31580E191D075CDE28086CDE28097CDE280A9CDE28031
S31580E191E0B8CDE280C5CDE280D5CDE280E6CDE28024
S31580E191F0D1C6E280FF0F000038402DE92C329FE591
S31580E19200004093E50030A0E3245094E5182094E5EE
S31580E19210703084E5001092E50C3085E51C3095E5EB
S31580E19220033061E0A330A0E10130C3E3083082E599
S31580E19230041092E5203095E5033061E0A330A0E1AA
S31580E192400130C3E30C3082E5143095E5020053E347
S31580E192503000001A502095E52C30A0E3000052E35F
S31580E19260783085E52A30A0E30120A0137C3085E5BE
S31580E192702B30A0E3803085E53610A0E3742085E5C8
S31580E192800000A0E30420A0E1C5F9FFEBB8F9FFEB0C
S31580E19290240094E5AEF9FFEB7C1095E50420A0E18E
S31580E192A00000A0E3BEF9FFEBB1F9FFEB240094E502
S31580E192B0A7F9FFEBAEF9FFEB240094E5A4F9FFEB08
S31580E192C0ABF9FFEB240094E5A1F9FFEBA8F9FFEBFD
S31580E192D0240094E59EF9FFEB801095E50420A0E15A
S31580E192E00000A0E3AEF9FFEBA1F9FFEB240094E5E2
S31580E192F097F9FFEB9EF9FFEB240094E594F9FFEBF8
S31580E193009BF9FFEB240094E591F9FFEB98F9FFEBEC
S31580E19310240094E58EF9FFEB14519FE5182094E53E
S31580E19320003095E51C1092E5C63DC3E3813383E1C8
S31580E19330141092E57500D4E5013483E1181092E5C5
S31580E19340000050E3013683E1101092E5813683E136
S31580E19350003085E5A03095E5001092E5233BA0E15C
S31580E19360033BA0E1813583E1041092E5013083E19D
S31580E19370A03085E59C3095E5081092E5233BA0E198
S31580E193800C2092E5033BA0E1813583E1023083E164
S31580E19390241094E59C3085E50030A0E30C3081E52E
S31580E193A0143095E5032103E2043091E50331C3E30B
S31580E193B0023083E1143085E5003095E5083083E3BA
S31580E193C0003085E5B83095E5013A83E3B83085E547
S31580E193D01000001A143091E5020053E30430A01323
S31580E193E0AC3085150900001A2C10A0E30420A0E119
S31580E193F06BF9FFEB0830A0E3AC3085E5B03095E55D
S31580E19400040013E3FCFFFF0A28009FE5F1C5FFEBAB
S31580E194100130A0E37530C4E5FA0FA0E3E61800EB6E
S31580E194205200A0E30110A0E33840BDE812E1FFEA73
S31580E19430FC4EE38000000120FBCDE28008402DE96F
S31580E1944014009FE5E3C5FFEB10209FE5BC3092E574
S31580E19450013CC3E3BC3082E50880BDE808CEE2800A
S31580E19460000001200233A0E314209FE5E42083E598
S31580E1947010209FE5E82083E5022082E2E82083E56B
S31580E194801EFF2FE1D8B80555010000AA10402DE94D
S31580E194900040A0E10410A0E120009FE5CDC5FFEBEF
S31580E194A01C209FE50233A0E3554484E3E44083E551
S31580E194B0E82083E5022082E2E82083E51080BDE8AA
S31580E194C016CEE280010000AA24209FE50030D0E597
S31580E194D0000053E30500000A0310D2E7010011E31F
S31580E194E020308312FF3003120130C0E4F6FFFFEA39
S31580E194F01EFF2FE15E57E2800230A0E150209FE51A
S31580E1950000C092E500005CE30F00000A30402DE9DF
S31580E1951064E09CE500005EE30900000A34209FE5F3
S31580E195200140A0E1001092E50050A0E1011085E044
S31580E1953004009CE50420A0E10EC0A0E13040BDE836
S31580E195401CFF2FE10000E0E33080BDE80000E0E3AE
S31580E195501EFF2FE1804FE680004FE5800010A0E1FD
S31580E195600130A0E10120D1E4000052E30400000AC9
S31580E195702F0052E35C005213F8FFFF1A030060E00C
S31580E195801EFF2FE10000E0E31EFF2FE1F8402DE909
S31580E19590043090E50060A0E1100053E30140A0E1D2
S31580E195A00B00000A200053E30400000A0C0053E399
S31580E195B04A00001AB451D0E10551A0E1060000EA63
S31580E195C0B451D0E10630A0E3930505E04551A0E131
S31580E195D0010000EAB451D0E1855085E00400A0E1C4
S31580E195E00510A0E1802900EB1C3096E5900505E0A9
S31580E195F0030050E10070A0E1044065E00C00000A40
S31580E196000610A0E3910703E0080096E501C083E038
S31580E1961000005CE100106380BC00D6E1002096E5A5
S31580E19620000083E0B3FFFFEB000050E32B0000BABC
S31580E196301C7086E5043096E5100053E30700000AC6
S31580E19640200053E30200000A0C0053E32300001AD2
S31580E19650060000EA003096E5040193E7F880BDE86C
S31580E19660003096E58440A0E1B40093E1F880BDE85E
S31580E19670841084E0034004E22111A0E1020054E376
S31580E19680003096E58110A0E10A00000A030054E368
S31580E196900F00000A010054E3B1009311000AA01102
S31580E196A0200AA011B100B3010230D3052006A00142
S31580E196B003028001F880BDE80320A0E1B130B2E188
S31580E196C0B200D2E12334A0E10F0000E2000483E19D
S31580E196D0F880BDE8B10093E12002A0E1F880BDE821
S31580E196E00000A0E3F880BDE801C040E2072080E207
S31580E196F00000A0E3A030A0E1800383E10130FCE536
S31580E19700030080E002005CE1FF0000E2F8FFFF1A5F
S31580E19710012041E2021081E2A030A0E1800383E1F1
S31580E197200130F2E5030080E0010052E1FF0000E252
S31580E19730F8FFFF1A1EFF2FE1F04D2DE9000051E3FE
S31580E197401CB08DE208D04DE20340A0E1B651D011C4
S31580E197501830901510509005913525103F0012E391
S31580E1976000A0A0E10260A0E1B411D0E12100000AED
S31580E197703F1081E23F10C1E3401081E20D80A0E11C
S31580E1978001D04DE03F708DE214019FE50210A0E12A
S31580E197903F70C7E30FC5FFEBB431DAE1030054E173
S31580E197A01200003A013085E20500A0E10110A0E354
S31580E197B00720A0E120300BE54EFFFFEB010050E3EF
S31580E197C00100000A08D0A0E1320000EA0600A0E12B
S31580E197D00710A0E1B421DAE18B1700EBB431DAE1CD
S31580E197E020501BE5036086E0044063E0E9FFFFEA81
S31580E197F008D0A0E10D0000EA0400A0E1FA2800EB20
S31580E198000620A0E10070A0E10710A0E10500A0E13B
S31580E1981038FFFFEB070050E11E00001AB431DAE1B0
S31580E19820005085E0930000E0006086E0044060E05F
S31580E19830000054E30400A0011700000AB431DAE124
S31580E198400D70A0E13F3083E23F30C3E3403083E2F5
S31580E1985003D04DE03F808DE23F80C8E30500A0E183
S31580E198600110A0E30820A0E122FFFFEB010050E315
S31580E198700100000A07D0A0E1060000EA0600A0E1A7
S31580E198800810A0E10420A0E15F1700EB0000A0E34F
S31580E1989007D0A0E1000000EA0000E0E31CD04BE243
S31580E198A0F08DBDE826CEE280F0412DE90080A0E191
S31580E198B00150A0E10100A0E10820A0E30810A0E1A9
S31580E198C0511700EB0030A0E30520A0E10830C5E5A3
S31580E198D00260A0E10030D6E5012082E2DF7013E28A
S31580E198E0FAFFFF1A0830D8E5DF0013E30C00000A1F
S31580E198F00640A0E12E30A0E30130C4E4081088E2FE
S31580E199000400A0E10320A0E33F1700EB0470C6E565
S31580E199100460A0E10030D6E5014084E2DF0013E394
S31580E19920FAFFFF1A0020A0E30020C6E50030D5E566
S31580E19930E50053E30020C5050200000A050053E374
S31580E199401A30E0030030C5050500A0E1F041BDE82D
S31580E19950DCFEFFEAF8402DE908319FE5003093E52A
S31580E19960000053E30100001A0000E0E3F880BDE85F
S31580E199700170A0E10040A0E1141093E54000A0E36E
S31580E199800250A0E132C8FFEB006050E2F5FFFF0A2A
S31580E199900000A0E30110A0E30620A0E1D5FEFFEBE5
S31580E199A0000050E3010000AA0040E0E3290000EA5C
S31580E199B00400A0E10610A0E14020A0E3121700EB2D
S31580E199C0B631D4E10700A0E1000053E340408602CE
S31580E199D02030A003244084120030A013003085E5B6
S31580E199E00410A0E11A20A0E3071700EB003095E50B
S31580E199F0124084E2200053E30600001A0410A0E13D
S31580E19A0064009FE50820A0E36A1600EB004090E23F
S31580E19A100040E0130F0000EA50009FE50410A0E14A
S31580E19A200820A0E3631600EB000050E30C30A003AE
S31580E19A300600000A38009FE50410A0E10820A0E3B3
S31580E19A405C1600EB000050E3D6FFFF1A1030A0E36E
S31580E19A500040A0E1003085E50600A0E1B7C5FFEB57
S31580E19A600400A0E1F880BDE8804FE6804BCEE2803D
S31580E19A7054CEE2805DCEE2800030A0E304E02DE5C5
S31580E19A8003C080E001E0DCE500C092E50CE0C1E7DF
S31580E19A9000C092E50CE0D1E700005EE30100001A28
S31580E19AA00100A0E304F09DE4023083E201C08CE290
S31580E19AB00A0053E300C082E5F0FFFF1A0030A0E31D
S31580E19AC003C080E00EE0DCE500C092E50CE0C1E792
S31580E19AD000C092E50CE0D1E700005EE3EFFFFF0A0C
S31580E19AE0023083E201C08CE20C0053E300C082E5E0
S31580E19AF0F2FFFF1A0030A0E303C080E01CE0DCE562
S31580E19B0000C092E50CE0C1E700C092E50CE0D1E748
S31580E19B1000005EE3E1FFFF0A023083E201C08CE2EE
S31580E19B20040053E300C082E5F2FFFF1A0000A0E3E0
S31580E19B3004F09DE4F7452DE90040D3E5000051E3CB
S31580E19B40B6C1D011B4E1D0E1BF4004E202C0A003C6
S31580E19B50090054E39E2C2CE00380A0910020A0E331
S31580E19B6028709DE504208DE50060A0910850A091C4
S31580E19B701400008A0C0055E10900002A000054E334
S31580E19B801200000A0030D5E5BF3003E2040053E15C
S31580E19B900C00001A014044E2205085E2FF4004E2D5
S31580E19BA0F3FFFFEA000051E30600000A0600A0E1A8
S31580E19BB075FEFFEB010050E30010A0E1200000CA32
S31580E19BC010019FE503C4FFEB0000E0E33F0000EAFC
S31580E19BD00560A0E1205045E20500A0E10710A0E183
S31580E19BE004208DE2A3FFFFEB000050E30200001AA0
S31580E19BF00030D5E5400013E3F5FFFF0A04309DE52B
S31580E19C000020A0E30320C7E70030D7E5E50053E372
S31580E19C100020C7050200000A050053E31A30E0037D
S31580E19C200030C7050700A0E126FEFFEB0800A0E1B2
S31580E19C300610A0E12020A0E3731600EB0000A0E36C
S31580E19C40220000EA043096E5200053E388309FE560
S31580E19C50FF32E003030050E1D8FFFFAAB631D6E137
S31580E19C60B4C1D6E10600A0E170209FE59C0303E044
S31580E19C70B0FEFFEB64A09FE5000050E30A60A0011F
S31580E19C80D0FFFF1A000054E30700000A0030D6E552
S31580E19C90BF3003E2040053E1CAFFFF1A014044E208
S31580E19CA0206086E2FF4004E2F5FFFFEA0640A0E19C
S31580E19CB00A0054E1C6FFFF9A204044E20400A0E195
S31580E19CC00710A0E104208DE26AFFFFEBF7FFFFEAD0
S31580E19CD00CD08DE2F085BDE866CEE280F0FF000033
S31580E19CE0804FE58078482DE9143090E514B08DE217
S31580E19CF03F3083E23F30C3E3403083E203D04DE03F
S31580E19D0094509FE53F408DE2000085E55020A0E339
S31580E19D103F40C4E384009FE53B1600EB0000A0E3EF
S31580E19D200110A0E30420A0E1F2FDFFEB010050E386
S31580E19D300300000A0030A0E3003085E50060E0E33F
S31580E19D40120000EA7F0F84E2020080E250109FE574
S31580E19D500220A0E3591600EB006050E2F4FFFF1AFF
S31580E19D60360084E23C109FE50320A0E3531600EB26
S31580E19D70000050E30500000A520084E228109FE5C6
S31580E19D800520A0E34D1600EB000050E3E8FFFF1A43
S31580E19D900600A0E114D04BE27888BDE8804FE680EA
S31580E19DA0004FE58079CEE28085ABE28089ABE280C7
S31580E19DB0F04D2DE99EDE4DE214108DE510208DE506
S31580E19DC00040A0E144108DE2A0008DE264208DE2A6
S31580E19DD028308DE5DEFEFFEB003050E224308DE564
S31580E19DE01C00001A64109DE5B020DDE5200051E3FA
S31580E19DF0C4309D05B63BDD1168308D0568308D1523
S31580E19E00BE3ADDE168509DE5BC36CDE1923525E08F
S31580E19E10AC60DDE5AB30DDE5CCB09D05066483E085
S31580E19E20203A9FE50668A0E1082093E52668A0E14F
S31580E19E3024B09D15AD70DDE5020056E170508DE5EB
S31580E19E40B467CDE1B677CDE10400000AF8099FE574
S31580E19E500610A0E15FC3FFEB0000E0E3770200EAD2
S31580E19E60200051E3877045000030A00378708D05AE
S31580E19E701C308D050900000AB130DDE5B200DDE573
S31580E19E800610A0E1000483E08002A0E1562700EB02
S31580E19E90877045E0007087E01C008DE578708DE580
S31580E19EA00610A0E30030E0E34000A0E3960101E084
S31580E19EB07C308DE5E6C6FFEB000050E360008DE582
S31580E19EC0E4FFFF0A0430A0E10310A0E10140D3E4FE
S31580E19ED02F0054E35C0054130140A0030040A0131B
S31580E19EE0F8FFFF0A1E0E8DE2181500EB1E0E8DE2BD
S31580E19EF074FDFFEBE031DDE5000053E30800001A75
S31580E19F00002A9DE5000052E3EE01000A0C308DE562
S31580E19F1038399FE508308DE50230A0E3003A8DE5DA
S31580E19F20180000EA1E0E8DE28BFDFFEB000050E388
S31580E19F300E0000BA9E3E8DE2003083E0004843E5A4
S31580E19F40010080E21E3E8DE2000083E00030D0E534
S31580E19F5008008DE52F0053E35C005313010080E296
S31580E19F60F9FFFF0A0130A0E30C308DE5050000EA38
S31580E19F70003A9DE5003093E20130A0130C308DE587
S31580E19F80C8389FE508308DE50060A0E3C0389FE5DD
S31580E19F900680A0E106A0A0E10640A0E118308DE5AB
S31580E19FA0000056E30300000A0030A0E3207084E25B
S31580E19FB020308DE5140000EA64309DE50500A0E1DE
S31580E19FC0200053E3B617DD010210A01384289FE534
S31580E19FD048FDFFEB000050E3BA0100BA74489FE503
S31580E19FE0F0FFFFEA0030A0E3E030CDE5203057E531
S31580E19FF02C308DE5E50053E30900001A20309DE51C
S31580E1A000207087E2013083E220308DE5B437DDE1EF
S31580E1A01020209DE5204047E2A30252E1F0FFFF3A8E
S31580E1A0206C0000EA0400A0E1181047E2ADFDFFEB09
S31580E1A030152057E52C309DE5080012E32000000A43
S31580E1A0400F2002E20F0052E3EBFFFF1A400013E319
S31580E1A050E9FFFF0A133057E5E0C08DE218308DE560
S31580E1A06000C08DE50430A0E160008DE20B10A0E137
S31580E1A070E0279FE52CC08DE5ADFEFFEB003A9DE53F
S31580E1A0802CC09DE5020053E32100001A153057E507
S31580E1A090100013E301808812BC079F150C10A011F4
S31580E1A0A02A00001AE030DDE5000053E3D2FFFF0A23
S31580E1A0B001A08AE2A4079FE5041017E50C20A0E140
S31580E1A0C02B0000EA000053E30A00001A002A9DE50E
S31580E1A0D0020052E37B01001A84079FE50A10A0E1A2
S31580E1A0E00820A0E108308DE5BAC2FFEB08309DE596
S31580E1A0F00340A0E1C70100EA003A9DE5020053E38F
S31580E1A1000300001A18309DE50008A0E1200853E11C
S31580E1A1102B00000A0400A0E180108DE2E1FDFFEB57
S31580E1A120003A9DE5020053E31400001A153057E525
S31580E1A130100013E38030DDE50700000A000053E3F9
S31580E1A140ADFFFF0A10079FE5018088E280108DE26E
S31580E1A1502F20A0E39FC2FFEBA7FFFFEA000053E3B6
S31580E1A160A5FFFF0AF4069FE5041017E501A08AE240
S31580E1A17080208DE22030A0E396C2FFEB9EFFFFEACE
S31580E1A1801E0E8DE280108DE27F1400EB000050E31D
S31580E1A1900400000A1E0E8DE2E0108DE27A1400EBD7
S31580E1A1A0000050E394FFFF1A0C309DE5000053E375
S31580E1A1B00600000A0B30D4E5100013E34101000AE2
S31580E1A1C0020000EA88369FE518308DE58AFFFFEACE
S31580E1A1D00180A0E3750000EA64309DE5016086E2D6
S31580E1A1E0200053E31000001AB637DDE1030056E1A3
S31580E1A1F06AFFFF1A0B10A0E160008DE2E2FCFFEB43
S31580E1A20060269FE5B657DDE10060A0E3023040E2DB
S31580E1A210020053E178209DE500B0A0E10030A093F3
S31580E1A2200130A083902525E0080000EA70309DE5A5
S31580E1A230015085E21C209DE5053063E0020056E38E
S31580E1A2400060A003020053E10030A0330130A02377
S31580E1A250000053E351FFFF0A003A9DE5020053E314
S31580E1A2601801001A0A10A0E10820A0E1F0059FE597
S31580E1A27058C2FFEBE10000EA003A9DE5000053E3B6
S31580E1A2800030A00301300812000053E36501001A93
S31580E1A290007A9DE503A0A0E10C308DE564309DE573
S31580E1A2A0BA49DDE1200053E3B439DD010030A01382
S31580E1A2B00338A0010060A0E3034084E006B0A0E19A
S31580E1A2C08C359FE51C308DE5B637DDE1B4C7DDE140
S31580E1A2D060008DE20410A0E18C259FE59C0303E0FC
S31580E1A2E014FDFFEB000050E3AA00001A78559FE5C4
S31580E1A2F020008DE5B627DDE1B437DDE1920303E0A9
S31580E1A30020209DE5A30252E19200002A0020D5E5B6
S31580E1A3100030A0E3E50052E3E030CDE58800000AB5
S31580E1A3200B30D5E5080013E33E00001A0030D5E591
S31580E1A330000053E35B00000A0500A0E1081085E216
S31580E1A340E8FCFFEB000057E35D00001A0500A0E1A1
S31580E1A35034108DE253FDFFEB000057E36000001AF5
S31580E1A36008009DE534108DE2071400EB000050E310
S31580E1A3706E00001A80408DE20400A0E10510A0E1A4
S31580E1A3802020A0E3A01400EB000054E38100000A42
S31580E1A3900C309DE5000053E38800001A18209DE506
S31580E1A3A008309DE5000052E30A30A0A108308DE532
S31580E1A3B00C309DE5000053E38400000A0F00B4E809
S31580E1A3C080C08DE20F00ACE80F0094E80F008CE8C6
S31580E1A3D008009DE560FCFFEB003050E218308DE52A
S31580E1A3E0A4FFFFBA08209DE50030A0E30030C2E774
S31580E1A3F0013080E2033082E00020D3E503A0A0E1D2
S31580E1A4002F0052E35C005213013083E2F9FFFF0A29
S31580E1A410003A9DE5000053E30401000A000052E39F
S31580E1A4200080A003010100EA0F3003E20F0053E34D
S31580E1A4304300001A400012E34100000A0D30D5E5E1
S31580E1A440E0C08DE21C308DE500C08DE560008DE2D7
S31580E1A4500410A0E110249FE50530A0E12CC08DE534
S31580E1A460B3FDFFEB000057E32CC09DE5AEFFFF0A8D
S31580E1A4700B30D5E5100013E301608612D8039F15F2
S31580E1A4800C10A0111C00001AE030DDE5000053E35A
S31580E1A4902B00000A01B08BE2C0039FE51C1095E515
S31580E1A4A00C20A0E11E0000EA000057E33900000A13
S31580E1A4B00B10A0E10620A0E1A4039FE5C5C1FFEB57
S31580E1A4C0340000EA1C309DE50008A0E1200853E154
S31580E1A4D09DFFFF1A78339FE5205085E21C308DE59C
S31580E1A4E0180000EA0B30D5E5100013E30500000AF9
S31580E1A4F064039FE5016086E234108DE22F20A0E3BC
S31580E1A500B4C1FFEB0E0000EA3430DDE5000053E331
S31580E1A5100B00000A44039FE51C1095E501B08BE230
S31580E1A52034208DE22030A0E3AAC1FFEB040000EAEB
S31580E1A53008009DE5E0108DE2931300EB000050E307
S31580E1A5408BFFFF0A205085E220309DE5013083E2D2
S31580E1A55020308DE566FFFFEA0410A0E160008DE220
S31580E1A56009FCFFEB010050E30040A0E10200008A14
S31580E1A570F8029FE597C1FFEB060000EA64309DE5AE
S31580E1A580200053E3E8329FE5FF32E003030050E128
S31580E1A5904CFFFF3AF5FFFFEA0C309DE5014023E2EF
S31580E1A5A0003A9DE5000053E30040A0030140041218
S31580E1A5B0000054E30040A0130040E003950000EA68
S31580E1A5C08B30DDE5100013E373FFFF1A3D0000EAEF
S31580E1A5D064309DE51C5094E5200053E3B431D40109
S31580E1A5E0B627DDE10338A00124308D0514309DE5E1
S31580E1A5F0B477DDE1050053E1BA61D4E10100003AC7
S31580E1A6000040A0E3830000EA28309DE5000053E3A3
S31580E1A6100400000A14309DE528109DE5013083E0B1
S31580E1A620030055E10350A021920707E024309DE520
S31580E1A6303C429FE5036086E00780A0E114309DE51A
S31580E1A640030058E10D00008A0610A0E160008DE26A
S31580E1A650CDFBFFEB010050E30060A0E1E7FFFF9A4D
S31580E1A66064309DE5200053E30430A011FF32E0031E
S31580E1A670030050E1E1FFFF2A078088E0EEFFFFEA71
S31580E1A680088067E0055068E0088053E00840A00153
S31580E1A6902500000A070055E1D8A19FE50540A031D4
S31580E1A6A00740A02160008DE20610A0E10A20A0E12A
S31580E1A6B00430A0E11FFCFFEB000050E30300000A39
S31580E1A6C0B4019FE543C1FFEB0040E0E3510000EABE
S31580E1A6D0055064E0044068E010009DE508108AE0DA
S31580E1A6E00420A0E1C81300EB000055E34900000A0D
S31580E1A6F010309DE50610A0E1043083E060008DE234
S31580E1A70010308DE5A0FBFFEB010050E30060A0E196
S31580E1A7104000009A64309DE5200053E350319FE587
S31580E1A720FF32E003030050E13A00002A40819FE5D1
S31580E1A73007A0A0E106B0A0E105005AE160008DE244
S31580E1A7400F00002A0610A0E18FFBFFEB013040E20B
S31580E1A750060053E11200001A010050E32D00009A31
S31580E1A76064309DE5200053E30830A011FF32E00319
S31580E1A770030050E12700002A07A08AE00060A0E1FB
S31580E1A780ECFFFFEA0B10A0E110209DE50530A0E18A
S31580E1A790E8FBFFEB000050E3054084001D00000A62
S31580E1A7A0C6FFFFEA60008DE20B10A0E110209DE577
S31580E1A7B00A30A0E1DFFBFFEB000050E3BFFFFF1AA9
S31580E1A7C010309DE560008DE20A3083E00610A0E15D
S31580E1A7D010308DE56CFBFFEB0A4084E005506AE0C2
S31580E1A7E0010050E30200008A80009FE5F9C0FFEB9B
S31580E1A7F0080000EA64309DE5200053E30830A011AB
S31580E1A800FF32E003030050E1F6FFFF2A07A0A0E153
S31580E1A81000B0A0E1D8FFFFEA60009DE547C2FFEB0B
S31580E1A8200400A0E1050000EA0080A0E308A0A0E121
S31580E1A8300130A0E30070A0E30C308DE596FEFFEADF
S31580E1A8409EDE8DE2F08DBDE8004FE580A7CEE28009
S31580E1A850B0DDE280FFFF0000004FE380DACEE280E8
S31580E1A860ECCEE280FACEE280EDFFFF0F004FE4808E
S31580E1A87066CEE280F0FF0000804FE58013CFE28074
S31580E1A88007402DE902C0A0E101E0A0E100308DE5BD
S31580E1A8900010A0E30E20A0E10C30A0E143FDFFEB28
S31580E1A8A00CD08DE204F09DE410402DE904419FE552
S31580E1A8B070D04DE2003094E5000053E3F8009F0547
S31580E1A8C02C00000AF4009FE5C2C0FFEB003094E55E
S31580E1A8D0003093E5013043E2070053E303F19F97AC
S31580E1A8E0150000EA04A9E18014A9E1801CA9E180B0
S31580E1A8F024A9E1802CA9E18034A9E1803CA9E18009
S31580E1A9000CA9E180B8009FE50C0000EAB4009FE560
S31580E1A9100A0000EAB0009FE5080000EAAC009FE586
S31580E1A920060000EAA8009FE5040000EAA4009FE58E
S31580E1A930020000EAA0009FE5000000EA9C009FE596
S31580E1A940A4C0FFEB003094E594009FE5041093E505
S31580E1A950A0C0FFEB000094E5C3D7FFEB30008DE2AA
S31580E1A96014108DE204208DE2F9FBFFEB004050E20A
S31580E1A9700300000A6C009FE596C0FFEB0140A0E36F
S31580E1A980090000EA1B108DE20B20A0E308008DE2AE
S31580E1A9901D1300EB50009FE526108DE208208DE225
S31580E1A9A01340CDE52B40CDE58AC0FFEB0400A0E165
S31580E1A9B070D08DE21080BDE8804FE6802ACFE280BC
S31580E1A9C03DCFE28035A9E28039A9E2803EA9E280E5
S31580E1A9D043A9E28049A9E2804DA9E2803A78E28002
S31580E1A9E04ACFE28052CFE28061CFE28079CFE280C6
S31580E1A9F00010A0E30120A0E10130A0E39FFFFFEA80
S31580E1AA00F7402DE90040A0E10170A0E130009FE52B
S31580E1AA100410A0E10350A0E10260A0E16DC0FFEB6C
S31580E1AA200030A0E300308DE50400A0E10710A0E14D
S31580E1AA300620A0E10530A0E1DCFCFFEB0CD08DE245
S31580E1AA40F080BDE88ECFE28001C0A0E138402DE9FB
S31580E1AA500210A0E10C20A0E10050A0E1E7FFFFEBAE
S31580E1AA60010070E30040A0E10200001A0C009FE5BE
S31580E1AA700510A0E157C0FFEB0400A0E13880BDE8F6
S31580E1AA809ACFE2801EFF2FE108402DE908009FE57D
S31580E1AA9050C0FFEB0000E0E30880BDE80DD0E28026
S31580E1AAA00000E0E31EFF2FE10000E0E31EFF2FE15F
S31580E1AAB00000E0E31EFF2FE11EFF2FE114209FE55A
S31580E1AAC00230A0E1181093E4010050E10200A001F8
S31580E1AAD00300A0111EFF2FE18403E38010402DE9DE
S31580E1AAE018409FE5000094E5F3FFFFEB143090E515
S31580E1AAF033FF2FE10030A0E3003084E51080BDE82C
S31580E1AB00D44FE6800130A0E3F3412DE90270A0E164
S31580E1AB1000308DE578209FE578309FE544D8FFEBDE
S31580E1AB20000050E3010000AA0000E0E3160000EA1D
S31580E1AB3064609FE558809FE50040A0E3300054E3E0
S31580E1AB40045086E0F7FFFF0A000057E30300000A9E
S31580E1AB50063094E7000053E3030057110800001A1A
S31580E1AB60043095E5000098E528109FE533FF2FE155
S31580E1AB70000050E324309F050020950500208305E1
S31580E1AB800100000A184084E2EBFFFFEA08D08DE27B
S31580E1AB90F081BDE8D84FE680844FE6808403E38088
S31580E1ABA0D44FE68038402DE92C409FE50050A0E166
S31580E1ABB0000094E5C0FFFFEB083090E50500A0E1D9
S31580E1ABC033FF2FE10030A0E3003084E50050A0E1BF
S31580E1ABD0C1FFFFEB0500A0E13880BDE8D44FE680F8
S31580E1ABE0F8402DE90350A0E16C309FE50060A0E1DB
S31580E1ABF0000093E50240A0E10170A0E1AEFFFFEB2A
S31580E1AC000420A0E10530A0E10710A0E10CC090E5A9
S31580E1AC100600A0E13CFF2FE1050050E10020E0E1E4
S31580E1AC20A22FA0E10020A003000055E30030A0039D
S31580E1AC3001300212000053E30040A0E10300000A64
S31580E1AC4018009FE50610A0E1E2BFFFEB0040E0E3DC
S31580E1AC50A1FFFFEB0400A0E1F880BDE8D44FE680D8
S31580E1AC609ACFE280021042E2050051E3F8452DE9F0
S31580E1AC700040E0836500008A020052E308109315E4
S31580E1AC800010A003040093E50260A0E120209DE589
S31580E1AC900350A0E19AFFFFEB004050E23000001A3A
S31580E1ACA0030056E3070000DA0C0095E50410A0E105
S31580E1ACB01020A0E3941500EB040056E30070A0E1B8
S31580E1ACC00A00001A0D0000EA48019FE56DB6FFEB28
S31580E1ACD0000050E340719F050800000A0410A0E1DE
S31580E1ACE01020A0E3881500EB0070A0E1030000EAE4
S31580E1ACF0050056E3108095E54100000A050000EA6B
S31580E1AD0018019FE55FB6FFEB008050E210019F05D9
S31580E1AD103B00001A110000EA140095E50410A0E159
S31580E1AD201020A0E3781500EB070056E30450A0114C
S31580E1AD3000A0A0E10400001A180095E50410A0E146
S31580E1AD401020A0E3701500EB0050A0E1342099E5D6
S31580E1AD507F2482E2020057E10300009AC4009FE566
S31580E1AD6090BFFFEB0140A0E3280000EA0000A0E3EA
S31580E1AD70A995FFEB0520A0E10710A0E10A30A0E14B
S31580E1AD800060A0E10800A0E194FFFFEB0050A0E1A4
S31580E1AD900600A0E1A095FFEB000055E30060A0E18D
S31580E1ADA0EFFFFFDA80009FE50510A0E10620A0E134
S31580E1ADB088BFFFEB000056E30B00000A6C009FE5BD
S31580E1ADC078BFFFEB0610A0E10500A0E1862300EB4A
S31580E1ADD0FA3FA0E30010A0E354209FE5930000E052
S31580E1ADE01B0700EB4C009FE56EBFFFEB48009FE53C
S31580E1ADF06CBFFFEB0510A0E140009FE52CB5FFEBB2
S31580E1AE00020000EA00A0A0E30A50A0E1CEFFFFEA3B
S31580E1AE100400A0E1F885BDE8AB8AE280008000828B
S31580E1AE2050D0E28059D0E28075D0E280A3D0E28032
S31580E1AE30BBD0E28056C1E280BE67E28011CFE2807C
S31580E1AE400366E280021042E2020051E31100008AC9
S31580E1AE50020052E338402DE9081093150010A00353
S31580E1AE60040093E50250A0E110209DE50340A0E1B6
S31580E1AE7023FFFFEB000050E30800001A040055E3CE
S31580E1AE800C0094051C009F1545FFFFEB000090E246
S31580E1AE900100A0133880BDE80000E0E31EFF2FE14A
S31580E1AEA00100A0E33880BDE8456BE280001090E5C3
S31580E1AEB0212CA0E1FF3801E2012C82E1232482E109
S31580E1AEC0FF3C01E2033482E198209FE5020053E1F1
S31580E1AED01300001A141090E5212CA0E1FF3801E25D
S31580E1AEE0012C82E1232482E1FF3C01E2033482E109
S31580E1AEF00F0053E31700009A181090E5212CA0E18A
S31580E1AF00FF3801E2012C82E1232482E1FF3C01E268
S31580E1AF10033482E1120053E30000A0330900E02309
S31580E1AF201EFF2FE140209FE5020053E10B00001A4E
S31580E1AF30243090E5232CA0E1FF1803E2032C82E183
S31580E1AF40212482E1FF3C03E2033492E10000A01375
S31580E1AF500600E0031EFF2FE10900E0E31EFF2FE17B
S31580E1AF600800E0E31EFF2FE1EDFE0DD01201F22F86
S31580E1AF7010402DE9144090E524ECA0E1FFC804E2FD
S31580E1AF80043C8EE12CE483E1FFCC04E20CC48EE147
S31580E1AF9010005CE30A00009A024091E01400002A66
S31580E1AFA0243090E523ECA0E1FFC803E203EC8EE1D7
S31580E1AFB02CE48EE1FFCC03E20CC48EE10C0054E17B
S31580E1AFC00B00008A08E090E5000052E32ECCA0E178
S31580E1AFD0FF380EE20ECC8CE123C48CE1FF3C0EE21D
S31580E1AFE003348CE1031081E0010080A00000A0B36E
S31580E1AFF01080BDE80000A0E31080BDE80730E0E303
S31580E1B000F0412DE9003082E50260A0E10420A0E371
S31580E1B0100080A0E10170A0E1D4FFFFEB000050E3E6
S31580E1B0203C00000A003090E5044087E2235CA0E121
S31580E1B030035C85E1FF0803E2205485E1FF3C03E2FE
S31580E1B040035485E10A30E0E3003086E5013045E2EC
S31580E1B050080053E303F19F972E0000EA80B0E18078
S31580E1B060ECB0E180B0B0E180ECB0E18018B1E18094
S31580E1B07018B1E18018B1E18018B1E180ECB0E180EE
S31580E1B0800410A0E10800A0E10120A0E3B7FFFFEBF7
S31580E1B090014084E2000050E31E00000A0030D0E562
S31580E1B0A00410A0E1000053E3F5FFFF1A0E0000EA69
S31580E1B0B00800A0E10410A0E10420A0E3ABFFFFEBD0
S31580E1B0C0000050E31300000A001090E50C4087E28F
S31580E1B0D021CCA0E1FF3801E2012C8CE123C482E19D
S31580E1B0E0FF3C01E203348CE1034084E00800A0E107
S31580E1B0F00710A0E1042067E09CFFFFEB000050E32E
S31580E1B1000400000A034084E20340C4E3004086E58C
S31580E1B1100500A0E1F081BDE80900A0E3F081BDE88A
S31580E1B120003051E207402DE904108DE5010000AAC7
S31580E1B1300300E0E3060000EA030013E3FBFFFF1AE6
S31580E1B14004208DE2ACFFFFEB010050E3F7FFFF1A2D
S31580E1B15004009DE50CD08DE204F09DE4003051E2DF
S31580E1B16007402DE904108DE5010000AA0300E0E324
S31580E1B170060000EA030013E3FBFFFF1A04208DE2D9
S31580E1B1809DFFFFEB030050E3F7FFFF1A04009DE507
S31580E1B1900CD08DE204F09DE40030A0E3030051E1A0
S31580E1B1A073402DE90060A0E10250A0E104308DE515
S31580E1B1B0030000BAD9FFFFEB000050E304008DE500
S31580E1B1C0200000BA04409DE50600A0E10410A0E15C
S31580E1B1D004208DE288FFFFEB020050E30900000ABC
S31580E1B1E0090050E31000000A010050E3F4FFFF1A62
S31580E1B1F0000055E3003095150400A0E1013083128B
S31580E1B200003085150F0000EA000055E3ECFFFF0AE8
S31580E1B210003095E5013043E2000053E3003085E5F7
S31580E1B220E7FFFFAA04009DE5060000EA04009DE52C
S31580E1B230000050E30000E0A3020000AA000055E30D
S31580E1B240080070030000E00308D08DE27080BDE85D
S31580E1B250F8402DE90040A0E10200A0E10150A0E123
S31580E1B2600270A0E16E1000EB016080E2055066E0BD
S31580E1B270055084E0050054E10700008A0400A0E15E
S31580E1B2800710A0E10620A0E10C1100EB000050E3DD
S31580E1B2900300000A014084E2F5FFFFEA0000A0E333
S31580E1B2A0F880BDE80400A0E1F880BDE8F8402DE92A
S31580E1B2B00050A0E10160A0E10270A0E1FAFEFFEB9F
S31580E1B2C0004050E20B00001A04E095E52ECCA0E1A7
S31580E1B2D0FF380EE20ECC8CE123C48CE1FF3C0EE21A
S31580E1B2E003248CE1070052E10400008A0600A0E114
S31580E1B2F00510A0E1DF1000EB0400A0E1F880BDE8D5
S31580E1B3000200E0E3F880BDE837402DE90050A0E196
S31580E1B3100140A0E10500A0E10410A0E104208DE256
S31580E1B32035FFFFEB030050E30A00000A090050E312
S31580E1B33004409DE50300001A000054E30400A0B137
S31580E1B3400A00E0A3040000EA040050E3F0FFFF0AEC
S31580E1B3500000E0E3000000EA0400A0E10CD08DE209
S31580E1B3603080BDE80CC090E52C2CA0E1FF380CE2E2
S31580E1B3700C2C82E1232482E1FF3C0CE2033482E15E
S31580E1B380011083E0010080E01EFF2FE1F84C2DE9FA
S31580E1B3900050A0E10170A0E10260A0E10340A0E1DC
S31580E1B3A0C1FEFFEB000050E3F88CBD18103095E547
S31580E1B3B023ECA0E1FFC803E203EC8EE1FF1C03E28C
S31580E1B3C02CE48EE101C48EE107128CE001C085E0B8
S31580E1B3D004209CE5013095E7021CA0E1FFEC02E246
S31580E1B3E0221C81E10E1481E1FF2802E2221481E12F
S31580E1B3F0032CA0E1FFEC03E2232C82E10E2482E11F
S31580E1B400FF3803E223B482E101A080E1F0A0C6E146
S31580E1B41008309CE50CC09CE50C1CA0E1FF2C0CE2FD
S31580E1B4202C1C81E1021481E1FF280CE2222481E1D6
S31580E1B430031CA0E1FFCC03E2231C81E10C1481E132
S31580E1B440FF3803E2237481E1026080E1F060C4E1C8
S31580E1B450F88CBDE8103090E5704C2DE923ECA0E145
S31580E1B46003EC8EE1FF2803E222E48EE1FF3C03E276
S31580E1B47003E48EE10060A0E306328EE0033080E0F3
S31580E1B4800C1093E5082093E5013CA0E1213C83E1A2
S31580E1B490FFCC01E20CC483E1FF1801E221348CE1A7
S31580E1B4A0021CA0E1221C81E1FFCC02E20C1481E1C5
S31580E1B4B0FF2802E2225481E10040A0E303A084E177
S31580E1B4C005B0A0E10B309AE101608612E9FFFF1A2F
S31580E1B4D00600A0E1708CBDE8F34D2DE90350A0E1B3
S31580E1B4E00070A0E10140A0E10280A0E16EFEFFEBE9
S31580E1B4F0000050E308608D020400260501A0850264
S31580E1B5002700001A04309DE5000054E3000053A3B0
S31580E1B5101E0000BA010053E31600001A0700A0E1FD
S31580E1B520041084E20A20A0E190FEFFEB00B050E235
S31580E1B5301000000A0810A0E10520A0E15F1000EBF1
S31580E1B540000050E30B00001A0530DBE7000053E30F
S31580E1B5501200000A0800A0E14010A0E30520A0E166
S31580E1B5607D1000EB000050E30200001A0530DBE7B6
S31580E1B570400053E30900000A0410A0E10700A0E1BE
S31580E1B5800620A0E103FFFFEB0040A0E1DCFFFFEA3C
S31580E1B590000053E30400A0A10000E0B3000000EA4C
S31580E1B5A00400A0E108D08DE2F08DBDE8F8402DE9F8
S31580E1B5B00050A0E10160A0E10240A0E1087090E5C1
S31580E1B5C039FEFFEB000050E31400001A0500A0E10C
S31580E1B5D00610A0E1D1FEFFEB000050E30F0000BAB8
S31580E1B5E007CCA0E1FF3807E227CC8CE1FF1C07E21C
S31580E1B5F023C48CE101348CE1061083E0015085E0BF
S31580E1B600000054E3045085E20200000A0500A0E14F
S31580E1B610830F00EB000084E50500A0E1F880BDE83A
S31580E1B620000054E3000084150000A0130400A0018B
S31580E1B630F880BDE810402DE90040A0E1B7FEFFEBC0
S31580E1B640001050E21080BDB80400A0E11040BDE8D2
S31580E1B6502CFFFFEA10402DE90040A0E1BEFEFFEBA2
S31580E1B660001050E21080BDB80400A0E11040BDE8B2
S31580E1B67024FFFFEA70402DE90040A0E10160A0E1EE
S31580E1B6800250A0E1B4FEFFEB000050E3030000AA04
S31580E1B690000055E3000085150000A0E37080BDE859
S31580E1B6A008E094E5000055E32ECCA0E1FF380EE2F8
S31580E1B6B00ECC8CE123C48CE1FFEC0EE20E348CE1FE
S31580E1B6C0030086E0000084E07080BD08042090E5F8
S31580E1B6D0221CA0E1FF3802E2021C81E1231481E110
S31580E1B6E0FF3C02E2033481E1003085E57080BDE80C
S31580E1B6F0F04D2DE920409DE50060A0E10280A0E1CA
S31580E1B7000370A0E1CAFFFFEB000050E30050A0E127
S31580E1B7101D0000BA0600A0E10510A0E10420A0E129
S31580E1B720D3FFFFEB00A050E21600000A08C09AE5BD
S31580E1B7300600A0E12C1CA0E1FF380CE20C1C81E1A3
S31580E1B740231481E1FFCC0CE20C1481E104FFFFEBD1
S31580E1B75000B0A0E1320F00EB070050E10500001ACE
S31580E1B7600B00A0E10810A0E10720A0E1D30F00EBD8
S31580E1B770000050E30800000A0600A0E10510A0E100
S31580E1B780B3FFFFEBDFFFFFEA0C50E0E3000054E399
S31580E1B790005084150000A0E3F08DBDE80A00A0E129
S31580E1B7A0F08DBDE8F7402DE90060A0E10200A0E15F
S31580E1B7B00370A0E10150A0E10240A0E1180F00EB87
S31580E1B7C000708DE50510A0E10420A0E10030A0E144
S31580E1B7D00600A0E1C5FFFFEB0CD08DE2F080BDE86D
S31580E1B7E007402DE910C09DE500C08DE5BFFFFFEB69
S31580E1B7F0000050E30C0080120CD08DE204F09DE451
S31580E1B800F7402DE90060A0E10200A0E10370A0E12C
S31580E1B8100150A0E10240A0E1010F00EB00708DE54F
S31580E1B8200510A0E10420A0E10030A0E10600A0E13E
S31580E1B830EAFFFFEB0CD08DE2F080BDE873402DE9A5
S31580E1B8400150A0E134109FE50060A0E10240A0E153
S31580E1B8500B0000EB00C0A0E3001050E20C00A0B1A9
S31580E1B860040000BA00C08DE50600A0E10520A0E154
S31580E1B8700430A0E1D9FFFFEB08D08DE27080BDE80E
S31580E1B880F599E280F0412DE90070A0E10100A0E1A7
S31580E1B8900150A0E1E20E00EB0060A0E10700A0E12B
S31580E1B8A081FDFFEB000050E3F081BD180030D5E566
S31580E1B8B0066085E02F0053E31000000A2F10A0E315
S31580E1B8C00500A0E1CB0E00EB0510A0E1000050E3FE
S31580E1B8D00080A0110680A0010700A0E1082065E0B4
S31580E1B8E0D5FFFFEB001050E21C00000A0700A0E143
S31580E1B8F0E3FFFFEB0850A0E10040A0E1000000EA91
S31580E1B9000040A0E10030D5E5000053E31500000AD0
S31580E1B9100580A0E10130D5E42F0053E3FBFFFF0A68
S31580E1B920000053E30F00000A2F10A0E30800A0E116
S31580E1B930B00E00EB0410A0E10820A0E1000050E386
S31580E1B9400050A0110650A0010700A0E1053068E093
S31580E1B950E0FEFFEB004050E2E9FFFFAA010000EACA
S31580E1B9600400E0E3F081BDE80400A0E1F081BDE8F8
S31580E1B970F7452DE90080A0E10160A0E10250A0E158
S31580E1B9800370A0E148FDFFEB000050E32300001ABD
S31580E1B990000055E308A08DA204002AA50C40E0A38F
S31580E1B9A01D0000BA060050E10030A0C30130A0D3EB
S31580E1B9B0000050E30030A0B3000053E30010A0E1A3
S31580E1B9C00E00000A04309DE5050053E10140A00127
S31580E1B9D0060051E10500001A000057E300308715A3
S31580E1B9E0030055E10400A0D10000E0C30B0000EAAA
S31580E1B9F00800A0E10A20A0E1E6FDFFEBE8FFFFEA0F
S31580E1BA00010070E30300E0A3040000AA040071E3EF
S31580E1BA100100A0110A00E003000000EA0000E0E373
S31580E1BA200CD08DE2F085BDE807402DE90020A0E34A
S31580E1BA3004308DE2CDFFFFEB000050E304009D056D
S31580E1BA400000000A0C00E0A30CD08DE204F09DE436
S31580E1BA50F0412DE90040A0E10200A0E10150A0E122
S31580E1BA600270A0E16E0E00EB0060A0E1018080E251
S31580E1BA70060055E10B0000BA0700A0E10410A0E141
S31580E1BA800820A0E10D0F00EB000050E30C00000A56
S31580E1BA900400A0E10010A0E30520A0E12E0F00EB59
S31580E1BAA0000050E30100001A0000A0E3F081BDE848
S31580E1BAB0004064E00440E0E1045085E0014080E23A
S31580E1BAC0EAFFFFEA0100A0E3F081BDE813402DE93A
S31580E1BAD00240A0E104308DE228209FE547FFFFEB9D
S31580E1BAE0000050E304009D050400000A04109DE572
S31580E1BAF00420A0E1D5FFFFEB100F6FE1A002A0E1EA
S31580E1BB0008D08DE21080BDE84BC7E280F8402DE990
S31580E1BB100050A0E10170A0E10260A0E1E2FCFFEB50
S31580E1BB20002050E20500A0010710A0010F00001AD5
S31580E1BB3098FDFFEB000050E30040A0E10D0000BA64
S31580E1BB400500A0E10410A0E10620A0E1DEFFFFEB05
S31580E1BB50010070E3F880BDB8000050E30500000AFB
S31580E1BB600500A0E10410A0E10020A0E3EFFFFFEAD9
S31580E1BB700200A0E1F880BDE80400A0E1F880BDE81C
S31580E1BB80103090E510402DE923CCA0E1FFE803E2F7
S31580E1BB9003CC8CE12EC48CE1FFEC03E20EE48CE174
S31580E1BBA027005EE32600009A084090E50E1081E0CA
S31580E1BBB024CCA0E1FF3804E204CC8CE123C48CE1FF
S31580E1BBC0FF3C04E203348CE1010053E11C00003ABE
S31580E1BBD00C1090E5023083E021CCA0E101CC8CE130
S31580E1BBE0FFE801E22EC48CE1FF1C01E201C48CE195
S31580E1BBF003005CE11200003A041090E520E090E554
S31580E1BC00212CA0E1FF3801E2012C82E1FF0C01E267
S31580E1BC10232482E12E1CA0E1003482E10E1C81E125
S31580E1BC20FF280EE2FF0C0EE2221481E1002481E17D
S31580E1BC300C0082E0000053E10000A0230100A03364
S31580E1BC401080BDE80100A0E31080BDE8F8402DE951
S31580E1BC50206090E50C5090E5264CA0E1FFE806E2F5
S31580E1BC60064C84E12E4484E1FFCC06E20CE484E1D7
S31580E1BC70254CA0E1FFC805E2054C84E12C4484E132
S31580E1BC80FFCC05E20CC484E10CC08EE0000052E3F7
S31580E1BC900CC080E0150000BA026081E00C0056E13C
S31580E1BCA01200008A045090E5037062E0254CA0E121
S31580E1BCB0FFE805E2054C84E12E4484E1FFEC05E2F0
S31580E1BCC00EE484E107708CE00EE080E00E0057E13F
S31580E1BCD00800008A0CC061E0030081E00C2062E08C
S31580E1BCE00610A0E1630E00EB0000A0E3F880BDE85A
S31580E1BCF00300E0E3F880BDE80200E0E3F880BDE818
S31580E1BD0070402DE90260A0E10350A0E10222A0E1AA
S31580E1BD100332A0E10040A0E1CBFFFFEB000050E35E
S31580E1BD207080BD18083094E5052066E023CCA0E15B
S31580E1BD30FF1803E203CC8CE121C48CE1FF1C03E212
S31580E1BD400222A0E101148CE1011082E0013CA0E134
S31580E1BD50FFCC01E2213C83E10C3483E1FF1801E26F
S31580E1BD600CC094E5211483E1081084E52C1CA0E144
S31580E1BD70FF380CE20C1C81E1231481E1FF3C0CE2EB
S31580E1BD80033481E1033082E0032CA0E1FF1C03E26E
S31580E1BD90232C82E1012482E1FF3803E2233482E12C
S31580E1BDA00C3084E57080BDE870402DE90040A0E16B
S31580E1BDB00250A0E10360A0E1A3FFFFEB000050E3A6
S31580E1BDC07080BD1824E094E5062065E02ECCA0E1E4
S31580E1BDD0FF180EE20ECC8CE121C48CE1FF1C0EE251
S31580E1BDE001148CE1011082E0013CA0E1FFCC01E28B
S31580E1BDF0213C83E10C3483E1FF1801E20CC094E538
S31580E1BE00211483E1241084E52C1CA0E1FF380CE2A7
S31580E1BE100C1C81E1231481E1FF3C0CE2033481E1D6
S31580E1BE20033082E0032CA0E1FF1C03E2232C82E1B4
S31580E1BE30012482E1FF3803E2233482E10C3084E598
S31580E1BE407080BDE8F0412DE90050A0E1100090E559
S31580E1BE50287082E2038087E00360A0E1203CA0E1D4
S31580E1BE600140A0E1003C83E1FF1800E2213483E157
S31580E1BE70FF1C00E2011483E1011085E0280084E2E1
S31580E1BE80FC0D00EB082095E50A33A0E3103084E54C
S31580E1BE90223CA0E1FF1802E2023C83E1213483E106
S31580E1BEA0FF1C02E2011483E10620A0E1070084E0A1
S31580E1BEB0011085E0EF0D00EB073CA0E1FF2C07E2E6
S31580E1BEC0273C83E1023483E1FF7807E2277483E14B
S31580E1BED0063CA0E1FF2C06E2263C83E1023483E1C5
S31580E1BEE00C2095E5FF6806E2266483E1223CA0E129
S31580E1BEF0200095E5FF1802E2023C83E1213483E1EB
S31580E1BF00FF1C02E2011483E1203CA0E1FF2800E26C
S31580E1BF10003C83E1223483E1FF2C00E2022483E1C9
S31580E1BF20011085E0087084E5246084E5080084E0FA
S31580E1BF30D00D00EB082CA0E1201095E5FF3C08E24E
S31580E1BF40282C82E1032482E1FF3808E2233482E16E
S31580E1BF50212CA0E1012C82E10C3084E5FF3801E25D
S31580E1BF60232482E1FF3C01E2033482E1032CA0E158
S31580E1BF70232C82E1FF1C03E2012482E1FF3803E204
S31580E1BF80233482E1203084E5F081BDE8F04D2DE96E
S31580E1BF900240A0E10050A0E10380A0E15FFCFFEB5D
S31580E1BFA000A050E20A40A0B16A0000BA0C2095E5F3
S31580E1BFB00400A0E1223CA0E1FF6802E2023C83E1C9
S31580E1BFC0263483E1FF6C02E2066483E1140D00EB23
S31580E1BFD0203095E5066085E0231CA0E1FF2803E299
S31580E1BFE0031C81E1221481E1FF3C03E20420A0E10C
S31580E1BFF0031481E10070A0E10600A0E193FCFFEB70
S31580E1C000002050E2024066102A00001A203095E5B1
S31580E1C01001B087E2237CA0E1FF0803E2037C87E1AC
S31580E1C020207487E10C0095E5FF3C03E2037487E128
S31580E1C030203CA0E1FF1800E2003C83E1213483E16A
S31580E1C040FF1C00E2011483E1071081E00500A0E115
S31580E1C050011085E00B30A0E1FBFEFFEB000050E331
S31580E1C0600040A0111300001A201095E5070086E034
S31580E1C070212CA0E1FF3801E2012C82E1232482E137
S31580E1C080FF3C01E2033482E103308BE0032CA0E143
S31580E1C090FF1C03E2232C82E1012482E1FF3803E2E3
S31580E1C0A0233482E10410A0E1203085E50B20A0E174
S31580E1C0B0550D00EB0740A0E1000054E3250000BAEE
S31580E1C0C0082095E50500A0E1223CA0E1FF1802E207
S31580E1C0D0023C83E1213483E1FF1C02E2011483E126
S31580E1C0E001108AE020309DE5011085E0001083E5AE
S31580E1C0F0033088E20330C3E30020A0E30C3083E21F
S31580E1C10028FFFFEB000050E31100001A20309DE587
S31580E1C110FF2C04E2001093E50334A0E3003081E5CF
S31580E1C120043CA0E1243C83E1023483E1FF4804E25C
S31580E1C130244483E1083CA0E1283C83E1FF2C08E22A
S31580E1C140023483E1FF8808E2288483E1084081E5BF
S31580E1C150048081E50040A0E10400A0E1F08DBDE826
S31580E1C16038402DE90050A0E14FFBFFEB000050E3A2
S31580E1C1703880BD18142095E5223CA0E1FF4802E213
S31580E1C180023C83E1243483E1FF4C02E2044483E10F
S31580E1C190100054E30F00009A243095E50500A0E1F4
S31580E1C1A0232CA0E1FF1803E2032C82E1212482E122
S31580E1C1B0FF3C03E21010A0E3032482E16FFEFFEB74
S31580E1C1C0000050E30500001A110054E31134A01376
S31580E1C1D0143085153880BDE80900E0E33880BDE894
S31580E1C1E00B00E0E33880BDE8F34D2DE928509DE56D
S31580E1C1F00270A0E100A0A0E10380A0E12C609DE5B2
S31580E1C200D6FFFFEB002050E20200A0112E00001ABB
S31580E1C2100A00A0E104208DE58DFCFFEB10109AE584
S31580E1C22004209DE5213CA0E1FF4801E2013C83E158
S31580E1C230243483E1FF4C01E2044483E10130A0E34D
S31580E1C240004284E004B08AE00A00A0E10B10A0E19C
S31580E1C250AAFEFFEB000050E31B00001A083CA0E1B8
S31580E1C260FF2C08E2283C83E1023483E1071CA0E14C
S31580E1C270FF8808E2288483E1273C81E1FF1C07E20D
S31580E1C280011483E1FF7807E2273481E1082080E128
S31580E1C290F4208AE1063CA0E1FF2C06E2263C83E11C
S31580E1C2A0023483E1051CA0E1FF6806E2266483E1AE
S31580E1C2B0253C81E1FF1C05E2011483E1FF5805E29B
S31580E1C2C0253481E1062080E1F820CBE108D08DE2BA
S31580E1C2D0F08DBDE8F0412DE90070A0E10150A0E1CB
S31580E1C2E0104090E59DFFFFEB006050E21000001AE0
S31580E1C2F00700A0E156FCFFEB000055E10E0000AA25
S31580E1C30004CCA0E1FF2804E224CC8CE122C48CE1B8
S31580E1C310FF2C04E202248CE1051282E00700A0E111
S31580E1C320011087E00630A0E10120A0E3F041BDE8FD
S31580E1C33072FEFFEA0600A0E1F081BDE80000E0E3DD
S31580E1C340F081BDE8FF412DE928409DE50050A0E15F
S31580E1C3500170A0E10260A0E10380A0E17FFFFFEB35
S31580E1C360000050E32D00001A0710A0E10500A0E1CE
S31580E1C3700620A0E10C308DE209FDFFEB0CC09DE5C6
S31580E1C380000050E30010A0E108008DE50C00A0015B
S31580E1C3901100000A03208CE2033084E20500A0E16B
S31580E1C3A00C1081E20320C2E30330C3E37DFEFFEBA1
S31580E1C3B0000050E30800001A043CA0E1FF2C04E2EF
S31580E1C3C0243C83E1023483E1FF2804E2223483E1E1
S31580E1C3D008209DE5043082E50A0000EA010070E369
S31580E1C3E00600001A08308DE200308DE50500A0E1F7
S31580E1C3F00710A0E10620A0E10430A0E1E2FEFFEB18
S31580E1C400000050E30500001A08009DE50810A0E150
S31580E1C4100C0080E20420A0E17B0C00EB0000A0E3AD
S31580E1C42010D08DE2F081BDE8F7402DE90050A0E122
S31580E1C4300170A0E10260A0E148FFFFEB004050E21D
S31580E1C4400400A0110E00001A0710A0E10620A0E169
S31580E1C4500500A0E104308DE2D1FCFFEB04209DE5EF
S31580E1C460001050E20200A0010500000A032082E2EA
S31580E1C4700320C2E30500A0E10C2082E20430A0E1C2
S31580E1C48048FEFFEB0CD08DE2F080BDE8F34D2DE95F
S31580E1C4900050A0E10140A0E10270A0E10360A0E1CB
S31580E1C4A02EFFFFEB000050E33600001A0500A0E105
S31580E1C4B00410A0E10720A0E10630A0E105FCFFEB36
S31580E1C4C0000050E30100E0A32E0000AA010070E322
S31580E1C4D02C00001A0500A0E10410A0E104208DE201
S31580E1C4E0C5FAFFEB04809DE50500A0E10810A0E117
S31580E1C4F004208DE2C0FAFFEB030040E2010050E345
S31580E1C500F7FFFF9A082095E504B086E2223CA0E198
S31580E1C510FF4802E2023C83E1243483E1FF4C02E2FC
S31580E1C520044483E1044088E004A085E003B0CBE3E2
S31580E1C5300A10A0E10500A0E10020A0E308308BE22B
S31580E1C54018FEFFEB001050E20100A0110D00001A69
S31580E1C5500134A0E3043085E704408AE20B20A0E1C0
S31580E1C5600400A0E1110C00EB0400A0E10710A0E1BA
S31580E1C5700620A0E1240C00EB0BA08AE00234A0E3C4
S31580E1C5800800A0E104308AE508D08DE2F08DBDE8AF
S31580E1C59070402DE90060A0E10200A0E10150A0E138
S31580E1C5A00240A0E19E0B00EB0510A0E10420A0E192
S31580E1C5B00030A0E10600A0E17040BDE8B2FFFFEAED
S31580E1C5C0F0412DE90070A0E10150A0E1E3FEFFEB2F
S31580E1C5D0006050E21200001A0700A0E10510A0E118
S31580E1C5E0BC0000EB002050E20F0000BA084097E55E
S31580E1C5F00700A0E124ECA0E1FFC804E204EC8EE1AF
S31580E1C6002CE48EE1FFCC04E20CC48EE105108CE0D3
S31580E1C610011087E0022065E00630A0E1F041BDE847
S31580E1C620E0FDFFEA0600A0E1F081BDE80200A0E1BD
S31580E1C630F081BDE8FF4D2DE90070A0E10160A0E148
S31580E1C6400240A0E1048090E517FAFFEB005050E24A
S31580E1C6500500A0118600001A0700A0E17CFBFFEB34
S31580E1C660141097E5212CA0E1FF3801E2012C82E14B
S31580E1C670232482E1FF3C01E2033482E1100053E3AB
S31580E1C680010080E200A2A0E10800009A241097E56B
S31580E1C690212CA0E1FF3801E2012C82E1232482E111
S31580E1C6A0FF3C01E2033482E10C308DE50A0000EAC9
S31580E1C6B010B08DE204502BE50700A0E10C109DE55A
S31580E1C6C00B20A0E14CFAFFEB090050E3F9FFFF1ADA
S31580E1C6D00C009DE5000050E3650000BA0C309DE555
S31580E1C6E00700A0E10320A0E10A10A0E104308DE576
S31580E1C6F022FDFFEB04309DE5000050E31700001AB0
S31580E1C7000700A0E10610A0E10420A0E1E6FAFFEB34
S31580E1C710003050E25300001A0C009DE51124A0E39D
S31580E1C720001CA0E1142086E5201C81E1FF2C00E2BB
S31580E1C730021481E1FF2800E2222481E1242086E5BA
S31580E1C740042CA0E1242C82E1FF1C04E2012482E195
S31580E1C750FF4804E2244482E1044086E5410000EAA0
S31580E1C760200097E528B083E2201CA0E1FF2800E2C3
S31580E1C770001C81E1221481E1FF0C00E2002481E1C9
S31580E1C78002B08BE00AB08BE00B0054E1370000BACF
S31580E1C790085CA0E1285C85E1FF2808E2222485E1A6
S31580E1C7A0FF5C08E2055482E1055087E00B2086E0D4
S31580E1C7B0020057E1050056310400002A0B2085E08E
S31580E1C7C0041086E0010052E10100009A270000EAA8
S31580E1C7D00650A0E10700A0E10510A0E10A20A0E152
S31580E1C7E097FDFFEB0510A0E10B20A0E10600A0E19B
S31580E1C7F0A00B00EB80309FE5003086E5043CA0E1AC
S31580E1C800FF2C04E2243C83E11C1097E5023483E1AA
S31580E1C810FF4804E2244483E11134A0E3212CA0E122
S31580E1C820143086E50132A0E3012C82E1183086E5F9
S31580E1C830FF3801E2232482E1FF3C01E2033482E115
S31580E1C840032CA0E1232C82E1FF1C03E2012482E197
S31580E1C850FF3803E2233482E1044086E51C3086E535
S31580E1C8600000A0E3020000EA0300A0E1000000EA84
S31580E1C8700200E0E310D08DE2F08DBDE8D00DFEED53
S31580E1C880000050E3090000CA0A00000A0D0070E3C7
S31580E1C8900A00009A2C309FE5000060E2000193E7F0
S31580E1C8A024309FE5000050E30300A0011EFF2FE145
S31580E1C8B018009FE51EFF2FE114009FE51EFF2FE183
S31580E1C8C004009FE51EFF2FE1B047E280FAD0E280C7
S31580E1C8D0D9D0E280EFD0E28037402DE90030A0E385
S31580E1C8E008408DE20050A0E1043024E504309DE566
S31580E1C8F0000051E3000053A3040000BA0500A0E163
S31580E1C9000420A0E123FAFFEB0010A0E1F6FFFFEAA5
S31580E1C9100100A0E10CD08DE23080BDE804E02DE598
S31580E1C92038E09FE500C0A0E10030A0E30C2060E0A4
S31580E1C930010052E1070000AA0120DCE4232422E081
S31580E1C9408220A0E1B2209EE1033422E00338A0E117
S31580E1C9502338A0E1F4FFFFEA0300A0E104F09DE4BF
S31580E1C960F852E280030011E330402DE90B00000A22
S31580E1C970000052E30900000AB8C09FE50130D1E426
S31580E1C980012052E2003023E0FF3003E203319CE7ED
S31580E1C990200423E00100000A030011E3F6FFFF1AF9
S31580E1C9A003C002E2041041E22221A0E184309FE546
S31580E1C9B00150A0E10240A0E1000054E30F00000A2B
S31580E1C9C004E0B5E5014044E20E0020E0FFE000E24C
S31580E1C9D00EE193E720042EE0FFE000E20EE193E72B
S31580E1C9E020042EE0FFE000E20EE193E720042EE052
S31580E1C9F0FFE000E20EE193E720042EE0EDFFFFEA9F
S31580E1CA0000005CE30221A0E13080BD08032082E2E0
S31580E1CA10022081E01C109FE50130F2E501C05CE275
S31580E1CA20003023E0FF3003E2033191E7200423E085
S31580E1CA30F8FFFF1A3080BDE88843E28008402DE99F
S31580E1CA400000E0E1C6FFFFEB0000E0E10880BDE821
S31580E1CA50F9FFFFEAFF4D2DE90060A0E10170A0E159
S31580E1CA600280A0E100A0A0E33CB0A0E30600A0E143
S31580E1CA700710A0E10B20A0E1CC1C00EB0040A0E177
S31580E1CA800150A0E1053094E10500000ADC309FE524
S31580E1CA900A30D3E70C308DE5000053E30A00001A33
S31580E1CAA0020000EA0AB05BE201A08AE2EEFFFF1A29
S31580E1CAB000808DE50620A0E10730A0E1B0009FE58A
S31580E1CAC044B8FFEB10D08DE2F08DBDE800A0A0E187
S31580E1CAD00010A0E30100A0E30B20A0E1BA1C00EB6B
S31580E1CAE0010050E20010C1E2060000E0071001E01B
S31580E1CAF0013090E10060A0030E00000A0A30A0E355
S31580E1CB00906387E001204BE2937127E00100A0E387
S31580E1CB100010A0E3AC1C00EB0B20A0E1060090E046
S31580E1CB200710A1E0A11C00EB090050E30060A0E141
S31580E1CB3001A084820A60408238009FE50A10A0E164
S31580E1CB4024B8FFEB000056E30200000A28009FE5C7
S31580E1CB500610A0E11FB8FFEB0820A0E11C009FE5CD
S31580E1CB600C109DE510D08DE2F04DBDE819B8FFEAD5
S31580E1CB70755DE280CAD1E280D7D1E280DBD1E28005
S31580E1CB80E0D1E280F04D2DE958D04DE278509DE537
S31580E1CB900340A0E1920503E00080A0E1400053E379
S31580E1CBA001A0A0E10260A0E10300009A4000A0E3B9
S31580E1CBB00210A0E10C1C00EB0050A0E1000055E35F
S31580E1CBC00300001A1000A0E30610A0E1061C00EBAA
S31580E1CBD00050A0E18630A0E104308DE5013083E2AA
S31580E1CBE008308DE5000054E34900000A2C019FE5F9
S31580E1CBF00810A0E1F7B7FFEB040055E10570A0311D
S31580E1CC000470A0210AC0A0E100B0A0E307005BE1C7
S31580E1CC101300000A040056E314108DE200209C05FF
S31580E1CC200B2181070600000A020056E30020DC158D
S31580E1CC30B020DC018B00A001FF200212B02081012F
S31580E1CC400B20C117D8009FE504109DE50CC08DE54A
S31580E1CC50E0B7FFEB0CC09DE501B08BE206C08CE04E
S31580E1CC60E9FFFFEA96070BE00BA08AE0050057E1B2
S31580E1CC700B00002A0020A0E308309DE5030052E185
S31580E1CC800500002A9C009FE50C208DE5C5B7FFEBEA
S31580E1CC900C209DE5012082E2F6FFFFEA015045E2A4
S31580E1CCA0F1FFFFEA14108DE27C309FE50120A0E1DF
S31580E1CCB02EC0A0E3020061E00B0050E10700002AEC
S31580E1CCC00100D2E400E0D3E797001EE30100000A09
S31580E1CCD0800010E3F6FFFF0A01C042E5F4FFFFEAB8
S31580E1CCE058308DE20B2083E00000A0E3440042E56A
S31580E1CCF038009FE5B7B7FFEBD8B7FFEB0B8088E04D
S31580E1CD00044067E0000050E3B5FFFF0A0000E0E37E
S31580E1CD10000000EA0400A0E158D08DE2F08DBDE884
S31580E1CD204274E280E8D1E28028DCE2805E57E280EC
S31580E1CD30EED1E280F34D2DE9D040C0E10080A0E163
S31580E1CD40010055E10160A0E10070A0E30020A0337D
S31580E1CD500030A0330800003A0500A0E104108DE51B
S31580E1CD60A11B00EB04C09DE50020A0E3024054E056
S31580E1CD709C0001E00030A0E10150C5E001A0A0E304
S31580E1CD8000B0A0E3010056E30010D7E20110A0A3B2
S31580E1CD900010A0B3050057E1040056010010A0235E
S31580E1CDA001100132000051E30400000A066096E0BA
S31580E1CDB00770A7E00AA09AE00BB0ABE0F0FFFFEACC
S31580E1CDC0070055E1060054010300003A064054E0AD
S31580E1CDD00750C5E00A2092E00B30A3E0ABB0B0E1AA
S31580E1CDE06AA0A0E1A770B0E16660A0E10B109AE1CC
S31580E1CDF0F2FFFF1A0400A0E1F020C8E108D08DE23D
S31580E1CE00F08DBDE837402DE90350A0E104308DE295
S31580E1CE1018409DE579FAFFEB000050E30030E0032E
S31580E1CE200300000A04309DE5050053E10B30E0B3D1
S31580E1CE300030A0A3003084E50CD08DE23080BDE8DF
S31580E1CE4013402DE90340A0E104308DE26BFAFFEB5C
S31580E1CE50000050E30A00000A04309DE5030053E335
S31580E1CE600700009A002090E5223CA0E1FF0802E25B
S31580E1CE70023C83E1203483E1FF0C02E2000483E19A
S31580E1CE80000000EA0400A0E108D08DE21080BDE850
S31580E1CE9013402DE90340A0E104308DE257FAFFEB20
S31580E1CEA0000050E30C00000A04309DE5030053E3E3
S31580E1CEB00900009A230154E10700002A042190E742
S31580E1CEC0223CA0E1FF0802E2023C83E1203483E1D7
S31580E1CED0FF0C02E2000483E1000000EA10009DE518
S31580E1CEE008D08DE21080BDE808402DE928209FE535
S31580E1CEF00030A0E341FAFFEB000050E30400000AB2
S31580E1CF0018109FE5200900EB100F6FE1A002A0E168
S31580E1CF100880BDE80100A0E30880BDE87C9AE28054
S31580E1CF20779AE28004309FE5022193E7F6FAFFEAF9
S31580E1CF30D442E280F3412DE90070A0E10180A0E1D5
S31580E1CF400250A0E10A60A0E30840A0E10410A0E15C
S31580E1CF500700A0E10520A0E18EF8FFEB003095E522
S31580E1CF60010053E30040A0E1F7FFFFCA0410A0E10E
S31580E1CF703C209FE504308DE20080A0E10700A0E13E
S31580E1CF801EFAFFEB2C109FE5FF0800EB000050E353
S31580E1CF900100000A016056E2EAFFFF1A003095E5DA
S31580E1CFA0010053E30400A0010000E01308D08DE204
S31580E1CFB0F081BDE87C9AE280779AE2804C2099E51F
S31580E1CFC008402DE9000052E30300001A28009FE59E
S31580E1CFD000B7FFEB0000E0E30880BDE84C2099E56F
S31580E1CFE0030012E3F8FFFF1A4C0099E5AEF7FFEB79
S31580E1CFF0000050E3F4FFFF1A0880BDE8FDD1E2802E
S31580E1D00008402DE9ECFFFFEB0000A0E30880BDE8D6
S31580E1D01030402DE914D04DE220409DE500C0A0E3EB
S31580E1D0200350A0E110308DE204C023E500308DE5A8
S31580E1D0300431A0E172FFFFEB00E0A0E10C009DE589
S31580E1D040000050E30030A0010B00001A040053E118
S31580E1D050090000AA03C19EE72C1CA0E1FF280CE28F
S31580E1D0600C1C81E1221481E1FF2C0CE2022481E196
S31580E1D070032185E7013083E2F3FFFFEA14D08DE2F5
S31580E1D0803080BDE807402DE904308DE2DBF9FFEB26
S31580E1D090000090E20100A0130CD08DE204F09DE443
S31580E1D0A070402DE90150A0E12C109FE50060A0E1E0
S31580E1D0B00240A0E1F2F9FFEB001050E2040000BA71
S31580E1D0C00600A0E10520A0E10430A0E17040BDE8C2
S31580E1D0D05AFFFFEA0400A0E17080BDE884D2E280D5
S31580E1D0E037402DE90140A0E128109FE50050A0E1FD
S31580E1D0F0E3F9FFEB001050E20000A0B3030000BAB1
S31580E1D1000500A0E10420A0E104308DE2BBF9FFEB4C
S31580E1D1100CD08DE23080BDE884D2E28010009FE5BC
S31580E1D12008402DE99FB6FFEB1D00E0E38CC6FFEBDF
S31580E1D130FEFFFFEA01D6E280002090E5003091E52E
S31580E1D140000092E5001093E58F0800EA70402DE932
S31580E1D1500140A0E10050A0E1000091E50260A0E17C
S31580E1D160F6B7FFEB040094E5F4B7FFEB0030A0E3FC
S31580E1D170083084E50C3084E51430A0E3930602E0C0
S31580E1D180001095E50030E0E3023081E7083095E56F
S31580E1D190013043E2083085E57080BDE8F0412DE954
S31580E1D1A00040A0E30080A0E10170A0E1046042E2DA
S31580E1D1B00450A0E1070055E1090000AA0410B6E594
S31580E1D1C0000051E30400000A0800A0E16E0800EBCC
S31580E1D1D0000050E30140A00300008605015085E28E
S31580E1D1E0F3FFFFEA0400A0E1F081BDE808402DE904
S31580E1D1F0073D00E2400053E30700000A800053E365
S31580E1D2000B00001A0100A0E10210A0E1370900EB52
S31580E1D210000090E20100A0130880BDE80100A0E1D2
S31580E1D2200210A0E1580800EB100F6FE1A002A0E127
S31580E1D2300880BDE80310A0E108009FE565B6FFEB35
S31580E1D2400000A0E30880BDE82BD6E280000051E330
S31580E1D2500400001A9C309FE51620A0E3002083E5B8
S31580E1D2600100A0E11EFF2FE1003091E5000053E3CC
S31580E1D2701E00001A70402DE90160A0E1014080E3C3
S31580E1D2800350A0E3950503E0040053E10600003A6C
S31580E1D2900400A0E10510A0E17D1A00EB000051E356
S31580E1D2A00800001A024084E2F4FFFFEA0400A0E1EC
S31580E1D2B00510A0E1761A00EB000051E3F3FFFF0AC7
S31580E1D2C0025085E2EEFFFFEA0030A0E3044086E506
S31580E1D2D0083086E5010084E21410A0E3A7B9FFEBEC
S31580E1D2E0000086E5000090E20100A0137080BDE8B1
S31580E1D2F00000A0E31EFF2FE1DC4FE680000050E353
S31580E1D300F8402DE90040A0110150A0131470A0133C
S31580E1D3100E00001A54309FE51620A0E3002083E535
S31580E1D320F880BDE8970503E0002094E5036082E09C
S31580E1D330033092E7000053E3030000DA040096E548
S31580E1D3407EB7FFEB080096E57CB7FFEB015085E2FF
S31580E1D350043094E5030055E1F1FFFF9A000094E57E
S31580E1D36076B7FFEB0030A0E3003084E5F880BDE8D6
S31580E1D370DC4FE680F8452DE90140A0E10080A0E19F
S31580E1D3800260A0E10370A0E1250800EB014084E2A0
S31580E1D3901450A0E3940505E000A0A0E1043097E5F0
S31580E1D3A0030054E11300002A003097E5052083E06D
S31580E1D3B0053093E7000053E30B0000DA041092E5B1
S31580E1D3C00800A0E10A20A0E1FA0700EB000050E3A3
S31580E1D3D00500001A003097E50400A0E1055083E0DE
S31580E1D3E0045085E2005086E5F885BDE8014084E297
S31580E1D3F0145085E2E8FFFFEA10309FE50320A0E3C1
S31580E1D4000000A0E3002083E5000086E5F885BDE81D
S31580E1D410DC4FE680F04D2DE920D04DE220C08DE253
S31580E1D4200F000CE910309DE504308DE50300A0E1A5
S31580E1D43044609DE548409DE514709DE5F80700EB65
S31580E1D44004309DE500B083E004309DE503005BE1B7
S31580E1D45001307B1500028310FAFFFF1A041094E570
S31580E1D4600B1A00EB1480A0E3003094E5000051E351
S31580E1D47001A0A01101A0A0039A0808E0085093E753
S31580E1D480082083E0000055E3B100000A010075E35E
S31580E1D4900A30A0010030A0130A0055E108308DE57D
S31580E1D4A04500001A0B00A0E1041092E5B60700EBF7
S31580E1D4B000B050E24000001A40309DE5000057E39D
S31580E1D4C0013043E2133F6FE1A332A0E10030A003D4
S31580E1D4D0000053E33200000A0CC094E500005CE3EF
S31580E1D4E00C00000A000094E50710A0E1080080E046
S31580E1D4F0040080E20220A0E34C309DE53CFF2FE171
S31580E1D500000050E3E0339F150120A013002083152E
S31580E1D51000B08615F000001A003094E5083083E00B
S31580E1D5200CC093E500005CE30A00000A04009DE577
S31580E1D5300710A0E10220A0E34C309DE53CFF2FE1FE
S31580E1D540000050E3A0339F151620A0130020831519
S31580E1D5500030A0131000001A003094E5083083E013
S31580E1D560080093E5F5B6FFEB0700A0E100B094E58E
S31580E1D570BE0700EB003094E508B08BE0083083E02D
S31580E1D58008008BE5083093E5000053E30400001AB8
S31580E1D59054239FE50C10A0E3001082E5003086E578
S31580E1D5A0CD0000EA003094E5010075E3088083E070
S31580E1D5B0048088E2008086E5C800001A041094E5BC
S31580E1D5C00A00A0E1021041E2B11900EB0A80A0E174
S31580E1D5D0015081E2050058E1043094950880658028
S31580E1D5E003306590038088900A0058E15A00000A6A
S31580E1D5F014B0A0E3980B0BE0003094E50B2083E0B8
S31580E1D6000B3093E70A0053E14C00001A04009DE5D4
S31580E1D610041092E55C0700EB003050E20C308DE5BA
S31580E1D6204600001A40309DE5000057E3013043E2B1
S31580E1D630133F6FE1A332A0E10030A003000053E382
S31580E1D6403500000A0CC094E500005CE30C00000A9A
S31580E1D650000094E50710A0E10B0080E0040080E281
S31580E1D6600220A0E34C309DE53CFF2FE1000050E332
S31580E1D67074329F150120A013002083150C309D156F
S31580E1D6802200001A003094E50B3083E00CC093E56C
S31580E1D69000005CE30A00000A04009DE50710A0E1B2
S31580E1D6A00220A0E34C309DE53CFF2FE1000050E3F2
S31580E1D6B034329F151620A013002083150030A01365
S31580E1D6C01200001A003094E50B3083E0080093E500
S31580E1D6D09AB6FFEB003094E50700A0E10B3083E0DA
S31580E1D6E00C308DE5610700EB0C309DE5080083E5A4
S31580E1D6F0003094E50B3083E0083093E5000053E396
S31580E1D7000500001AE0219FE50C10A0E3001082E5F8
S31580E1D710003086E50030A0E3060000EA003094E5BB
S31580E1D720010078E30B3083E0043083E2003086E564
S31580E1D7300830A0E10100000A0350A0E1670000EA99
S31580E1D740003094E50B3093E7000053E3A0FFFF1A26
S31580E1D750010000EA0A80A0E108508DE540309DE5B0
S31580E1D760010053E30320A0135600001A082094E534
S31580E1D770043094E5030052E10100001A0C20A0E395
S31580E1D780500000EA08309DE51450A0E3000053E321
S31580E1D7900830A001930505E00380A0E1003094E51F
S31580E1D7A004009DE505A083E705B083E02F0700EB44
S31580E1D7B004008BE50700A0E100B094E52B0700EBC0
S31580E1D7C005B08BE008008BE5000094E5050080E07C
S31580E1D7D0043090E5000053E3E7FFFF0A083090E567
S31580E1D7E0000053E3E4FFFF0A083094E5040080E299
S31580E1D7F0013083E2083084E5D4B9FFEB000094E59B
S31580E1D800050080E0040080E2A9BBFFEB0CC094E553
S31580E1D81000005CE31100000A000094E50710A0E136
S31580E1D820050080E0040080E20020A0E34C309DE525
S31580E1D8303CFF2FE1000050E30800000A001094E568
S31580E1D8400820A0E1051081E00400A0E1041081E256
S31580E1D8503DFEFFEB90309FE540209DE51A0000EA12
S31580E1D860003094E5053083E00CC093E500005CE38D
S31580E1D8700E00000A04009DE50710A0E10020A0E368
S31580E1D8804C309DE53CFF2FE1000050E30700000AA4
S31580E1D890001094E50820A0E1051081E00400A0E1F4
S31580E1D8A0041081E228FEFFEB1620A0E3050000EAE2
S31580E1D8B0001094E5055081E0045085E2005086E54C
S31580E1D8C00150A0E3050000EA1C309FE50050A0E38B
S31580E1D8D0002083E5005086E5000000EA0050A0E3E1
S31580E1D8E00500A0E120D08DE2F08DBDE8DC4FE68039
S31580E1D8F0F0412DE928D04DE20150A0E114308DE2CE
S31580E1D90028008DE90040A0E328308DE218008DE5FE
S31580E1D91000408DE50C408DE50080A0E10270A0E13C
S31580E1D9200F0013E9BAFEFFEB006050E20320A0038B
S31580E1D9301800000A0CC095E500005CE30700000AC8
S31580E1D9400120A0E314009DE50410A0E10730A0E1E9
S31580E1D9503CFF2FE1000050E30120A0130D00001AE7
S31580E1D960003095E51410A0E3963121E00CC091E5F5
S31580E1D97000005CE30B00000A0800A0E10010A0E3D0
S31580E1D9800120A0E30730A0E13CFF2FE1000050E356
S31580E1D9900400000A1620A0E324309FE50000A0E3FE
S31580E1D9A0002083E5040000EA0500A0E114109DE56E
S31580E1D9B00620A0E1E4FDFFEB0100A0E328D08DE2A3
S31580E1D9C0F081BDE8DC4FE680F04D2DE91CB08DE2BB
S31580E1D9D020D04DE20260A0E1042090E5000053E30F
S31580E1D9E00221A0E10A2082E20720C2E302D04DE0D3
S31580E1D9F00080A0E120100BE504409BE528D00BE5F3
S31580E1DA002C300BE51620A0036F00000A0050A0E33E
S31580E1DA10103006E201A0A0E324500BE534300BE59B
S31580E1DA20043098E503005AE15800008A1420A0E307
S31580E1DA309A0202E0001098E5027081E0022091E707
S31580E1DA40000052E3203006C201C0A0C330300BC5CE
S31580E1DA504C0000DA08309BE503005CE11C0000AA7B
S31580E1DA6034301BE5000053E30300001A30301BE538
S31580E1DA70000053E31400000A0A0000EA0C309BE53B
S31580E1DA800600A0E10C2193E7041097E538C00BE589
S31580E1DA90D5FDFFEB38C01BE5000050E3F2FFFF0A3E
S31580E1DAA00120A0E30B0000EA0C309BE50600A0E133
S31580E1DAB00C2193E7081097E538C00BE5CAFDFFEB2B
S31580E1DAC038C01BE5000050E3F4FFFF1A01C08CE289
S31580E1DAD0DFFFFFEA0020A0E308309BE5012022E298
S31580E1DAE0000053E30020A0D3012002C2000052E3EC
S31580E1DAF02400001A080016E30300000A042097E5D3
S31580E1DB000020D2E52E0052E31E00000A013085E2B4
S31580E1DB1030300BE528301BE5042087E2052183E7D9
S31580E1DB20040097E53E0600EB24301BE5025083E2D4
S31580E1DB3020301BE5000053E308309715013043128E
S31580E1DB40005085E00300001A080097E5340600EBF3
S31580E1DB50005085E0080000EA0120F3E5000052E389
S31580E1DB600500000A20101BE55C0052E3010052111A
S31580E1DB700150851202508502F6FFFFEA023085E206
S31580E1DB8030501BE524300BE501A08AE2A3FFFFEAD2
S31580E1DB900420A0E330319FE528001BE50510A0E1D4
S31580E1DBA0B10500EB24301BE5000054E3012083E25C
S31580E1DBB00900000A020054E10800002A0C019FE5F1
S31580E1DBC00410A0E103B4FFEB0C20A0E300319FE554
S31580E1DBD00000E0E3002083E5390000EA0240A0E1AD
S31580E1DBE02C301BE5006093E5000056E30800000A4F
S31580E1DBF00600A0E10010A0E30420A0E16B0600EBA3
S31580E1DC0028201BE50000A0E33DC0A0E35CE0A0E3A3
S31580E1DC100B0000EA0100A0E30410A0E157B7FFEB97
S31580E1DC202C301BE5000050E30060A0E1000083E5B5
S31580E1DC30F2FFFF1AE3FFFFEA20105BE5010080E2D5
S31580E1DC400010C3E5050050E11A00000A003092E5B4
S31580E1DC500280A0E1001093E5011041E201A0F1E527
S31580E1DC60013086E200005AE30360A01101A043156A
S31580E1DC70F9FFFF1A00C0C6E5001098E5042082E2AC
S31580E1DC80048091E50010D8E5016083E2000051E36C
S31580E1DC90E8FFFF0A20701BE55C0051E307005111A4
S31580E1DCA000E0C3050630A0010110D8E40010C3E509
S31580E1DCB0013083E2F2FFFFEA0030A0E30400A0E155
S31580E1DCC00030C6E51CD04BE2F08DBDE838D1E1806D
S31580E1DCD057D6E280DC4FE680F04D2DE91CB08DE22F
S31580E1DCE038D04DE208709BE5000050E30741A0E1A2
S31580E1DCF00AC084E207C0CCE30CD04DE010C08DE2CF
S31580E1DD0038C00BE58500000A0080A0E10200A0E1B1
S31580E1DD103C100BE50360A0E10250A0E194B5FFEB76
S31580E1DD203C101BE500A050E2E4329F050C20A003E5
S31580E1DD30002083050A40A001B200000A0520A0E187
S31580E1DD40310600EB000057E30300000A38001BE5CB
S31580E1DD500C109BE50420A0E12B0600EB04309BE54B
S31580E1DD60010013E30400001A003098E5000053E354
S31580E1DD700100000A0800A0E15FFDFFEB003098E5B5
S31580E1DD80000053E30300000A05308AE00A40A0E17F
S31580E1DD903C300BE5190000EAA501A0E1400080E2F4
S31580E1DDA0020C50E3020CA0230810A0E126FDFFEB54
S31580E1DDB0004050E2F3FFFF1A0A00A0E1DFB4FFEB77
S31580E1DDC0900000EA230053E30400A0111100001A39
S31580E1DDD00130D4E4000053E306005311FBFFFF1A40
S31580E1DDE00450A0E13C301BE5030055E17000002AB8
S31580E1DDF00030D5E5000053E36D00000A0540A0E15F
S31580E1DE000030D4E5200053E309005313ECFFFF1AF9
S31580E1DE10015084E2F8FFFFEA0030A0E10120D0E47E
S31580E1DE20000052E33D0052130110A0130010A0033D
S31580E1DE30060052E10010A00301100112000051E337
S31580E1DE40F4FFFF1A000052E30300A0E10B00000A91
S31580E1DE500110D3E5000051E30400000A060052E117
S31580E1DE60060051110110A0030010A0131400001A3E
S31580E1DE703D0052E30020A003013083020020C0056B
S31580E1DE800020A0E3020057E1015083E20020C3E5D0
S31580E1DE900400001A0400A0E10810A0E104209BE53B
S31580E1DEA092FEFFEBCEFFFFEA0400A0E10710A0E1BE
S31580E1DEB038201BE5B8FCFFEB000050E3C8FFFF0A02
S31580E1DEC0F3FFFFEA01C083E20010C3E50C30A0E175
S31580E1DED00C10A0E10350A0E10120D5E4000052E35B
S31580E1DEE0060052110100A0130000A0030700000AFA
S31580E1DEF05C0052E30200001A0120D3E5000052E300
S31580E1DF000530A0110120D3E40120C1E4F0FFFFEA4E
S31580E1DF100000C1E50000D4E5000050E30400001AEA
S31580E1DF20EC309FE51620A0E3002083E50040A0E1E8
S31580E1DF30340000EA000057E31400001A0130A0E340
S31580E1DF4000308DE530304BE208018DE904309BE508
S31580E1DF500C308DE51C304BE228C00BE52C400BE5FF
S31580E1DF600F0013E940C00BE529FDFFEB30301BE5DF
S31580E1DF7040C01BE5000053E399FFFF1A0410A0E1BE
S31580E1DF800C20A0E18C009FE512B3FFEB94FFFFEA42
S31580E1DF900400A0E10710A0E138201BE540C00BE5B5
S31580E1DFA07DFCFFEB40C01BE5000050E38CFFFF0AE0
S31580E1DFB0E1FFFFEA0A00A0E160B4FFEB38301BE540
S31580E1DFC00050A0E3044043E2070055E10C0000AABB
S31580E1DFD00400B4E5000050E30700000A0810A0E160
S31580E1DFE004209BE541FEFFEB001094E5000050E341
S31580E1DFF024009F0524009F15F6B2FFEB015085E2D0
S31580E1E000F0FFFFEA0140A0E30400A0E11CD04BE26F
S31580E1E010F08DBDE8DC4FE68087D6E280B8D6E28037
S31580E1E020EFD6E280F8402DE90050A0E10160A0E161
S31580E1E0300140A0E31470A0E3043095E5030054E1C8
S31580E1E0400B00008A970403E0002095E5030082E057
S31580E1E050033092E7000053E3030000DA040080E234
S31580E1E06036FF2FE1000050E3F880BD18014084E2DD
S31580E1E070F0FFFFEA0000A0E3F880BDE81C109FE511
S31580E1E0800030A0E10300A0E10020D0E5013083E289
S31580E1E0900220D1E7200012E3F9FFFF1A1EFF2FE1EC
S31580E1E0A05E57E28010402DE9F3FFFFEB0040A0E1EF
S31580E1E0B0DB0400EB000050E30E00000A013040E291
S31580E1E0C038009FE5033084E0040053E10320A0E1BA
S31580E1E0D00200002A0030A0E30130C2E5050000EA33
S31580E1E0E00010D2E5013043E20110D0E7200011E3D0
S31580E1E0F0F4FFFF1AF6FFFFEA0400A0E11080BDE815
S31580E1E1005E57E280F34D2DE9005090E5010055E33D
S31580E1E1100500001A0C3090E5000053E308108005F5
S31580E1E1200C2080050300A0015C00000A0070A0E1DC
S31580E1E13005C0A0E100E0A0E3026081E005005EE1C8
S31580E1E1401000000A084097E50C3097E5020053E19C
S31580E1E150010054013600000A060054E13800000A45
S31580E1E160044083E0040051E1087087E201408EE2D9
S31580E1E1708441800002308300043084053600000A41
S31580E1E18004E0A0E1ECFFFFEA0030A0E3014045E2D4
S31580E1E19004005EE10E00002A8EE180E001808CE2DF
S31580E1E1A008A09EE58CC180E00CB09EE514609CE5FC
S31580E1E1B010709CE504608DE50A608BE0060057E10E
S31580E1E1C02800000A04609DE5077086E007005AE1B1
S31580E1E1D02400000A000053E30100A0132F00001A77
S31580E1E1E0070055E3853180901300008A010074E3CE
S31580E1E1F00900000A08C013E40C0051E110C0833520
S31580E1E2000CC0933514C0833501404432F6FFFF3AA2
S31580E1E210844180E0101084E5142084E5083090E59F
S31580E1E220015085E2030051E1081080350C208035EC
S31580E1E230005080E50000A0E3180000EA0000E0E37A
S31580E1E240160000EA8E3180E00CC093E5066062E05C
S31580E1E25002C08CE0086083E50CC083E50EC0A0E1D6
S31580E1E2600130A0E3C8FFFFEA04209DE50B6082E070
S31580E1E2700C608EE5040058E108C08CE20500002AB6
S31580E1E28010209CE508208CE514209CE5018088E23D
S31580E1E2900C208CE5F6FFFFEA004080E5010083E291
S31580E1E2A008D08DE2F08DBDE80030A0E30120A0E347
S31580E1E2B0083080E50C3080E50C0080E8583080E558
S31580E1E2C05C3080E5502080E5543080E51EFF2FE10B
S31580E1E2D08BFFFFEAF0412DE90030A0E3505090E555
S31580E1E2E001E0A0E10070A0E1021081E00340A0E13D
S31580E1E2F003C0A0E1050053E10360A0E10700000A45
S31580E1E30058C097E55C4097E5087087E204408CE069
S31580E1E310040051E10E005C9101308382F4FFFF8AB3
S31580E1E320050053E12900000A0CC06EE0047061E04B
S31580E1E3301CCF6FE1177F6FE1ACC2A0E1A772A0E1CC
S31580E1E3400C8017E08331A0E1033080100120451273
S31580E1E3500B00000A020056E1083083E20500002A3C
S31580E1E360581093E5501083E55C1093E5016086E2F1
S31580E1E370541083E5F6FFFFEA502080E50000A0E334
S31580E1E380F081BDE800005CE303308010581083150E
S31580E1E3900200001A000057E30400000A033080E01F
S31580E1E3A05C1093E5012062E05C2083E5F2FFFFEA01
S31580E1E3B003C080E058309CE5042061E00EE063E034
S31580E1E3C05CE08CE5500080E2F041BDE84CFFFFEA7D
S31580E1E3D00000E0E3F081BDE8500080E248FFFFEA1B
S31580E1E3E010402DE900E090E50030A0E3022081E0D5
S31580E1E3F00E0053E10D00000A084090E50CC090E55F
S31580E1E4000CC084E00C0051E10500002A020054E1D1
S31580E1E4100300002A0E0053E10300A0310000E0234F
S31580E1E4201080BDE8013083E2080080E2EFFFFFEA79
S31580E1E4300000E0E31080BDE8FF4D2DE9005090E556
S31580E1E4400270A0E101B045E2502080E20080A0E1C7
S31580E1E4500160A0E1855180E000C067E204208DE59E
S31580E1E46000005BE32E0000BA044095E500A095E547
S31580E1E470060054E12C00003A000053E304408A0090
S31580E1E4800A00000A0A4084E0030054E104406690F1
S31580E1E4900340668003005AE10500003A220000EA63
S31580E1E4A00B0080E2804198E7060054E11E00003AC5
S31580E1E4B0044066E00C4004E004005AE10020A083B9
S31580E1E4C00120A093000054E30020A003000052E362
S31580E1E4D01500000A04009DE50410A0E10620A0E1F4
S31580E1E4E00CC08DE508308DE5BCFFFFEB08309DE57E
S31580E1E4F00CC09DE5000050E3E8FFFFAA012047E25A
S31580E1E500066082E0002067E204009DE50410A0E158
S31580E1E510062002E0FAFEFFEB000050E30400A0A132
S31580E1E520040000AA0000A0E3020000EA01B04BE289
S31580E1E530085045E2C9FFFFEA10D08DE2F08DBDE8D3
S31580E1E54070402DE90160A0E10350A0E1B9FFFFEB46
S31580E1E550004050E20300001A10009FE50610A0E19A
S31580E1E5600520A0E19BB1FFEB0400A0E17080BDE84E
S31580E1E57020D7E2800030A0E3F0FFFFEA1EFF2FE123
S31580E1E580040040E204E02DE50430D0E50520D0E545
S31580E1E59007E0D0E5022483E10630D0E5011051E2BF
S31580E1E5A00E3483E1033882E10430A0E5F5FFFF1AFA
S31580E1E5B004F09DE4F04D2DE928399FE500A091E531
S31580E1E5C0002090E503308AE008C090E5023083E0E0
S31580E1E5D00C2090E5045090E50C2022E00CC090E5FB
S31580E1E5E0052002E00C2022E0023083E0F8C89FE5B6
S31580E1E5F0042091E530D04DE200208DE50CC082E02B
S31580E1E6000C2090E5E33C85E002C08CE0082090E5B3
S31580E1E61008E090E5052022E0032002E00E2022E0DA
S31580E1E62002C08CE0082091E504208DE504E09DE5BB
S31580E1E630B8289FE56CCA83E002208EE008E090E589
S31580E1E640AC489FE50E2082E005E023E00CE00EE099
S31580E1E65005E02EE00EE082E00C2091E5EEE78CE02D
S31580E1E66008208DE5044082E003202CE00E2002E0C4
S31580E1E670054084E0032022E0022084E0104091E519
S31580E1E6800C408DE50C609DE568489FE562258EE04E
S31580E1E690044086E0033084E00C402EE0024004E052
S31580E1E6A00C4024E0043083E0144091E510408DE590
S31580E1E6B010609DE540489FE5E33C82E0044086E0CA
S31580E1E6C00CC084E00E4022E0034004E00E4024E0EA
S31580E1E6D004C08CE0184091E514408DE514609DE519
S31580E1E6E018489FE56CCA83E0044086E00EE084E04A
S31580E1E6F0024023E00C4004E0024024E01C8091E5E6
S31580E1E70004E08EE0F8479FE5EEE78CE0044088E0A0
S31580E1E710022084E003402CE00E4004E0034024E044
S31580E1E720042082E0204091E518408DE518609DE562
S31580E1E730D0479FE562258EE0044086E0033084E0A1
S31580E1E7400C402EE0024004E00C4024E0043083E0FB
S31580E1E750244091E51C408DE51C609DE5A8479FE539
S31580E1E760E33C82E0044086E00CC084E00E4022E097
S31580E1E770034004E00E4024E004C08CE0284091E5AB
S31580E1E78020408DE5294B44E24F4044E26CCA83E068
S31580E1E7900EE084E0024023E00C4004E0024024E005
S31580E1E7A004E08EE02C4091E524408DE524609DE5F2
S31580E1E7B058479FE5EEE78CE0044086E0022084E05E
S31580E1E7C003402CE00E4004E0034024E0306091E514
S31580E1E7D0042082E038479FE562258EE0044086E0AA
S31580E1E7E0033084E00C402EE0024004E00C4024E05B
S31580E1E7F0043083E0344091E528408DE528709DE53D
S31580E1E80010479FE5E33C82E0044087E00CC084E06A
S31580E1E8100E4022E0034004E00E4024E0387091E5AA
S31580E1E82004C08CE0F0469FE56CCA83E0044087E053
S31580E1E8300EE084E0024023E00C4004E0024024E064
S31580E1E84004E08EE03C4091E5D0169FE5EEE78CE072
S31580E1E850011084E0022081E003102CE00E1001E03B
S31580E1E860031021E000B09DE5012082E0B0169FE52E
S31580E1E87062258EE001108BE0033081E00E1022E00C
S31580E1E8800C1001E00E1021E014B09DE5013083E02B
S31580E1E89090169FE5E33D82E001108BE00CC081E0BC
S31580E1E8A0021023E00E1001E0021021E024B09DE584
S31580E1E8B001C08CE070169FE5ECCB83E001108BE024
S31580E1E8C00EE081E003102CE0021001E0031021E06C
S31580E1E8D001108EE054E69FE561198CE00EE08AE056
S31580E1E8E002208EE00CE021E003E00EE00CE02EE079
S31580E1E8F010B09DE50E2082E034E69FE5622681E058
S31580E1E9000EE08BE003308EE001E022E00CE00EE0E9
S31580E1E91001E02EE020B09DE50E3083E014E69FE530
S31580E1E920E33D82E00EE08BE00CC08EE002E023E086
S31580E1E93001E00EE002E02EE00EC08CE0F8E59FE516
S31580E1E940ECCB83E00EE084E001108EE003E02CE086
S31580E1E95002E00EE003E02EE00CB09DE50E1081E0D2
S31580E1E960D8E59FE561198CE00EE08BE002208EE030
S31580E1E9700CE021E003E00EE00CE02EE01CB09DE52A
S31580E1E9800E2082E0B8E59FE5622681E00EE08BE02D
S31580E1E99003308EE001E022E00CE00EE001E02EE0C3
S31580E1E9A00E3083E09CE59FE5E33D82E00EE087E083
S31580E1E9B00CC08EE002E023E001E00EE002E02EE012
S31580E1E9C008B09DE50EC08CE07CE59FE5ECCB83E06D
S31580E1E9D00EE08BE001108EE003E02CE002E00EE039
S31580E1E9E003E02EE018B09DE50E1081E05CE59FE541
S31580E1E9F061198CE00EE08BE002208EE00CE021E0F4
S31580E1EA0003E00EE00CE02EE028B09DE50E2082E0EA
S31580E1EA103CE59FE5622681E00EE08BE003308EE007
S31580E1EA2001E022E00CE00EE001E02EE004B09DE59D
S31580E1EA300E3083E01CE59FE5E33D82E00EE08BE06E
S31580E1EA400CC08EE002E023E001E00EE002E02EE081
S31580E1EA500EC08CE000E59FE5ECCB83E00EE088E03C
S31580E1EA6001108EE003E02CE002E00EE003E02EE010
S31580E1EA700E1081E061E98CE00C102EE02C108DE522
S31580E1EA80D8149FE510B09DE5011086E0022081E073
S31580E1EA902C109DE5031001E00C1021E0012082E0BD
S31580E1EAA0BC149FE562268EE001108BE02CB09DE5DB
S31580E1EAB0033081E002B02BE00B3083E0A4149FE5C4
S31580E1EAC018B09DE5633E82E001108BE00CC081E0E9
S31580E1EAD00E1022E0031021E024B09DE501C08CE018
S31580E1EAE084149FE5ECCA83E001108BE00EE081E0BF
S31580E1EAF0021023E00C1021E001E08EE06C149FE52A
S31580E1EB006EE88CE0011087E0022081E003102CE0C2
S31580E1EB100E1021E0012082E054B49FE500109DE5CE
S31580E1EB20E2248EE00BB081E00C102EE0021021E0B1
S31580E1EB3003308BE0013083E00CB09DE534149FE532
S31580E1EB40633E82E001108BE00CC081E00E1022E092
S31580E1EB50031021E001C08CE0EC1A83E018C49FE544
S31580E1EB6020B09DE50CC088E00EE08CE002C023E099
S31580E1EB7001C02CE00CE08EE06EC881E0FCE39FE50D
S31580E1EB800EE08BE002208EE003E021E00CE02EE057
S31580E1EB900E2082E0E2E48CE028B09DE5E0239FE56B
S31580E1EBA002208BE0033082E001202CE00E2022E07F
S31580E1EBB0023083E0CC239FE5633E8EE002208AE04B
S31580E1EBC0011082E00C202EE0032022E008B09DE5D2
S31580E1EBD0021081E0B0239FE5E11A83E002208BE019
S31580E1EBE00CC082E00E2023E0012022E014B09DE5F6
S31580E1EBF002C08CE094239FE56CC881E002208BE023
S31580E1EC000EE082E0032021E00C2022E01CB09DE5AD
S31580E1EC1002E08EE078239FE5EEE48CE002208BE053
S31580E1EC20033082E001202CE00E2022E0023083E0F6
S31580E1EC30632E8EE05C339FE504B09DE5033086E08C
S31580E1EC40011083E00C302EE0023023E0031081E0F6
S31580E1EC5044339FE5E11A82E0033084E00CC083E02F
S31580E1EC600E3022E0013023E003C08CE02C339FE5B7
S31580E1EC706CC881E003308BE00EE083E0023021E076
S31580E1EC800C3023E003E08EE014339FE5EEE48CE084
S31580E1EC9003308AE0023083E00120E0E102208EE168
S31580E1ECA000A39FE50C2022E00AA088E0023083E001
S31580E1ECB0633D8EE001108AE00CA0E0E10AA083E1E9
S31580E1ECC0E4229FE50EA02AE0022087E00A1081E097
S31580E1ECD0611B83E00CC082E00E20E0E1022081E14D
S31580E1ECE0032022E002C08CE0C0729FE510209DE502
S31580E1ECF0ECC881E0077082E00EE087E00370E0E136
S31580E1ED0007708CE1A8229FE5017027E0022086E06A
S31580E1ED1007E08EE0EEE58CE0033082E00120E0E181
S31580E1ED2002208EE10C2022E0023083E084A29FE57E
S31580E1ED3008209DE5633D8EE00AA082E001108AE02D
S31580E1ED400CA0E0E120609DE50AA083E168229FE5D1
S31580E1ED500EA02AE0022086E00A1081E0611B83E0B2
S31580E1ED600CC082E00E20E0E1022081E1032022E076
S31580E1ED7002C08CE044729FE500209DE5ECC881E00D
S31580E1ED80077082E00EE087E00370E0E107708CE1D6
S31580E1ED9018609DE528229FE5017027E0022086E044
S31580E1EDA007E08EE0EEE58CE0033082E00120E0E1F1
S31580E1EDB002208EE10CA29FE50C2022E00AA084E0ED
S31580E1EDC0023083E0633D8EE001108AE00CA0E0E151
S31580E1EDD014409DE50AA083E1EC219FE50EA02AE09F
S31580E1EDE0022084E00A1081E0611B83E00CC082E0AE
S31580E1EDF00E20E0E1022081E1032022E002C08CE0E6
S31580E1EE00C8719FE528209DE5ECC881E0077082E026
S31580E1EE100EE087E00370E0E107708CE1017027E0A6
S31580E1EE200C409DE5A8219FE507E08EE0EEE58CE0CC
S31580E1EE30022084E00140E0E104408EE10C4024E0E0
S31580E1EE40033082E08CA19FE524209DE5043083E0B8
S31580E1EE50633D8EE00AA082E00C20E0E1022083E1BE
S31580E1EE600E2022E001108AE0021081E068219FE510
S31580E1EE70611B83E002208BE00C2082E00EC0E0E1A2
S31580E1EE800CC081E103C02CE00CC082E04C719FE5AF
S31580E1EE901C209DE5ECC881E0077082E00E7087E07A
S31580E1EEA0002090E503E0E0E10EE08CE1023083E0D2
S31580E1EEB001E02EE00EE087E0003080E505308CE071
S31580E1EEC0EEE583E0083090E504E080E503C08CE080
S31580E1EED00C3090E508C080E5031081E00C1080E5F8
S31580E1EEE030D08DE2F08DBDE878A46AD756B7C7E811
S31580E1EEF0DB702024EECEBDC1AF0F7CF52AC68747F5
S31580E1EF00134630A8019546FDD8988069AFF7448BC2
S31580E1EF10BED75C892211906B937198FD8E4379A659
S31580E1EF202108B44962251EF640B340C0515A5E2697
S31580E1EF30AAC7B6E95D102FD65314440281E6A1D85B
S31580E1EF40C8FBD3E7E6CDE121D60737C3870DD5F4F4
S31580E1EF50ED145A4505E9E3A9F8A3EFFCD9026F67F9
S31580E1EF608A4C2A8D4239FAFF81F6718722619D6D3D
S31580E1EF700C38E5FD44EABEA4A9CFDE4B604BBBF677
S31580E1EF8070BCBFBEC67E9B28FA27A1EA8530EFD446
S31580E1EF90051D880439D0D4D9E599DBE6F87CA21F32
S31580E1EFA06556ACC4442229F497FF2A43A72394AB40
S31580E1EFB039A093FCC3595B6592CC0C8F7DF4EFFF4E
S31580E1EFC0D15D84854F7EA86FE0E62CFE144301A3D4
S31580E1EFD0A111084E827E53F735F23ABDBBD2D72ACC
S31580E1EFE091D386EBF0412DE9104090E50050A0E108
S31580E1EFF0823184E0040053E1103080E514309035AD
S31580E1F000A441A0E10130833214308035143090E59B
S31580E1F0103F4014E2A23E83E00170A0E10260A0E1FC
S31580E1F020143080E50F00000A180084E2404064E273
S31580E1F030040052E1000085E01F00003A0420A0E1CF
S31580E1F040188085E28B0100EB0800A0E11010A0E3B7
S31580E1F0504AFDFFEB0500A0E10810A0E154FDFFEBBE
S31580E1F060047087E0066064E00680A0E1184085E2EE
S31580E1F070061068E03F0058E3011087E00A00009A35
S31580E1F0804020A0E30400A0E17A0100EB0400A0E1C6
S31580E1F0901010A0E339FDFFEB0500A0E10410A0E12B
S31580E1F0A043FDFFEB408048E2F0FFFFEA3F10C6E315
S31580E1F0B00400A0E1011087E03F2006E2F041BDE8CF
S31580E1F0C06C0100EA103091E570402DE9A331A0E1B1
S31580E1F0D03F3003E20140A0E1032084E00060A0E14B
S31580E1F0E07F00E0E31800C2E5031081E03F2063E2A0
S31580E1F0F0191081E2070052E30100A0E1185084E291
S31580E1F1000010A0E3372063820900008A270100EB23
S31580E1F1100500A0E11010A0E318FDFFEB0400A0E1DB
S31580E1F1200510A0E122FDFFEB0500A0E10010A0E3C0
S31580E1F1303820A0E31D0100EB0500A0E10E10A0E35D
S31580E1F1400EFDFFEB103094E5503084E5143094E504
S31580E1F150543084E50400A0E10510A0E114FDFFEB45
S31580E1F1600400A0E10410A0E304FDFFEB0410A0E19C
S31580E1F1700600A0E11020A0E33E0100EB0400A0E13F
S31580E1F1800010A0E35820A0E37040BDE8070100EA43
S31580E1F19010402DE901C0A0E100E0A0E10240A0E13C
S31580E1F1A040009FE540109FE540209FE540309FE588
S31580E1F1B058D04DE20F008DE80030A0E30E10A0E1BB
S31580E1F1C00D00A0E10C20A0E110308DE514308DE535
S31580E1F1D083FFFFEB0400A0E10D10A0E1B8FFFFEB98
S31580E1F1E058D08DE21080BDE80123456789ABCDEF2C
S31580E1F1F0FEDCBA987654321073402DE9004050E235
S31580E1F2000400A0011600000A0460A0E30050A0E318
S31580E1F210000054E20200000A04108DE20A20A0E315
S31580E1F220390400EBFF0000E2000054E3055480E17D
S31580E1F2300300000A04409DE50030D4E5000053E375
S31580E1F24001408412016056E2F0FFFF1A053CA0E11D
S31580E1F250FF0C05E2253C83E1003483E1FF0805E20A
S31580E1F260200483E108D08DE27080BDE8000052E39E
S31580E1F270010051131EFF2F91F34D2DE901A0A0E16D
S31580E1F2800060A0E1010041E20310A0E30280A0E179
S31580E1F2900370A0E1541200EB0040A0E3844084E0D7
S31580E1F2A0014084E2000054E1FBFFFF3A980404E068
S31580E1F2B0980A0AE00430A0E10350A0E1052064E069
S31580E1F2C002B086E0055086E00B00A0E10510A0E1E2
S31580E1F2D004308DE500208DE537FF2FE10C009DE8B8
S31580E1F2E0000050E3030000CA083083E00A0053E1DE
S31580E1F2F0F0FFFF3A0B0000EA081082E0011086E099
S31580E1F30000C0D5E50000DBE501C0CBE401005BE1AF
S31580E1F3100100C5E4F9FFFF1A040052E10250A0E1C1
S31580E1F320E5FFFF2AEFFFFFEA040068E00310A0E3B0
S31580E1F3302D1200EB004050E2DDFFFF1A08D08DE28E
S31580E1F340F08DBDE8000090E5001091E50E0000EA41
S31580E1F350012040E20130D1E40130E2E5000053E3EF
S31580E1F360FBFFFF1A1EFF2FE101C040E2022081E090
S31580E1F370020051E11EFF2F010130D1E40130ECE5BD
S31580E1F380000053E3F9FFFF1A1EFF2FE1010040E27F
S31580E1F3900120F0E50130D1E4023063E0FF3013E291
S31580E1F3A00100001A000052E3F8FFFF1A030CA0E106
S31580E1F3B0400CA0E11EFF2FE1010040E2022081E046
S31580E1F3C0020051E10700000A01C0F0E50130D1E415
S31580E1F3D00C3063E0FF3013E20300001A00005CE3C7
S31580E1F3E0F6FFFF1A000000EA0030A0E3030CA0E17B
S31580E1F3F0400CA0E11EFF2FE1FF1001E20020A0E119
S31580E1F4000130D0E4010053E10300000A000053E338
S31580E1F410F9FFFF1A0300A0E11EFF2FE10200A0E140
S31580E1F4201EFF2FE10030A0E10320A0E10010D2E52C
S31580E1F430013083E2000051E3FAFFFF1A020060E047
S31580E1F4401EFF2FE10020A0E1011080E0010052E1E2
S31580E1F4500230A0E10300000A00C0D3E5012082E288
S31580E1F46000005CE3F8FFFF1A030060E01EFF2FE176
S31580E1F470001050E20900000A38402DE90150A0E170
S31580E1F480E7FFFFEB010080E2B9AFFFEB004050E21E
S31580E1F4900400000A0510A0E1ACFFFFEB010000EAE1
S31580E1F4A00100A0E11EFF2FE10400A0E13880BDE864
S31580E1F4B00030A0E110402DE9034060E001C0D3E4D3
S31580E1F4C000005CE30600000A012041E201E0F2E58A
S31580E1F4D000005EE30200000A0E005CE1FAFFFF1A1B
S31580E1F4E0F4FFFFEA0400A0E11080BDE804E02DE529
S31580E1F4F000E0A0E10130D0E4000053E30700000A18
S31580E1F500012041E201C0F2E500005CE3F7FFFF0A7A
S31580E1F5100C0053E1FAFFFF1A0E00A0E104F09DE42E
S31580E1F5200300A0E104F09DE4F8402DE9004050E2BB
S31580E1F5300170A0E170509FE50200001A004095E558
S31580E1F540000054E31600000A0400A0E10710A0E1E0
S31580E1F550D6FFFFEB0030D4E7006084E0000053E3A0
S31580E1F5600200001A003085E50300A0E1F880BDE8DD
S31580E1F5700600A0E10710A0E1DBFFFFEB000050E30E
S31580E1F5800400000A0020D0E5000052E30020A01329
S31580E1F5900020C01501008012000085E50600A0E18B
S31580E1F5A0F880BDE80400A0E1F880BDE8E04FE680A0
S31580E1F5B0033010E204E02DE50030A0110D00001AC1
S31580E1F5C005C0A0E3FFE001E201C05CE203348E11F5
S31580E1F5D0FCFFFF1A00E0A0E102C06EE00CC080E013
S31580E1F5E003005CE304308E84FAFFFF8A0330C2E3D2
S31580E1F5F0033080E0032002E2022083E0020053E14F
S31580E1F6000110C314FCFFFF1A04F09DE4000051E1F0
S31580E1F6101EFF2F01013080E1030013E304E02DE5B5
S31580E1F62001C0A00104E040020A00001A02306CE049
S31580E1F630033081E0030053E304309C840430AE85DB
S31580E1F640F9FFFF8A03C0C2E30C3080E00C1081E051
S31580E1F650032002E2000000EA0030A0E1013043E24B
S31580E1F660022081E0020051E101C0D11401C0E3151D
S31580E1F670FBFFFF1A04F09DE4000051E11EFF2F011C
S31580E1F680010050E1023081E0012040920400008ACD
S31580E1F690030051E101C0D11401C0E215FBFFFF1A5D
S31580E1F6A01EFF2FE1021080E0022063E0020073E199
S31580E1F6B001C0731501C06115FBFFFF1A1EFF2FE123
S31580E1F6C001C040E2022081E0020051E10500000A2A
S31580E1F6D00130FCE50000D1E5000053E01EFF2F116B
S31580E1F6E0011081E2F7FFFFEA0000A0E31EFF2FE1B0
S31580E1F6F0F8452DE90060A0E10100A0E101A0A0E1CB
S31580E1F70047FFFFEB007050E20600A0E11100000A1E
S31580E1F71043FFFFEB0080A0E10050A0E1084065E0F7
S31580E1F720070055E1044086E0080000BA0400A0E144
S31580E1F7300A10A0E10720A0E1E0FFFFEB015045E2DE
S31580E1F740000050E3F4FFFF1A0400A0E1F885BDE86C
S31580E1F7500000A0E3F885BDE8F885BDE8022080E0F9
S31580E1F760FF1001E2020050E10500000A0030A0E14D
S31580E1F77001C0D3E401005CE11EFF2F010300A0E19B
S31580E1F780F7FFFFEA0000A0E31EFF2FE170402DE9BD
S31580E1F79020609FE50040A0E1060054E10450A031DD
S31580E1F7A00650A0210500A0E14B83FFEB054054E024
S31580E1F7B0F8FFFF1A7080BDE88096980010402DE929
S31580E1F7C00040A0E1000054E30300000AFA0FA0E341
S31580E1F7D0EDFFFFEB014044E2F9FFFFEA1080BDE86F
S31580E1F7E070402DE92122A0E12154A0E10F2002E21F
S31580E1F7F00F5005E22146A0E1053082E004E083E096
S31580E1F80006C0A0E30F3001E29C3E23E0CDC0A0E339
S31580E1F8109C0306E00AE0A0E3A665A0E19E0601E07E
S31580E1F820033061E0841184E0021081E0052185E006
S31580E1F830022081E0303083E2062092E00030C0E5AC
S31580E1F840013080021E00000A9C0203E0A335A0E19C
S31580E1F8509E0301E0022061E0851083E0302082E2B0
S31580E1F860043091E10120C0E5023080021400000AF3
S31580E1F8700D20A0E3910202E0A233A0E19E0302E023
S31580E1F880043193E0011062E0301081E20210C0E5BC
S31580E1F890033080020A00000A930C0CE0ACC5A0E1BB
S31580E1F8A09C0E0EE000005CE303306EE0303083E2D4
S31580E1F8B00330C0E530C08C120430800205308012FE
S31580E1F8C004C0C0150300A0E17080BDE8F34D2DE9C9
S31580E1F8D00040A0E108808DE2F82068E1D0A0CDE18A
S31580E1F8E028219FE50030A0E303005BE102005A0195
S31580E1F8F00400008A0400A0E10A10A0E1B7FFFFEB53
S31580E1F90008D08DE2F08DBDE80B60A0E10070A0E348
S31580E1F910073096E10900001A0A00A0E1F0109FE5A0
S31580E1F920DB1000EB0A00A0E10150A0E1E0109FE5C9
S31580E1F930AD1000EB0010A0E3F000CDE1030000EA9A
S31580E1F9400800A0E1C8109FE5F9F4FFEB0050A0E1C3
S31580E1F95025A2A0E12504A0E10F0000E20FA00AE2C2
S31580E1F96025C6A0E100108AE00C3081E00F5005E267
S31580E1F9700610A0E3935121E0CD30A0E393010EE0A0
S31580E1F9800A20A0E3AEE5A0E1920E05E0054084E21F
S31580E1F990011065E0301081E2051044E58C118CE0C0
S31580E1F9A00AA081E0001180E001A08AE00EE08AE011
S31580E1F9B0930E01E0A115A0E192010AE0800081E0C9
S31580E1F9C00D10A0E3900101E00EE06AE0A113A0E151
S31580E1F9D00CC181E09C0303E030E08EE2A335A0E137
S31580E1F9E004E044E592010EE0930202E000006EE05D
S31580E1F9F00CC062E0300080E230C08CE2030044E576
S31580E1FA0002C044E5303083E2013044E5B2FFFFEAEB
S31580E1FA109F860100A086010070402DE9000051E338
S31580E1FA2080509FE50150A0110040A0E10310A0E1C4
S31580E1FA300500A0E10260A0E181FEFFEB10309DE5CB
S31580E1FA40100013E32020A0030400001A016046E2BF
S31580E1FA50013086E2030050E10120C4B4FAFFFFBA27
S31580E1FA60012044E20530A0E1031065E0000051E1A8
S31580E1FA700110D3B40110E2B5FAFFFFBA000050E3FA
S31580E1FA80004084A00430A0E12010A0E3062063E0DA
S31580E1FA90022084E0000052E10110C3C4FAFFFFCAEC
S31580E1FAA00300A0E17080BDE85BD7E280F04D2DE9EF
S31580E1FAB058D04DE278A09DE584709DE50A105AE222
S31580E1FAC00110A013100017E30050A0E127B301E075
S31580E1FAD0200007E20170C713028017E27C409DE5B2
S31580E1FAE004008DE50E00000A000052E30000D3E237
S31580E1FAF0040000AA002072E20030E3E2014044E221
S31580E1FB002D80A0E3060000EA040017E301404412D9
S31580E1FB102B80A0130200001A088017E201404412EC
S31580E1FB202080A01300005BE30600000A10005AE380
S31580E1FB30014044120300001A031092E1024044E2BC
S31580E1FB400200000A070000EA030092E10300001ABE
S31580E1FB503030A0E31430CDE50160A0E3200000EA77
S31580E1FB60000051E31A00000A10005AE30310A013C3
S31580E1FB700410A00301C04AE20060A0E308108DE50D
S31580E1FB8014108DE2016086E2060081E0FF1002E258
S31580E1FB900C1001E00CC08DE554C19FE50110DCE756
S31580E1FBA004C09DE501108CE1011040E50200A0E171
S31580E1FBB00310A0E108209DE57C1000EB0CC09DE5DB
S31580E1FBC00020A0E10130A0E1031092E1EBFFFF1AF2
S31580E1FBD0030000EA14608DE20600A0E13AFFFFEB44
S31580E1FBE0006066E080309DE5030056E10630A0A125
S31580E1FBF0040063E0110017E30020A0010510A001D5
S31580E1FC0020C0A0030600001A012052E201C0C154BF
S31580E1FC10FCFFFF5AC02FC0E1010040E2025085E0BF
S31580E1FC20000062E0000058E30080C51501508512AE
S31580E1FC3000005BE30700000A10005AE33020A0E3EE
S31580E1FC400020C5E504209D050150851258208203D8
S31580E1FC500120C50502508502100017E30B00001A4A
S31580E1FC60010017E330C0A01320C0A0030020A0E16B
S31580E1FC700510A0E1012052E201C0C154FCFFFF5A08
S31580E1FC80C02FC0E1010040E2025085E0000062E061
S31580E1FC903020A0E3013043E2030056E10120C5D4E0
S31580E1FCA0FBFFFFDA012045E20630A0E1013053E2B5
S31580E1FCB014108D520110D3570110E255FAFFFF5A05
S31580E1FCC0000056E3065085A00030A0E10520A0E1C2
S31580E1FCD02010A0E3013053E20110C254FCFFFF5A29
S31580E1FCE0000050E3000085A0000085B258D08DE287
S31580E1FCF0F08DBDE8445DE280F04D2DE90160A0E143
S31580E1FD0058D04DE20050A0E118008DE50030D6E5EF
S31580E1FD10000053E37501000A250053E30040A00388
S31580E1FD200030C5153601001A0130F6E52B0053E3A4
S31580E1FD300E00000A0500008A200053E30D00000A48
S31580E1FD40230053E30D00001A404084E3F5FFFFEA08
S31580E1FD502D0053E30300000A300053E30700001A45
S31580E1FD60014084E3EFFFFFEA104084E3EDFFFFEA21
S31580E1FD70044084E3EBFFFFEA084084E3E9FFFFEA1E
S31580E1FD80301043E2090051E30610A0910070A09380
S31580E1FD900AC0A0930700008A0160A0E10130D1E4A6
S31580E1FDA0300043E2090050E30C00008A9C3727E0EB
S31580E1FDB0307047E2F7FFFFEA2A0053E30070E01371
S31580E1FDC00600001A007092E5043082E2000057E3F3
S31580E1FDD0016086E2007067B2104084B30320A0E13F
S31580E1FDE00030D6E52E0053E30610A0110080E01323
S31580E1FDF01C00001A0130D6E5011086E2300043E2AC
S31580E1FE00090050E30100A0910080A0930AE0A0934D
S31580E1FE100900008A0030D0E50010A0E130C043E25D
S31580E1FE2009005CE3010080E29E38289030804892A8
S31580E1FE30F7FFFF9A0230A0E1060000EA2A0053E3C9
S31580E1FE400700001A008092E5021086E2000058E37E
S31580E1FE50043082E2010000BA0320A0E1010000EA59
S31580E1FE600320A0E10080A0E30030D1E5680053E300
S31580E1FE7074005313DFC003E20100A0030000A01366
S31580E1FE804C005CE3010080035A005CE301008003DF
S31580E1FE90000050E30160A0010030E0030600000AA3
S31580E1FEA06C0053E3016081E20300001A0100D1E5B1
S31580E1FEB06C0050E3026081024C30A0030010D6E56D
S31580E1FEC06E0051E3C600000A0C00008A630051E32C
S31580E1FED01800000A0400008A250051E3C700000AE1
S31580E1FEE0580051E3C800000ACB0000EA640051E300
S31580E1FEF0C700000A690051E3C500000AC60000EAAE
S31580E1FF00730051E31C00000A0400008A6F0051E38C
S31580E1FF10CC00000A700051E31F00000ABE0000EA2F
S31580E1FF20750051E3C500000A780051E3204084035F
S31580E1FF30B500000AB80000EA100014E32030A003FF
S31580E1FF400300001A017047E2000057E30130C5C49F
S31580E1FF50FBFFFFCA043082E2002092E50020C5E57E
S31580E1FF60015085E22020A0E3017047E2000057E3DB
S31580E1FF70A00000DA0120C5E4FAFFFFEA04A082E2EC
S31580E1FF8000408DE50500A0E1001092E50830A0E192
S31580E1FF900720A0E19FFEFFEBD00000EA043082E279
S31580E1FFA01C308DE5003092E514308DE50130D6E5E3
S31580E1FFB04D0053E30800000A0200008A490053E33A
S31580E1FFC01F00000A700000EA690053E31B00000A83
S31580E1FFD06D0053E36C00001A404084E32413A0E1F2
S31580E1FFE0011021E218C39FE530308DE20020A0E3C5
S31580E1FFF0011001E23AE0A0E314009DE50200D0E7BA
S31580E2000020A2DCE70F0000E20000DCE70100C3E5A6
S31580E20010050052E30000A00301000112000050E354
S31580E20020012082E200A0C3E502E0C315023083022A
S31580E2003003308312060052E3EEFFFF1A230000EA42
S31580E20040404084E30230D6E5360053E32600001AC8
S31580E200502413A0E1011021E2A4029FE530308DE273
S31580E200600020A0E3011001E23AE0A0E314C09DE59E
S31580E2007082C0DCE72CA2D0E70FC00CE20CC0D0E74E
S31580E2008001C0C3E514C09DE500A0C3E582C08CE053
S31580E2009001C0DCE52CA2D0E70FC00CE20CC0D0E7B1
S31580E200A003C0C3E5070052E300C0A00301C001120A
S31580E200B000005CE3012082E202A0C3E504E0C3150E
S31580E200C00430830205308312080052E3E6FFFF1A0A
S31580E200D00020A0E34040C4E30020C3E50500A0E1A0
S31580E200E000408DE530108DE2230000EA340053E3D0
S31580E200F04040C4132400001A30A08DE200B0A0E391
S31580E201000AC0A0E12C208DE214309DE50200A0E138
S31580E201100B10D3E724C08DE520208DE5AFFDFFEB04
S31580E2012020209DE524C09DE501104AE2000062E0C0
S31580E201300030A0E1013053E202E0D32701E0E1257D
S31580E20140FBFFFF2A03005BE300A08AE02E30A013C8
S31580E2015001B08BE20030CA1501A08A1204005BE38B
S31580E20160E8FFFF1A0030A0E34040C4E30500A0E1C7
S31580E201700C10A0E10030CAE500408DE50720A0E141
S31580E201800830A0E123FEFFEB0A0000EA010077E3F4
S31580E201901030A0E320408413214084030870A0033A
S31580E201A088018DE80C408DE50500A0E114209DE5EF
S31580E201B00030A0E33CFEFFEB0050A0E10630A0E178
S31580E201C00360A0E10120D6E538119FE5013083E2A4
S31580E201D00220D1E7070012E3F8FFFF1A1C209DE513
S31580E201E0400000EA18109DE5043082E2002092E5A4
S31580E201F0051061E0001082E50320A0E1390000EA03
S31580E202000010C5E5015085E2360000EA1010A0E351
S31580E202100D0000EA024084E3080000EA2530A0E30C
S31580E202200030C5E50030D6E5000053E30130C51560
S31580E20230015085020250851201604602290000EAD9
S31580E202400A10A0E3000000EA0810A0E34C0053E3A2
S31580E20250072082020720C20308A08202D020C201C0
S31580E202601A00000A6C0053E304A082E20300001A3B
S31580E20270020014E3002092E51300001A030000EA6C
S31580E202802000C3E35A0050E3002092E50100001A01
S31580E202900030A0E30D0000EA740053E30A00000A8E
S31580E202A0680053E3023004E20500001A000053E3DB
S31580E202B00228A0E12228A0014228A0110200001A09
S31580E202C0F2FFFFEA000053E3F0FFFF0AC23FA0E13C
S31580E202D082018DE80C408DE50500A0E1F2FDFFEBA1
S31580E202E00050A0E10A20A0E1016086E286FEFFEAF4
S31580E202F00030C5E518309DE5050063E058D08DE213
S31580E20300F08DBDE8645DE2805E57E28030402DE9A3
S31580E203100030D0E5A4409FE5300053E30C00001A9C
S31580E2032001C0D0E5013080E278005CE30500001A86
S31580E2033002C0D0E50CC0D4E744001CE30230801250
S31580E203401020A0131B00001A000052E30820A0032D
S31580E20350180000EA000052E30A20A00300C0A0E1F0
S31580E203600000A0E30C50A0E10130DCE403E0D4E736
S31580E2037044001EE30200001A000051E30B00001A5B
S31580E203803080BDE804001EE3303043120300001AD9
S31580E2039002001EE320304312FF300312373043E27D
S31580E203A0020053E1F3FFFF2A923020E0ECFFFFEAFE
S31580E203B0005081E53080BDE80300A0E1E6FFFFEA78
S31580E203C05E57E2800030A0E3F7402DE9003082E517
S31580E203D00040A0E10170A0E10250A0E110FCFFEB39
S31580E203E0006050E20100001A1500E0E3100000EA26
S31580E203F00400A0E104108DE20720A0E1C2FFFFEB3A
S31580E2040004309DE5040053E1F6FFFF0A0020D3E5C0
S31580E20410000052E30400000A033064E0013083E224
S31580E20420030056E10A005203EEFFFF1A000085E55B
S31580E204300000A0E30CD08DE2F080BDE808402DE913
S31580E2044000C0D0E52D005CE30100000A0840BDE86B
S31580E20450ADFFFFEA010080E2ABFFFFEB000060E266
S31580E204600880BDE8F04D2DE90030D0E501C0A0E17D
S31580E20470300053E3C0E09FE50C00001A0110D0E59E
S31580E20480013080E2780051E30500001A0210D0E5DF
S31580E204900110DEE7440011E3023080121020A0133F
S31580E204A02300001A000052E30820A003200000EA9D
S31580E204B0000052E30A20A0030030A0E10010A0E38E
S31580E204C00000A0E30260A0E10070A0E30380A0E167
S31580E204D00140D3E40450DEE7440015E30200001A4B
S31580E204E000005CE31000001AF08DBDE8040015E31D
S31580E204F0304044120300001A020015E32040441201
S31580E20500FF400412374044E2C45FA0E1070055E1B0
S31580E2051006005401F1FFFF2A90A28BE092B12BE014
S31580E205200A0094E00B10A5E0E7FFFFEA00808CE585
S31580E20530F08DBDE80300A0E1DEFFFFEA5E57E280D0
S31580E20540ECFDFFEA0E002DE903402DE90C109DE556
S31580E2055010208DE204208DE5E6FDFFEB08D08DE2EA
S31580E2056004E09DE40CD08DE21EFF2FE10F002DE921
S31580E2057007402DE910009DE514108DE204108DE50B
S31580E20580A7A9FFEB0A00A0E37AA9FFEB18009FE593
S31580E205907DFCFFEB0000A0E30010A0E10020A0E1DB
S31580E205A00030A0E17A85FFEBFEFFFFEAA08601003C
S31580E205B070402DE944409FE50030A0E31530C4E564
S31580E205C00050A0E1144084E20500A0E10A10A0E315
S31580E205D0AF0D00EB0460A0E10500A0E1301081E2FE
S31580E205E0011046E40A10A0E37F0D00EB005050E2D2
S31580E205F00640A011F3FFFF1A0400A0E17080BDE877
S31580E20600E44FE68030209FE50030A0E3003082E5CB
S31580E2061028209FE5003082E524209FE5003082E5B0
S31580E2062020209FE5003082E51C309FE51C209FE577
S31580E206303F30C3E3003082E51EFF2FE15456E68069
S31580E20640FC4FE6800450E6800850E6805350E68010
S31580E206501050E680FF4D2DE9A8809FE504008DE5E8
S31580E20660006098E501B0A0E102A0A0E10600A0E169
S31580E2067094109FE594209FE5FF0500EB013CA0E303
S31580E206800670A0E30820A0E384109FE5B03086E1FF
S31580E20690004086E00460A0E3B630C4E10050A0E109
S31580E206A0B220C4E1020084E00470C4E50720A0E140
S31580E206B00560C4E5D4FBFFEB04C09DE510108DE236
S31580E206C008C021E50620A0E10E0084E2CEFBFFEB26
S31580E206D00B10A0E10720A0E1120084E2CAFBFFEB47
S31580E206E010108DE204A021E50620A0E1180084E244
S31580E206F0C5FBFFEB000098E51C1085E2CB0300EB1F
S31580E2070010D08DE2F08DBDE81050E680BA03E3802A
S31580E20710060800007856E68070402DE974309FE541
S31580E2072074609FE574009FE5001096E5002093E5EE
S31580E20730000090E5012022E0000012E10350A0E1F2
S31580E207405C409FE50B00000A58309FE5003093E558
S31580E20750000053E30400001A4C009FE51DA9FFEB5D
S31580E20760003096E5003084E5050000EA003084E555
S31580E2077038009FE5010000EA34009FE5001084E539
S31580E2078014A9FFEB000095E5002094E524109FE58F
S31580E207907040BDE8AEFFFFEA306EE680FC4FE68051
S31580E207A0246EE6800450E680786EE6808AD7E28020
S31580E207B0B5D7E280E0D7E280FE6DE68068309FE5DD
S31580E207C0003093E5000053E31EFF2F0110402DE930
S31580E207D00000A0E3107FFFEB50209FE550109FE5DD
S31580E207E0003092E5003063E0010053E11080BD986D
S31580E207F040409FE5003094E5013083E2040053E314
S31580E20800003084E5050000DA2C009FE5E5A8FFEBE1
S31580E208100030A0E3003084E51040BDE8450400EAFC
S31580E208201040BDE8000082E5BAFFFFEAFC4FE680B1
S31580E208300050E680881300000C50E6800BD8E280F8
S31580E208401B0052E3F04D2DE90260A0E118D04DE2A3
S31580E20850040000CA0210A0E1DC019FE51C20A0E3AF
S31580E20860DCA8FFEB720000EAB020D1E10140A0E112
S31580E208702234A0E1023483E10338A0E1010853E3A4
S31580E208806B00001AB220D1E12234A0E1023483E186
S31580E208900338A0E1020353E36500001A0470D1E550
S31580E208A0060057E36200001A0550D1E5040055E3DD
S31580E208B05F00001A84B19FE500309BE5000053E3B8
S31580E208C05B00000A188081E20520A0E100A0A0E199
S31580E208D00810A0E114008DE24BFBFFEB00309BE5B4
S31580E208E014209DE5030052E15100001AB620D4E1BE
S31580E208F02234A0E1023483E10338A0E12338A0E187
S31580E20900010053E30200000A020053E31E00000ADC
S31580E20910470000EA06108AE20A00A0E120219FE56C
S31580E209207F0500EB086084E2022CA0E3B620C4E1F6
S31580E209300610A0E10720A0E10C008DE5120084E21A
S31580E209400E4084E230FBFFEB0410A0E10520A0E13B
S31580E209500800A0E12CFBFFEB0720A0E10600A0E166
S31580E20960E0109FE528FBFFEB0B10A0E10400A0E17D
S31580E209700520A0E124FBFFEB0C309DE50A00A0E117
S31580E209801C1083E2290300EB290000EAB8709FE598
S31580E20990003097E5000053E32500000A14008DE25B
S31580E209A00E1084E20420A0E317FBFFEB9C309FE568
S31580E209B014A09DE5003093E503005AE11C00001A7D
S31580E209C08C509FE5088084E2000095E5000050E3C4
S31580E209D00200000A0810A0E10620A0E30AFBFFEB72
S31580E209E0310400EB0010A0E300608DE564609FE5D2
S31580E209F00130A0E10A20A0E100C0A0E10400A0E16C
S31580E20A0054409FE53CFF2FE10810A0E10620A0E3D9
S31580E20A10000096E5FCFAFFEB000096E5001094E50F
S31580E20A20020300EB0030A0E3003087E5003084E586
S31580E20A30003085E518D08DE2F08DBDE836D8E280CB
S31580E20A40306EE680060800007856E680FC4FE68047
S31580E20A500450E6805456E680286EE6800850E680AA
S31580E20A60F34D2DE928609DE5EB0056E30020A08357
S31580E20A700120A093430053E30230A00101308213A8
S31580E20A80440051E30310A00101108313000051E3F7
S31580E20A90BB00001A0030D0E50430C3E3013043E204
S31580E20AA0010053E3B600008A0130D0E5010053E34A
S31580E20AB0B300001A0230D0E5060053E3B000001A14
S31580E20AC00040A0E10420A0E304008DE2041084E269
S31580E20AD0CDFAFFEBB0329FE504209DE5003093E549
S31580E20AE0030052E1A600001A145084E204008DE26B
S31580E20AF00510A0E10420A0E3C3FAFFEB04309DE5F4
S31580E20B00000053E30300000A80029FE50510A0E19E
S31580E20B100420A0E3BCFAFFEB74329FE50620A0E353
S31580E20B20001093E56C029FE5061081E2B6FAFFEBD0
S31580E20B306C5084E2101084E20420A0E358029FE520
S31580E20B40B1FAFFEB0500A0E135FAFFEB000050E3D6
S31580E20B500300000A44029FE50510A0E18020A0E39D
S31580E20B609F0500EB34129FE50030D1E5000053E3A8
S31580E20B700100000A28029FE5AF9DFFEB0420A0E377
S31580E20B8004008DE2EC1084E29FFAFFEB14329FE5DB
S31580E20B9004209DE5030052E10600000A0000A0E37E
S31580E20BA00010A0E1C40300EB9F00A0E3ECB7FFEBEB
S31580E20BB0520300EB720000EAEC819FE5F04084E2AA
S31580E20BC0066084E008A0A0E1060054E1F2FFFF2A75
S31580E20BD00030D4E5FF0053E3EFFFFF0A000053E362
S31580E20BE0017084026400000A0120D4E5027082E288
S31580E20BF0077084E0060057E15F00008A0030A0E3D8
S31580E20C00B030C8E10030D4E50250A0E10C0053E3F5
S31580E20C101E00000A0600008A030053E31100000A60
S31580E20C20060053E31100000A010053E35200001A62
S31580E20C30060000EA110053E33100000A280053E37C
S31580E20C403C00000A0D0053E34B00001A1C0000EA48
S31580E20C5058319FE5003093E5000053E34C019F0550
S31580E20C604500001A050000EA44019FE5000000EA1B
S31580E20C7040019FE5003090E5000053E33E00001A14
S31580E20C80021084E20420A0E35FFAFFEB3A0000EA76
S31580E20C9024B19FE50030DBE5000053E33600001A1D
S31580E20CA01F0052E3040000DA10019FE510119FE570
S31580E20CB02030A0E3C7A7FFEB1F50A0E3F8009FE533
S31580E20CC0280000EA020052E3B220D4012234A001D5
S31580E20CD0023483010800000A040052E32600001A67
S31580E20CE0021094E5012CA0E1FF3C01E2212C82E195
S31580E20CF0032482E1FF3801E2233482E1B030CAE1A3
S31580E20D001D0000EABCB09FE50030DBE5000053E35E
S31580E20D101900001A3F0052E3040000DA9C009FE5C6
S31580E20D20A4109FE54030A0E3AAA7FFEB3F50A0E3E3
S31580E20D3090009FE50B0000EA90B09FE50030DBE58E
S31580E20D40000053E30C00001A1F0052E3040000DAAD
S31580E20D5068009FE578109FE52030A0E39DA7FFEB32
S31580E20D601F50A0E364009FE5021084E20520A0E123
S31580E20D7025FAFFEB0030A0E30530CBE70740A0E1A0
S31580E20D8090FFFFEA08D08DE2F08DBDE85C56E68002
S31580E20D908056E680046EE6800C6FE680306EE680F2
S31580E20DA08C6EE68050D0E28063825363FC6DE6808F
S31580E20DB0246EE680786EE680206EE680346EE6808B
S31580E20DC04AD8E28082D8E280529D09818CD8E2803C
S31580E20DD0546EE68096D8E280F04D2DE99E00A0E33F
S31580E20DE020D04DE25EB7FFEBD8319FE5D8719FE523
S31580E20DF0001093E5D4019FE5011081E2001083E5BE
S31580E20E0074A7FFEB004097E50010A0E30400A0E1A1
S31580E20E10BC219FE5E5F9FFEB022BA0E3B4119FE548
S31580E20E200400A0E1140400EB00B0A0E30130A0E3EB
S31580E20E300650A0E3A0A19FE50080E0E3004084E0C5
S31580E20E401C30C4E51D30C4E50060A0E11E50C4E557
S31580E20E501FB0C4E50B00A0E16F7DFFEBFA1FA0E3B4
S31580E20E60610B00EB20108DE210B021E50420A0E3B7
S31580E20E700008A0E1203CA0E1200483E1B402C4E1C1
S31580E20E80280084E2E0F9FFEB20108DE20CB021E548
S31580E20E902C0084E20420A0E3DBF9FFEB20108DE254
S31580E20EA008B021E5300084E20420A0E3D6F9FFEB26
S31580E20EB020108DE204B021E5340084E20420A0E330
S31580E20EC0D1F9FFEB14C19FE50520A0E10C10A0E16A
S31580E20ED0380084E20CC08DE5CBF9FFEB880084E232
S31580E20EE0FC109FE58020A0E3BD0400EB0CC09DE5ED
S31580E20EF06330A0E37D20E0E30831C4E50921C4E55F
S31580E20F000B31C4E55320A0E30330DCE50A21C4E5D6
S31580E20F100220DCE50338A0E1023C83E10520DCE542
S31580E20F200450A0E1023083E10420DCE5421F84E242
S31580E20F30023483E10C81E5E50B00A0E1015085E214
S31580E20F40055061E000308AE5337DFFEB00309AE5BB
S31580E20F500A10A0E1033080E0030CA0E1232C80E1BB
S31580E20F60FF0C03E2000482E1FF3803E2233480E1EE
S31580E20F700420A0E3200084E200308AE5A2F9FFEBB8
S31580E20F80EC3085E24320A0E300308DE50400A0E169
S31580E20F904430A0E30810A0E1240400EB44109FE56E
S31580E20FA044009FE5C40200EB40009FE5B60200EBF9
S31580E20FB0421F85E2000097E5061081E09B0100EB87
S31580E20FC020D08DE2F08DBDE85856E680286EE68028
S31580E20FD0A6D8E280EE050000BA03E3805C56E6809E
S31580E20FE07856E6808C6EE680F40FE280B80B0000DD
S31580E20FF0600AE28008402DE92C309FE5003093E5D7
S31580E21000040053E3030000DA20009FE5E5A6FFEB48
S31580E210100840BDE8470200EA14009FE514109FE508
S31580E21020A50200EB0840BDE86AFFFFEA5856E68073
S31580E21030BAD8E28088130000F40FE2800000E0E391
S31580E210401EFF2FE110402DE94C009FE58D9DFFEBC1
S31580E2105048309FE5001093E5000051E30900000A5D
S31580E21060000050E30340A0E10200001A28009FE559
S31580E21070001094E5060000EAC3F8FFEB000050E3B7
S31580E210801080BD08F8FFFFEA000050E31080BD083B
S31580E2109004009FE51040BDE8679CFFEAE1D8E28064
S31580E210A06856E68073402DE90040A0E1016041E2A6
S31580E210B0055081E2000054E20300000A04108DE24A
S31580E210C01020A0E390FCFFEBFF0000E2000054E377
S31580E210D00100E6E50300000A04409DE50030D4E520
S31580E210E0000053E301408412050056E1F0FFFF1A47
S31580E210F008D08DE27080BDE810402DE90140A0E184
S31580E21100609DFFEB0410A0E1E5FFFFEB0020D4E554
S31580E21110010012E30C00001A0130D4E50210D4E596
S31580E21120033082E10320D4E5013083E1022083E1CA
S31580E211300430D4E5033082E10520D4E5023093E140
S31580E211400100A0130000A0031080BDE80000A0E328
S31580E211501080BDE810402DE918D04DE20120A0E1D3
S31580E211600040A0E118109FE504008DE2F4FCFFEB5D
S31580E211700400A0E104108DE22F9CFFEB18D08DE2F3
S31580E211801080BDE8E8D8E28010402DE93CE09FE59A
S31580E211900240A0E138209FE5000051E320D04DE2F5
S31580E211A000C0A0E10130A0E10D00A0E10210A001A3
S31580E211B00E10A0110C20A0E1E1FCFFEB0D00A0E1F6
S31580E211C00410A0E1CBFFFFEB20D08DE21080BDE8DA
S31580E211D0ECD8E280F5D8E28010309FE5003093E5E6
S31580E211E0000053E3380093150000E0031EFF2FE171
S31580E211F06856E680F0402DE92CD04DE20040A0E131
S31580E212000170A0E10100A0E10250A0E10210A0E19C
S31580E212100D20A0E1DBFFFFEB0D00A0E178119FE559
S31580E212200620A0E325F9FFEB000050E31A00000A4E
S31580E21230106084E20600A0E15C119FE50620A0E34F
S31580E212401EF9FFEB000050E30E00000A0600A0E163
S31580E212500D10A0E10620A0E318F9FFEB000050E3B1
S31580E212600800000A0410A0E130019FE559A6FFEBD1
S31580E212700610A0E128019FE556A6FFEB24019FE533
S31580E212800D10A0E153A6FFEB0600A0E10D10A0E150
S31580E212900620A0E3DCF8FFEB0D0000EA10C0D4E5FF
S31580E212A001001CE30A00001A1130D4E51220D4E5CD
S31580E212B003308CE113C0D4E5023083E10CC083E1D4
S31580E212C01430D4E51520D4E503308CE1023093E185
S31580E212D01F00001A303094E5000053E30100001A43
S31580E212E00000A0E32A0000EABC309FE5000055E357
S31580E212F0B8109FE50520A0E10310A00108008DE269
S31580E213008FFCFFEB08008DE2DE9CFFEB000050E3F2
S31580E21310F2FFFF1A1020D4E5010012E30A00001A58
S31580E213201130D4E51210D4E5033082E11320D4E5FE
S31580E21330013083E1022083E11430D4E5033082E197
S31580E213401520D4E5023093E10E00001A0000E0E3B6
S31580E213500F0000EA58309FE5000055E354109FE500
S31580E21360106084E20310A00108008DE20720A0E16C
S31580E213700530A0E172FCFFEB08008DE20610A0E1E9
S31580E2138073FFFFEBD2FFFFEA303094E50400A0E181
S31580E2139033FF2FE12CD08DE2F080BDE8FE54E2806F
S31580E213A01AD9E28043D9E28063D9E2800FD9E2801A
S31580E213B002D9E280F5D8E280ECD8E28038402DE9A5
S31580E213C064509FE50040A0E115F8FFEB002095E52B
S31580E213D0000052E30230A0110400001A4C309FE56F
S31580E213E0004085E5004083E515FFFFEB040000EA57
S31580E213F0341093E5020051E10130A011FBFFFF1AA0
S31580E21400344083E528209FE5003095E5343084E555
S31580E21410003092E50000A0E3011083E21C0084E53F
S31580E21420001082E5383084E53880BDE87456E6807F
S31580E214306856E6806456E680F0412DE974619FE560
S31580E2144074519FE50030A0E30040A0E14000A0E3B4
S31580E21450003085E5003086E5C1B5FFEB5C019FE5AE
S31580E21460889CFFEB0680A0E1001050E20200000AB1
S31580E214704C019FE58020A0E3590300EB44319FE5D0
S31580E2148044219FE5020053E10500000A0400A0E141
S31580E21490B00700EB000050E330019FB50B0000AAD5
S31580E214A0090000EA28219FE5030052E10500000ACF
S31580E214B00400A0E1E0FEFFEB000050E314019FB5DB
S31580E214C0020000AA000000EA0C019FE5C1A5FFEB3D
S31580E214D0004095E5000054E30500001AFC009FE514
S31580E214E0B0A5FFEB3F00E0E39DB5FFEB0460A0E132
S31580E214F02E0000EAE8009FE5629CFFEB0060A0E335
S31580E215000070A0E14100A0E395B5FFEB383094E5A9
S31580E21510000053E30100000AC8009FE5A1A5FFEBA6
S31580E21520C4009FE50410A0E1AAA5FFEB000057E303
S31580E215300700000A0400A0E10710A0E192F7FFEBA2
S31580E21540000050E30200001AA0009FE5004088E513
S31580E2155094A5FFEB0400A0E12010A0E3A5F7FFEB42
S31580E21560000050E30100000A84009FE58DA5FFEBB1
S31580E215700400A0E17C109FE5382094E51CFFFFEB98
S31580E21580000050E30100000A6C009FE585A5FFEBB1
S31580E21590344094E5003095E5016086E2030054E14B
S31580E215A0D9FFFF1AA6FEFFEB0A00A0E371A5FFEBC7
S31580E215B00600A0E1F081BDE86856E6807456E680D2
S31580E215C050D0E2808C6EE6805833E2803C10E28036
S31580E215D083D9E2803C10E280A4D9E280C3D9E2805A
S31580E215E00EDBE280DFD9E280E8D9E280CA6AE28075
S31580E215F0EBD9E280F4D9E28083C4E2801CDAE2802D
S31580E2160010402DE920409FE5000094E5000050E37C
S31580E216101080BD082C3090E533FF2FE1003094E551
S31580E216200120A0E31C2083E51080BDE86856E680B1
S31580E216302C309FE504E02DE500E0A0E1000093E593
S31580E21640000050E30400000A0120A0E124C090E5F6
S31580E216500E10A0E104E09DE41CFF2FE10000E0E330
S31580E2166004F09DE46856E68018309FE5000093E535
S31580E21670000050E30100000A283090E513FF2FE1D5
S31580E216800000E0E31EFF2FE16856E68038402DE950
S31580E216900050A0E160009FE5FA9BFFEB000050E37B
S31580E216A01000001A54409FE5003094E5000053E3B1
S31580E216B03880BD08000055E344509FE5003085152B
S31580E216C0343093E5003084E55DFEFFEB002095E55E
S31580E216D0003094E5030052E128309F050120A00303
S31580E216E0002083053880BDE81C109FE526F7FFEBD6
S31580E216F0000050E3EAFFFF1A3880BDE841DAE28073
S31580E217006856E6806056E680846EE6800066E28011
S31580E21710F7402DE9C0409FE5003094E5000053E3B1
S31580E217200200001AB4009FE51EA5FFEB270000EA3F
S31580E21730AC309FE50070A0E1005093E50360A0E144
S31580E21740A0009FE5381095E50D20A0E18DFEFFEB28
S31580E21750000050E30300000A100085E20D10A0E1CC
S31580E217600620A0E3A8F7FFEB345095E5003096E536
S31580E21770030055E1F1FFFF1A005094E558609FE5BA
S31580E21780001094E560009FE512A5FFEB000094E56A
S31580E217900710A0E1202090E532FF2FE1000050E320
S31580E217A0050000BA30309FE50220A0E3003093E5E1
S31580E217B00000A0E31C2083E5050000EA0000A0E328
S31580E217C0B1FFFFEB003096E5030055E1EBFFFF1A30
S31580E217D00000E0E30CD08DE2F080BDE86856E6805A
S31580E217E00EDBE2807456E68083C4E2804BDAE280E6
S31580E217F0F8402DE988509FE5003095E5000053E3F7
S31580E21800F880BD08889AFFEB78409FE578609FE58F
S31580E21810003094E5000053E30070A0E10200000A84
S31580E21820003096E5000053E10300000A5C009FE584
S31580E21830949BFFEB007086E5000084E5003094E53A
S31580E21840000053E30070951534609F150600001A78
S31580E21850F840BDE8FAFDFFEA003096E5343093E5DC
S31580E21860003086E5030057E1F8FFFF0A000095E5C0
S31580E21870001094E5C4F6FFEB000050E3F5FFFF1A93
S31580E21880F880BDE86856E6807056E6806C56E6805B
S31580E21890E1D8E28010309FE5000093E50C309FE5C9
S31580E218A0000050E30300A0011EFF2FE16856E680A8
S31580E218B056DAE28008309FE50120A0E3002083E546
S31580E218C01EFF2FE18856E6801EFF2FE11C209FE552
S31580E218D01C309FE5003082E518209FE5003082E5E6
S31580E218E014309FE50020A0E3002083E51EFF2FE170
S31580E218F0086EE680C818E2807C6EE680146EE6802A
S31580E2190008402DE924009FE5D3A9FFEB000050E3D0
S31580E219100300001A18309FE50220A0E3002083E549
S31580E219200880BDE80300A0E30840BDE89F0500EA21
S31580E219305EDAE2808856E68038402DE908019FE546
S31580E21940509BFFEB04419FE5005050E21300000AF2
S31580E21950FC109FE58CF6FFEB000050E30F00000AD7
S31580E219600500A0E1EC109FE587F6FFEB000050E36F
S31580E219702B00000A0500A0E1DC109FE582F6FFEB72
S31580E21980000050E30100A0032500000A0010A0E356
S31580E219900500A0E10120A0E15BFAFFEB200000EA6E
S31580E219A0003094E5013083E2003084E513FFFFEBFB
S31580E219B0A8309FE5000093E5100F6FE1A002A0E159
S31580E219C031FFFFEB000099E550FFFFEB90309FE59A
S31580E219D0002093E5000052E31700000A0000A0E32E
S31580E219E0000083E57C309FE5003093E5000053E11B
S31580E219F00F00000A70309FE570209FE5002083E5A6
S31580E21A00857AFFEB68309FE568209FE5000083E5F5
S31580E21A1064309FE5002083E560209FE560309FE5A6
S31580E21A20070000EA003094E5000053E1DBFFFF3A6D
S31580E21A30F2FEFFEB0320A0E3000000EA0120A0E330
S31580E21A4040309FE5002083E53880BDE867DAE280B2
S31580E21A50186EE6803666E2800066E28070DAE280C0
S31580E21A608456E680846EE6800C6EE680146EE680AE
S31580E21A70B418E280106EE68010270000806EE68061
S31580E21A80C818E280086EE6808856E680000050E359
S31580E21A900C309FE50C209F0500208305000083150E
S31580E21AA01EFF2FE1086EE680C818E28004309FE5CB
S31580E21AB0000093E51EFF2FE17C6EE6803C309FE5D9
S31580E21AC0000050E3000083051EFF2F0110402DE940
S31580E21AD00040A0E10000A0E3001083E54E7AFFEB30
S31580E21AE01C309FE5FA1FA0E3000083E5910400E045
S31580E21AF03D0800EB0C309FE5000083E51080BDE8F1
S31580E21B00146EE680106EE680806EE6800030A0E39A
S31580E21B10000051E3B220D0C0011041C2023083C03E
S31580E21B20FAFFFFCA0308A0E12338A0E1203883E068
S31580E21B30233883E00308A0E12008A0E11EFF2FE11D
S31580E21B4008402DE9F0FFFFEB10309FE5010080E2CF
S31580E21B50003003E0130F6FE1A002A0E10880BDE848
S31580E21B60FEFF00007F402DE9A0329FE50D0051E3A4
S31580E21B70000083E598329FE5001083E5A100009A94
S31580E21B8090329FE590229FE5B0E0D3E18CC29FE55B
S31580E21B902E34A0E10EE483E184329FE50EE8A0E1F3
S31580E21BA0B050D3E12EE8A0E12534A0E1055483E1EB
S31580E21BB00558A0E102005EE12558A0E10E60A01181
S31580E21BC00C60A001020055E1BC20D0E10C50A001DE
S31580E21BD02234A0E1023483E10338A0E144229FE586
S31580E21BE02338A0E1020053E10700008AB421D0E164
S31580E21BF0164080E22234A0E1023483E10338A0E198
S31580E21C002338A0E1162041E2140000EA810C53E376
S31580E21C100E4080120E2041121000001A110051E38C
S31580E21C207800009A0EEAA0E12E0A5CE17500000ACD
S31580E21C30BEC0D0E1B021D0E12C34A0E10CC483E176
S31580E21C400C3AA0E123CAA0E12234A0E1023483E186
S31580E21C500338A0E12338A0E1124080E2122041E27B
S31580E21C6006EAA0E1B4119FE52EEAA0E101005EE179
S31580E21C700400000A01005CE105CAA0012CCAA001A9
S31580E21C800E005CE15F00001A020B53E30050A0E114
S31580E21C900500000A90119FE5010053E15900001A00
S31580E21CA00410A0E1E5FAFFEB560000EA1B0052E3DE
S31580E21CB05400009AB210D4E12134A0E1013483E1E8
S31580E21CC00338A0E12368A0E1060052E14D0000BAA4
S31580E21CD00030D4E5F02003E2400052E34900001AE6
S31580E21CE00F3003E2050053E34600008A0400A0E1D8
S31580E21CF00A10A0E391FFFFEB000050E34100000AE7
S31580E21D000420A0E30C008DE2101084E23EF6FFEBA5
S31580E21D1018319FE50C209DE5003093E5000053E302
S31580E21D20030052110130A0130030A003012092E299
S31580E21D300120A013030012E13200001A0C1084E2A3
S31580E21D400420A0E30C008DE22FF6FFEBB610D4E17F
S31580E21D500C209DE52134A0E1013483E10339B0E131
S31580E21D602800001A0930D4E5010053E30E00001A78
S31580E21D701430D4E5050053E30600001A1530D4E5A5
S31580E21D80010053E31F00001A181084E2A0009FE5C9
S31580E21D9090A3FFEB1B0000EA0500A0E10410A0E19E
S31580E21DA00620A0E1CE0200EB160000EA110053E322
S31580E21DB01400001AB631D4E1B401D4E1B8C1D4E159
S31580E21DC02314A0E1031481E12034A0E1003483E10D
S31580E21DD02C04A0E10C0480E10008A0E12008A0E147
S31580E21DE0080040E200008DE548009FE50118A0E189
S31580E21DF00338A0E100C090E52118A0E11C0084E24E
S31580E21E002338A0E13CFF2FE110D08DE27080BDE85F
S31580E21E10046EE680886EE680C003E380FFFF000002
S31580E21E20FF0F0000B803E380E90500000608000022
S31580E21E30306EE68075DAE280086EE68030309FE5C5
S31580E21E40B020D3E12234A0E1023483E10338A0E179
S31580E21E5020209FE5010873E32338A0110230A00118
S31580E21E60033AA0E1230A52E10E00A0031200A01376
S31580E21E701EFF2FE1C003E380FF0F0000F8402DE94B
S31580E21E8090309FE50260A0E1B020D3E188709FE5C3
S31580E21E902234A0E1023483E10338A0E1010873E34E
S31580E21EA00050A0E10620A0E32348A0110740A0014C
S31580E21EB0D5F5FFEB64109FE50620A0E3060085E2F8
S31580E21EC0D1F5FFEB043AA0E12332A0E12318A0E1A9
S31580E21ED0070051E10628A0E10400001A223CA0E1B5
S31580E21EE0222483E1BC20C5E10E00A0E3F880BDE8B0
S31580E21EF0233CA0E1013483E1BE30C5E1223CA0E18E
S31580E21F008100A0E3222483E1BC00C5E1B021C5E1E2
S31580E21F101200A0E3F880BDE8C003E380FF0F000073
S31580E21F207856E68038402DE90050A0E10240A0E1F3
S31580E21F300620A0E3B4F5FFEB0620A0E3060085E2E7
S31580E21F4058109FE5B0F5FFEBBC20D5E12234A0E145
S31580E21F50023483E10338A0E12338A0E1810C53E324
S31580E21F600428A0E10400001A223CA0E1222483E1B5
S31580E21F70B021C5E11200A0E33880BDE820109FE5DC
S31580E21F80010053E1223CA0E1222483E10E00A083FA
S31580E21F90BC20C581B421C5911600A0933880BDE8E6
S31580E21FA07856E680EA05000013402DE904108DE5B7
S31580E21FB008108DE2082021E54530A0E368209FE500
S31580E21FC00030C0E50040A0E1053BA0E30000A0E3CD
S31580E21FD00100C4E5B230C4E1003092E5BA00C4E162
S31580E21FE001C083E20338A0E100C082E5232CA0E1B0
S31580E21FF0233482E1B430C4E14030A0E3B630C4E1B8
S31580E220000030E0E30830C4E50C0084E20420A0E37B
S31580E220107DF5FFEB100084E204108DE20420A0E35C
S31580E2202079F5FFEB08D08DE21080BDE8746EE6802C
S31580E22030F0412DE918509DE50270A0E1010015E31B
S31580E220400020A0130380A0E1053080101C20C31578
S31580E220507C309FE50558A0E1002093E52568A0E164
S31580E22060075785E20040A0E1CEFFFFEB253CA0E1E9
S31580E22070255483E11130A0E30930C4E5B250C4E1CE
S31580E220800400A0E10A10A0E39FFEFFEB0838A0E17E
S31580E220902324A0E1233C82E10728A0E1B431C4E114
S31580E220A02234A0E1222C83E1083086E20338A0E1E3
S31580E220B0B621C4E1232CA0E1233482E1B831C4E124
S31580E220C00030A0E3BA31C4E10000E0E1BA00C4E145
S31580E220D0F081BDE8306EE680F34D2DE90050A0E157
S31580E220E0DC009FE5007090E5000057E30000E00326
S31580E220F03100000A000051E30160A0E102B0A0E1F4
S31580E221000380A0E100A0A0E10060E003B4509F0557
S31580E221100200000AAC209FE5010076E30250A001AE
S31580E221200510A0E1022BA0E30700A0E152FFFFEB3E
S31580E2213028309DE500308DE50610A0E10830A0E16B
S31580E221400B20A0E10040A0E1000087E0B7FFFFEBB3
S31580E2215074109FE50500A0E10620A0E357F5FFEBAA
S31580E2216028309DE51C4084E2031084E0000050E3C1
S31580E221700E00001A54309FE50140A0E3006083E53B
S31580E221804C309FE5005083E548309FE5001083E5BB
S31580E2219044309FE5004083E59F78FFEB3C309FE546
S31580E221A0000083E55BF9FFEB0400A0E1020000EAB0
S31580E221B000009AE51DFDFFEB0000A0E308D08DE26A
S31580E221C0F08DBDE8286EE680BA03E380FE6DE68098
S31580E221D0FC4FE6805456E6800850E6800C50E68056
S31580E221E00050E6800030D1E5220053E301108102FF
S31580E221F001204202011041E2012042E2000052E364
S31580E22200020000CA0030A0E30030C0E51EFF2FE1E5
S31580E222100130F1E5000053E322005313F8FFFF0A91
S31580E222200130C0E4F3FFFFEA000052E308402DE903
S31580E222300100000A020052E30200001A0C009FE548
S31580E222408020A0E3E6FFFFEB0000A0E30880BDE884
S31580E222508C6EE680003CA0E107402DE9203C83E1DC
S31580E22260FF2800E2FF0C00E2000483E1222480E101
S31580E222702204A0E1FF0000E200008DE52238A0E121
S31580E22280FF0002E204008DE5222CA0E10100A0E13C
S31580E22290FF3003E208109FE5A9F8FFEB0CD08DE250
S31580E222A004F09DE492DAE28008402DE9003050E2C3
S31580E222B00E00000A0030D3E5303043E2090053E3F2
S31580E222C030009F850400008A0010A0E30A20A0E384
S31580E222D00DF8FFEB0008A0E12008A0E12034A0E1A0
S31580E222E0000483E10008A0E12008A0E10880BDE8BF
S31580E222F004009FE50880BDE8FF0F00000FFF0000A5
S31580E2230008402DE9DF98FFEB0840BDE8E5FFFFEAEC
S31580E2231038402DE9C497FFEBA4409FE5003094E571
S31580E22320000053E10050A0E11C00000A94009FE502
S31580E22330D498FFEBAFF3FFEB8C309FE5000083E5AB
S31580E2234088009FE5CF98FFEBAAF3FFEB80309FE50D
S31580E22350000083E57C009FE5CA98FFEBA5F3FFEBDF
S31580E2236074309FE5000083E570009FE5C598FFEB3A
S31580E22370A0F3FFEB68309FE5000083E564009FE50C
S31580E22380DEFFFFEB60309FE5B000C3E15C009FE5D6
S31580E22390DAFFFFEB58309FE5005084E5B000C3E1F9
S31580E223A050309FE5001093E5000051E33880BD0888
S31580E223B044009FE5101081E20620A0E33840BDE8A4
S31580E223C091F4FFEA1C6EE6800083E280306EE6805E
S31580E223D0DC82E280786EE680E682E280246EE680C7
S31580E223E00783E2808056E6809EDAE280B803E38065
S31580E223F09FDAE280C003E3806856E6807856E6801C
S31580E224005C309FE5002093E5000052E31300000A6A
S31580E2241010402DE90340A0E148309FE548209FE542
S31580E224203F30C3E344009FE544109FE5003082E5F8
S31580E22430063C83E20020A0E3023180E7012082E2CB
S31580E22440010052E1063C83E2FAFFFF1A6CF8FFEBE9
S31580E224501DFDFFEB0030A0E3003084E51040BDE8CF
S31580E22460AAFFFFEAB403E380516FE680286EE68036
S31580E224708C56E680DC050000F34D2DE9AC329FE513
S31580E22480AC729FE5AC629FE50120A0E30050A0E339
S31580E224900040A0E19D00A0E3002083E5008099E56D
S31580E224A0005087E5005086E5ADB1FFEBD3FFFFEB49
S31580E224B052FCFFEBCDFCFFEB0800A0E193FCFFEBC7
S31580E224C000708DE504608DE5050050E168829FA588
S31580E224D005A0A0A10F0000AA48FCFFEB830000EA5A
S31580E224E0B5F8FFEB003096E5000053E35900001A99
S31580E224F044329FE5003093E5020053E36100000A2F
S31580E22500030053E37800000A010053E34500001A12
S31580E2251000209DE5003082E500A088E57BFFFFEBA9
S31580E225200D0054E304F19F97330000EAA425E2808C
S31580E22530FC25E280FC25E2807C25E280A425E280FF
S31580E225406425E280FC25E280FC25E280A425E28007
S31580E225509025E280FC25E2809025E2807C25E2805F
S31580E22560A425E280D4319FE5003093E5000053E371
S31580E225700600001AC8019FE5190000EAC4319FE50A
S31580E22580003093E5000053E3BC019F051400000A86
S31580E22590B8319FE5003093E5000053E3B0019F0533
S31580E225A00F00000AAC019FE5AC119FE50620A0E38F
S31580E225B042F4FFEB000050E30F00001A05FBFFEB4D
S31580E225C0010070E30010A0E10400000A000050E37D
S31580E225D00500001A84019FE572A1FFEB040000EA80
S31580E225E07C019FE56FA1FFEBBAFFFFEA74019FE5ED
S31580E225F078A1FFEBCFFCFFEB080000EA04209DE523
S31580E226000130A0E3003082E55C319FE5030054E3CC
S31580E22610005083E53700001A0400A0E1630200EB74
S31580E2262048619FE548B19FE50EFCFFEB8BA1FFEB8E
S31580E22630007050E2A9FFFF0A38319FE50020A0E34F
S31580E22640002083E5A0FCFFEBECFBFFEB28019FE596
S31580E2265054A1FFEB250000EA0700A0E16E77FFEBCD
S31580E2266000309BE5000063E010319FE5003093E5A2
S31580E22670030050E19DFFFF9A003096E5007086E503
S31580E2268033FF2FE199FFFFEADC509FE58EFCFFEBFB
S31580E22690001095E5000051E30900000A0120A0E15F
S31580E226A0DC009FE54BA1FFEB001095E5D4009FE5AA
S31580E226B0FF96FFEBD0309FE5D0009FE5001093E5D3
S31580E226C0FB96FFEB090054E30100000ACBFBFFEB2C
S31580E226D0030000EAB8309FE50120A0E3003093E5ED
S31580E226E01C2083E5000095E50E0000EA76FCFFEB10
S31580E226F00000E0E30B0000EA050054E30100001A63
S31580E227002C0000EBC5FFFFEA000054E3C3FFFF1A8B
S31580E2271080309FE5004083E530309FE5004083E5E9
S31580E22720ACF9FFEBBDFFFFEA08D08DE2F08DBDE8A4
S31580E22730186EE6808456E6800C6EE6808856E680E1
S31580E22740949D0981A4DAE2808056E680C7DAE28047
S31580E22750306EE680E6DAE2807856E6800555E280FB
S31580E2276022DBE28003DBE28040DBE2802C6EE680E5
S31580E22770146EE680106EE680FC4FE68060DBE280D7
S31580E22780806EE68068DBE2800366E280A0F7E28024
S31580E227908BDBE2806856E6805856E68008402DE973
S31580E227A096FBFFEB08309FE50320A0E3002083E55C
S31580E227B00880BDE88856E680F8402DE934FCFFEBD8
S31580E227C0EC509FE5EC409FE50170A0E30010A0E1AC
S31580E227D0E4009FE5FFA0FFEBE0009FE5E0109FE5C8
S31580E227E0B5FCFFEBDC309FE5002095E5002083E534
S31580E227F0000094E5D0109FE5022BA0E39EFDFFEB5F
S31580E22800004094E5C4309FE5001095E5002093E50D
S31580E228100050A0E3004084E00060A0E10400A0E173
S31580E22820E0FDFFEB073BA0E3B230C4E10970C4E50B
S31580E228300400A0E10A10A0E3B3FCFFEB0830A0E3BA
S31580E228401430C4E588309FE51550C4E5B020D3E165
S31580E22850B651C4E1071082E0B010C3E12234A0E1B0
S31580E22860023483E1BA31C4E1B851C4E10410A0E391
S31580E228701C6086E20000E0E1BA00C4E1140084E272
S31580E22880A1FCFFEB4C309FE5006083E548309FE595
S31580E22890007083E50000E0E1B601C4E10500A0E155
S31580E228A0DD76FFEB34309FE5000083E5F840BDE856
S31580E228B098F7FFEA949D0981286EE68094DBE280B0
S31580E228C0102700009C27E280FC4FE680FE6DE680C2
S31580E228D0306EE680989D09810850E6800C50E6804D
S31580E228E00050E680F7452DE91430D1E50140A0E1BC
S31580E228F0000053E32400000A080053E32D00001A87
S31580E229000260A0E1061080E2022BA0E30070A0E163
S31580E2291083FDFFEB0050A0E30C8084E20810A0E187
S31580E22920BA50C4E1B650C4E10420A0E300A0A0E11D
S31580E22930100084E234F3FFEB0420A0E30800A0E178
S31580E2294078109FE530F3FFEB0400A0E10A10A0E3E4
S31580E229506DFCFFEB141046E21450C4E5B651C4E1B7
S31580E22960A110A0E10000E0E1BA00C4E1140084E233
S31580E2297065FCFFEB06108AE00000E0E1B601C4E107
S31580E229800700A0E129FBFFEB0A0000EA0420A0E3AE
S31580E2299004008DE20C1081E21BF3FFEB20309FE511
S31580E229A004209DE5003093E5030052E114309F0553
S31580E229B00220A003002083050CD08DE2F085BDE8DD
S31580E229C0306EE680949D09818856E68080319FE567
S31580E229D073402DE9006093E517FDFFEB74319FE5C7
S31580E229E0003093E5013043E21C0080E2005086E04D
S31580E229F0060053E303F19F97490000EA182AE28032
S31580E22A00B42AE280DC2AE280002BE280B42AE280E9
S31580E22A10B42AE280182AE280013CA0E3024085E201
S31580E22A20B03086E130119FE50400A0E147F2FFEB8A
S31580E22A3024019FE57AF2FFEB20119FE5010080E217
S31580E22A40004084E00400A0E140F2FFEB060084E26D
S31580E22A500C119FE53DF2FFEB08319FE5FA1FA0E3FB
S31580E22A60000093E5600400EB0E4084E2F8109FE5F7
S31580E22A700020A0E10400A0E1B1F6FFEB0400A0E1B2
S31580E22A8067F2FFEBE4309FE50020A0E3B030D3E1CC
S31580E22A90DC109FE500208DE5010080E2004084E0C5
S31580E22AA00400A0E1A6F6FFEB000084E0000065E00A
S31580E22AB01C0000EA013BA0E3B03086E1B4309FE53A
S31580E22AC00400A0E3003093E50338A0E1232CA0E1E3
S31580E22AD0233482E1B230C5E1120000EA053CA0E38C
S31580E22AE0B03086E1033CA0E3B230C5E1040085E282
S31580E22AF084109FE515F2FFEB1300A0E3090000EADC
S31580E22B00053CA0E3B03086E1023CA0E3B230C5E109
S31580E22B10040085E264109FE50CF2FFEB1700A0E368
S31580E22B20000000EA0000A0E354309FE500008DE556
S31580E22B30001093E54C309FE54C009FE5002093E53D
S31580E22B4048309FE5003093E562FDFFEB08D08DE2E9
S31580E22B507080BDE8286EE680B49D0981C99D0981B1
S31580E22B60A5DBE28099DCE280D003E380D7D1E28004
S31580E22B70CC03E380ABDBE280A89D0981B9DBE2800E
S31580E22B80C8DBE280B09D0981B89D09810C6FE68041
S31580E22B90AC9D098124239FE5F8452DE9002092E545
S31580E22BA020609DE5020051E1F885BD1810839FE51E
S31580E22BB0002098E5010052E30500000A04139FE530
S31580E22BC0062042E2001091E5010053E10100521332
S31580E22BD0F885BD88010056E3F885BD98B010D0E14E
S31580E22BE00370A0E12134A0E1011483E10118A0E1A0
S31580E22BF02118A0E1050051E30040A0E1025046E23F
S31580E22C00022080E29200000A060051E30200000AF6
S31580E22C10030051E3F885BD18160000EA0530A0E30B
S31580E22C20003088E59C329FE50260A0E1007083E592
S31580E22C3094729FE5064060E2063084E0050053E147
S31580E22C400A00002A84129FE50600A0E1CEF1FFEB9E
S31580E22C50001050E20300001A080086E20A20A0E390
S31580E22C60A9F5FFEBB000C7E1016086E2F1FFFFEA7A
S31580E22C70F845BDE854FFFFEA010055E3F885BD98C3
S31580E22C80B250D0E148A29FE52534A0E1055483E124
S31580E22C900558A0E12558A0E1000055E300508AE5F9
S31580E22CA00C00001A2C229FE5003092E5013083E287
S31580E22CB0003082E520229FE50C329FE5B010D3E119
S31580E22CC0003092E5013883E0003082E50C329FE500
S31580E22CD0005083E50E0000EA010045E20A10A0E317
S31580E22CE0EB0300EB000051E30200001A2300A0E3AD
S31580E22CF0A09FFFEB060000EA0500A0E1E0119FE558
S31580E22D00E30300EB000051E30100001AD4019FE5E2
S31580E22D10A49FFFEB003098E5052043E2010053E3F0
S31580E22D2001005213C0219FE51000008A90319FE591
S31580E22D300210A0E3001083E588319FE594119FE5B8
S31580E22D40007083E50030A0E3003081E588119FE5DD
S31580E22D50003082E5003081E500109AE5010051E31A
S31580E22D600200000A84019FE59A9FFFEB510000EA88
S31580E22D7000309AE5002092E5020053E1F885BD082D
S31580E22D8064219FE568119FE5003082E564319FE525
S31580E22D900A20A0E3002083E55C319FE528519FE588
S31580E22DA0000093E544FBFFEB24319FE528119FE584
S31580E22DB0003093E5000091E5B020D5E1013043E2B1
S31580E22DC0920323E034219FE5046046E2000092E527
S31580E22DD0041084E228419FE5000083E00620A0E11A
S31580E22DE0067083E008F2FFEB003094E5070053E1DA
S31580E22DF000708435F4FEFFEBB030D5E1030056E196
S31580E22E00F885BD28FC509FE5000095E58275FFEBCD
S31580E22E10000050E3000085E50900000AE8009FE52E
S31580E22E20609FFFEB001095E5000094E56E0300EBF2
S31580E22E30FA3FA0E30010A0E3D0209FE5930000E0F4
S31580E22E4003E7FFEBC8009FE5569FFFEB0220A0E376
S31580E22E50130000EAB220D0E1041084E22234A0E139
S31580E22E60022483E10228A0E12228A0E1A4009FE5D2
S31580E22E70589FFFEBB220D4E12234A0E1023483E111
S31580E22E800338A0E12338A0E1013043E2010053E3B5
S31580E22E900600008A80009FE5429FFFEBD7F9FFEBB1
S31580E22EA00320A0E374309FE5002083E5F885BDE842
S31580E22EB06C009FE53B9FFFEBF845BDE89DFAFFEA94
S31580E22EC0AC9D0981B49D0981B89D0981D403E380D3
S31580E22ED0DBDBE280A89D0981A49D09814C9E098164
S31580E22EE0A09D09818A02000026DCE280509E09814B
S31580E22EF0E3DBE280282FE280C403E380D003E38031
S31580E22F00A0F7E2802C6EE6809C9D098122DCE2803D
S31580E22F1056C1E2802ADCE28031DCE28049DCE28072
S31580E22F208856E68011DCE28060209FE508402DE944
S31580E22F30003092E5013083E2003082E550209FE561
S31580E22F40002092E5020053E1040000DA44009FE5A6
S31580E22F5044109FE51F9FFFEB0840BDE875FAFFEA44
S31580E22F6038009FE50F9FFFEB34309FE534109FE5F5
S31580E22F70000093E5D0FAFFEB2C309FE5003093E535
S31580E22F80060053E30880BD080840BDE88EFEFFEAEE
S31580E22F90A09D0981C403E3805ADCE2806FDCE28093
S31580E22FA084DCE280D003E380282FE280B49D09812D
S31580E22FB0F3412DE990029FE5B295FFEB000050E3E5
S31580E22FC00400000A0010A0E30A20A0E31AF5FFEB52
S31580E22FD078329FE5B000C3E174029FE5A995FFEBE5
S31580E22FE070629FE5000050E30300000A0010A0E350
S31580E22FF00A20A0E310F5FFEB000086E5001096E5D7
S31580E23000FA0F51E30400002A4C029FE5F19EFFEBA2
S31580E2301040329FE5FA2FA0E3002083E53C529FE50C
S31580E230203C329FE50070D5E538829FE5003093E536
S31580E23030000057E3003088E52C429FE51500001A30
S31580E2304028329FE5001093E52108A0E1FF2001E206
S31580E230502134A0E1FF0000E2211CA0E100008DE521
S31580E2306004108DE5FF3003E204129FE504029FE53A
S31580E2307033F5FFEB0400A0E1F8119FE58020A0E3A1
S31580E23080B8F0FFEB0410A0E1EC019FE57F70C4E5A8
S31580E23090D09EFFEB130000EA0500A0E13A10A0E320
S31580E230A0D4F0FFEB007050E20500001A0400A0E1C4
S31580E230B00510A0E18020A0E3AAF0FFEB7F70C4E5D3
S31580E230C0080000EA0500A0E14AF0FFEB011087E282
S31580E230D08020A0E3000088E50400A0E1A1F0FFEBF8
S31580E230E00030A0E37F30C4E578419FE57C519FE5DF
S31580E230F088119FE50530A0E184019FE50420A0E1E7
S31580E23100B49EFFEB7C119FE5003091E5000053E32E
S31580E231100B00000A70319FE500C093E500005CE396
S31580E231200700000A000095E5003094E50C0000E017
S31580E231300C3003E0030050E10100000A4C019FE5F8
S31580E23140A49EFFEB0A00A0E344419FE5899EFFEB44
S31580E2315014119FE53C019FE59E9EFFEBB010D4E102
S31580E23160000051E30700000A8114A0E128019FE5EF
S31580E23170989EFFEBB000D4E120219FE58004A0E198
S31580E23180C01FA0E132E6FFEB0A00A0E3799EFFEBE7
S31580E231900C319FE50C019FE5001093E58D9EFFEBD8
S31580E231A004019FE57F9EFFEB00319FE50120A0E3CE
S31580E231B00000A0E3002083E59774FFEBF0309FE503
S31580E231C0F0109FE50040A0E3000083E5E8309FE54C
S31580E231D0000096E5002093E5E0309FE5002083E558
S31580E231E035FAFFEBD8009FE527FAFFEBD4309FE56F
S31580E231F04520A0E3002083E5CC309FE50400A0E1F2
S31580E23200004083E58474FFEB031BA0E3A00200EB9E
S31580E23210B8309FE50620A0E3B4009FE5011B81E27A
S31580E23220001083E5AC309FE50410A0E1004083E521
S31580E23230DEF0FFEBA0309FE5022CA0E3B020C3E1F5
S31580E2324008D08DE2F041BDE8DFFDFFEA87DCE2806F
S31580E23250CC03E38095DCE280D003E380A1DCE280EC
S31580E232608C6EE6808056E680B09D0981C99D098193
S31580E23270306EE680D7DCE280BC9D0981ECDCE280C0
S31580E2328045DDE28018DDE280786EE680246EE680B7
S31580E232904ADDE280FC6DE68069DDE28079DDE2800E
S31580E232A0B0DDE280A0F7E28090DDE280A5DDE2801B
S31580E232B0B49D09819C9D0981282FE280C803E38021
S31580E232C0C403E380942BE280B89D0981A09D0981A5
S31580E232D0AC9D09810C6FE680A89D0981D403E380C9
S31580E232E000FEDF800EB0A0E10010A0E314009FE5AF
S31580E232F0001080E50010A0E30C009FE5001080E559
S31580E233000BE0A0E10EF0A0E11C000008200000081E
S31580E2331008402DE95E75FFEB0000A0E30880BDE87A
S31580E23320003099E508209FE5082083E50000A0E3C8
S31580E233301EFF2FE10001008010402DE90113A0E37A
S31580E233400201A0E30940A0E184B2FFEB340084E508
S31580E233500000A0E31080BDE80000A0E300109FE536
S31580E2336096CBFFEA0000302010402DE90020A0E352
S31580E233700140A0E13AF4FFEB002094E50030D2E58B
S31580E233804D0053E30E00000A0400008A470053E32F
S31580E233900800000A4B0053E30C00000A1080BDE8E7
S31580E233A06B0053E30900000A6D0053E30400000A50
S31580E233B0670053E31080BD180115A0E1201B81E16F
S31580E233C00005A0E10115A0E1201B81E10005A0E155
S31580E233D0012082E20115A0E1201B81E1002084E543
S31580E233E00005A0E11080BDE80000A0E370402DE971
S31580E233F00010A0E1B0209FE50030A0E1F4C2FFEB2F
S31580E23400004050E20500001A0410A0E10420A0E189
S31580E2341098009FE5EF9DFFEB0100A0E37080BDE899
S31580E234200C6094E588509FE50600A0E1181094E5CB
S31580E23430006085E5EC0100EB083094E50020A0E32E
S31580E23440083085E502C0A0E10230A0E1B400C5E122
S31580E234500008A0E12008A0E1000053E1080000AAEC
S31580E23460031185E00C2081E5181094E5012082E0C5
S31580E23470021983E20C1081E201C0C5E7013083E2E2
S31580E23480F4FFFFEA2C309FE5542094E5142083E58F
S31580E23490582094E5182083E5502094E5102083E5B2
S31580E234A00C4083E50600A0E17080BDE800B4C40468
S31580E234B06D8CE280A49E0981A43E0A8108402DE9B2
S31580E234C00A0A80E201E0A0E114C090E50210A0E1E0
S31580E234D00C0090E50320A0E10E30A0E13CFF2FE155
S31580E234E0000050E30880BD0808009FE5B99DFFEB28
S31580E234F00100A0E30880BDE85EDEE280F04D2DE9C2
S31580E235000920A0E338D04DE20140A0E1D4139FE543
S31580E2351028008DE5A7EFFFEB008050E20300000A6A
S31580E23520C4039FE5AB9DFFEB0180A0E3EA0000EADE
S31580E2353028009DE53A10A0E3AEEFFFEB000050E3F2
S31580E235400200001AA4039FE5A29DFFEBE20000EAD7
S31580E235500030A0E30420A0E194739FE5F021CDE161
S31580E2356001B080E208A0A0E10130A0E300005BE3C5
S31580E235700600001A010053E30A80A011D600001A61
S31580E2358028109DE56C039FE5929DFFEBD20000EA51
S31580E235900020DBE5000052E33B005213F4FFFF0A12
S31580E235A034B08DE50030DBE52D0053E30500001AEB
S31580E235B001C08BE20020E0E30030E0E334C08DE539
S31580E235C0F820CDE10F0000EA0B00A0E134108DE295
S31580E235D064FFFFEBF800CDE10020A0E10130A0E13D
S31580E235E014039FE50010A0E3010053E100005201BD
S31580E235F00400008A04039FE500B0A0E3759DFFEB1B
S31580E236000B40A0E11E0000EA34009DE50030D0E5E3
S31580E23610400053E30500001A010080E238108DE293
S31580E23620040021E54FFFFFEBF801CDE1020000EA5D
S31580E236300020E0E30030E0E3F821CDE134609DE56F
S31580E236400030D6E5280053E31650A0130060A0139D
S31580E236501800001A016086E20600A0E12910A0E3C4
S31580E2366034608DE563EFFFEB000050E30040A0E1BC
S31580E2367034008DE50400001A84029FE5559DFFEB38
S31580E2368004B0A0E10150A0E35B0000EA005066E0EE
S31580E23690015085E2010055E30140801234408D15E8
S31580E236A00400001A5C029FE50040A0E3499DFFEB1F
S31580E236B004B0A0E1500000EA4C129FE534009DE59B
S31580E236C00220A0E33BEFFFEB000050E334309D05A0
S31580E236D00030A0130230830234308D0534B09DE58C
S31580E236E00130A0030010DBE524308DE52C0051E3A8
S31580E236F00B00001AD820CDE10010E0E3010053E18F
S31580E237000000E0E30000520101B08B1234B08D1567
S31580E237101300001AF4019FE52E9DFFEB0040A0E323
S31580E23720D6FFFFEA3B0051E3000051130140A003BC
S31580E237300040A0130700001AD820CDE10010E0E394
S31580E237400000E0E3010053E100005201D021CD0107
S31580E23750F820CD01020000EAB4019FE51D9DFFEB52
S31580E23760C6FFFFEA202085E20200A0E12C208DE55B
S31580E23770FF9EFFEB2C209DE5004050E20200001AFE
S31580E2378090019FE5139DFFEBBDFFFFEA0010A0E3EA
S31580E2379086EFFFEBD820CDE1200084E2F820C4E179
S31580E237A0D821CDE1000056E3F021C4E124309DE545
S31580E237B0183084E5000084E50400000A0610A0E1E2
S31580E237C0012045E2E7EEFFEB0030A0E3050000EAE8
S31580E237D0D821CDE140119FE5F020CDE1D820CDE1A1
S31580E237E057F3FFEB0130A0E30430C4E5003094E503
S31580E237F0053083E00050A0E3015043E5000054E346
S31580E2380001508503010015E35CFFFF1AD021C4E174
S31580E238100010E0E30000E0E3010053E10000520122
S31580E238200750A0E1004087E50900001A00005AE34C
S31580E238300020A0030030A0030400000A043017E54C
S31580E23840D800C3E1D021C3E1002092E00130A3E0B9
S31580E23850F021C4E1000094E5C0109FE50620A0E3D4
S31580E23860D4EEFFEB000050E30500001A101094E559
S31580E23870AC009FE58E92FFEBA8009FE5081094E5E9
S31580E238808B92FFEB000094E59C109FE50320A0E37A
S31580E23890C8EEFFEB000050E30500001A101094E535
S31580E238A088009FE58292FFEB84009FE5081094E50D
S31580E238B07F92FFEB003095E5D001CDE1D820C3E1E0
S31580E238C0047087E2020050E00310C1E0F001CDE12E
S31580E238D001A08AE20030A0E323FFFFEA0800A0E12C
S31580E238E038D08DE2F08DBDE8A8DFE2808B7FE28082
S31580E238F0177FE280549E0981B2DEE280FF0F0000EC
S31580E23900D37CE280F47CE2801A7DE280307DE280C4
S31580E23910337DE280647DE280977DE280A67DE280EF
S31580E23920B87DE280BF7DE280CD7DE280D97DE28096
S31580E23930DD7DE280E87DE280F8452DE968A09FE5BD
S31580E239400050A0E10160A0E10270A0E10380A0E165
S31580E239500040A0E3060054E10E00000A04319AE733
S31580E239600510A0E1000093E587EEFFEB000050E34F
S31580E239700600001A30309FE5041193E7103091E596
S31580E23980003087E5083091E5003088E5F885BDE8C6
S31580E23990014084E2EEFFFFEA0510A0E10C009FE51C
S31580E239A08C9CFFEB0000E0E3F885BDE8549E09813C
S31580E239B0D0DEE280F34D2DE90380A0E180309FE501
S31580E239C000E0A0E10250A0E10040A0E30060A0E1B7
S31580E239D00070A0E3010054E11300000A04C193E7FA
S31580E239E0D0A1CCE107005BE106005A010C00001A87
S31580E239F0D820CCE14C009FE5F060CDE100109CE55B
S31580E23A00749CFFEB38309FE50000A0E3043193E736
S31580E23A10102093E5083093E5002085E5003088E5BF
S31580E23A20050000EA014084E2E9FFFFEA18009FE52B
S31580E23A300E10A0E1679CFFEB0000E0E308D08DE288
S31580E23A40F08DBDE8549E0981E7DEE2800BDFE280FD
S31580E23A509C309FE573402DE90050A0E3001093E58A
S31580E23A600060A0E10D20A0E188009FE504308DE2B0
S31580E23A7000508DE504508DE5AEFFFFEB010070E36B
S31580E23A800040A0E10200001A6C009FE5519CFFEB2A
S31580E23A90140000EA0500A0E10510A0E10530A0E1EE
S31580E23AA058209FE54AC1FFEB005050E250009F0547
S31580E23AB00600000A50C095E506009DE80630A0E1C2
S31580E23AC03CFF2FE1004050E20400000A34009FE50B
S31580E23AD034109FE53F9CFFEB0040E0E3010000EA03
S31580E23AE00500A0E1DBC2FFEB0400A0E108D08DE295
S31580E23AF07080BDE8580BE38023DFE28028DFE28036
S31580E23B0000B4C4044BDFE28067DFE2800A56E280DB
S31580E23B109C309FE573402DE90050A0E3001093E5C9
S31580E23B200060A0E10D20A0E188009FE504308DE2EF
S31580E23B3000508DE504508DE57EFFFFEB010070E3DA
S31580E23B400040A0E10200001A6C009FE5219CFFEB99
S31580E23B50140000EA0500A0E10510A0E10530A0E12D
S31580E23B6058209FE51AC1FFEB005050E250009F05B6
S31580E23B700600000A50C095E506009DE80630A0E101
S31580E23B803CFF2FE1004050E20400000A34009FE54A
S31580E23B9034109FE50F9CFFEB0040E0E3010000EA72
S31580E23BA00500A0E1ABC2FFEB0400A0E108D08DE204
S31580E23BB07080BDE8580BE380D97DE28028DFE28021
S31580E23BC000B4C4044BDFE28067DFE280CC56E28059
S31580E23BD00010A0E108402DE908009FE5FD9BFFEB80
S31580E23BE00000A0E30880BDE8F9DFE280012051E22F
S31580E23BF01EFF2F012300003A010050E11A00009ACD
S31580E23C00020011E11B00000A113F6FE1102F6FE104
S31580E23C10022043E00130A0E31112A0E11332A0E1D9
S31580E23C200020A0E3010050E1010040200320822130
S31580E23C30A10050E1A1004020A3208221210150E190
S31580E23C402101402023218221A10150E1A1014020CE
S31580E23C50A3218221000050E32332B0112112A01168
S31580E23C60EFFFFF1A0200A0E11EFF2FE10100A00391
S31580E23C700000A0131EFF2FE1112F6FE11F2062E2E9
S31580E23C803002A0E11EFF2FE1000050E30000E013C6
S31580E23C90630000EA000051E3FAFFFF0A03402DE9E0
S31580E23CA0D1FFFFEB0640BDE8920003E0031041E05E
S31580E23CB01EFF2FE1000051E33000000A01C020E040
S31580E23CC000106142012051E21F00000A0030B0E19B
S31580E23CD000306042010053E11E00009A020011E1C9
S31580E23CE02000000A112F6FE1130F6FE1000042E01E
S31580E23CF00120A0E31110A0E11220A0E10000A0E3E0
S31580E23D00010053E10130432002008021A10053E10A
S31580E23D10A1304320A2008021210153E121314320B9
S31580E23D2022018021A10153E1A1314320A201802118
S31580E23D30000053E32222B0112112A011EFFFFF1AF5
S31580E23D4000005CE3000060421EFF2FE100003CE1E0
S31580E23D50000060421EFF2FE10000A033CC0FA001DD
S31580E23D60010080031EFF2FE1112F6FE11F2062E227
S31580E23D7000005CE33302A0E1000060421EFF2FE117
S31580E23D80000050E30201E0C30201A0B3240000EA8E
S31580E23D90000051E3F9FFFF0A03402DE9C6FFFFEB7E
S31580E23DA00640BDE8920003E0031041E01EFF2FE1EA
S31580E23DB0203052E220C062E23002A0413103A051BB
S31580E23DC0110C80413112A0E11EFF2FE1203052E238
S31580E23DD020C062E21112A0411013A051301C814131
S31580E23DE01002A0E11EFF2FE1000053E30000520320
S31580E23DF00400001A000051E3000050030010E013B3
S31580E23E000000E013060000EA08D04DE200602DE9EA
S31580E23E10160000EB04E09DE508D08DE20C00BDE8DB
S31580E23E201EFF2FE102402DE90800A0E367FFFFEBCA
S31580E23E300280BDE8F0412DE90280A0E10360A0E1C5
S31580E23E400040A0E10150A0E1170000EB980103E0F9
S31580E23E50903623E0986087E0077083E018309DE52E
S31580E23E60064054E00750C5E0F040C3E1F081BDE88A
S31580E23E70F8432DE90250A0E10340A0E10060A0E111
S31580E23E800170A0E15F0000EB20309DE5900404E044
S31580E23E90908589E0954124E0086056E0099084E0C7
S31580E23EA00970C7E0F060C3E1F883BDE8000051E342
S31580E23EB0F84F2DE903C0A0E102E0A0E10070A0A1E5
S31580E23EC00160A0A100A0A0A3040000AA000070E205
S31580E23ED00010E1E20070A0E10160A0E100A0E0E371
S31580E23EE0000053E3040000AA002072E20030E3E21D
S31580E23EF00AA0E0E102E0A0E103C0A0E106005CE105
S31580E23F0007005E010E00A0E10C10A0E10740A0E1EF
S31580E23F100650A0E10000A0830010A0833400008A4E
S31580E23F20000051E3107F6F01117F6F1120708702CD
S31580E23F30000056E3143F6F0120308302163F6F1173
S31580E23F40077063E00720A0E19FFFFFEB07B0A0E1E7
S31580E23F50010056E1000054010080A0E10190A0E159
S31580E23F600000A0330010A0330500003A084054E078
S31580E23F700100A0E30010A0E30720A0E10950C6E01B
S31580E23F8091FFFFEB000057E31900000AA990B0E128
S31580E23F906880A0E1090055E1080054010600003A74
S31580E23FA0084054E00950C5E0044094E00550A5E09D
S31580E23FB0014094E20050A5E2010000EA044094E068
S31580E23FC00550A5E0017057E2F1FFFF1A006094E028
S31580E23FD00170A5E00B20A0E10400A0E10510A0E1BC
S31580E23FE072FFFFEB0B20A0E177FFFFEB000056E0CC
S31580E23FF00110C7E000005AE3F88FBD08000070E2C6
S31580E240000010E1E2F88FBDE8010053E100005201C1
S31580E24010F8432DE90040A0E10150A0E13700008A93
S31580E24020000053E3126F6F01136F6F1120608602F7
S31580E24030000051E3101F6F0120108102111F6F11E2
S31580E24040066061E00200A0E10310A0E10620A0E1A3
S31580E240505DFFFFEB0670A0E1010055E1000054012F
S31580E240600080A0E10190A0E10000A0330010A0331F
S31580E240700500003A084054E00100A0E30010A0E306
S31580E240800620A0E10950C5E04FFFFFEB000056E3B2
S31580E24090F883BD08A990B0E16880A0E1090055E106
S31580E240A0080054010600003A084054E00950C5E091
S31580E240B0044094E00550A5E0014094E20050A5E278
S31580E240C0010000EA044094E00550A5E0016056E272
S31580E240D0F1FFFF1A008094E00190A5E00720A0E1BD
S31580E240E00400A0E10510A0E130FFFFEB0720A0E18C
S31580E240F035FFFFEB000058E00110C9E0F883BDE828
S31180E241000000A0E30010A0E3F883BDE815
S31580E2410CC460E280CC60E280D360E280DA60E280F6
S31580E2411CE160E280E860E280EF60E280F660E28075
S31580E2412CFD60E2800461E2800B61E2801361E280F1
S31580E2413C1B61E2802361E2802B61E2803361E28063
S31580E2414C3B61E2804361E2804A61E2805161E280D6
S31580E2415C5861E2805F61E2806661E2806D61E28055
S31580E2416C7461E2807B61E2808261E2808A61E280D4
S31580E2417C9161E2809961E280A161E280A961E2804B
S31580E2418C6D746470617274733D6D74647061727413
S31580E2419C733D737069302E303A3232304B40307820
S31580E241AC302855424F4F54292C344B403078333794
S31580E241BC30303028454E56292C344B4030783338C3
S31580E241CC30303028454E56424B292C36344B4030D3
S31580E241DC78333930303028445442292C31363030D9
S31580E241EC4B4030783439303030284B45524E454C42
S31580E241FC292C3330304B40307831443930303028CA
S31580E2420C4C4F474F292C313936304B40307832324D
S31580E2421C3430303028524F4F544653292C33303079
S31580E2422C4B40307834304530303028434F4E464917
S31580E2423C47292C333734304B40307834353930306B
S31580E2424C30284150502900001093E0800093E080A2
S31580E2425CF092E080E092E080D092E080C092E080C2
S31580E2426CB092E080A092E0809092E0808092E080B2
S31580E2427C7092E0806092E0805A0001E000000000DB
S31580E2428C4AA7E2805FA7E28072A7E28082A7E280F9
S31580E2429C8CA7E28098A7E280A2A7E280C2A7E280FE
S31580E242AC72D5E280082FE180000000000000000059
S31580E242BC000000000000000000000000000000008A
S31580E242CC00000000C018E0808CD2E28093D2E280BB
S31580E242DCA8D2E280B9D2E280CAD2E280DBD2E28094
S31580E242ECF0D2E28006D3E2801AD3E2802ED3E28049
S31580E242FC43D3E28057D3E2806AD3E28081D3E280F1
S31580E2430C94D3E280ADD3E280C0D3E280D4D3E28090
S31580E2431CE7D3E280F9D3E2800ED4E28023D4E28042
S31580E2432C39D4E2804ED4E28062D4E2806FD4E280E9
S31580E2433C84D4E28098D4E280ADD4E280C2D4E280A6
S31580E2434CD5D4E280E4D4E280F8D4E2800CD5E28063
S31580E2435C23D5E28036D5E2804AD5E2805DD5E2800D
S31580E2436C76D5E2808ED5E280A2D5E280ACD5E280AB
S31580E2437CC1D5E280D6D5E280EBD5E28000000000A2
S31580E2438C963007772C610EEEBA51099919C46D07EE
S31580E2439C8FF46A7035A563E9A395649E3288DB0E49
S31580E243ACA4B8DC791EE9D5E088D9D2972B4CB6092C
S31580E243BCBD7CB17E072DB8E7911DBF906410B71D09
S31580E243CCF220B06A4871B9F3DE41BE847DD4DA1A42
S31580E243DCEBE4DD6D51B5D4F4C785D38356986C1373
S31580E243ECC0A86B647AF962FDECC9658A4F5C0114EC
S31580E243FCD96C0663633D0FFAF50D088DC8206E3BCA
S31580E2440C5E10694CE44160D5727167A2D1E4033CDB
S31580E2441C47D4044BFD850DD26BB50AA5FAA8B53502
S31580E2442C6C98B242D6C9BBDB40F9BCACE36CD832F1
S31580E2443C755CDF45CF0DD6DC593DD1ABAC30D92698
S31580E2444C3A00DE518051D7C81661D0BFB5F4B4219B
S31580E2445C23C4B3569995BACF0FA5BDB89EB8022898
S31580E2446C0888055FB2D90CC624E90BB1877C6F2F1D
S31580E2447C114C6858AB1D61C13D2D66B69041DC7618
S31580E2448C0671DB01BC20D2982A10D5EF8985B171F1
S31580E2449C1FB5B606A5E4BF9F33D4B8E8A2C90778A0
S31580E244AC34F9000F8EA8099618980EE1BB0D6A7F37
S31580E244BC2D3D6D08976C6491015C63E6F4516B6BF0
S31580E244CC62616C1CD83065854E0062F2ED95066CA5
S31580E244DC7BA5011BC1F4088257C40FF5C6D9B0651A
S31580E244EC50E9B712EAB8BE8B7C88B9FCDF1DDD6277
S31580E244FC492DDA15F37CD38C654CD4FB5861B24DDD
S31580E2450CCE51B53A7400BCA3E230BBD441A5DF4AA6
S31580E2451CD795D83D6DC4D1A4FBF4D6D36AE9694369
S31580E2452CFCD96E34468867ADD0B860DA732D044414
S31580E2453CE51D03335F4C0AAAC97C0DDD3C7105503F
S31580E2454CAA41022710100BBE86200CC925B56857E6
S31580E2455CB3856F2009D466B99FE461CE0EF9DE5E2F
S31580E2456C98C9D9292298D0B0B4A8D7C7173DB359E0
S31580E2457C810DB42E3B5CBDB7AD6CBAC02083B8ED71
S31580E2458CB6B3BF9A0CE2B6039AD2B1743947D5EA7E
S31580E2459CAF77D29D1526DB048316DC73120B63E3AD
S31580E245AC843B64943E6A6D0DA85A6A7A0BCF0EE40C
S31580E245BC9DFF099327AE000AB19E077D44930FF0C7
S31580E245CCD2A3088768F2011EFEC206695D5762F7BE
S31580E245DCCB67658071366C19E7066B6E761BD4FEFB
S31580E245ECE02BD3895A7ADA10CC4ADD676FDFB9F9D8
S31580E245FCF9EFBE8E43BEB717D58EB060E8A3D6D69A
S31580E2460C7E93D1A1C4C2D83852F2DF4FF167BBD1C7
S31580E2461C6757BCA6DD06B53F4B36B248DA2B0DD8CA
S31580E2462C4C1B0AAFF64A0336607A0441C3EF60DF6D
S31580E2463C55DF67A8EF8E6E3179BE69468CB361CB56
S31580E2464C1A8366BCA0D26F2536E2685295770CCC7B
S31580E2465C03470BBBB91602222F260555BE3BBAC5BC
S31580E2466C280BBDB2925AB42B046AB35CA7FFD7C2AD
S31580E2467C31CFD0B58B9ED92C1DAEDE5BB0C2649B9E
S31580E2468C26F263EC9CA36A750A936D02A906099CD1
S31580E2469C3F360EEB8567077213570005824ABF9544
S31580E246AC147AB8E2AE2BB17B381BB60C9B8ED292C7
S31580E246BC0DBED5E5B7EFDC7C21DFDB0BD4D2D3861E
S31580E246CC42E2D4F1F8B3DD686E83DA1FCD16BE8191
S31580E246DC5B26B9F6E177B06F7747B718E65A088862
S31580E246EC706A0FFFCA3B06665C0B0111FF9E658FF3
S31580E246FC69AE62F8D3FF6B6145CF6C1678E20AA09D
S31580E2470CEED20DD75483044EC2B30339612667A722
S31580E2471CF71660D04D476949DB776E3E4A6AD1AE71
S31580E2472CDC5AD6D9660BDF40F03BD83753AEBCA900
S31580E2473CC59EBBDE7FCFB247E9FFB5301CF2BDBD6D
S31580E2474C8AC2BACA3093B353A6A3B4240536D0BA76
S31580E2475C9306D7CD2957DE54BF67D9232E7A66B313
S31580E2476CB84A61C4021B685D942B6F2A37BE0BB4C0
S31580E2477CA18E0CC31BDF055A8DEF022D00000000C3
S31580E2478C380000002800000048000000020000000B
S31580E2479C01000000000000000000000000010000A3
S31580E247AC00020000000000000AD1E2801BD1E28008
S31580E247BC2AD1E2803AD1E2804CD1E280000000003C
S31580E247CC5CD1E2806DD1E2807FD1E28090D1E280D1
S31580E247DCA3D1E280B8D1E280000017200400172032
S31580E247EC0800172014001720180017201C00172029
S31580E247FC000012200080122005B8E28001661F00BC
S31580E2480C00000000008000000400000002000000AE
S31580E2481C000000000FB8E28004661F000000000072
S31580E2482C0000010008000000020000000000000009
S31580E2483C19B8E28001441F0000000000000001006C
S31580E2484C08000000020000000000000024B8E280AC
S31580E2485C00481F00000000000000010080000000FC
S31580E2486C02000000000000002EB8E28000041F0067
S31580E2487C00000000000001000800000002000000B9
S31580E2488C0000000037B8E28001451F0000000000FE
S31580E2489C0000010010000000020000000000000091
S31580E248AC42B8E28001461F000000000000000100D1
S31580E248BC2000000002000000000000004DB8E280FB
S31580E248CC01471F00000000000000010040000000CC
S31580E248DC020000000000000057B8E2801620C200F9
S31580E248EC00000000000001004000000022000000F1
S31580E248FC0000000062B8E2801720C20000000000CF
S31580E2490C0000010080000000A20800000000000008
S31580E2491C6AB8E2801820C2000000000000000100A4
S31580E2492C00010000A20800000000000073B8E280DB
S31580E2493C1826C20000000000000001000001000001
S31580E2494C22000000000000007FB8E2801202010023
S31580E2495C00000000000001000800000002000000D8
S31580E2496C0000000089B8E28013020100000000001A
S31580E2497C00000100100000000200000000000000B0
S31580E2498C93B8E280140201000000000000000100EE
S31580E2499C2000000002000000000000009DB8E280CA
S31580E249AC150201000000000000000100400000003A
S31580E249BC0200000000000000A7B8E28016020100A7
S31580E249CC00000000000001008000000002000000F0
S31580E249DC00000000B1B8E28018200100000300005C
S31580E249EC000004004000000002000000000000000D
S31580E249FCBCB8E2801820010001030000000001002F
S31580E24A0C000100000200000000000000C7B8E2804E
S31580E24A1C18200100004D0000000004004000000058
S31580E24A2C0200000000000000D2B8E28018200100EB
S31580E24A3C014D0000000001000001000002000000B0
S31580E24A4C00000000DDB8E2808D25BF00000000008A
S31580E24A5C00000100080000000200000000000000D7
S31580E24A6CE9B8E2808E25BF0000000000000001005C
S31580E24A7C100000000200000000000000F5B8E280A1
S31580E24A8C4125BF000000000000000100200000006C
S31580E24A9C020000000000000001B9E2804A25BF0056
S31580E24AAC000000000000010040000000020000004F
S31580E24ABC000000000DB9E2800125BF000000000075
S31580E24ACC000001000100000002000000000000006E
S31580E24ADC18B9E2800225BF00000000000000010048
S31580E24AEC02000000020000000000000023B9E28010
S31580E24AFC0325BF0000000000000001000400000056
S31580E24B0C02000000000000002EB9E2800425BF00FE
S31580E24B1C0000000000000100080000000200000016
S31580E24B2C0000000039B9E28010202000000000006D
S31580E24B3C008000000200000002000000000000007D
S31580E24B4C40B9E280112020000000000000800000C5
S31580E24B5C04000000020000000000000047B9E28079
S31580E24B6C122020000000000000000100040000007A
S31580E24B7C02000000000000004EB9E2801320200003
S31580E24B8C00000000000001000800000002000000A6
S31580E24B9C0000000055B9E280000000000000000031
S31580E24BAC000001001000000002000000000000007E
S31580E24BBC5CB9E280152020000000000000000100B4
S31580E24BCC20000000020000000000000063B9E280D1
S31580E24BDC16202000000000000000010040000000CA
S31580E24BEC02000000000000006AB9E2801720200073
S31580E24BFC00000000000001008000000002000000BE
S31580E24C0C0000000071B9E28018202000000000004C
S31580E24C1C00000400400000000200000000000000DA
S31580E24C2C79B9E2801140200000000000000001000A
S31580E24C3C02000000020000000000000081B9E28060
S31580E24C4C144020000000000000000100100000006B
S31580E24C5C020000000000000089B9E28015402000C5
S31580E24C6C00000000000001002000000002000000AD
S31580E24C7C0000000091B9E280148020000000000060
S31580E24C8C000001001000000002000000000000009D
S31580E24C9C99B9E28015802000000000000000010036
S31580E24CAC200000000200000000000000A1B9E280B2
S31580E24CBC1130EF000000000000000100020000004D
S31580E24CCC0200000000000000A8B9E2801230EF007A
S31580E24CDC0000000000000100040000000200000059
S31580E24CEC00000000AFB9E2801330EF000000000054
S31580E24CFC0000010008000000020000000000000035
S31580E24D0CB6B9E2801430EF0000000000000001002A
S31580E24D1C100000000200000000000000BDB9E28035
S31580E24D2C1530EF00000000000000010020000000BA
S31580E24D3C0200000000000000C4B9E2801630EF00E9
S31580E24D4C00000000000001004000000002000000AC
S31580E24D5C00000000CBB9E2801730EF0000000000C3
S31580E24D6C000001008000000002000000000000004C
S31580E24D7CD2B9E2801740EF0000000000000001008B
S31580E24D8C80000000A218000000000000DBB9E2807F
S31580E24D9C1640EF00000000000000010080000000D9
S31580E24DACA238000000000000E4B9E2801840EF006F
S31580E24DBC000000000000010000010000A2180000C3
S31580E24DCC00000000ECB9E2801740C8000000000049
S31580E24DDC0000010080000000821800000000000044
S31580E24DECF5B9E2801740C80000000000000001001F
S31580E24DFC800000008238000053000000FEB9E28099
S31580E24E0C1840C8000000000000000100000100000C
S31580E24E1C821800000000000007BAE2801940EF0019
S31580E24E2C00000000000001000002000002B0000059
S31580E24E3C0000000010BAE2801940C80000000000B1
S31580E24E4C000001000002000082B8000000000000B1
S31580E24E5C19BAE28017702000000000000000010001
S31580E24E6C80000000F21802000000000023BAE28003
S31580E24E7C1870200000000000000001000001000014
S31580E24E8CF2180200000000002EBAE28017701C00B5
S31580E24E9C000000000000010080000000F218020011
S31580E24EAC0000000037BAE2801740200000000000C4
S31580E24EBC0000010080000000A21800000000000043
S31580E24ECC41BAE28018402000000000000000010098
S31580E24EDC00010000A2180000000000004CBAE2803B
S31580E24EEC174068000000000000000100800000000E
S31580E24EFCF21800000000000059BAE28018406800FF
S31580E24F0C000000000000010000010000F218000021
S31580E24F1C0000000067BAE2801740A10000000000A2
S31580E24F2C0000010080000000F21800000000000082
S31580E24F3C6FBAE2801840A100000000000000010078
S31580E24F4C00010000F21800000000000078BAE2804E
S31580E24F5C1732F8000000000000000100800000001B
S31580E24F6CF21800000000000084BAE28016405E006F
S31580E24F7C000000000000010040000000F218000072
S31580E24F8C000000008DBAE28017405E00000000004F
S31580E24F9C0000010080000000F21800000000000012
S31580E24FAC96BAE28018405E00000000000000010024
S31580E24FBC00010000F218000000000000A0BAE280B6
S31580E24FCC17400B000000000000000100800000008A
S31580E24FDCF218000000000000A9BAE28018400B002B
S31580E24FEC000000000000010000010000F218000041
S31580E24FFC00000000B3BAE2801722520000000000E3
S31580E2500C00000100800000008238000000000000F1
S31580E2501CBEBAE280182152000000000000000100B6
S31580E2502C000100008238000000000000CABAE2806B
S31580E2503C16701C0000000000000001004000000019
S31580E2504C0200000000000000D477E280DD92E2806C
S31580E2505CCE77E280C977E280000000000000000093
S31580E2506C50A4E280010000005DA4E28063A4E280A9
S31580E2507C0200000069A4E2806DA4E28003000000D5
S31580E2508C77A4E28071A4E280040000007BA4E28033
S31580E2509C80A4E2800C00000085A4E2808AA4E280EF
S31580E250AC0E0000008FA4E2809AA4E2800500000044
S31580E250BCA5A4E280AAA4E28006000000AFA4E28066
S31580E250CCB6A4E2800F000000C2A4E280C8A4E2800B
S31580E250DC07000000D0A4E280D8A4E280070000009A
S31580E250ECE0A4E280D8A4E28008000000E4A4E28096
S31580E250FCE9A4E280090000000598E280F2A4E2804D
S31580E2510C0A000000F9A4E280FFA4E2800B00000012
S31580E2511C05A5E2800DA5E280100000001AA5E280CA
S31580E2512C23A5E280110000002CA5E28032A5E28064
S31580E2513C1400000038A5E2803EA5E280150000004E
S31580E2514C44A5E28049A5E2801300000057A5E280DF
S31580E2515C5FA5E280FFFFFFFFB0DDE280B0DDE2809B
S31580E2516C00000000DAA1E280DFA1E280020000000A
S31580E2517CECA1E280F2A1E2800100000003A2E280CF
S31580E2518C08A2E2800300000018A2E2801DA2E2805F
S31580E2519C040000002DA2E28031A2E280FFFFFFFF35
S31580E251ACB0DDE280B0DDE2800000000000000000AD
S31580E251BCF7A3E2800500000002A4E28008A4E28064
S31580E251CC020000000EA4E28015A4E2801600000024
S31580E251DC1CA4E28020A4E2801700000029A4E280CD
S31580E251EC2FA4E2801200000036A4E2803CA4E28086
S31580E251FC1100000042A4E28049A4E280FFFFFFFF97
S31580E2520CB0DDE280B0DDE2800D00000040A2E280FB
S31580E2521C49A2E28007000000628CE2805BA2E28017
S31580E2522C050000006CA2E28075A2E2800800000014
S31580E2523C7EA2E28086A2E2800200000097A2E28051
S31580E2524C9EA2E2800E000000ABA2E280B9A2E280CE
S31580E2525C09000000D8A2E280E1A2E2800A00000006
S31580E2526CF5A2E280FEA2E2800000000000000000CF
S31580E2527C18A3E2800400000026A3E2802CA3E2803D
S31580E2528C0C0000003DA3E28047A3E2800F00000001
S31580E2529C5EA3E28067A3E280030000009766E28069
S31580E252AC80A3E280060000008EA3E28095A3E280D2
S31580E252BC010000009CA3E280A7A3E2800B00000021
S31580E252CCBAA3E280C3A3E28010000000D5A3E280F9
S31580E252DCDEA3E280FFFFFFFFB0DDE280B0DDE2809D
S31580E252EC080000000400000001000000000021100C
S31580E252FC422063308440A550C660E77008812991CC
S31580E2530C4AA16BB18CC1ADD1CEE1EFF13112100273
S31580E2531C73325222B5529442F772D662399318831B
S31580E2532C7BB35AA3BDD39CC3FFF3DEE3622443343F
S31580E2533C20040114E664C774A44485546AA54BB56B
S31580E2534C28850995EEE5CFF5ACC58DD55336722613
S31580E2535C11163006D776F6669556B4465BB77AA7BB
S31580E2536C19973887DFF7FEE79DD7BCC7C448E5585F
S31580E2537C8668A7784008611802282338CCC9EDD90B
S31580E2538C8EE9AFF9488969990AA92BB9F55AD44AB3
S31580E2539CB77A966A711A500A333A122AFDDBDCCB5B
S31580E253ACBFFB9EEB799B588B3BBB1AABA66C877C7F
S31580E253BCE44CC55C222C033C600C411CAEED8FFDAB
S31580E253CCECCDCDDD2AAD0BBD688D499D977EB66E53
S31580E253DCD55EF44E133E322E511E700E9FFFBEEFFB
S31580E253ECDDDFFCCF1BBF3AAF599F788F8891A981BD
S31580E253FCCAB1EBA10CD12DC14EF16FE18010A100A7
S31580E2540CC230E3200450254046706760B983989396
S31580E2541CFBA3DAB33DC31CD37FE35EF3B1029012F6
S31580E2542CF322D2323542145277625672EAB5CBA562
S31580E2543CA89589856EF54FE52CD50DC5E234C32446
S31580E2544CA01481046674476424540544DBA7FAB736
S31580E2545C9987B8975FE77EF71DC73CD7D326F23696
S31580E2546C9106B01657667676154634564CD96DC982
S31580E2547C0EF92FE9C899E9898AB9ABA944586548E6
S31580E2548C06782768C018E1088238A3287DCB5CDBD6
S31580E2549C3FEB1EFBF98BD89BBBAB9ABB754A545A36
S31580E254AC376A167AF10AD01AB32A923A2EFD0FEDA2
S31580E254BC6CDD4DCDAABD8BADE89DC98D267C076C86
S31580E254CC645C454CA23C832CE01CC10C1FEF3EFF76
S31580E254DC5DCF7CDF9BAFBABFD98FF89F176E367ED6
S31580E254EC554E745E932EB23ED10EF01E00557BB5B0
S31580E254FC7DF70000000000000000000000000000C4
S31580E2550C01FFFFFFFFFFFFFFFFFF04FFFFFFFFFF30
S31580E2551CFFFEFFFFFF02616B33395F736F66745F69
S31580E2552C7265736574006664745F66697875705FBC
S31580E2553C6D656D6F72795F62616E6B73006E6574A9
S31580E2554C626F6F745F636F6D6D6F6E00646F5F6DAC
S31580E2555C656D5F6D770073617665656E76007365F2
S31580E2556C745F64656661756C745F656E7600656E94
S31580E2557C765F696D706F7274006D6F645F6D656D69
S31580E2558C00646F5F6D6D636F707300646F5F656EE1
S31580E2559C765F6578706F727400646F5F656E765F46
S31580E255AC696D706F727400616B5F7370695F77722D
S31580E255BC6974655F696E7465726E616C00616B5F4E
S31580E255CC7370695F726561645F696E7465726E61D0
S31580E255DC6C00726561645F656E76626B5F73706533
S31580E255EC6300616B5F7370695F7772697465006D76
S31580E255FC6D635F73746172745F696E6974007265F0
S31580E2560C61645F6C6F676F5F646174610073645F22
S31580E2561C6C6F676F5F757067726164655F66696C84
S31580E2562C655F7061727474696F6E7300696D6167C0
S31580E2563C655F73657475705F6C69626664740073BA
S31580E2564C645F757067726164655F66696C655F706D
S31580E2565C61727474696F6E73007061727469746965
S31580E2566C6F6E5F737472696E675F70617273650079
S31580E2567C706172746974696F6E735F6D74647061F4
S31580E2568C7274735F70617273650075706772616450
S31580E2569C655F706172746974696F6E735F757064DD
S31580E256AC61746500646F5F73645F75706772616461
S31580E256BC65006D746470617274735F696E6974008F
S31580E256CC726561645F6474625F6461746100616B6C
S31580E256DC5F6D6D635F73645F73797374656D5F63BE
S31580E256EC6C6B00616B5F6D6D635F626F6172645F41
S31580E256FC696E697400616B5F6D6D635F726561641F
S31580E2570C5F6461746100616B5F6D6D635F77726913
S31580E2571C74655F6461746100616B5F6D6D635F7309
S31580E2572C65745F696F7300676D61635F7068795FDB
S31580E2573C6770696F5F726573657400676D61635FCD
S31580E2574C7068795F696E697400736D635F696E699F
S31580E2575C7400080808080808080808282828282851
S31580E2576C0808080808080808080808080808080845
S31580E2577C0808A01010101010101010101010101035
S31580E2578C101004040404040404040404101010101D
S31580E2579C10101041414141414101010101010101D8
S31580E257AC0101010101010101010101010110101048
S31580E257BC10101042424242424202020202020202AB
S31580E257CC020202020202020202020202021010101B
S31580E257DC100800000000000000000000000000003D
S31580E257EC0000000000000000000000000000000045
S31580E257FC0000A010101010101010101010101010C5
S31580E2580C1010101010101010101010101010101024
S31580E2581C10100101010101010101010101010101E6
S31580E2582C01010101010101010110010101010101E5
S31580E2583C01020202020202020202020202020202D5
S31580E2584C02020202020202020210020202020202B6
S31580E2585C0202626F6F74617267733D636F6E736F10
S31580E2586C6C653D74747953414B302C313135323021
S31580E2587C306E3820726F6F743D2F6465762F6D743F
S31580E2588C64626C6F636B3420726F6F746673747957
S31580E2589C70653D7961666666733220696E69743DC0
S31580E258AC2F7362696E2F696E6974206D656D3D36F4
S31580E258BC344D206D656D73697A653D36344D006283
S31580E258CC6F6F7464656C61793D3100626175647287
S31580E258DC6174653D313135323030006970616464B2
S31580E258EC723D3139322E3136382E312E39390073BA
S31580E258FC657276657269703D3139322E3136382E63
S31580E2590C312E31006E65746D61736B3D3235352E99
S31580E2591C3235352E3235352E30006D656D3D6D6501
S31580E2592C6D3D36344D006D656D73697A653D6D6599
S31580E2593C6D73697A653D36344D006D74645F726F52
S31580E2594C6F743D2F6465762F6D7464626C6F636BD6
S31580E2595C3600726F6F746673747970653D737175A8
S31580E2596C61736866730073665F687A3D383030308F
S31580E2597C3030303000666474636F6E74726F6C6153
S31580E2598C6464723D30783831333030303030006D8B
S31580E2599C746470617274733D6D74647061727473E5
S31580E259AC3D737069302E303A3232304B403078303B
S31580E259BC2855424F4F54292C344B4030783337306C
S31580E259CC303028454E56292C344B4030783338309B
S31580E259DC303028454E56424B292C36344B40307863
S31580E259EC333930303028445442292C313630304BDE
S31580E259FC4030783439303030284B45524E454C293C
S31580E25A0C2C3330304B403078314439303030284C7E
S31580E25A1C4F474F292C313936304B4030783232343D
S31580E25A2C30303028524F4F544653292C3330304B3A
S31580E25A3C40307834304530303028434F4E464947F3
S31580E25A4C292C333734304B4030783435393030305A
S31580E25A5C284150502900615F75626F6F745F666C86
S31580E25A6C6167733D307830006B65726E656C5F6F23
S31580E25A7C66667365743D3078306B65726E656C5FA5
S31580E25A8C616464723D307830006B65726E656C5F12
S31580E25A9C73697A653D307830006474625F6F6666EE
S31580E25AAC7365743D307830006474625F73697A65CD
S31580E25ABC3D307830006474625F616464723D307844
S31580E25ACC30006C6F6164616464723D30783830307A
S31580E25ADC3038303030006664745F686967683D30B0
S31580E25AEC78464646464646464600636F6E736F6C0C
S31580E25AFC653D74747953414B302C313135323030CB
S31580E25B0C6E3800657468616464723D30303A35355E
S31580E25B1C3A37623A62353A37643A663700696E6981
S31580E25B2C743D2F7362696E2F696E697400626F6F52
S31580E25B3C74617267733D636F6E736F6C653D74747B
S31580E25B4C7953414B302C3131353230306E382072CC
S31580E25B5C6F6F743D247B6D74645F726F6F747D209E
S31580E25B6C726F6F746673747970653D247B726F6F36
S31580E25B7C746673747970657D20696E69743D247B75
S31580E25B8C696E69747D2000726561645F6B65726EA5
S31580E25B9C656C3D73662070726F626520303A302098
S31580E25BAC247B73665F687A7D20303B207366207235
S31580E25BBC65616420247B6C6F6164616464727D20B0
S31580E25BCC247B6B65726E656C5F6F66667365747DDE
S31580E25BDC20247B6B65726E656C5F73697A657D007A
S31580E25BEC726561645F6474623D73662070726F6223
S31580E25BFC6520303A3020247B73665F687A7D20306C
S31580E25C0C3B207366207265616420247B66647463D0
S31580E25C1C6F6E74726F6C616464727D20247B6474C3
S31580E25C2C625F616464727D20247B6474625F7369F3
S31580E25C3C7A657D3B666474206164647220247B663B
S31580E25C4C6474636F6E74726F6C616464727D00628D
S31580E25C5C6F6F745F6E6F726D616C3D656E7620737D
S31580E25C6C657420626F6F746172677320636F6E7393
S31580E25C7C6F6C653D74747953414B302C31313532CE
S31580E25C8C30306E3820726F6F743D247B6D74645F36
S31580E25C9C726F6F747D20726F6F74667374797065D0
S31580E25CAC3D247B726F6F746673747970657D20693F
S31580E25CBC6E69743D247B696E69747D20247B6D7478
S31580E25CCC6470617274737D20247B6D656D7D202496
S31580E25CDC7B6D656D73697A657D3B2072756E20721C
S31580E25CEC6561645F6B65726E656C3B20626F6F7427
S31580E25CFC6D20247B6C6F6164616464727D202D20DF
S31580E25D0C247B666474636F6E74726F6C61646472A6
S31580E25D1C7D00626F6F74636D643D72756E20626F27
S31580E25D2C6F745F6E6F726D616C007672616D3D3110
S31580E25D3C324D0000002C2000303132333435363788
S31580E25D4C383941424344454661726F6300736478E5
S31580E25D5C62696D00082008003031323334353637CB
S31580E25D6C383961626364656600455054474D4B42EF
S31580E25D7C55473A206661696C757265206174202597
S31580E25D8C733A25642F25732829210A00616B5F6D8E
S31580E25D9C6F64756C655F72657365742E63004255CC
S31580E25DAC47210064656661756C745F697372282934
S31580E25DBC3A202063616C6C656420666F722049526E
S31580E25DCC512025642C20496E74657272757074202C
S31580E25DDC5374617475732050520A000A0A25730A49
S31580E25DEC0A006261756472617465004452414D3A8F
S31580E25DFC2020006C6F61642D656E7669726F6E6DB4
S31580E25E0C656E74002A2A2A206661696C6564202A8A
S31580E25E1C2A2A0A006C6F6164207365745F64656616
S31580E25E2C61756C745F656E760A006D74647061720E
S31580E25E3C747300666474636F6E74726F6C6164649F
S31580E25E4C7200726561645F6474625F64617461201E
S31580E25E5C6572726F722E67642D3E6664745F626CD5
S31580E25E6C6F623A307825780A004E65743A202020A3
S31580E25E7C002866616B652072756E20666F7220747F
S31580E25E8C726163696E6729006D6163686964005546
S31580E25E9C73696E67206D6163686964203078256CFE
S31580E25EAC782066726F6D20656E7669726F6E6D653F
S31580E25EBC6E740A000A5374617274696E67206B653C
S31580E25ECC726E656C202E2E2E25730A0A00626F6F17
S31580E25EDC7461726773007573696E673A20464454CF
S31580E25EEC0A00464454206372656174696F6E20665B
S31580E25EFC61696C6564212068616E67696E672E2EB6
S31580E25F0C2E00526573657474696E67204350552012
S31580E25F1C2E2E2E0A006F6666007063203A205B3C5A
S31580E25F2C2530386C783E5D092020206C72203A2030
S31580E25F3C5B3C2530386C783E5D0A7370203A2025BE
S31580E25F4C30386C7820206970203A202530386C788D
S31580E25F5C09206670203A202530386C780A00723136
S31580E25F6C303A202530386C7820207239203A202538
S31580E25F7C30386C7809207238203A202530386C78A3
S31580E25F8C0A007237203A202530386C782020723617
S31580E25F9C203A202530386C7809207235203A202533
S31580E25FAC30386C7820207234203A202530386C7860
S31580E25FBC0A007233203A202530386C7820207232EF
S31580E25FCC203A202530386C7809207231203A202507
S31580E25FDC30386C7820207230203A202530386C7834
S31580E25FEC0A00466C6167733A20256325632563252F
S31580E25FFC6300202049525173202573202046495153
S31580E2600C7320257320204D6F646520257325730AD2
S31580E2601C00756E646566696E656420696E7374720A
S31580E2602C756374696F6E0A00736F667477617265F5
S31580E2603C20696E746572727570740A007072656628
S31580E2604C657463682061626F72740A00646174615C
S31580E2605C2061626F72740A0A202020204D415942D7
S31580E2606C4520796F752073686F756C6420726561F3
S31580E2607C6420646F632F524541444D452E61726DA7
S31580E2608C2D756E616C69676E65642D61636365738C
S31580E2609C7365730A0A006E6F7420757365640A0001
S31580E260AC6661737420696E7465727275707420722F
S31580E260BC6571756573740A00555345525F323600C5
S31580E260CC4649515F3236004952515F323600535659
S31580E260DC435F323600554B345F323600554B355F73
S31580E260EC323600554B365F323600554B375F323699
S31580E260FC00554B385F323600554B395F3236005598
S31580E2610C4B31305F323600554B31315F323600558A
S31580E2611C4B31325F323600554B31335F3236005576
S31580E2612C4B31345F323600554B31355F3236005562
S31580E2613C5345525F3332004649515F3332004952FE
S31580E2614C515F3332005356435F333200554B345FE3
S31580E2615C333200554B355F333200554B365F333233
S31580E2616C004142545F333200554B385F333200552F
S31580E2617C4B395F333200554B31305F333200554EFB
S31580E2618C445F333200554B31325F333200554B31FB
S31580E2619C335F333200554B31345F333200535953CC
S31580E261AC5F333200726573657474696E67202E2E66
S31580E261BC2E0A002323205374617274696E67206100
S31580E261CC70706C69636174696F6E2061742030786B
S31580E261DC2530386C58202E2E2E0A0023232041702F
S31580E261EC706C69636174696F6E207465726D696EC9
S31580E261FC617465642C207263203D203078256C585E
S31580E2620C0A00726573657400506572666F726D20F2
S31580E2621C5245534554206F66207468652043505529
S31580E2622C00676F007374617274206170706C69635D
S31580E2623C6174696F6E2061742061646472657373D4
S31580E2624C202761646472270061646472205B6172E8
S31580E2625C67202E2E2E5D0A202020202D207374613D
S31580E2626C7274206170706C69636174696F6E20619F
S31580E2627C7420616464726573732027616464722727
S31580E2628C0A20202020202070617373696E67202794
S31580E2629C6172672720617320617267756D656E74B2
S31580E262AC730076657269667900232320426F6F7478
S31580E262BC696E67206B65726E656C2066726F6D2097
S31580E262CC4C656761637920496D61676520617420ED
S31580E262DC2530386C78202E2E2E0A00426164204DB1
S31580E262EC61676963204E756D6265720A004261640C
S31580E262FC2048656164657220436865636B73756D6E
S31580E2630C0A00202020566572696679696E67204399
S31580E2631C6865636B73756D202E2E2E200042616448
S31580E2632C2044617461204352430A00556E73757042
S31580E2633C706F7274656420417263686974656374A4
S31580E2634C75726520307825780A0057726F6E6720F1
S31580E2635C496D616765205479706520666F72202578
S31580E2636C7320636F6D6D616E640A0057726F6E6730
S31580E2637C20496D61676520466F726D617420666F28
S31580E2638C7220257320636F6D6D616E640A004552CF
S31580E2639C524F523A2063616E277420676574206B84
S31580E263AC65726E656C20696D616765210A0045527E
S31580E263BC524F523A20756E6B6E6F776E20696D61B5
S31580E263CC676520666F726D61742074797065210AD7
S31580E263DC00436F756C64206E6F742066696E642000
S31580E263EC6B65726E656C20656E74727920706F69FE
S31580E263FC6E74210A0052616D6469736B20696D61FA
S31580E2640C676520697320636F7272757074206F7220
S31580E2641C20696E76616C69640A00436F756C6420E0
S31580E2642C6E6F742066696E6420612076616C696435
S31580E2643C2064657669636520747265650A0020203E
S31580E2644C20584950202573202E2E2E2000202020E5
S31580E2645C4C6F6164696E67202573202E2E2E200088
S31580E2646C2020206B65726E656C206C6F616465644E
S31580E2647C2061742030782530386C782C20656E64F7
S31580E2648C203D2030782530386C780A00556E696D5F
S31580E2649C706C656D656E74656420636F6D70726524
S31580E264AC7373696F6E20747970652025640A00694E
S31580E264BC6D616765732E6F732E7374617274203D92
S31580E264CC203078256C582C20696D616765732E6F48
S31580E264DC732E656E64203D203078256C780A0069CF
S31580E264EC6D616765732E6F732E6C6F6164203D20D0
S31580E264FC3078256C782C206C6F61645F656E6420D5
S31580E2650C3D203078256C780A005741524E494E47E9
S31580E2651C3A206C656761637920666F726D6174206F
S31580E2652C6D756C746920636F6D706F6E656E7420B9
S31580E2653C696D616765206F76657277726974746569
S31580E2654C6E0A004552524F523A206E657720666F3C
S31580E2655C726D617420696D616765206F766572779D
S31580E2656C72697474656E202D206D75737420524534
S31580E2657C5345542074686520626F61726420746F2F
S31580E2658C207265636F7665720A00696E69747264ED
S31580E2659C5F737461727400696E697472645F656E3E
S31580E265AC64004552524F523A20626F6F74696E673D
S31580E265BC206F732027257327202825642920697369
S31580E265CC206E6F7420737570706F727465640A00D6
S31580E265DC737562636F6D6D616E64206E6F7420731A
S31580E265EC7570706F727465640A006175746F73741A
S31580E265FC617274006E6F0066696C6573697A6500A8
S31580E2660C547279696E6720746F20657865637574E8
S31580E2661C65206120636F6D6D616E64206F75742089
S31580E2662C6F66206F726465720A00796573004175D4
S31580E2663C746F6D6174696320626F6F74206F66200C
S31580E2664C696D61676520617420616464722030785B
S31580E2665C2530386C58202E2E2E0A00626F6F746DA0
S31580E2666C00626F6F74206170706C69636174696FBC
S31580E2667C6E20696D6167652066726F6D206D656DE2
S31580E2668C6F7279006C6F61646F730072616D6469AD
S31580E2669C736B00636D646C696E6500626474007022
S31580E266AC7265700066616B650075736167653A2029
S31580E266BC666174696E666F203C696E74657266613A
S31580E266CC63653E205B3C6465765B3A706172745DB1
S31580E266DC3E5D0A000A2A2A20556E61626C65207438
S31580E266EC6F207573652025732025643A25642066B0
S31580E266FC6F7220666174696E666F202A2A0A00665A
S31580E2670C6174696E666F007072696E7420696E660A
S31580E2671C6F726D6174696F6E2061626F75742066DB
S31580E2672C696C6573797374656D003C696E746572B8
S31580E2673C666163653E205B3C6465765B3A7061724A
S31580E2674C745D3E5D0A202020202D207072696E7465
S31580E2675C20696E666F726D6174696F6E2061626FAD
S31580E2676C75742066696C6573797374656D2066726F
S31580E2677C6F6D202764657627206F6E2027696E748D
S31580E2678C65726661636527006661746C73006C6919
S31580E2679C73742066696C657320696E206120646906
S31580E267AC726563746F7279202864656661756C7440
S31580E267BC202F29003C696E746572666163653E20A2
S31580E267CC5B3C6465765B3A706172745D3E5D205BC0
S31580E267DC6469726563746F72795D0A202020202D5C
S31580E267EC206C6973742066696C65732066726F6D52
S31580E267FC202764657627206F6E2027696E74657212
S31580E2680C666163652720696E2061202764697265FB
S31580E2681C63746F727927006661746C6F6164006C65
S31580E2682C6F61642062696E6172792066696C65203B
S31580E2683C66726F6D206120646F732066696C657316
S31580E2684C797374656D003C696E74657266616365B5
S31580E2685C3E205B3C6465765B3A706172745D3E5D4C
S31580E2686C20203C616464723E203C66696C656E6194
S31580E2687C6D653E205B6279746573205B706F735DC8
S31580E2688C5D0A202020202D204C6F61642062696E87
S31580E2689C6172792066696C65202766696C656E61C2
S31580E268AC6D65272066726F6D202764657627206F6B
S31580E268BC6E2027696E74657266616365270A20208D
S31580E268CC20202020746F20616464726573732027A4
S31580E268DC61646472272066726F6D20646F732066C2
S31580E268EC696C6573797374656D2E0A20202020207D
S31580E268FC2027706F732720676976657320746865C5
S31580E2690C2066696C6520706F736974696F6E20742A
S31580E2691C6F207374617274206C6F6164696E672028
S31580E2692C66726F6D2E0A2020202020204966202751
S31580E2693C706F7327206973206F6D69747465642C2C
S31580E2694C203020697320757365642E2027706F73EF
S31580E2695C2720726571756972657320276279746511
S31580E2696C73272E0A202020202020276279746573D3
S31580E2697C27206769766573207468652073697A6502
S31580E2698C20746F206C6F61642E20496620276279B1
S31580E2699C746573272069732030206F72206F6D695E
S31580E269AC747465642C0A202020202020746865206B
S31580E269BC6C6F61642073746F7073206F6E20656E7A
S31580E269CC64206F662066696C652E0A202020202062
S31580E269DC204966206569746865722027706F732713
S31580E269EC206F722027627974657327206172652025
S31580E269FC6E6F7420616C69676E656420746F0A20B1
S31580E26A0C2020202020415243485F444D415F4D492E
S31580E26A1C4E414C49474E207468656E2061206D6903
S31580E26A2C73616C69676E65642062756666657220F1
S31580E26A3C7761726E696E672077696C6C0A202020AA
S31580E26A4C2020206265207072696E74656420616EA6
S31580E26A5C6420706572666F726D616E6365207769AC
S31580E26A6C6C6C2073756666657220666F72207468CC
S31580E26A7C65206C6F61642E00546865206164647273
S31580E26A8C657373206F66207468652066647420690A
S31580E26A9C7320696E76616C696420284E554C4C295C
S31580E26AAC2E0A006C6962666474206664745F63683D
S31580E26ABC65636B5F68656164657228293A20257324
S31580E26ACC00202D20746F6F206F6C642C20666474AA
S31580E26ADC202564203C20256400202D20746F6F20B5
S31580E26AEC6E65772C20666474202564203E202564AE
S31580E26AFC00222C2022002A2030782570205B3078E8
S31580E26B0C253038785D003C0030782530387825732E
S31580E26B1C005B0025303278257300666474616464A8
S31580E26B2C72002F2A204E554C4C20706F696E74651C
S31580E26B3C72206572726F72202A2F002D6300546860
S31580E26B4C652061646472657373206F662074686510
S31580E26B5C2066647420697320252330386C780A00A9
S31580E26B6C4E6577206C656E677468202564203C20C0
S31580E26B7C6578697374696E67206C656E6774682074
S31580E26B8C25642C2069676E6F72696E672E0A006CBB
S31580E26B9C6962666474206664745F6F70656E5F6941
S31580E26BAC6E746F28293A2025730A004E6F2046446C
S31580E26BBC54206D656D6F727920616464726573734E
S31580E26BCC20636F6E666967757265642E20506C659C
S31580E26BDC61736520636F6E6669677572650A746840
S31580E26BEC65204644542061646472657373207669C9
S31580E26BFC6120226664742061646472203C61646400
S31580E26C0C726573733E2220636F6D6D616E642E0ABC
S31580E26C1C41626F7274696E67210A006D6F004E6510
S31580E26C2C77206C656E6774682030782558203C2016
S31580E26C3C6578697374696E67206C656E67746820B3
S31580E26C4C307825582C2061626F7274696E672E0AD1
S31580E26C5C006D6B006C6962666474206664745F7046
S31580E26C6C6174685F6F6666736574282920726574D1
S31580E26C7C75726E65642025730A006C69626664744B
S31580E26C8C206664745F6164645F7375626E6F64655B
S31580E26C9C28293A2025730A00536F7272792C20497F
S31580E26CAC20636F756C64206E6F7420636F6E76658D
S31580E26CBC727420222573220A00556E65787065639C
S31580E26CCC74656420636861726163746572202725DA
S31580E26CDC63270A006C6962666474206664745F7307
S31580E26CEC657470726F7028293A2025730A006C6974
S31580E26CFC62666474206E6F6465206E6F7420666F54
S31580E26D0C756E640A00307825303858006572726F79
S31580E26D1C723A20756E7072696E7461626C652076F9
S31580E26D2C616C75650A0030782570006C6962666400
S31580E26D3C74206664745F67657470726F7028293A22
S31580E26D4C2025730A0025732025730A002573257383
S31580E26D5C207B0A004E657374656420746F6F2064C1
S31580E26D6C6565702C2061626F7274696E672E0A009B
S31580E26D7C25737D3B0A00257325733B0A0025732513
S31580E26D8C73203D200025732F2A204E4F50202A2F28
S31580E26D9C0A00556E6B6E6F776E2074616720307861
S31580E26DAC253038580A006C696266647420666474AD
S31580E26DBC5F64656C70726F7028293A202025730A9D
S31580E26DCC006C6962666474206664745F64656C5F89
S31580E26DDC6E6F646528293A202025730A006D6167F7
S31580E26DEC69633A090909307825780A00746F746107
S31580E26DFC6C73697A653A0909307825782028256496
S31580E26E0C290A006F66665F64745F73747275637465
S31580E26E1C3A0909307825780A006F66665F64745F92
S31580E26E2C737472696E67733A0909307825780A0049
S31580E26E3C6F66665F6D656D5F7273766D61703A09CA
S31580E26E4C09307825780A0076657273696F6E3A092D
S31580E26E5C0925640A006C6173745F636F6D705F768B
S31580E26E6C657273696F6E3A0925640A00626F6F7494
S31580E26E7C5F63707569645F706879733A09307825F7
S31580E26E8C780A0073697A655F64745F737472696E8B
S31580E26E9C67733A09307825780A0073697A655F6494
S31580E26EAC745F7374727563743A0909307825780A5B
S31580E26EBC006E756D626572206D656D5F7273763A82
S31580E26ECC0909307825780A00626F6F00727300695F
S31580E26EDC6E646578090920202073746172740909DD
S31580E26EEC2020202073697A650A002D2D2D2D2D2DDB
S31580E26EFC2D2D2D2D2D2D2D2D2D2D2D2D2D2D2D2D4E
S31580E26F0C2D2D2D2D2D2D2D2D2D2D2D2D2D2D2D2D3D
S31580E26F1C2D2D2D2D2D2D2D2D2D2D0A006C69626694
S31580E26F2C6474206664745F6765745F6D656D5F72A9
S31580E26F3C737628293A202025730A002020202025E2
S31580E26F4C780925303878253038780925303878250F
S31580E26F5C3038780A006C6962666474206664745FA1
S31580E26F6C6164645F6D656D5F72737628293A202061
S31580E26F7C25730A006C6962666474206664745F6465
S31580E26F8C656C5F6D656D5F72737628293A20202574
S31580E26F9C730A00666C617474656E656420646576EA
S31580E26FAC6963652074726565207574696C69747938
S31580E26FBC20636F6D6D616E6473003F00616C696115
S31580E26FCC7320666F72202768656C70270068656C23
S31580E26FDC70007072696E7420636F6D6D616E642081
S31580E26FEC6465736372697074696F6E2F75736167AA
S31580E26FFC65000A092D207072696E74206272696569
S31580E2700C66206465736372697074696F6E206F66ED
S31580E2701C20616C6C20636F6D6D616E64730A68655A
S31580E2702C6C7020636F6D6D616E64202E2E2E0A0954
S31580E2703C2D207072696E742064657461696C656406
S31580E2704C207573616765206F662027636F6D6D614E
S31580E2705C6E642700232320546F74616C2053697A03
S31580E2706C652020202020203D20307825303878205D
S31580E2707C3D2025642042797465730A0023232053CC
S31580E2708C7769746368206261756472617465207471
S31580E2709C6F2025642062707320616E642070726545
S31580E270AC737320454E544552202E2E2E0A006C6F59
S31580E270BC61647900232320526561647920666F725C
S31580E270CC2062696E6172792028796D6F64656D29AB
S31580E270DC20646F776E6C6F616420746F20307825D4
S31580E270EC30386C58206174202564206270732E2EA1
S31580E270FC2E0A006C6F6164780023232052656164EA
S31580E2710C7920666F722062696E6172792028786D59
S31580E2711C6F64656D2920646F776E6C6F6164207421
S31580E2712C6F2030782530386C5820617420256420A5
S31580E2713C6270732E2E2E0A002323205265616479A7
S31580E2714C20666F722062696E61727920286B657235
S31580E2715C6D69742920646F776E6C6F616420746FCD
S31580E2716C2030782530386C58206174202564206272
S31580E2717C70732E2E2E0A0023232042696E61727959
S31580E2718C20286B65726D69742920646F776E6C6FDB
S31580E2719C61642061626F727465640A0023232053F2
S31580E271AC7461727420416464722020202020203D18
S31580E271BC2030782530386C580A002323205377699F
S31580E271CC74636820626175647261746520746F2081
S31580E271DC25642062707320616E64207072657373AD
S31580E271EC20455343202E2E2E0A00217370695F664A
S31580E271FC6C6173685F70726F62652829206661695B
S31580E2720C6C6564006364683A25732C206C696E65E0
S31580E2721C3A25640A00217370695F666C6173685FF4
S31580E2722C726561642829206661696C6564007361A4
S31580E2723C7665656E763B72657365743B00202020BD
S31580E2724C202D2073662065726173652075626F6F7F
S31580E2725C7420656E76006C6F61642062696E617211
S31580E2726C792066696C65206F7665722073657269C2
S31580E2727C616C206C696E652028796D6F64656D2012
S31580E2728C6D6F646529005B206F6666205D205B20EE
S31580E2729C62617564205D0A202020202D206C6F614E
S31580E272AC642062696E6172792066696C65206F769C
S31580E272BC65722073657269616C206C696E65207784
S31580E272CC697468206F666673657420276F666627B5
S31580E272DC20616E64206261756472617465202762D6
S31580E272EC61756427006C6F61642062696E61727984
S31580E272FC2066696C65206F7665722073657269614A
S31580E2730C6C206C696E652028786D6F64656D206D76
S31580E2731C6F646529006C6F616462006C6F616420D6
S31580E2732C62696E6172792066696C65206F766572C8
S31580E2733C2073657269616C206C696E6520286B6559
S31580E2734C726D6974206D6F64652900426173652084
S31580E2735C416464726573733A2030782530386C7880
S31580E2736C0A002A2A204572722025732C20616464D5
S31580E2737C72657373206265796F6E642075626F6F66
S31580E2738C742072616E6765202A2A0A0062797465B6
S31580E2739C0068616C66776F72640025732061742075
S31580E273AC30782530386C7820282523302A6C782959
S31580E273BC20213D2025732061742030782530386C6D
S31580E273CC7820282523302A6C78290A00546F746138
S31580E273DC6C206F6620256C642025732873292077B0
S31580E273EC657265207468652073616D650A005A65FD
S31580E273FC726F206C656E677468203F3F3F0A00436C
S31580E2740C6F707920746F20466C6173682E2E2E20F5
S31580E2741C00435243333220666F72202530386C78C3
S31580E2742C202E2E2E202530386C78203D3D3E202590
S31580E2743C30386C780A002530386C783A0020253062
S31580E2744C38780020253034780020253032780020B8
S31580E2745C3F20006C6F6F7000696E66696E69746549
S31580E2746C206C6F6F70206F6E2061646472657373CB
S31580E2747C2072616E6765005B2E622C202E772C2043
S31580E2748C2E6C5D2061646472657373206E756D62B9
S31580E2749C65725F6F665F6F626A6563747300626161
S31580E274AC7365007072696E74206F722073657420D6
S31580E274BC61646472657373206F6666736574000AC1
S31580E274CC202020202D207072696E74206164647293
S31580E274DC657373206F666673657420666F72206D52
S31580E274EC656D6F727920636F6D6D616E64730A621E
S31580E274FC617365206F66660A202020202D207365D5
S31580E2750C742061646472657373206F6666736574E6
S31580E2751C20666F72206D656D6F727920636F6D6D0B
S31580E2752C616E647320746F20276F666627006372C0
S31580E2753C63333200636865636B73756D2063616C6C
S31580E2754C63756C6174696F6E006164647265737382
S31580E2755C20636F756E74205B616464725D0A2020B1
S31580E2756C20202D20636F6D707574652043524333F2
S31580E2757C3220636865636B73756D205B73617665C8
S31580E2758C20617420616464725D00636D70006D6568
S31580E2759C6D6F727920636F6D70617265005B2E62BE
S31580E275AC2C202E772C202E6C5D2061646472312027
S31580E275BC616464723220636F756E74006370006D01
S31580E275CC656D6F727920636F7079005B2E622C2009
S31580E275DC2E772C202E6C5D20736F7572636520740A
S31580E275EC617267657420636F756E74006D77006D7A
S31580E275FC656D6F7279207772697465202866696C1D
S31580E2760C6C29005B2E622C202E772C202E6C5D2032
S31580E2761C616464726573732076616C7565205B63F5
S31580E2762C6F756E745D006E6D006D656D6F7279202F
S31580E2763C6D6F646966792028636F6E7374616E749C
S31580E2764C206164647265737329005B2E622C202E32
S31580E2765C772C202E6C5D2061646472657373006D89
S31580E2766C6D006D656D6F7279206D6F6469667920D8
S31580E2767C286175746F2D696E6372656D656E74695A
S31580E2768C6E67206164647265737329006D656D6FD4
S31580E2769C727920646973706C6179005B2E622C203E
S31580E276AC2E772C202E6C5D20616464726573732058
S31580E276BC5B23206F66206F626A656374735D004F2D
S31580E276CC4B004552524F52004E6F204D4D43206433
S31580E276DC657669636520617661696C61626C650A5F
S31580E276EC0072657363616E006E6F206D6D632064EC
S31580E276FC657669636520617420736C6F7420257876
S31580E2770C0A00676574206D6D6320747970652065F7
S31580E2771C72726F72210A00646576002370617274EC
S31580E2772C5F6E756D2073686F756C646E27742062FC
S31580E2773C65206C6172676572207468616E2025645F
S31580E2774C0A004361726420646F65736E27742073DA
S31580E2775C7570706F727420706172745F737769740E
S31580E2776C63680A0073776974636820746F2070614A
S31580E2777C72746974696F6E73202325642C20257369
S31580E2778C0A006D6D63256420697320637572726578
S31580E2779C6E74206465766963650A006D6D63256433
S31580E277AC287061727420256429206973206375724E
S31580E277BC72656E74206465766963650A00726561CA
S31580E277CC64007772697465006572617365000A4D4F
S31580E277DC4D432025733A2064657620232025642C3C
S31580E277EC20626C6F636B20232025642C20636F757B
S31580E277FC6E74202564202E2E2E20004572726F72B6
S31580E2780C3A206361726420697320777269746520A9
S31580E2781C70726F746563746564210A0025642062F4
S31580E2782C6C6F636B732025733A2025730A004D4D7A
S31580E2783C4300596573004E6F006364683A4D4D435D
S31580E2784C2064657669636520617661696C61626CD8
S31580E2785C653A637572725F6465766963653D2564C4
S31580E2786C0A0066696E64204D4D43206465766963D1
S31580E2787C6520617661696C61626C650A0044657645
S31580E2788C6963653A2025730A004D616E756661639C
S31580E2789C74757265722049443A2025780A004F4500
S31580E278AC4D3A2025780A004E616D653A202563258E
S31580E278BC63256325632563200A005472616E205327
S31580E278CC706565643A2025640A00526420426C6FC6
S31580E278DC636B204C656E3A2025640A00257320760C
S31580E278EC657273696F6E2025642E25640A00486979
S31580E278FC67682043617061636974793A2025730AFB
S31580E2790C0043617061636974793A20004275732031
S31580E2791C57696474683A2025642D6269740A004D4D
S31580E2792C4D43207375622073797374656D0072654D
S31580E2793C6164206164647220626C6B2320636E7472
S31580E2794C0A6D6D6320777269746520616464722056
S31580E2795C626C6B2320636E740A6D6D632065726153
S31580E2796C736520626C6B2320636E740A6D6D632083
S31580E2797C72657363616E0A6D6D63207061727420D9
S31580E2798C2D206C6973747320617661696C61626CAB
S31580E2799C6520706172746974696F6E206F6E206394
S31580E279AC757272656E74206D6D632064657669633B
S31580E279BC650A6D6D6320646576205B6465765D2011
S31580E279CC5B706172745D202D2073686F77206F72A5
S31580E279DC207365742063757272656E74206D6D6347
S31580E279EC20646576696365205B706172746974691B
S31580E279FC6F6E5D0A6D6D63206C697374202D206CDD
S31580E27A0C6973747320617661696C61626C652064FA
S31580E27A1C6576696365730A006D6D63696E666F0080
S31580E27A2C646973706C6179204D4D4320696E666F23
S31580E27A3C002D20646973706C617920696E666F20A3
S31580E27A4C6F66207468652063757272656E74204DFC
S31580E27A5C4D432064657669636500256C6C756700B9
S31580E27A6C256C6C756D00256C6C756B00256C6C7574
S31580E27A7C006E6F72006F6E656E616E6400257325A3
S31580E27A8C6400446576696365202573206E6F742085
S31580E27A9C666F756E64210A0025733A206F6666738B
S31580E27AAC6574202530386C6C78206265796F6E64EB
S31580E27ABC20666C6173682073697A65202530386C30
S31580E27ACC6C780A00257325643A2070617274697445
S31580E27ADC696F6E20282573292073697A6520746F05
S31580E27AEC6F206269670A0025733A20706172746945
S31580E27AFC74696F6E696E67206578636565647320F9
S31580E27B0C666C6173682073697A650A0025732564ED
S31580E27B1C3A20706172746974696F6E2028257329B4
S31580E27B2C207374617274206F6666736574616C69B6
S31580E27B3C676E6D656E7420696E636F72726563745F
S31580E27B4C0A00257325643A20706172746974696FD0
S31580E27B5C6E20282573292073697A6520616C6967A2
S31580E27B6C6E6D656E7420696E636F72726563740A8C
S31580E27B7C00257325643A20706172746974696F6E3C
S31580E27B8C2028257329207374617274206F6666735C
S31580E27B9C657420616C69676E6D656E7420696E635F
S31580E27BAC6F72726563740A00696E636F7272656373
S31580E27BBC7420646576696365207479706520696E74
S31580E27BCC2025730A00696E636F7272656374206432
S31580E27BDC6576696365206E756D62657220696E2065
S31580E27BEC25730A00696E76616C69642070617274C1
S31580E27BFC6974696F6E206E756D626572202564207C
S31580E27C0C666F7220646576696365202573256420C8
S31580E27C1C282573290A006E6F207061727469746903
S31580E27C2C6F6E206E756D62657220737065636966C0
S31580E27C3C6965640A00756E6578706563746564203F
S31580E27C4C747261696C696E67206368617261637470
S31580E27C5C657220272563270A006E6F207375636829
S31580E27C6C2064657669636520257325640A006E6FE8
S31580E27C7C207375636820706172746974696F6E0AB9
S31580E27C8C006D74646465766E756D006D746464659E
S31580E27C9C766E616D6500257325642C2564006361BF
S31580E27CAC6E6E6F7420616464207365636F6E64209C
S31580E27CBC706172746974696F6E206174206F666626
S31580E27CCC73657420300A00706172746974696F6EC0
S31580E27CDC2073697A6520746F6F20736D616C6C208A
S31580E27CEC28256C6C78290A006E6F20636C6F736939
S31580E27CFC6E67202920666F756E6420696E207061CE
S31580E27D0C72746974696F6E206E616D650A00656D59
S31580E27D1C70747920706172746974696F6E206E61A9
S31580E27D2C6D650A00726F006E6F2070617274697491
S31580E27D3C696F6E7320616C6C6F77656420616674B3
S31580E27D4C657220612066696C6C2D7570207061722B
S31580E27D5C746974696F6E0A00756E657870656374A2
S31580E27D6C656420636861726163746572202725633A
S31580E27D7C272061742074686520656E64206F6620A6
S31580E27D8C706172746974696F6E0A006F7574206FB4
S31580E27D9C66206D656D6F72790A0030782530386CA5
S31580E27DAC6C784030782530386C6C78004B45524E86
S31580E27DBC454C006B65726E656C5F6F666673657457
S31580E27DCC006B65726E656C5F73697A6500445442CA
S31580E27DDC006474625F6F6666736574006474625F76
S31580E27DEC73697A65006E6F20706172746974696FFB
S31580E27DFC6E7320666F72206465766963652025737F
S31580E27E0C256420282573290A00756E65787065636A
S31580E27E1C7465642063686172616374657220272578
S31580E27E2C63272061742074686520656E64206F66B2
S31580E27E3C206465766963650A00696E76616C69644D
S31580E27E4C206D7464206465766963652027252E2A05
S31580E27E5C73270A006E6F72303D737069302E300074
S31580E27E6C6D7464696473006364683A25732C206369
S31580E27E7C757272656E745F706172746974696F6EB5
S31580E27E8C20210A006D746469647320746F6F206CB0
S31580E27E9C6F6E6720283E202564290A006D74647013
S31580E27EAC61727473207661726961626C65206E6F41
S31580E27EBC74207365742C20736565202768656C70F5
S31580E27ECC206D74647061727473270A006D746470C9
S31580E27EDC6172747320746F6F206C6F6E6720283EAC
S31580E27EEC202564290A006D74646964733A20696E8C
S31580E27EFC636F7272656374203C6465762D6E756D04
S31580E27F0C3E0A006D74646964733A206E6F203C6D30
S31580E27F1C74642D69643E206964656E74696669650C
S31580E27F2C720A006465766963652069642025732527
S31580E27F3C64207265646566696E65642C20706C6516
S31580E27F4C61736520636F7272656374206D746469A4
S31580E27F5C6473207661726961626C650A00636F751F
S31580E27F6C6C64206E6F7420696E697469616C697376
S31580E27F7C6520646576696365206C6973740A006D45
S31580E27F8C74647061727473207661726961626C6515
S31580E27F9C20646F65736E27742073746172742077B4
S31580E27FAC69746820276D746470617274733D270AF4
S31580E27FBC0064657669636520257325642072656441
S31580E27FCC6566696E65642C20706C65617365206389
S31580E27FDC6F7272656374206D7464706172747320EF
S31580E27FEC7661726961626C650A006D746470617245
S31580E27FFC74735F696E69743A206E6F2076616C6910
S31580E2800C6420706172746974696F6E730A006E6F44
S31580E2801C20706172746974696F6E20696420737002
S31580E2802C656369666965640A00706172746974690C
S31580E2803C6F6E206368616E67656420746F2025734A
S31580E2804C25642C25640A0064656661756C7400642B
S31580E2805C656C616C6C000A64657669636520257370
S31580E2806C2564203C25733E2C202320706172747328
S31580E2807C203D2025640A0020233A206E616D650935
S31580E2808C0973697A6509096F666673657409096DA0
S31580E2809C61736B5F666C6167730A002532643A20A2
S31580E280AC252D32307330782530386C6C78093078FF
S31580E280BC2530386C6C780925640A006E6F20706105
S31580E280CC72746974696F6E7320646566696E6564D1
S31580E280DC0A000A61637469766520706172746974E8
S31580E280EC696F6E3A20257325642C2564202D202811
S31580E280FC2573292030782530386C6C7820402030F6
S31580E2810C782530386C6C780A00636F756C64206EF7
S31580E2811C6F74206765742063757272656E742070F5
S31580E2812C6172746974696F6E20696E666F0A0A0091
S31580E2813C61646400746F6F206C6F6E67207061721D
S31580E2814C746974696F6E206465736372697074693D
S31580E2815C6F6E0A0025733A257328257329257300D9
S31580E2816C67656E657261746564206D746470617244
S31580E2817C747320746F6F206C6F6E672C20726573CC
S31580E2818C657474696E6720746F206E756C6C0A0008
S31580E2819C64656C0064656C6574655F706172746944
S31580E281AC74696F6E3A20646576696365203D202535
S31580E281BC7325642C20706172746974696F6E2025E4
S31580E281CC64203D20282573292030782530386C6C44
S31580E281DC784030782530386C6C780A006375727228
S31580E281EC656E7420706172746974696F6E206465F1
S31580E281FC6C657465642C20726573657474696E67DC
S31580E2820C2063757272656E7420746F20300A00700A
S31580E2821C6172746974696F6E202573206E6F742037
S31580E2822C666F756E640A006E6F2073756368206480
S31580E2823C657669636520257320646566696E656417
S31580E2824C20696E206D7464696473207661726961EB
S31580E2825C626C650A00646566696E6520666C61733C
S31580E2826C682F6E616E6420706172746974696F6E68
S31580E2827C7300636870617274006368616E6765200F
S31580E2828C61637469766520706172746974696F6E04
S31580E2829C00706172742D69640A202020202D20637F
S31580E282AC68616E6765206163746976652070617258
S31580E282BC746974696F6E2028652E672E20706172E0
S31580E282CC742D6964203D206E616E64302C312900F8
S31580E282DC676174657761796970006E65746D6173D7
S31580E282EC6B00686F73746E616D6500726F6F74701C
S31580E282FC6174680069706164647200736572766534
S31580E2830C72697000646E73697000646F6D61696E18
S31580E2831C0070696E67206661696C65643B20686F84
S31580E2832C7374202573206973206E6F7420616C6977
S31580E2833C76650A00686F73742025732069732061F1
S31580E2834C6C6976650A0070696E670073656E642087
S31580E2835C49434D50204543484F5F5245515545530D
S31580E2836C5420746F206E6574776F726B20686F73AE
S31580E2837C740070696E6741646472657373007466C7
S31580E2838C7470626F6F7400626F6F7420696D61676F
S31580E2839C6520766961206E6574776F726B20757372
S31580E283AC696E6720544654502070726F746F636F97
S31580E283BC6C005B6C6F6164416464726573735D209F
S31580E283CC5B5B686F73744950616464723A5D626F29
S31580E283DC6F7466696C656E616D655D00626F6F74F4
S31580E283EC7000626F6F7420696D6167652076696172
S31580E283FC206E6574776F726B207573696E67204237
S31580E2840C4F4F54502F544654502070726F746F6392
S31580E2841C6F6C0025733D25730A0023232045727207
S31580E2842C6F723A2063616E6E6F74206578706F72CC
S31580E2843C7420656E7669726F6E6D656E740A000A6B
S31580E2844C456E7669726F6E6D656E742073697A6548
S31580E2845C3A2025642F256C642062797465730A0050
S31580E2846C2323204572726F723A2022257322206E64
S31580E2847C6F7420646566696E65640A0023232057EF
S31580E2848C61726E696E673A2064656661756C746951
S31580E2849C6E6720746F207465787420666F726D6176
S31580E284AC740A00232320496E666F3A20696E7075D2
S31580E284BC7420646174612073697A65203D20257A23
S31580E284CC75203D203078257A580A00232320457280
S31580E284DC726F723A20626164204352432C20696D3A
S31580E284EC706F7274206661696C65640A00455252DB
S31580E284FC4F523A20456E7669726F6E6D656E742058
S31580E2850C696D706F7274206661696C65643A206518
S31580E2851C72726E6F203D2025640A0A61742025737F
S31580E2852C3A25642F257328290A00636D645F6E767B
S31580E2853C656469742E630023232025733A206F6E5B
S31580E2854C6C79206F6E65206F6620222D62222C203C
S31580E2855C222D6322206F7220222D742220616C6C74
S31580E2856C6F7765640A002323205761726E696E67A2
S31580E2857C3A20496E70757420646174612065786303
S31580E2858C65656473202564206279746573202D2079
S31580E2859C7472756E63617465640A00232320526576
S31580E285AC73657474696E6720746F20646566617531
S31580E285BC6C7420656E7669726F6E6D656E740A0088
S31580E285CC2323204572726F723A20696C6C656761FF
S31580E285DC6C2063686172616374657220273D2769DA
S31580E285EC6E207661726961626C65206E616D652062
S31580E285FC222573220A0023232043616E2774206D81
S31580E2860C616C6C6F632025642062797465730A00F1
S31580E2861C2323204572726F7220696E736572746958
S31580E2862C6E672022257322207661726961626C659F
S31580E2863C2C206572726E6F3D25640A0073657465D3
S31580E2864C6E7600256C78004552524F523A20436141
S31580E2865C6E6E6F74206578706F727420656E766953
S31580E2866C726F6E6D656E743A206572726E6F203DB6
S31580E2867C2025640A0A61742025733A25642F2573B2
S31580E2868C28290A00257A5800656E765F627566201F
S31580E2869C5B25642062797465735D20746F6F2073D9
S31580E286AC6D616C6C20666F722076616C7565206F7D
S31580E286BC6620222573220A0072756E0072756E2010
S31580E286CC636F6D6D616E647320696E20616E206579
S31580E286DC6E7669726F6E6D656E74207661726961A3
S31580E286EC626C6500766172205B2E2E2E5D0A2020EE
S31580E286FC20202D2072756E2074686520636F6D6DF7
S31580E2870C616E647320696E2074686520656E766925
S31580E2871C726F6E6D656E74207661726961626C657C
S31580E2872C2873292027766172270073657420656E1B
S31580E2873C7669726F6E6D656E74207661726961624E
S31580E2874C6C6573005B2D665D206E616D652076616E
S31580E2875C6C7565202E2E2E0A202020202D205B661D
S31580E2876C6F726369626C795D2073657420656E766F
S31580E2877C69726F6E6D656E74207661726961626C18
S31580E2878C6520276E616D652720746F202776616C74
S31580E2879C7565202E2E2E270A736574656E76205BA0
S31580E287AC2D665D206E616D650A202020202D205B72
S31580E287BC666F726369626C795D2064656C657465FB
S31580E287CC20656E7669726F6E6D656E7420766172F7
S31580E287DC6961626C6520276E616D652700707269CE
S31580E287EC6E74656E76007072696E7420656E7669EB
S31580E287FC726F6E6D656E74207661726961626C659C
S31580E2880C73005B2D615D0A202020202D2070726919
S31580E2881C6E74205B616C6C5D2076616C7565732021
S31580E2882C6F6620616C6C20656E7669726F6E6D65B3
S31580E2883C6E74207661726961626C65730A707269B4
S31580E2884C6E74656E76206E616D65202E2E2E0A20F4
S31580E2885C2020202D207072696E742076616C75658D
S31580E2886C206F6620656E7669726F6E6D656E7420AA
S31580E2887C7661726961626C6520276E616D6527002F
S31580E2888C656E7669726F6E6D656E742068616E6404
S31580E2889C6C696E6720636F6D6D616E64730064657F
S31580E288AC6C657465006578706F727400696D706F53
S31580E288BC7274007072696E740073617665007361AE
S31580E288CC7665656E76007361766520656E7669721D
S31580E288DC6F6E6D656E74207661726961626C6573BA
S31580E288EC20746F2070657273697374656E7420730D
S31580E288FC746F72616765005B25733A25645D2066E9
S31580E2890C61696C65640A005B25735D2025642025AC
S31580E2891C64200A0070726F67726573735F7769643D
S31580E2892C7468203D2025642077203D2025642077BD
S31580E2893C6569676874733D25642C746F74616C2009
S31580E2894C3D2025640A0048414C4C5F4D41434849E1
S31580E2895C4E454F530073645F7570726164655F69EF
S31580E2896C6D61676500307834303030005B25733A60
S31580E2897C25645D6E6F742066696E642075707261B3
S31580E2898C64652066696C65206E616D653A25730A4D
S31580E2899C006C6F61642066696C65206661696C65E2
S31580E289AC64203A25730A00233C75706772616465AC
S31580E289BC5F62696E5F76657273696F6E3D0066693A
S31580E289CC6C65206572726F723A25730A00757072E5
S31580E289DC6164655F696D6167655F76657273696FA0
S31580E289EC6E002D2D2D2D2D2D3E3E3E7570676172BE
S31580E289FC64652076657273696F6E3A2573202D2DC8
S31580E28A0C2D2D2D2D3E3E3E637572207665727369F1
S31580E28A1C6F6E3A25730A0066696C652076657273A9
S31580E28A2C696F6E203A25730A0030783130303030F7
S31580E28A3C3030000A23203C2D2074686973206973D8
S31580E28A4C20656E64206F6620696D61676520706152
S31580E28A5C727474696F6E0A00746162615F68616CCC
S31580E28A6C6C5F6D616368696E652E72676200253034
S31580E28A7C78005B25733A25645D2073645F75706755
S31580E28A8C726164655F66696C655F706172747469E4
S31580E28A9C6F6E73206661696C65640A006C63646CE4
S31580E28AAC6F6164616464720046425F424153453A47
S31580E28ABC2030782530386C580A0073662070726FD5
S31580E28ACC6265005B25733A25645D2025733A2069DD
S31580E28ADC6D67652066696C652073697A652825649D
S31580E28AEC29203E20656E7620706172746974696F96
S31580E28AFC6E73282564290A000A45726173653A25E4
S31580E28B0C73206164647265733A25642C7061727445
S31580E28B1C6974696F6E2073697A653A256420696D2A
S31580E28B2C6167652066696C652073697A653A256446
S31580E28B3C0A00736620657261736520307825782029
S31580E28B4C3078257800736620777269746520307880
S31580E28B5C257820307825782030782578000A70615F
S31580E28B6C727474696F6E207570646174652066695F
S31580E28B7C6E6973680A00E69BB4E696B0E5AE8CE65F
S31580E28B8C8890EFBC8CE5B086E59CA82564E7A79235
S31580E28B9CE5908EE9878DE590AF2E2E2E0A00696DD3
S31580E28BAC676167653A25732025642025640A00642B
S31580E28BBC6174612E6A6666733200747579612E6AA7
S31580E28BCC66667332006170702E73717368340075E9
S31580E28BDC73722E737173683400636F6E6669672E77
S31580E28BEC6A6666733200726F6F742E737173683451
S31580E28BFC0075496D616765004556425F4342445252
S31580E28C0C5F414B33373630455F56312E302E312E1F
S31580E28C1C64746200656E765F616B33373630655F9E
S31580E28C2C6E6F722E696D6700752D626F6F742E6230
S31580E28C3C696E0073645F75706772616465007570E6
S31580E28C4C67726164652066696C652066726F6D20F9
S31580E28C5C6120646F732066696C6573797374656D74
S31580E28C6C004661696C656420746F20696E6974690B
S31580E28C7C616C697A652053504920666C6173682011
S31580E28C8C61742025753A25750A0025642025733A88
S31580E28C9C202564207469636B732C202564204B69D0
S31580E28CAC422F732025642E25303364204D627073F7
S31580E28CBC0A005772697474656E0052656164004E7F
S31580E28CCC6F2053504920666C6173682073656C65BE
S31580E28CDC637465642E20506C656173652072756E63
S31580E28CEC206073662070726F6265270A0075706405
S31580E28CFC617465004661696C656420746F206D6190
S31580E28D0C7020706879736963616C206D656D6F72C2
S31580E28D1C790A006572726F723A2075706461746555
S31580E28D2C206C656E206D6F7265207468616E207042
S31580E28D3C6172746974696F6E2073697A650A0073FD
S31580E28D4C70696E616E645F726561645F7061727424
S31580E28D5C6974696F6E206661696C2C206F666673C6
S31580E28D6C65743A307825782C2070617274697469EE
S31580E28D7C6F6E5F73697A653A25640D0A0065726176
S31580E28D8C736520706172742073656374696F6E208B
S31580E28D9C6F66667365743A307825782C20706172CA
S31580E28DAC746974696F6E5F73697A653A25642C208F
S31580E28DBC6661696C65640A006572617365207061CF
S31580E28DCC72746974696F6E2073697A65206F6B0D44
S31580E28DDC0A000A53463A20257A75206279746573BD
S31580E28DEC2040202523782025733A2025730A0045D6
S31580E28DFC52524F523A20617474656D7074696E6723
S31580E28E0C202573207061737420666C61736820739D
S31580E28E1C697A652028252378290A0053463A202543
S31580E28E2C7A752062797465732040202523782045F3
S31580E28E3C72617365643A2025730A0043616E6E6FC4
S31580E28E4C7420616C6C6F63617465206D656D6F7295
S31580E28E5C790A0053504920666C6173682074657395
S31580E28E6C743A0A0074657374204572617365206680
S31580E28E7C61696C65640A007465737420457261730A
S31580E28E8C65204F4B0A007465737420436865636B87
S31580E28E9C2072656164206661696C65640A0074653A
S31580E28EAC737420436865636B2072656164204F4BF3
S31580E28EBC0A00436865636B206661696C6564206150
S31580E28ECC742025640A007465737420457261736537
S31580E28EDC20436865636B2072656164204F4B0A00A0
S31580E28EEC74657374205772697465206661696C6502
S31580E28EFC640A0074657374205772697465204F4BEB
S31580E28F0C0A0074657374206261636B2052656164D6
S31580E28F1C206661696C65640A0074657374206261AB
S31580E28F2C636B2052656164204F4B0A005665726909
S31580E28F3C6679206661696C65642061742025642C8F
S31580E28F4C20676F6F6420646174613A0A00426164DF
S31580E28F5C20646174613A0A002323233D3D3D5465C6
S31580E28F6C7374207061737365643D3D3D2323230ADC
S31580E28F7C002323233D3D3D54657374206661696C01
S31580E28F8C65643D3D3D2323230A0073660073706955
S31580E28F9C20666C617368207375622D737973746560
S31580E28FAC6D3A0070726F6265205B5B6275733A5DD7
S31580E28FBC63735D205B687A5D205B6D6F64655D09CA
S31580E28FCC2D20696E697420666C617368206465769F
S31580E28FDC696365206F6E20676976656E20535049AA
S31580E28FEC206275730A090909092020616E6420637F
S31580E28FFC6869702073656C6563740A736620726542
S31580E2900C61642061646472206F6666736574206C39
S31580E2901C656E092D207265616420606C656E272011
S31580E2902C6279746573207374617274696E67206198
S31580E2903C740A090909092020606F666673657427CC
S31580E2904C20746F206D656D6F72792061742060611A
S31580E2905C646472270A736620777269746520616428
S31580E2906C6472206F6666736574206C656E092D205A
S31580E2907C777269746520606C656E27206279746597
S31580E2908C732066726F6D206D656D6F72790A090950
S31580E2909C0909202061742060616464722720746FF0
S31580E290AC20666C61736820617420606F6666736596
S31580E290BC74270A7366206572617365206F666673C0
S31580E290CC6574205B2B5D6C656E09092D206572617A
S31580E290DC736520606C656E27206279746573206691
S31580E290EC726F6D20606F6666736574270A0909096B
S31580E290FC092020602B6C656E2720726F756E64205A
S31580E2910C757020606C656E2720746F20626C6F635D
S31580E2911C6B2073697A650A7366207570646174650F
S31580E2912C2061646472206F6666736574206C656E0A
S31580E2913C092D20657261736520616E642077726990
S31580E2914C746520606C656E2720627974657320661F
S31580E2915C726F6D206D656D6F72790A090909092046
S31580E2916C2061742060616464722720746F20666C5F
S31580E2917C61736820617420606F6666736574270A12
S31580E2918C73662074657374206F6666736574206C7F
S31580E2919C656E09092D2072756E206120766572796D
S31580E291AC2062617369632064657374727563746932
S31580E291BC766520746573740073706920636D6420C0
S31580E291CC2523782073656E64206661696C65640A12
S31580E291DC007370692072656164206A6564656320D8
S31580E291EC6964206661696C65640A00666C617368A1
S31580E291FC2069643A307825303278253032782530D9
S31580E2920C32780A006A6564656320696420636865FE
S31580E2921C636B206661696C65640A0073706920729F
S31580E2922C65616420756E6971756520696420666115
S31580E2923C696C65640A002D2D2D2D2D2D2D2D2D2D50
S31580E2924C2D2D2D2D3E3E3E3E3E3E3E3E3E3E3E3E0E
S31580E2925C3E3E3E3E3E3E7575696420636865636B51
S31580E2926C206661696C0A00546865206368697020BF
S31580E2927C616E64206669726D776172652061726572
S31580E2928C206C65676974696D61746520616E6420B2
S31580E2929C77696C6C2070726F6365656420746F207D
S31580E292AC746865206E6578742073746570206F6659
S31580E292BC206F7065726174696F6E2E0A002B383678
S31580E292CC3133333432353431343431007575696443
S31580E292DC5F636865636B000A25730A007072696E58
S31580E292EC74206D6F6E69746F722C20636F6D70690A
S31580E292FC6C657220616E64206C696E6B6572207629
S31580E2930C657273696F6E002573202D2025730A0AA8
S31580E2931C0055736167653A0A257320002D204E6FDE
S31580E2932C206164646974696F6E616C2068656C70C7
S31580E2933C20617661696C61626C652E0A00252D2A44
S31580E2934C732D2025730A00556E6B6E6F776E2063D4
S31580E2935C6F6D6D616E642027257327202D207472C4
S31580E2936C79202768656C702720776974686F7574C5
S31580E2937C20617267756D656E747320666F72206C90
S31580E2938C697374206F6620616C6C206B6E6F776E7E
S31580E2939C20636F6D6D616E64730A0A000A616E7981
S31580E293AC6B612400556E6B6E6F776E20636F6D6D9D
S31580E293BC616E642027257327202D207472792027ED
S31580E293CC68656C70270A00737464696E00737464E2
S31580E293DC6F75740073746465727200496E3A2020FC
S31580E293EC2020004E6F20696E7075742064657669F4
S31580E293FC63657320617661696C61626C65210A00D2
S31580E2940C4F75743A202020004E6F206F75747075FC
S31580E2941C74206465766963657320617661696C61D3
S31580E2942C626C65210A004572723A202020004E6FEA
S31580E2943C206572726F7220646576696365732061EA
S31580E2944C7661696C61626C65210A00636F6E736F1B
S31580E2945C6C65002E63616C6C6261636B733A6361FB
S31580E2946C6C6C6261636B732C2E666C6167733A66A5
S31580E2947C6C6167732C62617564726174653A626160
S31580E2948C7564726174652C626F6F7466696C653A29
S31580E2949C626F6F7466696C652C6C6F61646164640F
S31580E294AC723A6C6F6164616464722C737464696E13
S31580E294BC3A636F6E736F6C652C7374646F75743A02
S31580E294CC636F6E736F6C652C7374646572723A63D8
S31580E294DC6F6E736F6C652C002E63616C6C6261636C
S31580E294EC6B73005573696E672064656661756C741F
S31580E294FC20656E7669726F6E6D656E740A00656E46
S31580E2950C765F636F6D6D6F6E2E630072656164203C
S31580E2951C656E76626B20646174610A007265616461
S31580E2952C20656E76626B2064617461206661696C1B
S31580E2953C0A00777269746520656E76626B20646167
S31580E2954C746120746F20656E760A006572726F7232
S31580E2955C3A657261736520656E76207061727469A4
S31580E2956C74696F6E206661696C2C20675F636F6EBF
S31580E2957C6669675F656E765F73697A653A25642C90
S31580E2958C202564006572726F723A7772697465200F
S31580E2959C656E7620706172746974696F6E2066612D
S31580E295AC696C2C20675F636F6E6669675F656E7642
S31580E295BC5F73697A653A25642C2025640075736538
S31580E295CC2064656675616C7420656E760A0021622C
S31580E295DC616420435243006364683A25732C2021EC
S31580E295EC68696D706F72745F722045525220656E37
S31580E295FC765F68746162210A004552524F523A2074
S31580E2960C43616E6E6F7420696D706F727420656ED5
S31580E2961C7669726F6E6D656E743A206572726E6F74
S31580E2962C203D2025640A0A61742025733A25642F2D
S31580E2963C257328290A0021696D706F727420666120
S31580E2964C696C656400657468616464723A6D6F2CEA
S31580E2965C73657269616C233A736F2C0023232057EE
S31580E2966C61726E696E673A20556E6B6E6F776E209D
S31580E2967C656E7669726F6E6D656E742076617269EF
S31580E2968C61626C65207479706520272563270A00F0
S31580E2969C2323205761726E696E673A20556E6B6E24
S31580E296AC6F776E20656E7669726F6E6D656E7420FD
S31580E296BC7661726961626C6520616363657373203E
S31580E296CC6D6574686F6420272563270A002E666CA5
S31580E296DC616773002323204572726F723A20666C3F
S31580E296EC616773207479706520636865636B206645
S31580E296FC61696C75726520666F72202225732220F1
S31580E2970C3C3D20222573222028747970653A2025E7
S31580E2971C63290A002323204572726F723A204361D1
S31580E2972C6E27742064656C65746520222573220A23
S31580E2973C002323204572726F723A2043616E27743E
S31580E2974C206F766572777269746520222573220A98
S31580E2975C006F6C6476616C3A2025732020646566B2
S31580E2976C76616C3A2025730A002323204572726F48
S31580E2977C723A2043616E2774206372656174652048
S31580E2978C222573220A00656E765F73662E63004528
S31580E2979C52524F523A205361766520656E766972E3
S31580E297AC6F6E6D656E74206265796F6E642064652A
S31580E297BC66696E6520454E562053495A453A206570
S31580E297CC72726E6F203D2025640A0A6174202573BD
S31580E297DC3A25642F257328290A0057726974696EB3
S31580E297EC6720746F2053504920666C6173682E2E05
S31580E297FC2E0053504920466C617368002361646481
S31580E2980C726573732D63656C6C73002373697A6509
S31580E2981C2D63656C6C73002F63686F73656E00667F
S31580E2982C64745F696E697472643A2025730A006C9B
S31580E2983C696E75782C696E697472642D7374617253
S31580E2984C74005741524E494E473A20636F756C64A9
S31580E2985C206E6F7420736574206C696E75782C69D2
S31580E2986C6E697472642D73746172742025732E0A18
S31580E2987C006C696E75782C696E697472642D656E8E
S31580E2988C64005741524E494E473A20636F756C6479
S31580E2989C206E6F7420736574206C696E75782C6992
S31580E298AC6E697472642D656E642025732E0A006669
S31580E298BC64745F63686F73656E3A2025730A00572A
S31580E298CC41524E494E473A20636F756C64206E6FF7
S31580E298DC7420637265617465202F63686F73656E3D
S31580E298EC2025732E0A005741524E494E473A206341
S31580E298FC6F756C64206E6F742073657420626F6F03
S31580E2990C74617267732025732E0A00556E61626CE0
S31580E2991C6520746F207570646174652070726F70E7
S31580E2992C657274792025733A25732C206572723DA3
S31580E2993C25730A0025733A206E756D2062616E6B13
S31580E2994C732025642065786365656473206861722B
S31580E2995C64636F646564206C696D69742025642E1A
S31580E2996C205265636F6D70696C65207769746820C7
S31580E2997C686967686572204D454D4F52595F424121
S31580E2998C4E4B535F4D41583F0A002F6D656D6F729A
S31580E2999C79005741524E494E473A20636F756C6453
S31580E299AC206E6F7420637265617465202F6D656DB0
S31580E299BC6F72793A2025732E0A006465766963653F
S31580E299CC5F74797065005741524E494E473A20632F
S31580E299DC6F756C64206E6F742073657420257320AA
S31580E299EC25732E0A00726567002F616C6961736557
S31580E299FC7300657468616464720065746865726E1E
S31580E29A0C6574256400657468256461646472006CAF
S31580E29A1C6F63616C2D6D61632D61646472657373C2
S31580E29A2C0025733A204261642063656C6C20636F17
S31580E29A3C756E7420666F722025730A0072616E678A
S31580E29A4C6573006C696E75782C7068616E646C6592
S31580E29A5C0043616E277420736574207068616E644E
S31580E29A6C6C652025753A2025730A006F6B61790047
S31580E29A7C7374617475730064697361626C65640096
S31580E29A8C6661696C006661696C2D256400496E7647
S31580E29A9C616C696420666474207374617475733A5C
S31580E29AAC2025780A00656469640043616E27742018
S31580E29ABC6164642070726F70657274793A20257372
S31580E29ACC0A0043616E277420696E63726561736501
S31580E29ADC20626C6F622073697A653A2025730A007C
S31580E29AEC5761726E696E673A206465766963652042
S31580E29AFC7472656520616C696173202725732720F2
S31580E29B0C706F696E747320746F20696E76616C699E
S31580E29B1C64206E6F64652025732E0A005761726E1F
S31580E29B2C696E673A206465766963652074726565E9
S31580E29B3C206E6F6465202725732720686173206EFB
S31580E29B4C6F20616464726573732E0A005761726E5C
S31580E29B5C696E673A20552D426F6F7420636F6E661D
S31580E29B6C69677572656420646576696365202573B9
S31580E29B7C206174206164647265737320256C6C78E1
S31580E29B8C2C0A206275742074686520646576696334
S31580E29B9C65207472656520686173206974206164DE
S31580E29BAC647265737320256C6C782E0A0054696D29
S31580E29BBC656F75742077726974696E6720746F202D
S31580E29BCC466C6173680A00466C617368206E6F74CA
S31580E29BDC204572617365640A0043616E277420774F
S31580E29BEC7269746520746F2070726F7465637465C4
S31580E29BFC6420466C61736820736563746F72730A52
S31580E29C0C004F75747369646520617661696C616213
S31580E29C1C6C6520466C6173680A00537461727420B9
S31580E29C2C616E642F6F7220656E6420616464726506
S31580E29C3C7373206E6F74206F6E20736563746F72AC
S31580E29C4C20626F756E646172790A00556E6B6E6F07
S31580E29C5C776E2056656E646F72206F6620466C61F5
S31580E29C6C73680A00556E6B6E6F776E2054797065E9
S31580E29C7C206F6620466C6173680A0047656E657272
S31580E29C8C616C20466C6173682050726F6772616D8D
S31580E29C9C6D696E67204572726F720A00466C6173EB
S31580E29CAC682050726F6772616D6D696E6720416272
S31580E29CBC6F727465640A0025735B25645D20464980
S31580E29CCC584D453A2072633D25640A00666C617391
S31580E29CDC682E63004552524F523A2000202D206D59
S31580E29CEC7573742052455345542074686520626FAF
S31580E29CFC61726420746F207265636F7665722E0A68
S31580E29D0C00202020726573657276696E67206664C0
S31580E29D1C74206D656D6F727920726567696F6E3AC4
S31580E29D2C20616464723D256C6C782073697A653D3A
S31580E29D3C256C6C780A00696D616765206973206EA3
S31580E29D4C6F74206120666474006664745F68696708
S31580E29D5C68004661696C6564207573696E67206616
S31580E29D6C64745F686967682076616C756520666F76
S31580E29D7C7220446576696365205472656500646514
S31580E29D8C766963652074726565202D20616C6C6FD3
S31580E29D9C636174696F6E206572726F720A0020203D
S31580E29DAC204C6F6164696E672044657669636520D1
S31580E29DBC5472656520746F2025702C20656E642044
S31580E29DCC2570202E2E2E2000666474206D6F7665AB
S31580E29DDC206661696C656400232320466C61747429
S31580E29DEC656E656420446576696365205472656543
S31580E29DFC2066726F6D204C656761637920496D616F
S31580E29E0C6765206174202530386C780A0066647444
S31580E29E1C2068656164657220636865636B73756DD2
S31580E29E2C20696E76616C6964006664742063686529
S31580E29E3C636B73756D20696E76616C6964007549C6
S31580E29E4C6D616765206973206E6F7420612066642C
S31580E29E5C740075496D61676520697320636F6D70F7
S31580E29E6C7265737365640075496D616765206461BB
S31580E29E7C7461206973206E6F74206120666474004D
S31580E29E8C666474206F7665727772697474656E0037
S31580E29E9C2020204C6F6164696E67204644542066AC
S31580E29EAC726F6D2030782530386C7820746F203064
S31580E29EBC782530386C780A004552524F523A204413
S31580E29ECC6964206E6F742066696E64206120636DAE
S31580E29EDC646C696E6520466C617474656E6564202B
S31580E29EEC44657669636520547265650A002323208E
S31580E29EFC466C617474656E656420446576696365E7
S31580E29F0C20547265652066726F6D206D756C74690E
S31580E29F1C20636F6D706F6E656E7420496D616765D7
S31580E29F2C206174202530386C580A00202020426F3C
S31580E29F3C6F74696E67207573696E672074686520C5
S31580E29F4C66647420617420307825700A00666474C5
S31580E29F5C2073697A6520213D20696D61676520737E
S31580E29F6C697A650025732C206C696E653A25642CBA
S31580E29F7C207573652075626F6F7420626F6F746182
S31580E29F8C726773210A004552524F523A202F636808
S31580E29F9C6F73656E206E6F6465206372656174653E
S31580E29FAC206661696C656400626F6F746D5F6C6F5D
S31580E29FBC7700626F6F746D5F73697A6500626F6F3B
S31580E29FCC746D5F6D617073697A6500256420427980
S31580E29FDC746573203D2000556E6B6E6F776E204FE5
S31580E29FEC5300556E6B6E6F776E204172636869743F
S31580E29FFC65637475726500556E6B6E6F776E20490C
S31580E2A00C6D61676500556E6B6E6F776E20436F6D13
S31580E2A01C7072657373696F6E002573496D616765DE
S31580E2A02C204E616D653A202020252E2A730A002562
S31580E2A03C73496D61676520547970653A20202000FA
S31580E2A04C257320257320257320282573290A00255C
S31580E2A05C73446174612053697A653A20202020002A
S31580E2A06C25734C6F616420416464726573733A2024
S31580E2A07C253038780A002573456E74727920506FD4
S31580E2A08C696E743A2020253038780A002573436F3E
S31580E2A09C6E74656E74733A0A002573202020496DBE
S31580E2A0AC6167652025643A20002573202020204FA5
S31580E2A0BC6666736574203D2030782530386C780A74
S31580E2A0CC002D002323204C6F6164696E6720696ED4
S31580E2A0DC69742052616D6469736B2066726F6D2050
S31580E2A0EC4C656761637920496D616765206174208F
S31580E2A0FC2530386C78202E2E2E0A004E6F204C6935
S31580E2A10C6E75782025732052616D6469736B204974
S31580E2A11C6D6167650A0057726F6E672052616D6476
S31580E2A12C69736B20496D61676520466F726D6174E8
S31580E2A13C0A002323204C6F6164696E6720696E691D
S31580E2A14C742052616D6469736B2066726F6D206DDB
S31580E2A15C756C746920636F6D706F6E656E74204C6E
S31580E2A16C656761637920496D616765206174202535
S31580E2A17C30386C78202E2E2E0A00696E69747264E1
S31580E2A18C5F686967680072616D6469736B202D2004
S31580E2A19C616C6C6F636174696F6E206572726F72DB
S31580E2A1AC0A002020204C6F6164696E672052616DD3
S31580E2A1BC6469736B20746F202530386C782C20653B
S31580E2A1CC6E64202530386C78202E2E2E20006E6F11
S31580E2A1DC6E6500756E636F6D707265737365640020
S31580E2A1EC627A69703200627A69703220636F6D705E
S31580E2A1FC72657373656400677A697000677A6970F1
S31580E2A20C20636F6D70726573736564006C7A6D61D1
S31580E2A21C006C7A6D6120636F6D70726573736564C1
S31580E2A22C006C7A6F006C7A6F20636F6D70726573F7
S31580E2A23C73656400616973696D6167650044617613
S31580E2A24C696E63692041495320696D616765004691
S31580E2A25C696C6573797374656D20496D61676500A8
S31580E2A26C6669726D77617265004669726D77617245
S31580E2A27C6500666C61745F647400466C617420443C
S31580E2A28C65766963652054726565006B65726E6589
S31580E2A29C6C004B65726E656C20496D616765006B0F
S31580E2A2AC65726E656C5F6E6F6C6F6164004B657226
S31580E2A2BC6E656C20496D61676520286E6F206C6FC8
S31580E2A2CC6164696E6720646F6E6529006B7762697B
S31580E2A2DC6D616765004B69726B776F6F6420426F55
S31580E2A2EC6F7420496D61676500696D78696D616728
S31580E2A2FC6500467265657363616C6520692E4D589F
S31580E2A30C20426F6F7420496D61676500496E766194
S31580E2A31C6C696420496D616765006D756C74690062
S31580E2A32C4D756C74692D46696C6520496D616765FE
S31580E2A33C006F6D6170696D616765005449204F4DA0
S31580E2A34C41502053504C2057697468204750204323
S31580E2A35C480070626C696D6167650046726565730B
S31580E2A36C63616C652050424C20426F6F7420496D5C
S31580E2A37C6167650052414D4469736B20496D616733
S31580E2A38C65007363726970740053637269707400EA
S31580E2A39C7374616E64616C6F6E65005374616E6426
S31580E2A3AC616C6F6E652050726F6772616D0075625B
S31580E2A3BC6C696D61676500446176696E6369205587
S31580E2A3CC424C20696D616765006D7873696D616772
S31580E2A3DC6500467265657363616C65204D585320E2
S31580E2A3EC426F6F7420496D61676500496E76616C68
S31580E2A3FC6964204F53006C696E7578004C696E7592
S31580E2A40C78006E6574627364004E657442534400E0
S31580E2A41C6F736500456E6561204F534500706C61C4
S31580E2A42C6E3900506C616E2039007274656D730002
S31580E2A43C5254454D5300752D626F6F7400552D4203
S31580E2A44C6F6F7400496E76616C6964204152434841
S31580E2A45C00616C70686100416C7068610061726D5C
S31580E2A46C0041524D00496E74656C2078383600692D
S31580E2A47C6136340049413634006D36386B004D36E0
S31580E2A48C384B006D6963726F626C617A65004D69F7
S31580E2A49C63726F426C617A65006D697073004D49C7
S31580E2A4AC5053006D6970733634004D4950532036E3
S31580E2A4BC3420426974006E696F7332004E494F5391
S31580E2A4CC20494900706F776572706300506F7765CB
S31580E2A4DC7250430070706300733339300049424DD9
S31580E2A4EC205333393000537570657248007370614E
S31580E2A4FC7263005350415243007370617263363417
S31580E2A50C0053504152432036342042697400626CC7
S31580E2A51C61636B66696E00426C61636B66696E0041
S31580E2A52C6176723332004156523332006E64733343
S31580E2A53C32004E44533332006F72316B004F70658A
S31580E2A54C6E5249534320313030300073616E64620F
S31580E2A55C6F780053616E64626F780065726F723ADF
S31580E2A56C6C636420696E69742067642D3E66625FF3
S31580E2A57C62617365203D3D20300A0065726F723AE6
S31580E2A58C726561645F6C6F676F5F6461746120662C
S31580E2A59C61696C0A006C63640075626F6F74206427
S31580E2A5AC6973706C6179206C6364206C6F676F2160
S31580E2A5BC0A00636C7300636C656172207363726507
S31580E2A5CC656E00252E2A7300252A73002A2A2054CA
S31580E2A5DC6F6F206D616E79206172677320286D6171
S31580E2A5EC782E20256429202A2A0A00232320436FE9
S31580E2A5FC6D6D616E6420746F6F206C6F6E67210A6D
S31580E2A60C0076657200626F6F7464656C6179006264
S31580E2A61C6F6F74636D64006B65726E656C2D6F66BD
S31580E2A62C66736574006B65726E6164647200726FD8
S31580E2A63C6F746469736B2D6F666673657400726F83
S31580E2A64C6F746164647200626F6F74736563757242
S31580E2A65C65002323204572726F723A2053656375C7
S31580E2A66C726520626F6F7420636F6D6D616E6420AC
S31580E2A67C6E6F74207370656369666965640A00231C
S31580E2A68C23204572726F723A2022257322207265DC
S31580E2A69C7475726E65642028636F646520256429FF
S31580E2A6AC0A000A48697420616E79206B6579207498
S31580E2A6BC6F2073746F70206175746F626F6F743A0A
S31580E2A6CC20253264200A0008080820300008080891
S31580E2A6DC25326420003C494E544552525550543EE4
S31580E2A6EC0A0073657269616C00436B73756D0078F1
S31580E2A6FC797A4D6F64656D202D202573206D6F649C
S31580E2A70C652C20256428534F48292F2564285354D9
S31580E2A71C58292F25642843414E29207061636B6545
S31580E2A72C74732C20256420726574726965730A00D1
S31580E2A73C556E6B6E6F776E206572726F7200426CBD
S31580E2A74C6F636B2073657175656E63652065727276
S31580E2A75C6F72004352432F636865636B73756D202A
S31580E2A76C6572726F7200496E76616C69642066728C
S31580E2A77C616D696E670043616E63656C6C656400DE
S31580E2A78C456E64206F662066696C650054696D65FA
S31580E2A79C64206F757400536F7272792C207A4D6FC8
S31580E2A7AC64656D206E6F7420617661696C61626C32
S31580E2A7BC65207965740043616E27742061636365F5
S31580E2A7CC73732066696C65002825643A25642920B2
S31580E2A7DC56656E646F723A2025732050726F642EC2
S31580E2A7EC3A202573205265763A2025730A004D6FFE
S31580E2A7FC64656C3A202573204669726D3A2025731E
S31580E2A80C20536572233A2025730A0056656E646F6F
S31580E2A81C723A202573205265763A2025732050723F
S31580E2A82C6F643A2025730A006465766963652074E1
S31580E2A83C79706520444F430A0064657669636520C6
S31580E2A84C7479706520756E6B6E6F776E0A00556ED5
S31580E2A85C68616E646C656420646576696365207490
S31580E2A86C7970653A2025690A002020202020202054
S31580E2A87C2020202020547970653A200052656D6F35
S31580E2A88C7661626C65200048617264204469736B00
S31580E2A89C00434420524F4D004F70746963616C20C3
S31580E2A8AC44657669636500546170650023202530C2
S31580E2A8BC32582023002020202020202020202020F7
S31580E2A8CC2043617061636974793A20256C642E2524
S31580E2A8DC6C64204D42203D20256C642E256C6420D0
S31580E2A8EC47422028256C64207820256C64290A004E
S31580E2A8FC20202020202020202020202043617061EF
S31580E2A90C636974793A206E6F7420617661696C61E1
S31580E2A91C626C650A000A506172746974696F6E20A2
S31580E2A92C4D617020666F7220004944450053415454
S31580E2A93C41005343534900415441504900555342D7
S31580E2A94C00444F4300554E4B4E4F574E00206465A4
S31580E2A95C7669636520256420202D2D202020506188
S31580E2A96C72746974696F6E20547970653A202573B6
S31580E2A97C0A0A00444F5300232320556E6B6E6F7781
S31580E2A98C6E20706172746974696F6E207461626C28
S31580E2A99C650A002A2A2042616420646576696365C9
S31580E2A9AC2073706563696669636174696F6E20256D
S31580E2A9BC73202573202A2A0A002A2A2042616420DF
S31580E2A9CC646576696365202573202573202A2A0AB5
S31580E2A9DC0053616E64626F7820686F737400626F85
S31580E2A9EC6F74646576696365002A2A204E6F2064EB
S31580E2A9FC65766963652073706563696669656420EB
S31580E2AA0C2A2A0A006175746F002A2A204261642020
S31580E2AA1C706172746974696F6E207370656369664E
S31580E2AA2C69636174696F6E202573202573202A2AE7
S31580E2AA3C0A002A2A2042616420646576696365206D
S31580E2AA4C73697A65202D202573202573202A2A0A9C
S31580E2AA5C002A2A204E6F20706172746974696F6E57
S31580E2AA6C207461626C65202D202573202573202A43
S31580E2AA7C2A0A0057686F6C65204469736B002A2A30
S31580E2AA8C20496E76616C696420706172746974694E
S31580E2AA9C6F6E202564202A2A0A002A2A204E6F20ED
S31580E2AAAC76616C696420706172746974696F6E73B5
S31580E2AABC20666F756E64202A2A0A002A2A20496E3D
S31580E2AACC76616C696420706172746974696F6E20E8
S31580E2AADC747970652022252E33327322202865788C
S31580E2AAEC706563742022552D426F6F7422290A0099
S31580E2AAFC6364683A746573745F706172745F646F71
S31580E2AB0C7320444F535F504152545F4D4147494302
S31580E2AB1C5F4F4646534554206661696C210A006351
S31580E2AB2C64683A746573745F706172745F646F7330
S31580E2AB3C20444F535F504152545F4D414749435FE6
S31580E2AB4C4F4646534554206F6B210A006364683A3C
S31580E2AB5C746573745F706172745F646F7320444F53
S31580E2AB6C535F5042525F4653545950455F4F464667
S31580E2AB7C534554206F6B210A00464154004641549A
S31580E2AB8C3332006364683A646F7320666174210AB7
S31580E2AB9C006364683A646F73206661743332210AA7
S31580E2ABAC006364683A746573745F706172745F642F
S31580E2ABBC6F7320444F535F5042525F465354595001
S31580E2ABCC455F4F4646534554206661696C210A00BF
S31580E2ABDC20457874640020426F6F74002A2A2043E1
S31580E2ABEC616E277420726561642070617274697417
S31580E2ABFC696F6E207461626C65206F6E2025643A93
S31580E2AC0C2564202A2A0A000A3D3D3D3D3D3D3D3DD7
S31580E2AC1C3D3D3D3D3D3D3D3D3D3D3D3D3D3D3D3DF0
S31580E2AC2C6D6D63206D62722073746172743D3D3D0D
S31580E2AC3C3D3D3D3D3D3D3D3D3D3D3D3D3D3D3D3DD0
S31580E2AC4C3D3D3D3D3D3D3D3D3D3D3D3D3D3D3D3DC0
S31580E2AC5C0A003078257820000A3D3D3D3D3D3D3D5C
S31580E2AC6C3D3D3D3D3D3D3D3D3D3D3D3D3D3D3D3DA0
S31580E2AC7C3D6D6D63206D62722073746F703D3D3DE8
S31580E2AC8C3D3D3D3D3D3D3D3D3D3D3D3D3D3D3D3D80
S31580E2AC9C3D3D3D3D3D3D3D3D3D3D3D3D3D3D3D3D70
S31580E2ACAC0A00626164204D425220736563746F724E
S31580E2ACBC207369676E6174757265203078253032DF
S31580E2ACCC78253032780A0025336409252D313064B3
S31580E2ACDC09252D31306409253038782D25303278A6
S31580E2ACEC0925303278257325730A00686425632535
S31580E2ACFC6400736425632564007573626425632539
S31580E2AD0C6400646F63642563256400787825632523
S31580E2AD1C64006364683A746573745F706172745FBD
S31580E2AD2C646F732072656164206661696C210A00C6
S31580E2AD3C6364683A746573745F706172745F646F2E
S31580E2AD4C732072656164206F6B210A006364683AD2
S31580E2AD5C746573745F706172745F646F7320444F51
S31580E2AD6C535F4D4252206661696C210A00636468C6
S31580E2AD7C3A746573745F706172745F646F73204446
S31580E2AD8C4F535F4D4252206F6B210A0050617274B1
S31580E2AD9C09537461727420536563746F72094E75CC
S31580E2ADAC6D20536563746F7273095555494409096D
S31580E2ADBC547970650A006572722C20696E766C61C4
S31580E2ADCC6964206770696F2C206973206770692CBF
S31580E2ADDC206E6F74206F7574707574210A006572BB
S31580E2ADEC722C20696E766C616964206770696F215A
S31580E2ADFC0A006366672070755F656E61626C6520BA
S31580E2AE0C696E76616C6964210A0063666720707587
S31580E2AE1C5F73656C20696E76616C6964210A006386
S31580E2AE2C66672070645F656E61626C6520696E76BA
S31580E2AE3C616C6964210A006366672070645F73657E
S31580E2AE4C6C20696E76616C6964210A0063666720A0
S31580E2AE5C6770696F20736861726570696E20617361
S31580E2AE6C206770696F20696E76616C6964210A006D
S31580E2AE7C537461747573204572726F723A203078AE
S31580E2AE8C253038580A0054696D656F757420776180
S31580E2AE9C6974696E67206361726420726561647934
S31580E2AEAC0A004D4D4320446576696365202564200E
S31580E2AEBC6E6F7420666F756E640A004D4D433A2050
S31580E2AECC626C6F636B206E756D626572203078256D
S31580E2AEDC6C782065786365656473206D617828305B
S31580E2AEEC78256C78290A006D6D63206661696C2021
S31580E2AEFC746F2073656E642073746F7020636D64F7
S31580E2AF0C0A006364683A4D4D435F434D445F414C5E
S31580E2AF1C4C5F53454E445F43494420457272210A45
S31580E2AF2C006364683A4D4D435F434D445F53454EEF
S31580E2AF3C445F43534420457272210A006364683A43
S31580E2AF4C6D6D632D3E76657273696F6E203D3D2025
S31580E2AF5C4D4D435F56455253494F4E5F554E4B4E80
S31580E2AF6C4F574E210A006364683A6E6F206D6D63AB
S31580E2AF7C2D3E686967685F63617061636974792184
S31580E2AF8C0A006364683A736420636172642C206D90
S31580E2AF9C6D632D3E63617061636974795F75736508
S31580E2AFAC723A3078256C6C7820626C6F636B7321A5
S31580E2AFBC0A006364683A4D4D435F434D445F5345A3
S31580E2AFCC4C4543545F4341524420457272210A00F8
S31580E2AFDC6364683A4D4D435F434D445F5345545FDA
S31580E2AFEC424C4F434B4C454E20457272210A0063CC
S31580E2AFFC64683A6D6D632D3E6361706163697479E1
S31580E2B00C3A3078256C6C7820210A006364683A6D54
S31580E2B01C6D635F73656E645F6578745F6373642179
S31580E2B02C0A006364683A706172745F6E756D3A2574
S31580E2B03C642C206D6D635F7365745F6361706163AD
S31580E2B04C69747920457272210A006364683A5344C2
S31580E2B05C5F5357495443485F535749544348206694
S31580E2B06C61696C210A006364683A6D6D632D3E6397
S31580E2B07C6172645F636170733A307825782C204D07
S31580E2B08C4F4445204853206661696C210A004D6124
S31580E2B09C6E202530367820536E7220253034782512
S31580E2B0AC3034780025632563256325632563256320
S31580E2B0BC004D4D433A206E6F20636172642070724C
S31580E2B0CC6573656E740A004D4D433A20646574650A
S31580E2B0DC637420636172642070726573656E740A40
S31580E2B0EC004D4D433A2068617320696E6974206421
S31580E2B0FC6F6E652C2072657475726E210A004D4DE9
S31580E2B10C433A20616B206D6D632064726976657259
S31580E2B11C20696E697420457272210A004D4D433A5C
S31580E2B12C20616B206D6D632064726D6D635F676FFA
S31580E2B13C5F69646C6520457272210A004D4D433A13
S31580E2B14C20616B206D6D63206D6D635F73656E64DC
S31580E2B15C5F69665F636F6E6420457272210A004D89
S31580E2B16C4D433A20616B206D6D632073645F73652A
S31580E2B17C6E645F6F705F636F6E6420457272210AD4
S31580E2B18C0025733A20696E6974204F4B210A00259B
S31580E2B19C733A202564002563200063645F636C6BDD
S31580E2B1AC006E6F6E5F72656D6F7665007364206498
S31580E2B1BC6574656374202573206D6F6465210A005E
S31580E2B1CC736420646574656374206770696F206D3F
S31580E2B1DC6F64653A2564210A00445442206E6F20DE
S31580E2B1EC6D6D6320696E666F0A006D6D635F777055
S31580E2B1FC006D6D635F63640073656E6420636D647A
S31580E2B20C202564206572726F722C2073746174755A
S31580E2B21C73203D2025780A006572726F7220726502
S31580E2B22C717565736574210A007364312073686184
S31580E2B23C72652070696E210A0073657420736432BC
S31580E2B24C206F70656E20636C6B210A0073657420C7
S31580E2B25C736432207265736574210A0073643220DA
S31580E2B26C73686172652070696E210A00736433209B
S31580E2B27C73686172652070696E210A0025733A20C3
S31580E2B28C457272206E6F20737563682064657620D2
S31580E2B29C696E6465783A2564210A0025733A4572AB
S31580E2B2AC722073797374656D20636C6B2063666749
S31580E2B2BC210A0073657420746865206E756D62650B
S31580E2B2CC72206F6620777269746520626C6F636B2D
S31580E2B2DC7320746F206265207072652D657261735E
S31580E2B2EC6564206661696C6564210A00626C6F63D1
S31580E2B2FC6B20727720636F6D6D616E64202564209E
S31580E2B30C6973206661696C6564210A0063726320E5
S31580E2B31C6572726F72206F722074696D656F757467
S31580E2B32C2C207374617475732069732025780A00F6
S31580E2B33C25733A7265616420646174612066616921
S31580E2B34C6C6564210A0025733A77726974652064A8
S31580E2B35C617461206661696C6564210A0025733AC1
S31580E2B36C20736420636172642063666720627573FE
S31580E2B37C207769646520657272210A006364683A93
S31580E2B38C6D6D632D3E696F737365745F666C616711
S31580E2B39C206E6F2076616C6964210A006D6D635F45
S31580E2B3AC736400666474206572723A25640A00637B
S31580E2B3BC61702D73642D6869676873706565640066
S31580E2B3CC6361702D7364696F2D69727100706F772A
S31580E2B3DC65722D70696E73006465746563742D672E
S31580E2B3EC70696F006E6F6E2D72656D6F7661626CD1
S31580E2B3FC65000A0A43617574696F6E2120596F750F
S31580E2B40C7220646576696365732045726173652023
S31580E2B41C67726F757020697320307825780A546864
S31580E2B42C652065726173652072616E676520776FE0
S31580E2B43C756C64206265206368616E676520746FE3
S31580E2B44C203078256C787E3078256C780A0A006D07
S31580E2B45C6D63206572617365206661696C65640AE9
S31580E2B46C006D6D63207772697465206661696C65BF
S31580E2B47C640A00552D426F6F7420425547206174E1
S31580E2B48C2025733A2564210A006D7464636F7265B4
S31580E2B49C2E630052656D6F76696E67204D5444203B
S31580E2B4AC64657669636520232564202825732920C3
S31580E2B4BC776974682075736520636F756E74202561
S31580E2B4CC640A006D656D6F727920616C6C6F636175
S31580E2B4DC74696F6E206572726F72207768696C65BB
S31580E2B4EC206372656174696E6720706172746974C7
S31580E2B4FC696F6E7320666F7220222573220A006D45
S31580E2B50C74643A20706172746974696F6E20222554
S31580E2B51C7322206973206F7574206F662072656161
S31580E2B52C6368202D2D2064697361626C65640A0000
S31580E2B53C6D74643A20706172746974696F6E2022DC
S31580E2B54C25732220657874656E6473206265796FE3
S31580E2B55C6E642074686520656E64206F662064650F
S31580E2B56C766963652022257322202D2D2073697AD4
S31580E2B57C65207472756E636174656420746F2025C0
S31580E2B58C236C6C780A006D7464706172742E63003D
S31580E2B59C6D74643A20706172746974696F6E20227C
S31580E2B5AC25732220646F65736E27742073746172BF
S31580E2B5BC74206F6E20616E20657261736520626C99
S31580E2B5CC6F636B20626F756E64617279202D2D20AC
S31580E2B5DC666F72636520726561642D6F6E6C790A33
S31580E2B5EC006D74643A20706172746974696F6E204E
S31580E2B5FC2225732220646F65736E277420656E64D0
S31580E2B60C206F6E20616E20657261736520626C6F4D
S31580E2B61C636B202D2D20666F726365207265616483
S31580E2B62C2D6F6E6C790A0053463A204661696C65D9
S31580E2B63C6420746F2073657420757020736C6176E8
S31580E2B64C650A0053463A204661696C656420746FDC
S31580E2B65C20636C61696D20535049206275733A2080
S31580E2B66C25640A0053463A204661696C6564207407
S31580E2B67C6F20676574206964636F6465730A00651D
S31580E2B68C72726F722072656164696E67204A454494
S31580E2B69C45432056455253494F4E0A00636F6E66B8
S31580E2B6AC696720737069666C617368207175616411
S31580E2B6BC206D6F6465206661696C2E207472616E92
S31580E2B6CC7366657220757365203120776972652E93
S31580E2B6DC0A006E6F72300053463A205761726E6979
S31580E2B6EC6E67202D20466173682073697A652042E5
S31580E2B6FC65796F6E642031364D694220616363658C
S31580E2B70C737369626C650A0053463A206661696CAA
S31580E2B71C20746F2072656164207374617475732012
S31580E2B72C72656769737465720A00706F77657220E9
S31580E2B73C6F6E20737069206E6F72666C61736820AF
S31580E2B74C34422061646472657373206D6F64652C18
S31580E2B75C206D7573742073776974636820746F20B7
S31580E2B76C3342206D6F6465210A0053463A20666146
S31580E2B77C696C20746F207772697465207374617456
S31580E2B78C75732072656769737465720A00706F7778
S31580E2B79C6572206F6E20737069206E6F72666C6153
S31580E2B7AC73682033422061646472657373206D6FB3
S31580E2B7BC6465210A0053463A20556E737570706F34
S31580E2B7CC7274656420666C617368204944733A20AE
S31580E2B7DC006D616E756620253032782C206A656440
S31580E2B7EC656320253034782C206578745F6A6564CD
S31580E2B7FC656320253034780A00617432356673309D
S31580E2B80C31300061743235667330343000617432B3
S31580E2B81C356466303431610061743235646636344F
S31580E2B82C310061743236663030340061743236649B
S31580E2B83C6630383161006174323664663136316134
S31580E2B84C00617432366466333231006D7832356C2F
S31580E2B85C3332303564006B6832356C3634006B6863
S31580E2B86C32356C313238006D7832356C313238356E
S31580E2B87C356500733235736C303034610073323532
S31580E2B88C736C3030386100733235736C30313661BB
S31580E2B89C00733235736C3033326100733235736CCC
S31580E2B8AC3036346100733235736C31323830300075
S31580E2B8BC733235736C313238303100733235666CB3
S31580E2B8CC313239703000733235666C3132397031DF
S31580E2B8DC0073737432357666303430620073737407
S31580E2B8EC323576663038306200737374323576660A
S31580E2B8FC3031366200737374323576663033326247
S31580E2B90C0073737432357766353132007373743201
S31580E2B91C3577663031300073737432357766303210
S31580E2B92C300073737432357766303430006D32356D
S31580E2B93C703035006D3235703130006D32357032A3
S31580E2B94C30006D3235703430006D323570383000FF
S31580E2B95C6D3235703136006D3235703332006D3280
S31580E2B96C35703634006D323570313238006D34359F
S31580E2B97C70653130006D343570653830006D343534
S31580E2B98C70653136006D323570653830006D323522
S31580E2B99C70653136007732357831300077323578EA
S31580E2B9AC3230007732357834300077323578383049
S31580E2B9BC0077323578313600773235783332007724
S31580E2B9CC32357836340077323571363466760077AE
S31580E2B9DC32357136346A76007732357131323800E7
S31580E2B9EC6764323571363462006764323571363467
S31580E2B9FC6300676432357131323800776232357181
S31580E2BA0C32353600676432357132353600786D32CE
S31580E2BA1C35716836346100786D3235716831323819
S31580E2BA2C6100504E32366636344200786D3235716C
S31580E2BA3C6836346300786D3235716831323863003A
S31580E2BA4C4259323551363441535349470042593281
S31580E2BA5C3551313238415353494700464D3235518F
S31580E2BA6C363400464D3235513132380044532D4608
S31580E2BA7C4D323551363441005A4232355651333293
S31580E2BA8C005A42323556513634005A423235565184
S31580E2BA9C31323800585432354636344200585432B4
S31580E2BAAC354631323842006E6D32357136346576D2
S31580E2BABC62006E6D32357131323865766200656E52
S31580E2BACC32350065726173653A207370695F666CB4
S31580E2BADC6173685F636D645F7772697465206661B2
S31580E2BAEC696C0D0A006765745F666561747572656B
S31580E2BAFC2074696D656F7574207374617475733AAD
S31580E2BB0C25780A007370695F6E616E645F65726137
S31580E2BB1C7365207370696E616E64206E6F742069D2
S31580E2BB2C6E69740D0A00776169745F636D645F6632
S31580E2BB3C696E697368206661696C20737461747569
S31580E2BB4C73203D3D205354415455535F455F4641E6
S31580E2BB5C494C0D0A006572726F723A206572617396
S31580E2BB6C65206F6666736574206D6F64206572619D
S31580E2BB7C73655F73697A6520213D20300D0A006515
S31580E2BB8C72726F723A206572617365206C656E2093
S31580E2BB9C6D6F642065726173655F73697A65202166
S31580E2BBAC3D20300D0A006572726F723A20737069AD
S31580E2BBBC5F6E616E645F6572617365206661696CE6
S31580E2BBCC2C20616464723A25640D0A006572617395
S31580E2BBDC653A2072656164207370695F666C617325
S31580E2BBEC685F636D645F7772697465206661696CA0
S31580E2BBFC0D0A00776169745F636D645F66696E696D
S31580E2BC0C7368206572726F722C20706167653A2553
S31580E2BC1C640A0065726173653A207370695F666C5B
S31580E2BC2C6173685F636D645F726561642066616986
S31580E2BC3C6C0D0A007370695F6E616E645F7265612A
S31580E2BC4C645F6E6F65636320736574206E6F2065C7
S31580E2BC5C6363206661696C0D0A00722065636320FA
S31580E2BC6C6765745F66656174757265206661696C19
S31580E2BC7C200D0A007220656363206572726F7220F2
S31580E2BC8C73723A25780D0A00636865636B5F454388
S31580E2BC9C435F737461747573206572726F722C2054
S31580E2BCAC706167653A25640A006572726F723A73DF
S31580E2BCBC70696E616E645F666C6173685F72656192
S31580E2BCCC645F70616765206D6F7265207468616E02
S31580E2BCDC20706167652073697A650D0A00657272F8
S31580E2BCEC6F723A7370695F6E616E645F726561647E
S31580E2BCFC206661696C2C20706167653A25640D0A51
S31580E2BD0C007370695F6E616E645F777269746520C9
S31580E2BD1C7370696E616E64206E6F7420696E69747D
S31580E2BD2C0D0A0077726974653A20777269746520B8
S31580E2BD3C7370695F666C6173685F636D645F7772FB
S31580E2BD4C697465206661696C0D0A006661696C20AE
S31580E2BD5C737461747573203D3D205354415455532D
S31580E2BD6C5F505F4641494C0D0A006572726F723ABA
S31580E2BD7C666C617368203D3D204E554C4C0D0A0035
S31580E2BD8C6572726F723A7370695F6E616E645F77B9
S31580E2BD9C72697465206661696C2C20706167653A9C
S31580E2BDAC25640D0A004E616E645F4973426164429A
S31580E2BDBC6C6F636B207772697465206F6F62206635
S31580E2BDCC61696C206E416273506167653A256C6479
S31580E2BDDC0A0074686520626C6F636B20256C642044
S31580E2BDEC69732062616420626C6F636B2C206E6F68
S31580E2BDFC206E656564207365740A007365745F668C
S31580E2BE0C656174757265206661696C2C20616E64FD
S31580E2BE1C206E6F207772697465200D0A0053504943
S31580E2BE2C4E414E440071756164206765745F666548
S31580E2BE3C6174757265206661696C200D0A00717594
S31580E2BE4C6164207365745F6665617475726520667C
S31580E2BE5C61696C200D0A006E616E643000657272E7
S31580E2BE6C6F723A206E6F742066696E64206D6174AF
S31580E2BE7C6368207370696E616E64666C6173682048
S31580E2BE8C7370696E616E64666C61736869643A2517
S31580E2BE9C780A0074686520626C6F636B2069732024
S31580E2BEAC62616420626C6F636B203D2025640A00BC
S31580E2BEBC6572726F723A206572617365206661692A
S31580E2BECC6C2C2073657420626164626C636F6B3A6E
S31580E2BEDC2073746172745F706F73203D2025640ADF
S31580E2BEEC006572726F723A20616C6C20626C6F6361
S31580E2BEFC6B206973206261642C20706C732063689A
S31580E2BF0C6B0A006572726F723A206D6F726520747D
S31580E2BF1C68616E20706172746974696F6E20736980
S31580E2BF2C7A652C2073617665645F73697A65203DE8
S31580E2BF3C2025642C2077726974655F73697A653A19
S31580E2BF4C25640A006572726F723A207370696E614B
S31580E2BF5C6E645F666C6173685F726561642C207077
S31580E2BF6C6F733A25640A006572726F723A20627553
S31580E2BF7C665F6C656E206D6F642028666C61736893
S31580E2BF8C2D3E706167655F73697A65202B20666CDE
S31580E2BF9C6173682D3E6F6F625F73697A65292021C2
S31580E2BFAC3D20303A25642C2025642C2025640A0019
S31580E2BFBC6572726F723A207370696E616E64207705
S31580E2BFCC72697465206661696C2C20616E6420737B
S31580E2BFDC657420626164626C6F636B2C2077726924
S31580E2BFEC7465206E65787420626C6F636B2C20703E
S31580E2BFFC6F733A25640A006572726F723A206275C3
S31580E2C00C665F6C656E3A25642C202028666C6173BB
S31580E2C01C682D3E706167655F73697A65202B206651
S31580E2C02C6C6173682D3E6F6F625F73697A652920E6
S31580E2C03C213D20303A25642C2025640A004744357C
S31580E2C04C4731475134550047443547324751345589
S31580E2C05C00474435473447513455005053553147A0
S31580E2C06C513455004146533147513455414157433A
S31580E2C07C3200504E3236473031415753495547009C
S31580E2C08C4D5833354C463147453441420047443569
S31580E2C09C463247513455420047443546314751344E
S31580E2C0AC554200464D32355330314100464D32359C
S31580E2C0BC533032410047443546314751355545591F
S31580E2C0CC49470047443546324751355545594947E4
S31580E2C0DC005854323647313042005732354E303181
S31580E2C0EC4756005732354E30324B5600585432361C
S31580E2C0FC473031410058543236473032410046534C
S31580E2C10C33354E4430314700465333354E44303224
S31580E2C11C4700585432364730324500585432364707
S31580E2C12C303143004D5833354C46324745344144E1
S31580E2C13C002020200D4572617365696E672C20257F
S31580E2C14C7A75252520256C7520422F7300706879C7
S31580E2C15C20736F667477617265207265736574207D
S31580E2C16C4F4B0A0070687920736F6677617265202F
S31580E2C17C72657365742074696D656F7574210A00D6
S31580E2C18C676D61633A2074782074696D656F757436
S31580E2C19C0A006765745F6574685F72657365745F60
S31580E2C1AC6770696F206664745F636865636B5F68EA
S31580E2C1BC6561646572206572723A25640A00676508
S31580E2C1CC745F6574685F72657365745F6770696F57
S31580E2C1DC206664746465635F6E6578745F636F6DA5
S31580E2C1EC70617469626C65206572723A25640A00C4
S31580E2C1FC72657365742D6770696F73006770696FAA
S31580E2C20C3A2025640A0025732C206C696E653A25E2
S31580E2C21C642C204572722C204E6F742066696E6493
S31580E2C22C207068792072657365742D6770696F7397
S31580E2C23C2C6770696F5F696E6465783A2564200A4B
S31580E2C24C0074696D656F757420696E2077616974A7
S31580E2C25C696E672070687920746F2069646C6521D9
S31580E2C26C0A006364683A25732C7068795F77616932
S31580E2C27C745F69646C6520657272210A00706879F4
S31580E2C28C207265616420706879206374726C2077A1
S31580E2C29C616974696E67204572726F720A007068A2
S31580E2C2AC79207265616420706879206964312077BF
S31580E2C2BC616974696E67204572726F722C646174FF
S31580E2C2CC613D307825780A00706879207265616400
S31580E2C2DC20706879206964322077616974696E6747
S31580E2C2EC204572726F722C646174613D3078257868
S31580E2C2FC0A004572726F7220696E2054782044650A
S31580E2C30C7363726970746F7273206D656D6F727917
S31580E2C31C20616C6C6F636174696F6E0A0045727230
S31580E2C32C6F7220696E2052782044657363726970ED
S31580E2C33C746F72204D656D6F727920616C6C6F6370
S31580E2C34C6174696F6E20696E2052696E67206D6FBB
S31580E2C35C64650A004E6F204C696E6B0A004C696EFE
S31580E2C36C6B2069732077697468203130304D2053A5
S31580E2C37C706565642C2046554C4C4455504C45585A
S31580E2C38C206D6F64650A004C696E6B206973207749
S31580E2C39C6974682031304D2053706565642C204871
S31580E2C3AC414C464455504C4558206D6F6465200A85
S31580E2C3BC004E6F2066696E642070687920736D61B9
S31580E2C3CC6C6C20626F617264210A0025732C206E7C
S31580E2C3DC6F2066696E64207068792064657669631D
S31580E2C3EC65210A006F6E6C7920737570706F72744A
S31580E2C3FC206F6E65206574685F6465766963652116
S31580E2C40C0A006D616C6C6F63206574685F64657637
S31580E2C41C69636520737061636520457272210A00D7
S31580E2C42C6D616C6C6F63206574685F646576696355
S31580E2C43C65206164617074657220737061636520D6
S31580E2C44C457272210A006572726F7220696E20677C
S31580E2C45C6D61635F646576696365206D656D6F7228
S31580E2C46C7920616C6C6F63617461696F6E200A000E
S31580E2C47C25732D256875006574680043616E6E6F51
S31580E2C48C742066696E6420636F6E736F6C650A00E6
S31580E2C49C232320426175647261746520256420626F
S31580E2C4AC7073206E6F7420737570706F72746564BE
S31580E2C4BC0A002323204261756472617465206D6182
S31580E2C4CC79206E6F742062652064656C6574656430
S31580E2C4DC0A00535049206572726F723A20756E73F8
S31580E2C4EC7570706F72746564206275732025692E1F
S31580E2C4FC20090909537570706F72746564206275D0
S31580E2C50C737365732030202D20310A0053504920F5
S31580E2C51C6572726F723A20756E737570706F727423
S31580E2C52C6564206672657175656E6379202569200E
S31580E2C53C487A2E200909094D6178206672657175F3
S31580E2C54C656E63792069732025642F313030303003
S31580E2C55C3030204D687A0A00535049206572726FEA
S31580E2C56C723A206D616C6C6F63206F662053504912
S31580E2C57C20737472756374757265206661696C6515
S31580E2C58C640A0072656164207761736E2774206633
S31580E2C59C696E69736865642E0A00737069206D61D1
S31580E2C5AC73746572207472616E73666572206461EF
S31580E2C5BC7461206572726F72210A006D61737465A3
S31580E2C5CC7220777269746520646174612074696D16
S31580E2C5DC656F75742E0A007761697420666F7220B6
S31580E2C5EC777269746520646174612066696E6973B9
S31580E2C5FC682074696D656F75742E2E0A0077726980
S31580E2C60C7465207761736E27742066696E697368C8
S31580E2C61C65642E0A0025733A206C325F636F6D6215
S31580E2C62C75665F776169745F646D615F66696E6911
S31580E2C63C7368206661696C6564210A0025733A2009
S31580E2C64C776169745F666F725F7370695F636E74CC
S31580E2C65C5F746F5F7A65726F206661696C6564215F
S31580E2C66C0A0025733A207761697420666F722073AB
S31580E2C67C706920636F756E7420746F207A65726F41
S31580E2C68C206661696C6564210A0025733A206C32F6
S31580E2C69C5F616C6C6F63206661696C6564210A000C
S31580E2C6AC736F7272792C206E6F7420737570706FE3
S31580E2C6BC7274206475706C6578206D6F6465206E1B
S31580E2C6CC6F772E0A0070616E656C2D696E69742DBA
S31580E2C6DC6C69737400616B5F66623A20666474643B
S31580E2C6EC65635F707265706172655F66647420659E
S31580E2C6FC72726F720A00616B5F66623A2043616E98
S31580E2C70C27742067657420646576696365206E6F2D
S31580E2C71C64650A00616B5F66623A2043616E2774D8
S31580E2C72C20676574206C63642070616E6E656C2024
S31580E2C73C6E6F646520666F722066696D640A00634B
S31580E2C74C6F6D70617469626C650070616E656C2D7B
S31580E2C75C69660072657365742D70696E7300636FBA
S31580E2C76C756C64206E6F7420676574206D69706970
S31580E2C77C2070616E6E656C20646576696365207285
S31580E2C78C657365742070696E0A00636F756C6420DC
S31580E2C79C6E6F7420676574207267622070616E6E4C
S31580E2C7AC656C206465766963652072657365742051
S31580E2C7BC70696E0A007077722D6770696F00636FAD
S31580E2C7CC756C64206E6F7420676574206C6364206C
S31580E2C7DC64657669636520706F7765722070696EC1
S31580E2C7EC0A006C63642D66622D74797065006C63E5
S31580E2C7FC642D6C6F676F2D7769647468006C636403
S31580E2C80C2D6C6F676F2D686569676874006C6364FD
S31580E2C81C2D6C6F676F2D666D7430006C63642D6C56
S31580E2C82C6F676F2D666D7431006C63642D6C6F6708
S31580E2C83C6F2D7267622D736571006C63642D6C6FFC
S31580E2C84C676F2D612D6C6F636174696F6E006C63BB
S31580E2C85C642D616C61726D2D656D707479006C639B
S31580E2C86C642D616C61726D2D66756C6C006C6364A3
S31580E2C87C2D646D612D6D6F6465006C63642D6475DA
S31580E2C88C6D6D792D736571006C63642D7267622DA3
S31580E2C89C7365712D73656C006C63642D7267622DA2
S31580E2C8AC6F64642D736571006C63642D7267622D9F
S31580E2C8BC6576656E2D736571006C63642D72676245
S31580E2C8CC2D7470672D73656C006C63642D76706164
S31580E2C8DC67652D656E006C63642D626C616E6B2D83
S31580E2C8EC73656C006C63642D706F732D626C616E14
S31580E2C8FC6B2D6C6576656C006C63642D6E65672D4D
S31580E2C90C626C616E6B2D6C6576656C006C63642D06
S31580E2C91C7267622D62672D636F6C6F72006C6364F3
S31580E2C92C2D76682D64656C61792D656E006C636419
S31580E2C93C2D76682D64656C61792D6379636C6500FF
S31580E2C94C6C63642D762D756E6974006C63642D61EF
S31580E2C95C6C6572742D6C696E650070616E656C2D9A
S31580E2C96C7267622D7365710070616E656C2D776985
S31580E2C97C6474680070616E656C2D6865696768744D
S31580E2C98C0070616E656C2D70636C6B2D64697600DC
S31580E2C99C70616E656C2D6473692D6E756D2D6C612F
S31580E2C9AC6E650070616E656C2D6473692D74786446
S31580E2C9BC300070616E656C2D6473692D74786431A8
S31580E2C9CC0070616E656C2D6473692D7478643200C7
S31580E2C9DC70616E656C2D6473692D74786433007046
S31580E2C9EC616E656C2D6473692D7478643400706144
S31580E2C9FC6E656C2D6473692D6E6F6E636F6E746982
S31580E2CA0C6E756F75732D636C6B0070616E656C2DD4
S31580E2CA1C6473692D742D7072650070616E656C2D10
S31580E2CA2C6473692D742D706F73740070616E656CAE
S31580E2CA3C2D6473692D74782D6761700070616E65F3
S31580E2CA4C6C2D6473692D6175746F696E736572741E
S31580E2CA5C2D656F74700070616E656C2D6473692DD3
S31580E2CA6C6874782D746F2D636F756E740070616E59
S31580E2CA7C656C2D6473692D6C72782D746F2D636F72
S31580E2CA8C756E740070616E656C2D6473692D62745B
S31580E2CA9C612D746F2D636F756E740070616E656C4B
S31580E2CAAC2D6473692D742D77616B65757000706179
S31580E2CABC6E656C2D6473692D7069782D6669666F07
S31580E2CACC2D73656E642D6C6576656C0070616E6532
S31580E2CADC6C2D6473692D69662D636F6C6F722D6331
S31580E2CAEC6F64696E670070616E656C2D6473692D17
S31580E2CAFC7069782D666F726D61740070616E656CAB
S31580E2CB0C2D6473692D7673796E632D706F6C0070FC
S31580E2CB1C616E656C2D6473692D6873796E632D70A5
S31580E2CB2C6F6C0070616E656C2D6473692D766964C9
S31580E2CB3C656F2D6D6F64650070616E656C2D6473C7
S31580E2CB4C692D6866700070616E656C2D6473692DF3
S31580E2CB5C6862700070616E656C2D6473692D6873A2
S31580E2CB6C610070616E656C2D6473692D6D756C7484
S31580E2CB7C2D706B74732D656E0070616E656C2D64B1
S31580E2CB8C73692D7662700070616E656C2D64736963
S31580E2CB9C2D7666700070616E656C2D6473692D7688
S31580E2CBAC73610070616E656C2D6473692D626C6C59
S31580E2CBBC702D6D6F64650070616E656C2D64736942
S31580E2CBCC2D7573652D6E756C6C2D706B742D626C18
S31580E2CBDC6C700070616E656C2D6473692D76630082
S31580E2CBEC70616E656C2D6473692D636D642D7479D9
S31580E2CBFC70650070616E656C2D6473692D636C6B08
S31580E2CC0C0070616E656C2D746870770070616E650C
S31580E2CC1C6C2D7468620070616E656C2D746866004A
S31580E2CC2C70616E656C2D747670770070616E656C72
S31580E2CC3C2D7476620070616E656C2D74766600700A
S31580E2CC4C616E656C2D70636C6B2D706F6C007061B0
S31580E2CC5C6E656C2D6873796E632D706F6C00706186
S31580E2CC6C6E656C2D7673796E632D706F6C00706168
S31580E2CC7C6E656C2D766F676174652D706F6C007066
S31580E2CC8C616E656C2D6275732D776964746800616B
S31580E2CC9C6C6C6F63206C63646320696E666F206272
S31580E2CCAC7566666572206572726F720A00616C6C6B
S31580E2CCBC6F63206C63646320696E666F206275664F
S31580E2CCCC66657232206572726F720A006572722CB8
S31580E2CCDC206765742064746220616E642070617270
S31580E2CCEC7365206C636420706172616D65746572C4
S31580E2CCFC210A004572723A6E6F206C636420736807
S31580E2CD0C61726570696E20706172616D657465724F
S31580E2CD1C210A00616C6C6F63206C636463206473BC
S31580E2CD2C6920696E666F20627566666572206572C9
S31580E2CD3C726F720A006173696320706C6C2069731E
S31580E2CD4C2025644D487A210A004572723A6E6F202C
S31580E2CD5C6D707520736861726570696E2070617230
S31580E2CD6C616D65746572210A0070616E656C2D6405
S31580E2CD7C6174612D77696474680070616E656C2D7F
S31580E2CD8C636F6C6F722D6D6F64650070616E656C2E
S31580E2CD9C2D72732D706F6C61726974790070616E2D
S31580E2CDAC656C2D77722D6379636C650070616E6547
S31580E2CDBC6C2D77722D6C6F770070616E656C2D645D
S31580E2CDCC6972656374696F6E004D50552050414EA1
S31580E2CDDC454C2049442025780A006D70752070698F
S31580E2CDEC7820666F726D6174203D2025780A006426
S31580E2CDFC6973706C6179206F6B210A006C63645F76
S31580E2CE0C64697361626C650D0A006865617274624D
S31580E2CE1C656174203D2025780A004641543A204DBE
S31580E2CE2C6973616C69676E65642062756666657244
S31580E2CE3C206164647265737320282570290A004622
S31580E2CE4C4154333220202000464154313220202076
S31580E2CE5C00464154313620202000496E76616C6959
S31580E2CE6C642046415420656E7472790A0055AA0094
S31580E2CE7C2A2A20506172746974696F6E2025642047
S31580E2CE8C6E6F742076616C6964206F6E2064657651
S31580E2CE9C696365202564202A2A0A004572726F72BC
S31580E2CEAC3A2046415420736563746F722073697AB3
S31580E2CEBC65206D69736D61746368202866733D25A0
S31580E2CECC68752C206465763D256C75290A002020D0
S31580E2CEDC20202020202020202020257325630A0074
S31580E2CEEC2025386C64202020257325630A000A25C8
S31580E2CEFC642066696C652873292C20256420646914
S31580E2CF0C722873290A0A004572726F722072656101
S31580E2CF1C64696E6720636C75737465720A004E6F12
S31580E2CF2C2063757272656E74206465766963650AD0
S31580E2CF3C00496E746572666163653A202000556EAF
S31580E2CF4C6B6E6F776E000A20204465766963652086
S31580E2CF5C25643A20000A4E6F2076616C696420461D
S31580E2CF6C415420667320666F756E640A0046696C5E
S31580E2CF7C6573797374656D3A202573202225732245
S31580E2CF8C0A0072656164696E672025730A002A2A33
S31580E2CF9C20556E61626C6520746F207265616420C7
S31580E2CFAC66696C65202573202A2A0A0043616E27FE
S31580E2CFBC74206C6973742066696C65732077697406
S31580E2CFCC686F757420612066696C657379737465B4
S31580E2CFDC6D210A0025732F25730043616E27742019
S31580E2CFEC6C6F61642066696C6520776974686F75AD
S31580E2CFFC7420612066696C6573797374656D210A38
S31580E2D00C002A2A20556E7265636F676E697A65644B
S31580E2D01C2066696C6573797374656D207479706555
S31580E2D02C202A2A0A002A2A20556E61626C652074AF
S31580E2D03C6F2077726974652066696C65202573202A
S31580E2D04C2A2A0A00626F6F7466696C65002A2A2046
S31580E2D05C4E6F20626F6F742066696C6520646566BC
S31580E2D06C696E6564202A2A0A002A2A204572722071
S31580E2D07C646F206C6F616420616464726573732083
S31580E2D08C6265796F6E642075626F6F742072616E01
S31580E2D09C6765202A2A0A00256420627974657320E2
S31580E2D0AC7265616420696E20256C75206D73002033
S31580E2D0BC28002564206279746573207772697474AA
S31580E2D0CC656E20696E20256C75206D73003C7661E9
S31580E2D0DC6C6964206F66667365742F6C656E6774B3
S31580E2D0EC683E003C6E6F206572726F723E003C75D4
S31580E2D0FC6E6B6E6F776E206572726F723E0046440F
S31580E2D10C545F4552525F4E4F54464F554E440046FD
S31580E2D11C44545F4552525F455849535453004644F2
S31580E2D12C545F4552525F4E4F5350414345004644FD
S31580E2D13C545F4552525F4241444F464653455400F2
S31580E2D14C4644545F4552525F4241445041544800F2
S31580E2D15C4644545F4552525F42414453544154458E
S31580E2D16C004644545F4552525F5452554E434154A5
S31580E2D17C4544004644545F4552525F4241444D41D8
S31580E2D18C474943004644545F4552525F42414456B6
S31580E2D19C455253494F4E004644545F4552525F4284
S31580E2D1AC4144535452554354555245004644545F78
S31580E2D1BC4552525F4241444C41594F555400256C7D
S31580E2D1CC6C75204279746573257300256C75002E17
S31580E2D1DC256C640020256369422573002025302A5C
S31580E2D1EC78002020202025730A00252E2A732564B8
S31580E2D1FC004E6F2076616C69642046445420666FDB
S31580E2D20C756E64202D20706C65617365206170701B
S31580E2D21C656E64206F6E6520746F20552D426F6F3C
S31580E2D22C742062696E6172792C2075736520752D16
S31580E2D23C626F6F742D6474622E62696E206F7220D7
S31580E2D24C646566696E6520434F4E4649475F4F4635
S31580E2D25C5F454D4245442E20466F722073616E6463
S31580E2D26C626F782C20757365202D64203C66696C20
S31580E2D27C652E6474623E0A002F636F6E6669670080
S31580E2D28C3C6E6F6E653E00616E796B612C616B33C1
S31580E2D29C37652D6C63642D6374726C00616E796B89
S31580E2D2AC612C616B3337652D6D6D633000616E7900
S31580E2D2BC6B612C616B3337652D6D6D633100616EFD
S31580E2D2CC796B612C616B3337652D6D6D63320061E1
S31580E2D2DC6E796B612C616B3337652D65746865721B
S31580E2D2EC6E657400616E796B612C616B3337652D7B
S31580E2D2FC65746865726E657431006E7669646961AF
S31580E2D30C2C746567726132302D65686369006E765E
S31580E2D31C696469612C746567726133302D65686303
S31580E2D32C69006E76696469612C7465677261313104
S31580E2D33C342D65686369006E76696469612C7465FF
S31580E2D34C6772613131342D693263006E7669646954
S31580E2D35C612C746567726132302D693263006E7648
S31580E2D36C696469612C746567726132302D693263E6
S31580E2D37C2D647663006E76696469612C7465677276
S31580E2D38C6132302D656D63006E76696469612C74E9
S31580E2D39C6567726132302D656D632D7461626C6581
S31580E2D3AC006E76696469612C746567726132302DC0
S31580E2D3BC6B6263006E76696469612C74656772610F
S31580E2D3CC32302D6E616E64006E76696469612C749E
S31580E2D3DC6567726132302D70776D006E766964693D
S31580E2D3EC612C746567726132302D6463006E766986
S31580E2D3FC6469612C746567726133302D736468631A
S31580E2D40C69006E76696469612C7465677261323023
S31580E2D41C2D7364686369006E76696469612C7465E0
S31580E2D42C67726132302D73666C617368006E7669F1
S31580E2D43C6469612C746567726132302D736C696EC6
S31580E2D44C6B006E76696469612C74656772613131E1
S31580E2D45C342D73706900736D73632C6C616E393223
S31580E2D46C31350073616D73756E672C6578796E6F85
S31580E2D47C732D73726F6D630073616D73756E672C4A
S31580E2D48C733363323434302D6932630073616D7376
S31580E2D49C756E672C6578796E6F732D736F756E64A6
S31580E2D4AC00776F6C66736F6E2C776D383939342DE5
S31580E2D4BC636F6465630073616D73756E672C6578F3
S31580E2D4CC796E6F732D73706900676F6F676C652CFD
S31580E2D4DC63726F732D656300676F6F676C652C6320
S31580E2D4EC726F732D65632D6B6579620073616D73F3
S31580E2D4FC756E672C6578796E6F732D6568636900D6
S31580E2D50C73616D73756E672C6578796E6F732D7535
S31580E2D51C73622D7068790073616D73756E672C65B5
S31580E2D52C78796E6F732D746D750073616D73756E2C
S31580E2D53C672C6578796E6F732D66696D640073619D
S31580E2D54C6D73756E672C6578796E6F73352D647035
S31580E2D55C0073616D73756E672C6578796E6F733552
S31580E2D56C3235302D64776D6D630073616D73756ED4
S31580E2D57C672C6578796E6F73343231302D756172C2
S31580E2D58C74006D6178696D2C6D6178373736383613
S31580E2D59C5F706D6963007370692D666C6173680088
S31580E2D5AC6D6178696D2C6D617839383039352D63DA
S31580E2D5BC6F64656300696E66696E656F6E2C736CFB
S31580E2D5CC62393633352D74706D00696E66696E65B7
S31580E2D5DC6F6E2C736C62393634352D74706D0073C4
S31580E2D5EC616D73756E672C6578796E6F73352D68A0
S31580E2D5FC7369326300232323204552524F522023F0
S31580E2D60C232320506C656173652052455345542023
S31580E2D61C74686520626F617264202323230A002377
S31580E2D62C23204552524F523A20756E737570706F45
S31580E2D63C72746564206D61746368206D6574686F5D
S31580E2D64C643A203078253032780A00456E76206549
S31580E2D65C78706F72742062756666657220746F6F0D
S31580E2D66C20736D616C6C3A20257A752C2062757408
S31580E2D67C206E65656420257A750A0068696D706F1F
S31580E2D68C72745F723A2063616E277420696E736579
S31580E2D69C7274202225733D25732220696E746F2065
S31580E2D6AC68617368207461626C650A005741524EF8
S31580E2D6BC494E473A2027257327206E65697468653B
S31580E2D6CC7220696E2072756E6E696E67206E6F72ED
S31580E2D6DC20696E20696D706F7274656420656E76F2
S31580E2D6EC210A005741524E494E473A202725732745
S31580E2D6FC206E6F7420696E20696D706F72746564CA
S31580E2D70C20656E762C2064656C6574696E6720691B
S31580E2D71C74210A004552524F523A204661696C6531
S31580E2D72C6420746F20616C6C6F63617465203078F1
S31580E2D73C256C782062797465732062656C6F7720CC
S31580E2D74C3078256C782E0A002E2530336C64003CBA
S31580E2D75C4E554C4C3E0025733A25753A2025733A44
S31580E2D76C20417373657274696F6E2060257327200E
S31580E2D77C6661696C65642E00252A6C6C75002323C0
S31580E2D78C205761726E696E67313A2067617465778C
S31580E2D79C61796970206E6565646564206275742052
S31580E2D7AC6E6F74207365740A002323205761726E40
S31580E2D7BC696E67323A206761746577617969702040
S31580E2D7CC6E656564656420627574206E6F74207311
S31580E2D7DC65740A002323205761726E696E67333A49
S31580E2D7EC20676174657761796970206E65656465B9
S31580E2D7FC6420627574206E6F74207365740A000AF5
S31580E2D80C41525020526574727920636F756E742022
S31580E2D81C65786365656465643B207374617274696B
S31580E2D82C6E6720616761696E0A00626164206C656D
S31580E2D83C6E677468202564203C2025640A002A2AB7
S31580E2D84C2A205741524E494E473A20257320697316
S31580E2D85C20746F6F206C6F6E6720282564202D20D4
S31580E2D86C6D61783A20256429202D207472756E6359
S31580E2D87C617465640A00486F7374204E616D65004D
S31580E2D88C526F6F742050617468004E495320446F16
S31580E2D89C6D61696E204E616D6500424F4F5450202A
S31580E2D8AC62726F6164636173742025640A000A5242
S31580E2D8BC6574727920636F756E74206578636565BD
S31580E2D8CC6465643B207374617274696E6720616708
S31580E2D8DC61696E0A006574686163740025704D0037
S31580E2D8EC25732564616464720025736164647200D5
S31580E2D8FC6574682E630065746825646D6163736B09
S31580E2D90C6970006574686D6163736B6970000A5740
S31580E2D91C61726E696E673A202573204D41432061B0
S31580E2D92C646472657373657320646F6E2774206D9D
S31580E2D93C617463683A0A0041646472657373206940
S31580E2D94C6E2053524F4D20697320202020202020B8
S31580E2D95C202025704D0A00416464726573732069D8
S31580E2D96C6E20656E7669726F6E6D656E7420697304
S31580E2D97C202025704D0A00426F617264204E6574D8
S31580E2D98C20496E697469616C697A6174696F6E201B
S31580E2D99C4661696C65640A00435055204E65742075
S31580E2D9AC496E697469616C697A6174696F6E2046D5
S31580E2D9BC61696C65640A004E657420496E697469A6
S31580E2D9CC616C697A6174696F6E20536B697070658C
S31580E2D9DC640A006574687072696D65002C2000209B
S31580E2D9EC5B5052494D455D000A5761726E696E67AE
S31580E2D9FC3A2065746820646576696365206E616D2C
S31580E2DA0C65206861732061207370616365210A0009
S31580E2DA1C0A5761726E696E673A206661696C6564F3
S31580E2DA2C20746F20736574204D4143206164647267
S31580E2DA3C6573730A00657468726F746174650054F9
S31580E2DA4C7279696E672025730A00756E6B6E6F77D5
S31580E2DA5C6E006175746F6C6F6164006E657472656D
S31580E2DA6C747279006F6E6365002049434D5020488D
S31580E2DA7C6F737420526564697265637420746F2067
S31580E2DA8C25704934200025642E25642E25642E25A6
S31580E2DA9C64006E766C616E002A2A2A204552524FB9
S31580E2DAAC523A2070696E6720616464726573732082
S31580E2DABC6E6F7420676976656E0A002A2A2A20457B
S31580E2DACC52524F523A20607365727665726970274C
S31580E2DADC206E6F74207365740A002A2A2A204552B6
S31580E2DAEC524F523A206069706164647227206E6F7D
S31580E2DAFC74207365740A002A2A2A204552524F52A0
S31580E2DB0C3A204E6F2065746865726E657420666F16
S31580E2DB1C756E642E0A002A2A2A204552524F523AB0
S31580E2DB2C20606574686164647227206E6F742073FA
S31580E2DB3C65740A002A2A2A204552524F523A2060AC
S31580E2DB4C65746825646164647227206E6F742073D1
S31580E2DB5C65740A000A41626F72740A0042797465CE
S31580E2DB6C73207472616E73666572726564203D2091
S31580E2DB7C256C642028256C7820686578290A0066ED
S31580E2DB8C696C6561646472005573696E672025738E
S31580E2DB9C206465766963650A006F637465740062F6
S31580E2DBAC6C6B73697A652563256425630046696CBB
S31580E2DBBC6520746F6F206C617267650046696C656F
S31580E2DBCC2068617320626164206D616769630062BB
S31580E2DBDC6C6B73697A65000A54465450206572728E
S31580E2DBEC6F723A20466972737420626C6F636B2033
S31580E2DBFC6973206E6F7420626C6F636B20312028A0
S31580E2DC0C256C64290A5374617274696E6720616744
S31580E2DC1C61696E0A0A006364683A0A0920000A643A
S31580E2DC2C6F6E650A000A54465450206572726F72A2
S31580E2DC3C3A202725732720282564290A004E6F74FB
S31580E2DC4C207265747279696E672E2E2E0A000A2509
S31580E2DC5C733B207374617274696E67206167616964
S31580E2DC6C6E0A00526574727920636F756E742065E4
S31580E2DC7C78636565646564005420007466747062CA
S31580E2DC8C6C6F636B73697A65007466747074696DB4
S31580E2DC9C656F757400544654502074696D656F7562
S31580E2DCAC742028256C64206D732920746F6F206C28
S31580E2DCBC6F772C20736574206D696E696D756D2036
S31580E2DCCC3D2031303030206D730A002530325825B4
S31580E2DCDC30325825303258253032582E696D6700ED
S31580E2DCEC2A2A2A205761726E696E673A206E6F20F5
S31580E2DCFC626F6F742066696C65206E616D653B2020
S31580E2DD0C7573696E6720272573270A00544654502B
S31580E2DD1C2025732073657276657220257049343BB3
S31580E2DD2C206F75722049502061646472657373202A
S31580E2DD3C697320257049340A0066726F6D003B2048
S31580E2DD4C73656E64696E67207468726F7567682036
S31580E2DD5C6761746577617920257049340046696C10
S31580E2DD6C656E616D6520272573272E0A002053691F
S31580E2DD7C7A652069732030782578204279746573C8
S31580E2DD8C203D20004C6F616420616464726573731C
S31580E2DD9C3A203078256C780A004C6F6164696E673C
S31580E2DDAC3A202A0800204500524F20002020536951
S31580E2DDBC7A653A20256C64204B4220696E20256474
S31580E2DDCC20536563746F72730A0020205365637403
S31580E2DDDC6F722053746172742041646472657373DA
S31580E2DDEC65733A000A20202000202530386C5825AD
S31580E2DDFC732573002D206E6F20736563746F727357
S31580E2DE0C20746F2065726173650A002D20576172EA
S31580E2DE1C6E696E673A2025642070726F74656374DE
S31580E2DE2C656420736563746F72732077696C6C209A
S31580E2DE3C6E6F7420626520657261736564210A0077
S31580E2DE4C53463A206572617365206661696C6564D6
S31580E2DE5C0A0053463A207772697465206661696C6A
S31580E2DE6C65640A0077616974207265616420262094
S31580E2DE7C77726974652069646C652074696D656F07
S31580E2DE8C7574210A007761697420656675736520FD
S31580E2DE9C726561642066696E6973682074696D6502
S31580E2DEAC6F7574210A006E6F207061727469746981
S31580E2DEBC6F6E7320666F722064657669636528255A
S31580E2DECC73290A006E6F2066696E642025732C7046
S31580E2DEDC6C7320636865636B0D0A0025733A207355
S31580E2DEEC697A653A30782530386C6C782C206F6696
S31580E2DEFC667365743A30782530386C6C780A006EC5
S31580E2DF0C6F2066696E6420256C642C706C7320635A
S31580E2DF1C6865636B0D0A004C4F474F0065726F72F2
S31580E2DF2C3A676574206C6F676F207061727469747E
S31580E2DF3C696F6E20696E666F206661696C0A002570
S31580E2DF4C733A207370695F666C6173682070726F66
S31580E2DF5C6265206572726F722E0A0025733A20739F
S31580E2DF6C70695F666C617368207265616420657244
S31580E2DF7C726F722E0A006664745F63686F73656E85
S31580E2DF8C3A206572726F720A00626F6F74617267A1
S31580E2DF9C733D006D746470617274733D6D746470FC
S31580E2DFAC617274733D006D74647061727473313D29
S31580E2DFBC006D656D3D6D656D3D006D656D73697A60
S31580E2DFCC653D6D656D73697A653D005741524E4983
S31580E2DFDC4E473A20636F756C64206E6F742073655E
S31580E2DFEC7420626F6F74617267732E0A0072616954
S31580E2DFFC73653A205369676E616C20232025642011
S31580E2E00C6361756768740A00202020202020202016
S31580E2E01C00552D426F6F7420323031332E31302ED3
S31580E2E02C302D56332E312E333120284E6F762031D9
S31580E2E03C382032303235202D2031303A30343A3174
S30880E2E04C39290007
S31580E2E0500100000003000000000000000000000054
S30D80E2E060000000000000000050
S31580E2E0680001000001010000020100000301000036
S31580E2E0780401000005010000060100000701000016
S31580E2E08800000000FF00000001000000FF00000021
S31580E2E09802000000FF00000003000000FF0000000D
S31580E2E0A804000000FF00000005000000FF000000F9
S31580E2E0B802000000FF00000007000000FF000000E9
S31580E2E0C808000000FF00000009000000FF000000D1
S31580E2E0D802000000FF00000002000000FF000000CE
S31580E2E0E802000000FF00000002000000FF000000BE
S31580E2E0F80E000000FF00000002000000FF000000A2
S31580E2E10802000000FF0000008413E080D813E0805C
S31580E2E11800D0E1801033E2808C03E080BCCCE080E2
S31580E2E128AC13E080A868E18024AEE0808C13E080BE
S31580E2E1383833E280000000005B61646472205B61D0
S31580E2E1487267202E2E2E5D5D0A202020202D2062E9
S31580E2E1586F6F74206170706C69636174696F6E2029
S31580E2E168696D6167652073746F72656420696E2074
S31580E2E1786D656D6F72790A0970617373696E67206E
S31580E2E188617267756D656E74732027617267202E7A
S31580E2E1982E2E273B207768656E20626F6F74696ED4
S31580E2E1A8672061204C696E7578206B65726E656C46
S31580E2E1B82C0A0927617267272063616E20626520CF
S31580E2E1C87468652061646472657373206F66206122
S31580E2E1D86E20696E6974726420696D6167650A0981
S31580E2E1E85768656E20626F6F74696E672061204C2E
S31580E2E1F8696E7578206B65726E656C20776869637F
S31580E2E20868207265717569726573206120666C61D2
S31580E2E21874206465766963652D747265650A096139
S31580E2E22820746869726420617267756D656E7420A0
S31580E2E2386973207265717569726564207768696346
S31580E2E2486820697320746865206164647265737393
S31580E2E258206F66207468650A096465766963652D48
S31580E2E2687472656520626C6F622E20546F20626FCD
S31580E2E2786F742074686174206B65726E656C207742
S31580E2E2886974686F757420616E20696E69747264E8
S31580E2E29820696D6167652C0A097573652061202797
S31580E2E2A82D2720666F7220746865207365636F6EAA
S31580E2E2B86420617267756D656E742E204966207971
S31580E2E2C86F7520646F206E6F74207061737320613E
S31580E2E2D82074686972640A09612062645F696E669D
S31580E2E2E86F207374727563742077696C6C206265CB
S31580E2E2F82070617373656420696E73746561640AFC
S31580E2E3080A5375622D636F6D6D616E647320746FE7
S31580E2E31820646F2070617274206F6620746865204D
S31580E2E328626F6F746D2073657175656E63652E2095
S31580E2E33820546865207375622D636F6D6D616E64B6
S31580E2E34873206D7573742062650A69737375656483
S31580E2E35820696E20746865206F72646572206265D2
S31580E2E3686C6F77202869742773206F6B20746F200F
S31580E2E3786E6F7420697373756520616C6C20737532
S31580E2E388622D636F6D6D616E6473293A0A097374DF
S31580E2E398617274205B61646472205B617267202EAD
S31580E2E3A82E2E5D5D0A096C6F61646F7320202D20C5
S31580E2E3B86C6F6164204F5320696D6167650A0972E3
S31580E2E3C8616D6469736B202D2072656C6F6361740D
S31580E2E3D86520696E697472642C2073657420656E33
S31580E2E3E87620696E697472645F73746172742F6978
S31580E2E3F86E697472645F656E640A09666474202065
S31580E2E4082020202D2072656C6F6361746520666CAE
S31580E2E41861742064657669636520747265650A0944
S31580E2E428636D646C696E65202D204F532073706529
S31580E2E438636966696320636F6D6D616E64206C697A
S31580E2E4486E652070726F63657373696E672F736525
S31580E2E4587475700A0962647420202020202D204F6A
S31580E2E468532073706563696669632062645F7420AA
S31580E2E47870726F63657373696E670A097072657025
S31580E2E488202020202D204F532073706563696669AA
S31580E2E498632070726570206265666F726520726548
S31580E2E4A86C6F636174696F6E206F7220676F0A0999
S31580E2E4B8676F2020202020202D20737461727420BB
S31580E2E4C84F5300004898E2800000000001000000F7
S31580E2E4D801000000B0DDE280B0DDE28000000000ED
S31580E2E4E89066E2800000000001000000080000005B
S31580E2E4F8B0DDE280B0DDE280000000009766E2806F
S31580E2E508000000000100000010000000B0DDE2809B
S31580E2E518B0DDE28000000000889EE2800000000014
S31580E2E5280100000020000000B0DDE280B0DDE2807C
S31580E2E538000000009F66E280000000000100000003
S31580E2E54840000000B0DDE280B0DDE280000000003D
S31580E2E558A766E2800000000001000000800000005B
S31580E2E568B0DDE280B0DDE28000000000AB66E280EA
S31580E2E578000000000100000000010000B0DDE2803A
S31580E2E588B0DDE28000000000B066E28000000000B4
S31580E2E5980100000000020000B0DDE280B0DDE2802A
S31580E2E5A8000000002D62E280000000000100000009
S31580E2E5B800040000B0DDE280B0DDE2800000000009
S31580E2E5C8090909090909090909090909090909094B
S31580E2E5D8090909090909090909090909090909093B
S31580E2E5E8002F0061646472205B2D635D20203C61AC
S31580E2E5F86464723E205B3C6C656E6774683E5D203F
S31580E2E60820202D2053657420746865205B636F6EC5
S31580E2E61874726F6C5D20666474206C6F6361746972
S31580E2E6286F6E20746F203C616464723E0A6664741D
S31580E2E638206D6F76652020203C6664743E203C6EB1
S31580E2E6486577616464723E203C6C656E6774683E89
S31580E2E658202D20436F707920746865206664742063
S31580E2E668746F203C616464723E20616E64206D61E1
S31580E2E6786B65206974206163746976650A66647479
S31580E2E68820726573697A6520202020202020202048
S31580E2E698202020202020202020202020202020200A
S31580E2E6A8202D20526573697A652066647420746FBA
S31580E2E6B82073697A65202B2070616464696E6720AD
S31580E2E6C8746F20346B20616464720A6664742070A5
S31580E2E6D872696E7420203C706174683E205B3C707F
S31580E2E6E8726F703E5D202020202020202020202D61
S31580E2E6F820526563757273697665207072696E7485
S31580E2E708207374617274696E67206174203C7061EB
S31580E2E71874683E0A666474206C6973742020203CAF
S31580E2E728706174683E205B3C70726F703E5D20203B
S31580E2E73820202020202020202D205072696E7420EF
S31580E2E7486F6E65206C6576656C2073746172746928
S31580E2E7586E67206174203C706174683E0A666474F0
S31580E2E768206765742076616C7565203C7661723EB9
S31580E2E778203C706174683E203C70726F703E202047
S31580E2E788202D20476574203C70726F7065727479AB
S31580E2E7983E20616E642073746F726520696E203CD8
S31580E2E7A87661723E0A66647420676574206E616D6E
S31580E2E7B865203C7661723E203C706174683E203CFE
S31580E2E7C8696E6465783E2020202D20476574206E28
S31580E2E7D8616D65206F66206E6F6465203C696E6444
S31580E2E7E865783E20616E642073746F726520696E07
S31580E2E7F8203C7661723E0A6664742067657420619D
S31580E2E808646472203C7661723E203C706174683E34
S31580E2E818203C70726F703E202020202D2047657440
S31580E2E8282073746172742061646472657373206F95
S31580E2E83866203C70726F70657274793E20616E6490
S31580E2E8482073746F726520696E203C7661723E0A27
S31580E2E858666474206765742073697A65203C76619C
S31580E2E868723E203C706174683E205B3C70726F70C9
S31580E2E8783E5D20202D204765742073697A65206F76
S31580E2E88866205B3C70726F70657274793E5D206F4C
S31580E2E89872206E756D206E6F64657320616E64207A
S31580E2E8A873746F726520696E203C7661723E0A6681
S31580E2E8B8647420736574202020203C706174683EFD
S31580E2E8C8203C70726F703E205B3C76616C3E5D20C8
S31580E2E8D82020202D20536574203C70726F706572FB
S31580E2E8E874793E205B746F203C76616C3E5D0A6685
S31580E2E8F86474206D6B6E6F6465203C706174683EEB
S31580E2E908203C6E6F64653E20202020202020202037
S31580E2E9182020202D204372656174652061206E6512
S31580E2E92877206E6F6465206166746572203C7061DB
S31580E2E93874683E0A66647420726D20202020203C2A
S31580E2E948706174683E205B3C70726F703E5D202019
S31580E2E95820202020202020202D2044656C657465A7
S31580E2E96820746865206E6F6465206F72203C7072D1
S31580E2E9786F70657274793E0A66647420686561644C
S31580E2E9886572202020202020202020202020202080
S31580E2E9982020202020202020202020202D2044698D
S31580E2E9A873706C61792068656164657220696E66E8
S31580E2E9B86F0A66647420626F6F74637075203C694F
S31580E2E9C8643E202020202020202020202020202075
S31580E2E9D82020202020202D2053657420626F6F74BA
S31580E2E9E82063707569640A666474206D656D6F72FA
S31580E2E9F879203C616464723E203C73697A653E2084
S31580E2EA0820202020202020202020202D20416464E0
S31580E2EA182F557064617465206D656D6F7279206EAD
S31580E2EA286F64650A666474207273766D656D2070AC
S31580E2EA3872696E7420202020202020202020202029
S31580E2EA4820202020202020202D2053686F772063E5
S31580E2EA58757272656E74206D656D20726573657206
S31580E2EA687665730A666474207273766D656D206165
S31580E2EA786464203C616464723E203C73697A653ED4
S31580E2EA8820202020202020202D204164642061201F
S31580E2EA986D656D20726573657276650A6664742043
S31580E2EAA87273766D656D2064656C657465203C6904
S31580E2EAB86E6465783E202020202020202020202099
S31580E2EAC82D2044656C6574652061206D656D2072C4
S31580E2EAD8657365727665730A6664742063686F73B4
S31580E2EAE8656E205B3C73746172743E203C656E642D
S31580E2EAF83E5D202020202020202020202D204164D9
S31580E2EB08642F75706461746520746865202F636804
S31580E2EB186F73656E206272616E636820696E2074B7
S31580E2EB28686520747265650A2020202020202020CE
S31580E2EB382020202020202020202020202020202065
S31580E2EB482020202020202020202020202020202055
S31580E2EB583C73746172743E2F3C656E643E202D2050
S31580E2EB68696E697472642073746172742F656E64F7
S31580E2EB7820616464720A4E4F54453A204465726550
S31580E2EB88666572656E636520616C6961736573201B
S31580E2EB986279206F6D6974696E6720746865206C26
S31580E2EBA8656164696E6720272F272C20652E672E7C
S31580E2EBB820666474207072696E7420657468657202
S31580E2EBC86E6574302E00000040000000FFFFFFFFF4
S31580E2EBD80A202020202D206C69737420706172745B
S31580E2EBE86974696F6E207461626C650A6D746470AB
S31580E2EBF8617274732064656C616C6C0A20202020D3
S31580E2EC082D2064656C65746520616C6C2070617218
S31580E2EC18746974696F6E730A6D7464706172747301
S31580E2EC282064656C20706172742D69640A202020E4
S31580E2EC38202D2064656C65746520706172746974D0
S31580E2EC48696F6E2028652E672E20706172742D6931
S31580E2EC5864203D206E616E64302C31290A6D7464BD
S31580E2EC68706172747320616464203C6D74642D648F
S31580E2EC7865763E203C73697A653E5B403C6F6666A4
S31580E2EC887365743E5D205B3C6E616D653E5D205BBF
S31580E2EC98726F5D0A202020202D20616464207061D5
S31580E2ECA872746974696F6E0A6D7464706172747372
S31580E2ECB82064656661756C740A202020202D207296
S31580E2ECC86573657420706172746974696F6E207495
S31580E2ECD861626C6520746F2064656661756C7473B5
S31580E2ECE80A0A2D2D2D2D2D0A0A7468697320636F01
S31580E2ECF86D6D616E6420757365732074687265657F
S31580E2ED0820656E7669726F6E6D656E742076617255
S31580E2ED186961626C65733A0A0A277061727469740A
S31580E2ED28696F6E27202D206B656570732063757217
S31580E2ED3872656E7420706172746974696F6E206927
S31580E2ED4864656E7469666965720A0A706172746965
S31580E2ED5874696F6E20203A3D203C706172742D6929
S31580E2ED68643E0A3C706172742D69643E20203A3DA5
S31580E2ED78203C6465762D69643E2C706172745F6EA0
S31580E2ED88756D0A0A276D746469647327202D206C71
S31580E2ED98696E7578206B65726E656C206D74642019
S31580E2EDA8646576696365206964203C2D3E20752D0D
S31580E2EDB8626F6F7420646576696365206964206D25
S31580E2EDC8617070696E670A0A6D74646964733D3C42
S31580E2EDD869646D61703E5B2C3C69646D61703E2C42
S31580E2EDE82E2E2E5D0A0A3C69646D61703E202020D3
S31580E2EDF8203A3D203C6465762D69643E3D3C6D74DF
S31580E2EE08642D69643E0A3C6465762D69643E2020F9
S31580E2EE18203A3D20276E616E64277C276E6F7227C3
S31580E2EE287C276F6E656E616E64273C6465762D6EAF
S31580E2EE38756D3E0A3C6465762D6E756D3E20203A88
S31580E2EE483D206D746420646576696365206E756DB0
S31580E2EE586265722C20302E2E2E0A3C6D74642D69E2
S31580E2EE68643E2020203A3D20756E6971756520647E
S31580E2EE786576696365207461672075736564206267
S31580E2EE8879206C696E7578206B65726E656C207414
S31580E2EE986F2066696E64206D746420646576696342
S31580E2EEA86520286D74642D3E6E616D65290A0A2790
S31580E2EEB86D7464706172747327202D207061727428
S31580E2EEC86974696F6E206C6973740A0A6D7464700A
S31580E2EED8617274733D6D746470617274733D3C6D76
S31580E2EEE874642D6465663E5B3B3C6D74642D646533
S31580E2EEF8663E2E2E2E5D0A0A3C6D74642D64656626
S31580E2EF083E20203A3D203C6D74642D69643E3A3C4D
S31580E2EF18706172742D6465663E5B2C3C70617274B6
S31580E2EF282D6465663E2E2E2E5D0A3C6D74642D69CF
S31580E2EF38643E2020203A3D20756E697175652064AD
S31580E2EF486576696365207461672075736564206296
S31580E2EF5879206C696E7578206B65726E656C207443
S31580E2EF686F2066696E64206D746420646576696371
S31580E2EF786520286D74642D3E6E616D65290A3C7044
S31580E2EF886172742D6465663E203A3D203C73697AE7
S31580E2EF98653E5B403C6F66667365743E5D5B3C6E60
S31580E2EFA8616D653E5D5B3C726F2D666C61673E5D49
S31580E2EFB80A3C73697A653E20202020203A3D2073F8
S31580E2EFC874616E64617264206C696E7578206D65B1
S31580E2EFD86D73697A65204F5220272D2720746F201A
S31580E2EFE864656E6F746520616C6C2072656D6169AB
S31580E2EFF86E696E672073706163650A3C6F666673D5
S31580E2F00865743E2020203A3D207061727469746985
S31580E2F0186F6E207374617274206F6666736574208E
S31580E2F02877697468696E2074686520646576696351
S31580E2F038650A3C6E616D653E20202020203A3D209F
S31580E2F048272827204E414D45202729270A3C726FDB
S31580E2F0582D666C61673E20203A3D207768656E2092
S31580E2F06873657420746F2027726F27206D616B65D4
S31580E2F0787320706172746974696F6E2072656164F7
S31580E2F0882D6F6E6C7920286E6F7420757365642C8B
S31580E2F0982070617373656420746F206B65726E6528
S31580E2F0A86C290064656661756C74205B2D665D20EB
S31580E2F0B82D61202D205B666F726369626C795D20B3
S31580E2F0C872657365742064656661756C7420656EB5
S31580E2F0D87669726F6E6D656E740A656E76206465A2
S31580E2F0E86661756C74205B2D665D20766172205B45
S31580E2F0F82E2E2E5D202D205B666F726369626C7997
S31580E2F1085D207265736574207661726961626C6589
S31580E2F11828732920746F207468656972206465662D
S31580E2F12861756C742076616C7565730A656E762096
S31580E2F13864656C657465205B2D665D2076617220F8
S31580E2F1485B2E2E2E5D202D205B666F726369626C64
S31580E2F158795D2064656C6574652076617269616241
S31580E2F1686C652873290A656E76206578706F727485
S31580E2F178205B2D74207C202D62207C202D635D20EF
S31580E2F1885B2D732073697A655D2061646472205BA6
S31580E2F198766172202E2E2E5D202D206578706F7214
S31580E2F1A87420656E7669726F6E6D656E740A656EC9
S31580E2F1B87620696D706F7274205B2D645D205B2D9D
S31580E2F1C874207C202D62207C202D635D206164641E
S31580E2F1D872205B73697A655D202D20696D706F7226
S31580E2F1E87420656E7669726F6E6D656E740A656E89
S31580E2F1F876207072696E74205B2D61207C206E6148
S31580E2F2086D65202E2E2E5D202D207072696E7420FB
S31580E2F218656E7669726F6E6D656E740A656E762056
S31580E2F22872756E20766172205B2E2E2E5D202D20E1
S31580E2F23872756E20636F6D6D616E647320696E2080
S31580E2F248616E20656E7669726F6E6D656E74207614
S31580E2F25861726961626C650A656E7620736176654C
S31580E2F268202D207361766520656E7669726F6E6D84
S31580E2F278656E740A656E7620736574205B2D665DAD
S31580E2F288206E616D65205B617267202E2E2E5D0A87
S31580E2F29800000000010000005380E28001000000C7
S31580E2F2A800000000B07FE080B0DDE280B0DDE28081
S31580E2F2B800000000AA88E28020000000000000002A
S31580E2F2C8CC7AE080B0DDE280B0DDE280000000004A
S31580E2F2D8B188E2800400000000000000E882E08055
S31580E2F2E8B0DDE280B0DDE28000000000B888E2802E
S31580E2F2F80500000000000000687DE080B0DDE28065
S31580E2F308B0DDE28000000000BF88E28020000000D5
S31580E2F31801000000A07CE080B0DDE280B0DDE28022
S31580E2F32800000000C486E2802000000001000000A0
S31580E2F338E8FCE080B0DDE280B0DDE280000000003B
S31580E2F348C588E2800100000000000000687BE0805A
S31580E2F358B0DDE280B0DDE280000000001062E2808B
S31580E2F36820000000000000001082E080B0DDE2802C
S31580E2F378B0DDE2800000000000000000000000002E
S31580E2F38880F3E28080F3E28088F3E28088F3E280A9
S31580E2F39890F3E28090F3E28098F3E28098F3E28059
S31580E2F3A8A0F3E280A0F3E280A8F3E280A8F3E28009
S31580E2F3B8B0F3E280B0F3E280B8F3E280B8F3E280B9
S31580E2F3C8C0F3E280C0F3E280C8F3E280C8F3E28069
S31580E2F3D8D0F3E280D0F3E280D8F3E280D8F3E28019
S31580E2F3E8E0F3E280E0F3E280E8F3E280E8F3E280C9
S31580E2F3F8F0F3E280F0F3E280F8F3E280F8F3E28079
S31580E2F40800F4E28000F4E28008F4E28008F4E28024
S31580E2F41810F4E28010F4E28018F4E28018F4E280D4
S31580E2F42820F4E28020F4E28028F4E28028F4E28084
S31580E2F43830F4E28030F4E28038F4E28038F4E28034
S31580E2F44840F4E28040F4E28048F4E28048F4E280E4
S31580E2F45850F4E28050F4E28058F4E28058F4E28094
S31580E2F46860F4E28060F4E28068F4E28068F4E28044
S31580E2F47870F4E28070F4E28078F4E28078F4E280F4
S31580E2F48880F4E28080F4E28088F4E28088F4E280A4
S31580E2F49890F4E28090F4E28098F4E28098F4E28054
S31580E2F4A8A0F4E280A0F4E280A8F4E280A8F4E28004
S31580E2F4B8B0F4E280B0F4E280B8F4E280B8F4E280B4
S31580E2F4C8C0F4E280C0F4E280C8F4E280C8F4E28064
S31580E2F4D8D0F4E280D0F4E280D8F4E280D8F4E28014
S31580E2F4E8E0F4E280E0F4E280E8F4E280E8F4E280C4
S31580E2F4F8F0F4E280F0F4E280F8F4E280F8F4E28074
S31580E2F50800F5E28000F5E28008F5E28008F5E2801F
S31580E2F51810F5E28010F5E28018F5E28018F5E280CF
S31580E2F52820F5E28020F5E28028F5E28028F5E2807F
S31580E2F53830F5E28030F5E28038F5E28038F5E2802F
S31580E2F54840F5E28040F5E28048F5E28048F5E280DF
S31580E2F55850F5E28050F5E28058F5E28058F5E2808F
S31580E2F56860F5E28060F5E28068F5E28068F5E2803F
S31580E2F57870F5E28070F5E28078F5E28078F5E280EF
S31580E2F58880F5E28080F5E28088F5E28088F5E2809F
S31580E2F59890F5E28090F5E28098F5E28098F5E2804F
S31580E2F5A8A0F5E280A0F5E280A8F5E280A8F5E280FF
S31580E2F5B8B0F5E280B0F5E280B8F5E280B8F5E280AF
S31580E2F5C8C0F5E280C0F5E280C8F5E280C8F5E2805F
S31580E2F5D8D0F5E280D0F5E280D8F5E280D8F5E2800F
S31580E2F5E8E0F5E280E0F5E280E8F5E280E8F5E280BF
S31580E2F5F8F0F5E280F0F5E280F8F5E280F8F5E2806F
S31580E2F60800F6E28000F6E28008F6E28008F6E2801A
S31580E2F61810F6E28010F6E28018F6E28018F6E280CA
S31580E2F62820F6E28020F6E28028F6E28028F6E2807A
S31580E2F63830F6E28030F6E28038F6E28038F6E2802A
S31580E2F64840F6E28040F6E28048F6E28048F6E280DA
S31580E2F65850F6E28050F6E28058F6E28058F6E2808A
S31580E2F66860F6E28060F6E28068F6E28068F6E2803A
S31580E2F67870F6E28070F6E28078F6E28078F6E280EA
S31580E2F68880F6E28080F6E28088F6E28088F6E2809A
S31580E2F69890F6E28090F6E28098F6E28098F6E2804A
S31580E2F6A8A0F6E280A0F6E280A8F6E280A8F6E280FA
S31580E2F6B8B0F6E280B0F6E280B8F6E280B8F6E280AA
S31580E2F6C8C0F6E280C0F6E280C8F6E280C8F6E2805A
S31580E2F6D8D0F6E280D0F6E280D8F6E280D8F6E2800A
S31580E2F6E8E0F6E280E0F6E280E8F6E280E8F6E280BA
S31580E2F6F8F0F6E280F0F6E280F8F6E280F8F6E2806A
S31580E2F70800F7E28000F7E28008F7E28008F7E28015
S31580E2F71810F7E28010F7E28018F7E28018F7E280C5
S31580E2F72820F7E28020F7E28028F7E28028F7E28075
S31580E2F73830F7E28030F7E28038F7E28038F7E28025
S31580E2F74840F7E28040F7E28048F7E28048F7E280D5
S31580E2F75850F7E28050F7E28058F7E28058F7E28085
S31580E2F76860F7E28060F7E28068F7E28068F7E28035
S31580E2F77870F7E28070F7E28078F7E28078F7E280E5
S31580E2F788FFFFFFFF0000020000000000000000000B
S31580E2F7980000000064C7E08000800082FFFFFFFF70
S31580E2F7A8D393E280D993E280E093E2800000070077
S31580E2F7B8010000005C010008000000000103070068
S31580E2F7C8010000005C010008000000000206070054
S31580E2F7D8010000005C010008000000000309070040
S31580E2F7E8010000005C01000800000000040C07002C
S31580E2F7F8010000005C01000800000000050F070018
S31580E2F808010000005C010008000000000612070003
S31580E2F818010000005C0100080000000007150700EF
S31580E2F828010000005C0100080000000008180700DB
S31580E2F838010000005C01000800000000091B0700C7
S31580E2F848010000005C010008000000000A000700D1
S31580E2F8580100000060010008000000000B030700B9
S31580E2F8680100000060010008000000000C060700A5
S31580E2F8780100000060010008000000000D09070091
S31580E2F8880100000060010008000000000E0C07007D
S31580E2F8980100000060010008000000000F0F070069
S31580E2F8A80100000060010008000000001012070055
S31580E2F8B80100000060010008000000001115070041
S31580E2F8C8010000006001000800000000121807002D
S31580E2F8D8010000006001000800000000131B070019
S31580E2F8E80100000060010008000000001400070023
S31580E2F8F8010000006401000800000000150307000B
S31580E2F90801000000640100080000000016060700F6
S31580E2F91801000000640100080000000017090700E2
S31580E2F928010000006401000800000000180C0700CE
S31580E2F938010000006401000800000000190F0700BA
S31580E2F9480100000064010008000000001A120700A6
S31580E2F9580100000064010008000000001B15070092
S31580E2F9680100000064010008000000001C1807007E
S31580E2F9780100000064010008000000001D1B07006A
S31580E2F9880100000064010008000000001E00070074
S31580E2F9980100000068010008000000001F0307005C
S31580E2F9A80100000068010008000000002006070048
S31580E2F9B80100000068010008000000002109070034
S31580E2F9C8010000006801000800000000220C070020
S31580E2F9D8010000006801000800000000230F07000C
S31580E2F9E801000000680100080000000024120700F8
S31580E2F9F801000000680100080000000025150700E4
S31580E2FA0801000000680100080000000026180700CF
S31580E2FA18010000006801000800000000271B0700BB
S31580E2FA2801000000680100080000000028000700C5
S31580E2FA38010000006C0100080000000029030700AD
S31580E2FA48010000006C010008000000002A06070099
S31580E2FA58010000006C010008000000002B09070085
S31580E2FA68010000006C010008000000002C0C070071
S31580E2FA78010000006C010008000000002D0F07005D
S31580E2FA88010000006C010008000000002E12070049
S31580E2FA98010000006C010008000000002F15070035
S31580E2FAA8010000006C010008000000003018070021
S31580E2FAB8010000006C01000800000000311B07000D
S31580E2FAC8010000006C010008000000003200070017
S31580E2FAD801000000700100080000000033030700FF
S31580E2FAE801000000700100080000000034060700EB
S31580E2FAF801000000700100080000000035090700D7
S31580E2FB08010000007001000800000000360C0700C2
S31580E2FB18010000007001000800000000370F0700AE
S31580E2FB28010000007001000800000000381207009A
S31580E2FB380100000070010008000000003915070086
S31580E2FB480100000070010008000000003A18070072
S31580E2FB580100000070010008000000003B1B07005E
S31580E2FB680100000070010008000000003C00070068
S31580E2FB780100000074010008000000003D03070050
S31580E2FB880100000074010008000000003E0607003C
S31580E2FB980100000074010008000000003F09070028
S31580E2FBA8010000007401000800000000400C070014
S31580E2FBB8010000007401000800000000410F070000
S31580E2FBC801000000740100080000000042120700EC
S31580E2FBD801000000740100080000000043150700D8
S31580E2FBE801000000740100080000000044180700C4
S31580E2FBF8010000007401000800000000451B0700B0
S31580E2FC0801000000740100080000000046000700B9
S31580E2FC1801000000780100080000000047030700A1
S31580E2FC28010000007801000800000000480607008D
S31580E2FC380100000078010008000000004909070079
S31580E2FC480100000078010008000000004A0C070065
S31580E2FC580100000078010008000000004B0F070051
S31580E2FC680100000078010008000000004C1207003D
S31580E2FC780100000078010008000000004D15070029
S31580E2FC880100000078010008000000004E18070015
S31580E2FC980100000078010008000000004F1B070001
S31580E2FCA80100000078010008000000005000000012
S31580E2FCB80100000000000000000000005100000082
S31580E2FCC80100000000000000000000005206070064
S31580E2FCD8010000007C0100080000000053090700CB
S31580E2FCE8010000007C01000800000000340C0700D7
S31580E2FCF8010000007C01000800000000550F0700A3
S31580E2FD08010000007C01000800000000561207008E
S31580E2FD18010000007C0100080000000000000000ED
S31580E2FD280000000000000000000000000000000063
S31580E2FD380000000000000000000000000000000053
S31580E2FD480000000000000000000000000000000043
S31580E2FD580000000000000000000000000000000033
S31580E2FD680000000000000000000000000000000023
S31580E2FD780000000000000000000000000000000013
S31580E2FD880000000000000000000000000000000003
S31580E2FD9800000000000000000000000000000000F3
S31580E2FDA800000000000000000000000000000000E3
S31580E2FDB800000000000000000000000000000000D3
S31580E2FDC800000000000000000000000000000000C3
S31580E2FDD800000000000000000000000000000000B3
S31580E2FDE800000000000000000000000000000000A3
S31580E2FDF80000000000000000000000000000000093
S31580E2FE080000000000000000000000000000000082
S31580E2FE180000000000000000000000000000000072
S31580E2FE280000000000000000000000000000000062
S31580E2FE380000000000000000000000000000000052
S31580E2FE480000000000000000000000000000000042
S31580E2FE580000000000000000000000000000000032
S31580E2FE680000000000000000000000000000000022
S31580E2FE780000000000000000000000000000000012
S31580E2FE880000000000000000000000000000000002
S31580E2FE9800000000000000000000000000000000F2
S31580E2FEA800000000000000000000000000000000E2
S31580E2FEB800000000000000000000000000000000D2
S31580E2FEC800000000000000000000000000000000C2
S31580E2FED800000000000000000000000000000000B2
S31580E2FEE800000000000000000000000000000000A2
S31580E2FEF80000000000000000000000000000000092
S31580E2FF080000000000000000000000000000000081
S31580E2FF180000000000000000000000000000000071
S31580E2FF280000000000000000000000000000000061
S31580E2FF380000000000000000000000000000000051
S31580E2FF480000000000000000000000000000000041
S31580E2FF58000000000000000000000000FFFFFFFF35
S31580E2FF681820C200000010325470600000000000C1
S31580E2FF78F84CE180F848E1801720C2000000103290
S31580E2FF885470600000000000F84CE180F848E18097
S31580E2FF9817702000000010325470600000000000E4
S31580E2FFA8F84CE180F848E1801870200000001032B1
S31580E2FFB85470600000000000F84CE180F848E18067
S31580E2FFC81740200000001032547698EA0F000000AD
S31580E2FFD8F84CE1808048E180184020000000103229
S31580E2FFE8547698EA0F000000F84CE1808048E18078
S31580E2FFF817701C0000001032547060000000000088
S31580E30008F84CE180F848E1801840C80000001032D7
S31580E30018547698EA0F000000F84CE1808048E18046
S31580E300281740C80000001032547698EA0F000000A3
S31580E30038F84CE1808048E1801640EF0000001032FA
S31580E30048547698EB0F000000F84CE1808048E18015
S31580E300581840EF0000001032547698EB0F0000004A
S31580E30068F84CE1808048E1801940EF0000001032C7
S31580E30078547698EB0F110100F84CE1808048E180D3
S31580E300881732F80000001032047098EA0F00000077
S31580E30098F84CE1808048E1801740A10000001032E7
S31580E300A8047098EA0F000000F84CE1808048E1800C
S31580E300B81840A10000001032047098EA0F0000008F
S31580E300C8F84CE1808048E1801840680000001032EF
S31580E300D8547698EA0F000000F84CE1808048E18086
S31580E300E81740680000001032547698EA0F00000043
S31580E300F8F84CE1808048E1801840680000001032BF
S31580E30108547698EA0F000000F84CE1808048E18055
S31580E301181740680000001032547698EA0F00000012
S31580E30128F84CE1808048E18016405E00000010329A
S31580E30138047098E00F000000F84CE1808048E18085
S31580E3014817405E0000001032047098E00F0000004C
S31580E30158F84CE1808048E18018405E000000103268
S31580E30168047098E00F000000F84CE1808048E18055
S31580E3017817400B0000001032547698EA0F0000000F
S31580E30188F84CE180F848E18018400B000000103213
S31580E30198547698EA0F000000F84CE180F848E1804D
S31580E301A817225200000010325486A970000000001E
S31580E301B8F84CE1808048E180182152000000103233
S31580E301C85486A97000000000F84CE180F848E18085
S31580E301D81940C80000001032540060000000000097
S31580E301E8F84CE180F848E180000000000000103216
S31580E301F8547698EA0F000000F84CE1808048E18065
S31580E30208F4C8F4C800001000547689EA2F03000086
S31580E30218F2C8F2C800001000547689EA2F0300007A
S31580E30228F1C8F1C800001000547689EA2F0300006C
S31580E30238D1C8D1C800001000547689EA2F0300009C
S31580E30248D2C8D2C800001000547689EA2F0300008A
S31580E30258B1C848B100001000547689EA2F0300003C
S31580E302687F7F21C800001000547689EA2F030000B7
S31580E3027831C831C800001000547689EA2F0300009C
S31580E30288E1A1E1A100001000547689EA2F0300007A
S31580E3029812C212C200001000547689EA2F030000C6
S31580E302A80000000000001032547698EA0F00000040
S31580E302B8616B736572300000000000000000000087
S31580E302C8B064E18000000000C464E1804465E180B5
S31580E302D81466E180C465E1806466E180000000001D
S31580E302E8616B736572310000000000000000000056
S31580E302F8B864E18000000000C064E1804C65E18079
S31580E303081C66E180CC65E1806C66E18000000000D4
S31580E303180005200300052003000000000000050017
S31580E30328000000000000000000000000000000005C
S31580E30338000000000000000000000000000000004C
S31580E30348000000000000000000000000000000003C
S31580E30358000000000000000000000000000000002C
S31580E30368000000000000000000000000000000001C
S31580E30378000000000000000000000000010000000B
S31580E30388E49CE180F0A9E18048AAE18000000000CE
S31580E3039884AAE1800000000088AAE180A0AAE1801F
S31580E303A8A8AAE180B0AAE180B8AAE18001000000AA
S31580E303B8FFFFFFFFFFFFFFFFFFFF00000A000000CC
S31380E303C80A000000BC05000050C300000002DE
S31180E303D8000000000000000000000000B0
S31580E303E4AA74E28002000000010000008846E080EF
S31580E303F4AF74E280CB74E280000000006766E2803B
S31580E3040420000000010000006425E0806D66E28040
S31580E3041440E1E28000000000E883E280030000001C
S31580E3042401000000047AE080EE83E280BE83E2800A
S31580E30434000000007E82E2800200000000000000EB
S31580E304448070E0808582E2809D82E2800000000005
S31580E30454BEA5E280010000000100000058E9E080C7
S31580E30464C2A5E280B0DDE280000000009675E280FA
S31580E304740400000001000000AC47E0809A75E28046
S31580E30484A975E28000000000C875E28004000000DC
S31580E3049401000000E04AE080CB75E280D775E28014
S31580E304A4000000003A75E2800400000001000000C9
S31580E304B4104CE0804075E2805575E28000000000D0
S31580E304C45E72E28020000000010000007C7BE08015
S31580E304D48C88E280ABF0E280000000000B67E28068
S31580E304E40300000001000000FC26E0801367E2803D
S31580E304F43667E280000000002368E280070000009C
S31580E3050400000000CC26E0802B68E2805268E2801B
S31580E30514000000009467E28004000000010000000C
S31580E30524E426E0809A67E280C067E2800000000008
S31580E30534889EE280FF00000000000000BC2AE08081
S31580E305449F6FE280EBE5E2800000000000CBE2806F
S31580E3055402000000010000006846E0805272E280F7
S31580E305644972E280000000002D62E28020000000F0
S31580E3057401000000501CE0803062E2805462E28035
S31580E3058400000000D96FE280200000000100000033
S31580E30594003BE080DE6FE280FE6FE28000000000D5
S31580E305A42173E2800400000000000000DC3DE0806B
S31580E305B42773E2809272E28000000000FF70E2809B
S31580E305C40400000000000000DC3DE080F172E2807C
S31580E305D49272E28000000000BA70E28004000000B8
S31580E305E400000000DC3DE0806272E2809272E28089
S31580E305F4000000005F74E280030000000100000055
S31580E306040849E0806474E2808374E2800000000039
S31580E3061420A6E2800300000001000000F449E080A4
S31580E306249876E280A776E280000000006B76E2802B
S31580E3063402000000010000003C4EE0806E76E2801A
S31580E306445676E2800000000072D5E2800600000060
S31580E30654010000004C4EE0802B79E2803A79E28017
S31580E3066400000000247AE28001000000000000001C
S31580E30674E852E0802C7AE2803D7AE2800000000052
S31580E30684365EE28006000000000000005471E080DC
S31580E306946182E280D8EBE28000000000F875E280B4
S31580E306A40400000001000000C846E080FB75E28098
S31580E306B40F76E280000000003276E28002000000DA
S31580E306C401000000444EE0803576E2805676E2808F
S31580E306D4000000005283E280020000000100000073
S31580E306E4507AE0805783E2807E83E28000000000D4
S31580E306F4E987E2802000000001000000A07CE0801E
S31580E30704F287E2800E88E28040A4E080C66FE280CE
S31580E307142000000001000000003BE080C86FE28017
S31580E30724B0DDE280000000000E62E280010000009A
S31580E3073400000000941BE0801462E280B0DDE28076
S31580E3074400000000C486E28020000000010000006F
S31580E30754E8FCE080C886E280F086E28040A4E0801C
S31580E30764CA88E2800100000000000000687BE08024
S31580E30774D288E280B0DDE280000000003F8CE28034
S31580E307840700000000000000408BE0804A8CE28092
S31580E307945268E280000000004886E2802000000080
S31580E307A4000000001082E0803687E2805087E28092
S31580E307B440A4E080968FE2800600000001000000FA
S31580E307C4E495E080998FE280AF8FE28000000000B9
S31580E307D48A83E2800300000001000000107AE0804F
S31580E307E49383E280BE83E28000000000D892E280B5
S31580E307F40700000000000000CC9DE0804A8CE28084
S31580E308045268E280000000000B93E280010000005E
S31580E30814010000005CA1E080E892E280B0DDE28042
S31580E3082400000000EE5DE280D068E18050D0E28093
S31580E308342822E280E594E28074BEE0805794E280E5
S31580E3084464ADE080DA96E28018C5E080AB8AE28024
S30980E30854E8DDE08012
S31580E308582000E080170000002400E08017000000F5
S31580E308682800E080170000002C00E08017000000D5
S31580E308783000E080170000003400E08017000000B5
S31580E308883800E08017000000E008E08017000000E9
S31580E30898080CE08017000000840DE0801700000054
S31580E308A8DC0EE080170000002C10E08017000000C3
S31580E308B83010E080170000001411E0801700000074
S31580E308C81C11E080170000002011E080170000006B
S31580E308D88011E080170000008411E0801700000093
S31580E308E88811E080170000008C11E0801700000073
S31580E308F8A011E08017000000B811E080170000001F
S31580E30908EC11E080170000001C12E080170000005D
S31580E309181413E080170000001813E0801700000026
S31580E309281C13E080170000007413E08017000000B2
S31580E309387813E080170000007C13E080170000003E
S31580E309488013E08017000000A413E08017000000FE
S31580E30958A813E08017000000D413E0801700000096
S31580E309684415E080170000004C15E080170000006E
S31580E309785815E080170000005C15E080170000003A
S31580E309886015E080170000009816E08017000000E5
S31580E309989C16E08017000000A416E080170000008C
S31580E309A8A816E08017000000AC16E0801700000068
S31580E309B8B016E08017000000B416E0801700000048
S31580E309C8B816E08017000000C016E0801700000024
S31580E309D8C416E08017000000C816E0801700000000
S31580E309E8CC16E08017000000D016E08017000000E0
S31580E309F87817E080170000007C17E0801700000076
S31580E30A088017E080170000008417E0801700000055
S31580E30A188817E08017000000A818E0801700000018
S31580E30A28AC18E08017000000B018E08017000000DB
S31580E30A38B818E080170000005019E080170000001E
S31580E30A485419E080170000005819E0801700000069
S31580E30A589419E08017000000AC1AE08017000000C4
S31580E30A68B01AE08017000000B41AE080170000008F
S31580E30A78B81AE08017000000BC1AE080170000006F
S31580E30A88C01AE08017000000C41AE080170000004F
S31580E30A98C81AE08017000000CC1AE080170000002F
S31580E30AA8D01AE08017000000F01AE08017000000F3
S31580E30AB8101BE08017000000301BE0801700000061
S31580E30AC8501BE08017000000701BE08017000000D1
S31580E30AD8901BE08017000000C01BE0801700000031
S31580E30AE8B41CE08017000000B81CE0801700000003
S31580E30AF8D024E08017000000D424E08017000000AB
S31580E30B08D824E08017000000DC24E080170000008A
S31580E30B18E424E08017000000E824E0801700000062
S31580E30B28EC24E08017000000F024E0801700000042
S31580E30B38F424E08017000000F824E0801700000022
S31580E30B48FC24E080170000000025E0801700000001
S31580E30B580425E080170000000825E08017000000E0
S31580E30B680C25E080170000001025E08017000000C0
S31580E30B781425E080170000001825E08017000000A0
S31580E30B881C25E080170000002025E0801700000080
S31580E30B982425E080170000002825E0801700000060
S31580E30BA82C25E080170000003025E0801700000040
S31580E30BB83425E080170000003825E0801700000020
S31580E30BC83C25E080170000004025E0801700000000
S31580E30BD84425E080170000004825E08017000000E0
S31580E30BE84C25E080170000005025E08017000000C0
S31580E30BF85425E080170000005825E08017000000A0
S31580E30C085C25E080170000006025E080170000007F
S31580E30C184426E080170000004826E080170000009D
S31580E30C284C26E08017000000BC26E0801700000011
S31580E30C38C026E08017000000C426E0801700000085
S31580E30C48C826E080170000008427E08017000000AC
S31580E30C588827E080170000007028E08017000000EE
S31580E30C687428E080170000007828E08017000000E9
S31580E30C787C28E080170000008028E08017000000C9
S31580E30C881829E08017000000742AE0801700000026
S31580E30C98782AE080170000007C2AE08017000000AD
S31580E30CA8802AE08017000000842AE080170000008D
S31580E30CB8882AE080170000008C2AE080170000006D
S31580E30CC8902AE08017000000942AE080170000004D
S31580E30CD8982AE080170000009C2AE080170000002D
S31580E30CE8B42AE08017000000B82AE08017000000E5
S31580E30CF83833E080170000003C33E08017000000BB
S31580E30D084033E080170000004433E080170000009A
S31580E30D184833E080170000004C33E080170000007A
S31580E30D285033E080170000005433E080170000005A
S31580E30D385833E08017000000043AE080170000008B
S31580E30D48083AE080170000000C3AE08017000000BC
S31580E30D58103AE08017000000143AE080170000009C
S31580E30D68183AE080170000001C3AE080170000007C
S31580E30D78203AE08017000000243AE080170000005C
S31580E30D88283AE080170000002C3AE080170000003C
S31580E30D98303AE08017000000343AE080170000001C
S31580E30DA8383AE080170000003C3AE08017000000FC
S31580E30DB8403AE08017000000443AE08017000000DC
S31580E30DC8483AE080170000004C3AE08017000000BC
S31580E30DD8503AE08017000000543AE080170000009C
S31580E30DE8583AE080170000005C3AE080170000007C
S31580E30DF8603AE08017000000643AE080170000005C
S31580E30E08683AE080170000006C3AE080170000003B
S31580E30E18703AE08017000000743AE080170000001B
S31580E30E28783AE080170000007C3AE08017000000FB
S31580E30E38803AE08017000000843AE08017000000DB
S31580E30E48883AE080170000008C3AE08017000000BB
S31580E30E58903AE08017000000943AE080170000009B
S31580E30E68983AE080170000009C3AE080170000007B
S31580E30E78A03AE08017000000A43AE080170000005B
S31580E30E88A83AE08017000000AC3AE080170000003B
S31580E30E98B03AE08017000000B43AE080170000001B
S31580E30EA8B83AE08017000000BC3AE08017000000FB
S31580E30EB8C03AE08017000000C43AE08017000000DB
S31580E30EC8C83AE08017000000CC3AE08017000000BB
S31580E30ED8D03AE08017000000D43AE080170000009B
S31580E30EE8D83AE08017000000DC3AE080170000007B
S31580E30EF8E03AE08017000000E43AE080170000005B
S31580E30F08E83AE08017000000EC3AE080170000003A
S31580E30F18F03AE08017000000F43AE080170000001A
S31580E30F28F83AE08017000000FC3AE08017000000FA
S31580E30F383C3BE08017000000403BE0801700000060
S31580E30F48683BE080170000006C3BE08017000000F8
S31580E30F58703BE08017000000A83BE08017000000A4
S31580E30F68AC3BE08017000000B03BE0801700000050
S31580E30F78B43BE08017000000B83BE0801700000030
S31580E30F88BC3BE08017000000F43BE08017000000DC
S31580E30F98F83BE08017000000FC3BE0801700000088
S31580E30FA8003CE08017000000043CE0801700000066
S31580E30FB8083CE08017000000043DE080170000004D
S31580E30FC8083DE080170000000C3DE0801700000034
S31580E30FD8103DE08017000000583DE08017000000D0
S31580E30FE85C3DE08017000000883DE0801700000044
S31580E30FF8D03DE08017000000D43DE0801700000074
S31580E31008D83DE080170000003C45E08017000000EB
S31580E310184445E080170000004845E080170000005B
S31580E310284C45E080170000005045E080170000003B
S31580E310385445E080170000005845E080170000001B
S31580E310485C45E080170000006045E08017000000FB
S31580E310586445E080170000006845E08017000000DB
S31580E310686C45E080170000007045E08017000000BB
S31580E310787445E080170000007845E080170000009B
S31580E310887C45E080170000008045E080170000007B
S31580E310988445E080170000008845E080170000005B
S31580E310A88C45E080170000009045E080170000003B
S31580E310B89445E080170000009845E080170000001B
S31580E310C89C45E08017000000A045E08017000000FB
S31580E310D8A445E08017000000A845E08017000000DB
S31580E310E8AC45E08017000000B445E08017000000B7
S31580E310F85446E080170000005846E0801700000059
S31580E311086046E080170000006446E0801700000030
S31580E311188446E08017000000C046E08017000000A0
S31580E31128C446E08017000000A047E080170000006F
S31580E31138A447E08017000000A847E0801700000076
S31580E31148F048E08017000000F448E08017000000CC
S31580E31158F848E08017000000FC48E08017000000AC
S31580E311680049E080170000000449E080170000008A
S31580E31178D04AE08017000000D44AE08017000000D8
S31580E31188D84AE08017000000DC4AE08017000000B8
S31580E31198004CE08017000000044CE0801700000054
S31580E311A8084CE080170000000C4CE0801700000034
S31580E311B8A44CE08017000000A84CE08017000000EC
S31580E311C8104EE08017000000144EE0801700000000
S31580E311D8184EE080170000001C4EE08017000000E0
S31580E311E8204EE08017000000244EE08017000000C0
S31580E311F8284EE080170000002C4EE08017000000A0
S31580E31208304EE08017000000344EE080170000007F
S31580E31218384EE080170000008C52E080170000000B
S31580E312289052E080170000009452E0801700000097
S31580E312389852E080170000009C52E0801700000077
S31580E31248A052E08017000000A452E0801700000057
S31580E31258A852E08017000000AC52E0801700000037
S31580E31268B052E08017000000B452E0801700000017
S31580E31278B852E08017000000BC52E08017000000F7
S31580E31288C052E08017000000C452E08017000000D7
S31580E31298C852E08017000000CC52E08017000000B7
S31580E312A8D052E08017000000D452E0801700000097
S31580E312B8D852E08017000000DC52E0801700000077
S31580E312C8E052E08017000000E452E0801700000057
S31580E312D84854E080170000004C54E0801700000073
S31580E312E85054E080170000005454E0801700000053
S31580E312F85854E080170000005C54E0801700000033
S31580E313086054E080170000006454E0801700000012
S31580E313186854E080170000006C54E08017000000F2
S31580E313287054E080170000007454E08017000000D2
S31580E313387854E080170000007C54E08017000000B2
S31580E313488054E080170000008454E0801700000092
S31580E313588854E080170000008C54E0801700000072
S31580E313689054E080170000009454E0801700000052
S31580E31378D855E08017000000E055E08017000000AC
S31580E31388E855E08017000000EC55E0801700000080
S31580E31398E058E08017000000E458E080170000007A
S31580E313A8E858E08017000000F058E0801700000056
S31580E313B8F458E080170000005859E08017000000D1
S31580E313C8C059E08017000000C459E0801700000088
S31580E313D8C859E08017000000CC59E0801700000068
S31580E313E8D059E08017000000105DE0801700000008
S31580E313F8145DE08017000000185DE08017000000A8
S31580E314081C5DE08017000000205DE0801700000087
S31580E31418245DE08017000000285DE0801700000067
S31580E314282C5DE08017000000305DE0801700000047
S31580E314387C5DE08017000000845EE0801700000092
S31580E31448885EE080170000008C5EE080170000006D
S31580E31458905EE08017000000945EE080170000004D
S31580E31468985EE08017000000245FE08017000000A4
S31580E31478285FE080170000002C5FE08017000000FB
S31580E31488305FE08017000000C460E080170000004A
S31580E31498C860E08017000000CC60E0801700000099
S31580E314A8D060E08017000000D460E0801700000079
S31580E314B8D860E08017000000DC60E0801700000059
S31580E314C8E060E080170000008C61E0801700000090
S31580E314D89061E080170000009461E08017000000C7
S31580E314E89861E080170000009C61E08017000000A7
S31580E314F83C62E080170000004062E080170000004D
S31580E315084462E080170000004862E080170000002C
S31580E315184C62E080170000005062E080170000000C
S31580E315285462E080170000005862E08017000000EC
S31580E315388062E080170000008462E0801700000084
S31580E31548F862E08017000000FC62E0801700000084
S31580E315580063E080170000001464E0801700000051
S31580E315681864E080170000001C64E0801700000020
S31580E31578AC69E08017000000B069E08017000000DE
S31580E31588B869E08017000000BC69E08017000000B6
S31580E31598C069E08017000000C469E0801700000096
S31580E315A8C869E08017000000CC69E0801700000076
S31580E315B8D069E08017000000D469E0801700000056
S31580E315C8D869E08017000000DC69E0801700000036
S31580E315D8E069E08017000000E469E0801700000016
S31580E315E8E869E08017000000EC69E08017000000F6
S31580E315F8F069E08017000000F469E08017000000D6
S31580E31608F869E08017000000FC69E08017000000B5
S31580E31618006AE08017000000046AE0801700000093
S31580E316280C70E080170000001070E080170000005F
S31580E316381470E080170000001870E080170000003F
S31580E316481C70E080170000002070E080170000001F
S31580E316582470E080170000002870E08017000000FF
S31580E316682C70E080170000003070E08017000000DF
S31580E316783470E080170000003870E08017000000BF
S31580E316883C70E080170000004070E080170000009F
S31580E316984470E080170000004870E080170000007F
S31580E316A84C70E080170000005070E080170000005F
S31580E316B85470E080170000005870E080170000003F
S31580E316C85C70E080170000006070E080170000001F
S31580E316D86470E080170000006870E08017000000FF
S31580E316E86C70E080170000007070E08017000000DF
S31580E316F87470E080170000007870E08017000000BF
S31580E317087C70E080170000003871E08017000000E5
S31580E317183C71E080170000004071E080170000000C
S31580E317284471E080170000004871E08017000000EC
S31580E317384C71E080170000005071E08017000000CC
S31580E31748C476E08017000000C876E08017000000C2
S31580E31758CC76E08017000000D076E08017000000A2
S31580E31768D476E08017000000D876E0801700000082
S31580E31778DC76E08017000000E076E0801700000062
S31580E31788E476E08017000000E876E0801700000042
S31580E31798EC76E08017000000F076E0801700000022
S31580E317A8F476E08017000000F876E0801700000002
S31580E317B8FC76E080170000000077E08017000000E1
S31580E317C80477E080170000000877E08017000000C0
S31580E317D80C77E080170000001077E08017000000A0
S31580E317E81477E080170000001877E0801700000080
S31580E317F81C77E080170000002077E0801700000060
S31580E318082477E080170000002877E080170000003F
S31580E318182C77E080170000003077E080170000001F
S31580E318283477E080170000003877E08017000000FF
S31580E318383C77E08017000000B079E080170000006D
S31580E31848B479E08017000000B879E08017000000DB
S31580E31858BC79E08017000000C079E08017000000BB
S31580E31868C479E08017000000C879E080170000009B
S31580E31878CC79E08017000000D079E080170000007B
S31580E31888D479E08017000000D879E080170000005B
S31580E31898DC79E08017000000E079E080170000003B
S31580E318A8E479E08017000000E879E080170000001B
S31580E318B8EC79E08017000000F079E08017000000FB
S31580E318C8F479E08017000000F879E08017000000DB
S31580E318D8FC79E08017000000007AE08017000000BA
S31580E318E8C07AE08017000000C47AE0801700000021
S31580E318F8C87AE08017000000607BE080170000006C
S31580E31908647BE08017000000DC7BE0801700000042
S31580E31918947CE08017000000987CE0801700000044
S31580E319289C7CE08017000000607DE0801700000063
S31580E31938647DE08017000000847FE0801700000064
S31580E31948887FE080170000008C7FE0801700000026
S31580E31958907FE08017000000947FE0801700000006
S31580E31968987FE080170000009C7FE08017000000E6
S31580E31978A07FE08017000000A47FE08017000000C6
S31580E31988A87FE080170000005480E08017000000FD
S31580E31998F881E08017000000FC81E08017000000F2
S31580E319A80082E080170000000482E08017000000D0
S31580E319B80882E080170000000C82E08017000000B0
S31580E319C83882E080170000009082E08017000000EC
S31580E319D8E482E080170000002885E0801700000095
S31580E319E82C85E080170000003085E0801700000032
S31580E319F83485E080170000003885E0801700000012
S31580E31A083C85E080170000004485E08017000000ED
S31580E31A184885E080170000008486E0801700000090
S31580E31A28FC86E080170000001089E080170000003C
S31580E31A381489E080170000001889E0801700000009
S31580E31A482089E080170000002889E08017000000DD
S31580E31A583489E080170000007C89E0801700000065
S31580E31A68188AE08017000000388BE08017000000B2
S31580E31A789C90E08017000000A090E08017000000AB
S31580E31A88A490E08017000000A890E080170000008B
S31580E31A98AC90E08017000000B090E080170000006B
S31580E31AA8B490E08017000000B890E080170000004B
S31580E31AB8BC90E08017000000C090E080170000002B
S31580E31AC8C490E08017000000C890E080170000000B
S31580E31AD8CC90E08017000000D090E08017000000EB
S31580E31AE8D490E08017000000D890E08017000000CB
S31580E31AF8DC90E08017000000E090E08017000000AB
S31580E31B08E490E08017000000E890E080170000008A
S31580E31B18EC90E08017000000F090E080170000006A
S31580E31B28F890E08017000000FC90E0801700000042
S31580E31B380091E080170000000491E0801700000020
S31580E31B480C91E080170000001091E08017000000F8
S31580E31B581491E080170000001C91E08017000000D4
S31580E31B682091E080170000002491E08017000000B0
S31580E31B782891E080170000002C91E0801700000090
S31580E31B883491E080170000005892E0801700000047
S31580E31B985C92E080170000006C92E08017000000FA
S31580E31BA87C92E080170000008C92E08017000000AA
S31580E31BB89C92E08017000000AC92E080170000005A
S31580E31BC8BC92E08017000000CC92E080170000000A
S31580E31BD8DC92E08017000000EC92E08017000000BA
S31580E31BE8FC92E080170000000C93E0801700000069
S31580E31BF81C93E08017000000A094E08017000000A3
S31580E31C08A494E080170000009895E0801700000010
S31580E31C189C95E08017000000349DE0801700000063
S31580E31C28389DE080170000003C9DE08017000000A7
S31580E31C38409DE08017000000449DE0801700000087
S31580E31C48489DE080170000004C9DE0801700000067
S31580E31C58509DE08017000000549DE0801700000047
S31580E31C68589DE080170000005C9DE0801700000027
S31580E31C78609DE08017000000649DE0801700000007
S31580E31C88689DE080170000006C9DE08017000000E7
S31580E31C98709DE08017000000749DE08017000000C7
S31580E31CA8789DE080170000007C9DE08017000000A7
S31580E31CB8849DE08017000000889DE080170000007F
S31580E31CC88C9DE08017000000909DE080170000005F
S31580E31CD8949DE08017000000989DE080170000003F
S31580E31CE89C9DE08017000000A09DE080170000001F
S31580E31CF8A49DE08017000000A89DE08017000000FF
S31580E31D08AC9DE08017000000B09DE08017000000DE
S31580E31D18B49DE08017000000B89DE08017000000BE
S31580E31D28BC9DE08017000000C09DE080170000009E
S31580E31D38C49DE08017000000C89DE080170000007E
S31580E31D482CA1E0801700000030A1E0801700000096
S31580E31D5834A1E0801700000038A1E0801700000076
S31580E31D683CA1E0801700000040A1E0801700000056
S31580E31D7844A1E0801700000048A1E0801700000036
S31580E31D884CA1E0801700000050A1E0801700000016
S31580E31D9854A1E0801700000058A1E08017000000F6
S31580E31DA888A1E080170000008CA1E080170000007E
S31580E31DB890A1E0801700000054A2E080170000009D
S31580E31DC858A2E08017000000B4A2E0801700000064
S31580E31DD8B8A2E08017000000BCA2E08017000000EC
S31580E31DE838A4E080170000003CA4E08017000000D8
S31580E31DF8B4A4E08017000000B8A4E08017000000D0
S31580E31E0804A9E0801700000008A9E0801700000015
S31580E31E180CA9E0801700000010A9E08017000000F5
S31580E31E2814A9E0801700000018A9E08017000000D5
S31580E31E381CA9E0801700000024A9E08017000000B1
S31580E31E4828A9E0801700000084A9E0801700000035
S31580E31E5840AAE08017000000E0AAE08017000000AF
S31580E31E68E4AAE0801700000008ABE08017000000D2
S31580E31E782CABE08017000000A4ABE08017000000DD
S31580E31E88D4ABE08017000000B0ACE0801700000018
S31580E31E98B4ACE08017000000CCACE080170000000B
S31580E31EA8DCACE08017000000F0ACE08017000000AF
S31580E31EB814AEE0801700000018AEE080170000003B
S31580E31EC81CAEE0801700000020AEE080170000001B
S31580E31ED8C4AEE08017000000C8AEE08017000000BB
S31580E31EE8CCAEE08017000000D0AEE080170000009B
S31580E31EF8D4AEE08017000000D8AEE080170000007B
S31580E31F08DCAEE08017000000E0AEE080170000005A
S31580E31F18BCAFE08017000000C0AFE0801700000088
S31580E31F2828B0E080170000002CB0E080170000009E
S31580E31F3830B0E0801700000068B0E080170000004A
S31580E31F486CB0E0801700000070B0E08017000000F6
S31580E31F5834B1E0801700000038B1E0801700000054
S31580E31F683CB1E0801700000064B3E080170000000E
S31580E31F7868B3E080170000006CB3E08017000000C8
S31580E31F885CB9E0801700000060B9E08017000000C4
S31580E31F9864B9E080170000006CB9E08017000000A0
S31580E31FA870B9E0801700000074B9E080170000007C
S31580E31FB878B9E080170000007CB9E080170000005C
S31580E31FC850BAE08017000000F8BDE08017000000F3
S31580E31FD86CBEE0801700000070BEE080170000004A
S31580E31FE8ACBEE08017000000B0BEE08017000000BA
S31580E31FF8B4BEE08017000000B8BEE080170000009A
S31580E320084CBFE08017000000E8BFE08017000000BF
S31580E32018ECBFE0801700000018C0E08017000000DE
S31580E3202858C0E0801700000058C1E0801700000020
S31580E320385CC1E0801700000060C1E0801700000003
S31580E3204868C1E080170000006CC1E08017000000DB
S31580E3205870C1E0801700000074C1E08017000000BB
S31580E32068A4C1E08017000000ACC1E080170000003F
S31580E3207844C3E0801700000048C3E08017000000EF
S31580E320884CC3E0801700000050C3E08017000000CF
S31580E3209854C3E0801700000058C3E08017000000AF
S31580E320A85CC3E0801700000060C3E080170000008F
S31580E320B864C3E0801700000068C3E080170000006F
S31580E320C86CC3E0801700000070C3E080170000004F
S31580E320D874C3E0801700000078C3E080170000002F
S31580E320E87CC3E08017000000ACC3E08017000000E3
S31580E320F88CC4E0801700000090C4E08017000000DD
S31580E3210894C4E0801700000004C5E080170000004F
S31580E3211850C5E0801700000054C5E0801700000032
S31580E3212858C5E080170000005CC5E0801700000012
S31580E32138A8C5E08017000000ACC5E0801700000062
S31580E3214800C6E0801700000004C6E08017000000A0
S31580E32158ACC6E08017000000B0C6E0801700000038
S31580E3216854C7E0801700000058C7E08017000000D6
S31580E321785CC7E0801700000060C7E08017000000B6
S31580E32188B0C7E08017000000B4C7E08017000000FE
S31580E32198B8C7E08017000000BCC7E08017000000DE
S31580E321A8C0C7E08017000000C4C7E08017000000BE
S31580E321B868CAE080170000006CCAE0801700000058
S31580E321C870CAE0801700000074CAE0801700000038
S31580E321D878CAE080170000007CCAE0801700000018
S31580E321E880CAE08017000000DCCBE080170000009F
S31580E321F8E4CBE08017000000ECCBE080170000001A
S31580E32208F0CBE08017000000F4CBE08017000000F5
S31580E32218F8CBE08017000000FCCBE08017000000D5
S31580E3222804CCE080170000000CCCE08017000000A7
S31580E3223810CCE0801700000014CCE0801700000083
S31580E32248B0CCE08017000000B4CCE0801700000033
S31580E32258B8CCE08017000000D4CCE08017000000FB
S31580E3226828CEE080170000002CCEE080170000001F
S31580E3227830CEE0801700000034CEE08017000000FF
S31580E3228838CEE080170000003CCEE08017000000DF
S31580E3229840CEE0801700000044CEE08017000000BF
S31580E322A848CEE080170000004CCEE080170000009F
S31580E322B850CEE0801700000054CEE080170000007F
S31580E322C858CEE080170000005CCEE080170000005F
S31580E322D860CEE0801700000064CEE080170000003F
S31580E322E868CEE080170000006CCEE080170000001F
S31580E322F870CEE0801700000094D0E08017000000DD
S31580E3230898D0E080170000009CD0E080170000009A
S31580E32318A0D0E08017000000A4D0E080170000007A
S31580E32328A8D0E08017000000A0D1E0801700000065
S31580E32338A4D1E08017000000A8D1E0801700000050
S31580E32348ACD1E08017000000B0D1E0801700000030
S31580E32358B4D1E08017000000E4D3E08017000000E2
S31580E32368E8D3E08017000000ECD3E0801700000094
S31580E32378F0D3E08017000000F4D3E0801700000074
S31580E32388F8D3E08017000000FCD3E0801700000054
S31580E3239800D4E0801700000004D4E0801700000032
S31580E323A808D4E080170000000CD4E0801700000012
S31580E323B884D5E080170000009CD7E08017000000F2
S31580E323C8A0D7E08017000000A4D7E08017000000BC
S31580E323D8A8D7E08017000000ACD7E080170000009C
S31580E323E8B0D7E08017000000B4D7E080170000007C
S31580E323F8B8D7E08017000000BCD7E080170000005C
S31580E32408C0D7E08017000000C4D7E080170000003B
S31580E32418ECD7E08017000000F0D7E08017000000D3
S31580E3242878D8E08017000000ECD9E0801700000038
S31580E32438F0D9E08017000000F4D9E08017000000A7
S31580E32448F8D9E08017000000FCD9E0801700000087
S31580E3245800DAE0801700000004DAE0801700000065
S31580E3246894DCE0801700000098DCE0801700000029
S31580E324789CDCE08017000000A0DCE0801700000009
S31580E32488A4DCE08017000000A8DCE08017000000E9
S31580E32498ACDCE08017000000B0DCE08017000000C9
S31580E324A8B4DCE08017000000B8DCE08017000000A9
S31580E324B8BCDCE08017000000C0DCE0801700000089
S31580E324C8C4DCE08017000000C8DCE0801700000069
S31580E324D8CCDCE08017000000D4DDE0801700000044
S31580E324E8DCDDE08017000000E0DDE0801700000017
S31580E324F8E4DDE080170000001CDEE08017000000C2
S31580E32508D0DFE0801700000028E0E08017000000B5
S31580E325182CE0E080170000005CE0E0801700000014
S31580E3252894E0E0801700000098E0E0801700000060
S31580E32538D8E0E08017000000DCE0E08017000000C8
S31580E32548F0E0E08017000000F4E0E0801700000088
S31580E3255808E1E080170000000CE1E0801700000046
S31580E3256820E1E0801700000024E1E0801700000006
S31580E32578B0E2E08017000000B4E2E08017000000D4
S31580E32588B8E2E08017000000BCE2E08017000000B4
S31580E32598C0E2E08017000000C4E2E0801700000094
S31580E325A8C8E2E08017000000CCE2E0801700000074
S31580E325B8D0E2E08017000000D4E2E0801700000054
S31580E325C868E5E080170000006CE5E080170000000E
S31580E325D870E5E0801700000078E5E08017000000EA
S31580E325E87CE5E0801700000080E5E08017000000C6
S31580E325F884E5E0801700000088E5E08017000000A6
S31580E326088CE5E0801700000090E5E0801700000085
S31580E32618B4E6E08017000000B8E6E0801700000023
S31580E32628BCE6E08017000000C0E6E0801700000003
S31580E3263890E7E08017000000CCE7E0801700000011
S31580E32648D0E7E08017000000B0E8E08017000000DC
S31580E32658B4E8E08017000000B8E8E08017000000DF
S31580E32668BCE8E08017000000C0E8E08017000000BF
S31580E32678C4E8E08017000000C8E8E080170000009F
S31580E32688CCE8E08017000000D0E8E080170000007F
S31580E3269834E9E0801700000038E9E080170000009D
S31580E326A840E9E0801700000044E9E0801700000075
S31580E326B848E9E080170000004CE9E0801700000055
S31580E326C850E9E0801700000054E9E0801700000035
S31580E326D8A8E9E0801700000074EAE08017000000AC
S31580E326E878EAE0801700000060EBE08017000000DE
S31580E326F8ECEDE08017000000F0EDE08017000000C5
S31580E32708F4EDE08017000000F8EDE08017000000A4
S31580E32718FCEDE0801700000000EEE0801700000083
S31580E3272804EEE0801700000008EEE0801700000062
S31580E32738D8F4E08017000000DCF4E080170000009E
S31580E32748E0F4E08017000000E4F4E080170000007E
S31580E32758E8F4E08017000000ECF4E080170000005E
S31580E32768F0F4E08017000000F8F4E080170000003A
S31580E32778FCF4E0801700000000F5E0801700000015
S31580E3278808F5E080170000000CF5E08017000000EC
S31580E3279810F5E0801700000014F5E08017000000CC
S31580E327A828F5E08017000000B0F5E0801700000008
S31580E327B8F4F8E080170000008CFCE0801700000046
S31580E327C890FCE0801700000094FCE080170000008E
S31580E327D898FCE080170000009CFCE080170000006E
S31580E327E8A0FCE08017000000A8FCE080170000004A
S31580E327F8ACFCE08017000000B0FCE0801700000026
S31580E32808B4FCE08017000000B8FCE0801700000005
S31580E32818BCFCE08017000000C0FCE08017000000E5
S31580E32828C4FCE08017000000C8FCE08017000000C5
S31580E32838D4FCE08017000000D8FCE0801700000095
S31580E32848DCFCE08017000000E0FCE0801700000075
S31580E32858E4FCE080170000005CFDE08017000000E0
S31580E328684CFEE08017000000A8FEE0801700000019
S31580E328781CFFE0801700000098FFE0801700000047
S31580E328889CFFE08017000000A0FFE08017000000AF
S31580E32898A4FFE08017000000A8FFE080170000008F
S31580E328A8ACFFE080170000004002E18017000000DB
S31580E328B84802E180170000004C02E180170000001F
S31580E328C85002E180170000005402E18017000000FF
S31580E328D85802E180170000008C04E18017000000AD
S31580E328E89004E18017000000EC06E1801700000001
S31580E328F83407E180170000003807E18017000000FD
S31580E329083C07E180170000004007E18017000000DC
S31580E32918D007E18017000000F007E1801700000088
S31580E32928F407E180170000006808E18017000000DB
S31580E329389808E180170000009C08E18017000000F2
S31580E32948A008E18017000000A408E18017000000D2
S31580E32958A808E18017000000AC08E18017000000B2
S31580E32968B008E18017000000B408E1801700000092
S31580E32978B808E180170000005409E18017000000D9
S31580E329885809E180170000005C09E1801700000020
S31580E329986009E180170000006409E1801700000000
S31580E329A86809E180170000006C09E18017000000E0
S31580E329B87009E18017000000400AE18017000000F3
S31580E329C8440AE18017000000480AE1801700000006
S31580E329D84C0AE18017000000500AE18017000000E6
S31580E329E8540AE18017000000580AE18017000000C6
S31580E329F85C0AE18017000000600AE18017000000A6
S31580E32A08640AE18017000000680AE1801700000085
S31580E32A186C0AE18017000000700AE1801700000065
S31580E32A28740AE18017000000780AE1801700000045
S31580E32A387C0AE18017000000800AE1801700000025
S31580E32A48D40AE18017000000D80AE1801700000065
S31580E32A58DC0AE18017000000E00AE1801700000045
S31580E32A68E40AE18017000000E80AE1801700000025
S31580E32A78EC0AE18017000000F00AE1801700000005
S31580E32A88580BE180170000005C0BE180170000001B
S31580E32A98600BE18017000000640BE18017000000FB
S31580E32AA8680BE180170000006C0BE18017000000DB
S31580E32AB8700BE18017000000740BE18017000000BB
S31580E32AC8780BE180170000007C0BE180170000009B
S31580E32AD8800BE18017000000840BE180170000007B
S31580E32AE82C0CE18017000000300CE1801700000011
S31580E32AF83010E180170000003410E18017000000F1
S31580E32B083810E180170000003C10E18017000000D0
S31580E32B184010E180170000004410E18017000000B0
S31580E32B284810E180170000004C10E1801700000090
S31580E32B385010E180170000005410E1801700000070
S31580E32B486410E180170000006810E1801700000038
S31580E32B586C10E180170000007010E1801700000018
S31580E32B685011E180170000005411E180170000003E
S31580E32B785811E180170000005C11E180170000001E
S31580E32B886011E180170000006411E18017000000FE
S31580E32B986811E180170000006C11E18017000000DE
S31580E32BA80814E180170000000C14E1801700000088
S31580E32BB81014E180170000001414E1801700000068
S31580E32BC81814E180170000001C14E1801700000048
S31580E32BD82014E180170000002414E1801700000028
S31580E32BE82814E180170000002C14E1801700000008
S31580E32BF81816E180170000001C16E1801700000014
S31580E32C082016E180170000002416E18017000000F3
S31580E32C182816E180170000002C16E18017000000D3
S31580E32C283016E180170000003416E18017000000B3
S31580E32C38A816E18017000000AC16E18017000000B3
S31580E32C48B016E18017000000B416E1801700000093
S31580E32C58B816E18017000000BC16E1801700000073
S31580E32C68C016E18017000000C416E1801700000053
S31580E32C784C17E180170000005017E1801700000029
S31580E32C885417E180170000005817E1801700000009
S31580E32C988C17E180170000007418E18017000000A4
S31580E32CA87818E18017000000E018E180170000003B
S31580E32CB8E418E18017000000E818E18017000000B7
S31580E32CC83419E180170000003819E1801700000005
S31580E32CD83C19E18017000000F019E1801700000035
S31580E32CE8F419E18017000000F819E1801700000065
S31580E32CF80C1AE18017000000101AE1801700000023
S31580E32D08141AE18017000000181AE1801700000002
S31580E32D181C1AE18017000000201AE18017000000E2
S31580E32D28241AE18017000000281AE18017000000C2
S31580E32D38A41CE18017000000A81CE18017000000AE
S31580E32D48741DE18017000000781DE18017000000FC
S31580E32D58C81EE18017000000CC1EE1801700000042
S31580E32D686421E180170000006821E18017000000F4
S31580E32D786C21E180170000007021E18017000000D4
S31580E32D887421E18017000000F023E180170000003A
S31580E32D98F423E18017000000F823E18017000000A0
S31580E32DA8FC23E180170000000024E180170000007F
S31580E32DB80424E180170000000C2BE1801700000053
S31580E32DC8182BE180170000001C2BE1801700000018
S31580E32DD8302BE18017000000342BE18017000000D8
S31580E32DE8382BE180170000003C2BE18017000000B8
S31580E32DF8402BE18017000000442BE1801700000098
S31580E32E08482BE18017000000782BE180170000004B
S31580E32E187C2BE18017000000802BE18017000000FF
S31580E32E28842BE18017000000882BE18017000000DF
S31580E32E389C2BE18017000000A02BE180170000009F
S31580E32E48A42BE18017000000182CE180170000000E
S31580E32E581C2CE18017000000202CE180170000007D
S31580E32E68242CE180170000002C2CE1801700000059
S31580E32E78482EE180170000004C2EE1801700000001
S31580E32E88502EE18017000000542EE18017000000E1
S31580E32E98582EE18017000000682EE18017000000B5
S31580E32EA86C2EE18017000000702EE1801700000089
S31580E32EB8742EE180170000008C2FE1801700000054
S31580E32EC8902FE18017000000942FE180170000001F
S31580E32ED8982FE18017000000A82FE18017000000F3
S31580E32EE8B030E18017000000B430E18017000000BD
S31580E32EF8B830E18017000000BC30E180170000009D
S31580E32F08C030E18017000000C430E180170000007C
S31580E32F18C830E180170000004431E18017000000E3
S31580E32F284831E18017000000E431E18017000000B2
S31580E32F38E831E180170000001834E18017000000CB
S31580E32F482034E180170000002434E1801700000074
S31580E32F582834E180170000002C34E1801700000054
S31580E32F683034E180170000003434E1801700000034
S31580E32F783834E180170000003C34E1801700000014
S31580E32F884034E180170000000437E1801700000031
S31580E32F980837E180170000000C37E180170000004E
S31580E32FA81037E180170000001437E180170000002E
S31580E32FB81837E180170000001C37E180170000000E
S31580E32FC8B837E18017000000BC37E18017000000BE
S31580E32FD8C037E180170000002839E1801700000038
S31580E32FE82C39E180170000003039E18017000000B2
S31580E32FF83439E180170000003839E1801700000092
S31580E330083C39E180170000004C39E1801700000065
S31580E330185039E180170000005439E1801700000039
S31580E330285C39E18017000000E43AE180170000008C
S31580E33038E83AE18017000000EC3AE18017000000E7
S31580E33048F03AE18017000000F43AE18017000000C7
S31580E33058F83AE18017000000FC3AE18017000000A7
S31580E33068003BE18017000000043BE1801700000085
S31580E33078983CE180170000009C3CE1801700000043
S31580E33088F43DE18017000000F83DE1801700000079
S31580E33098FC3DE180170000007C3EE18017000000DC
S31580E330A8803EE18017000000843EE180170000003F
S31580E330B8F03EE180170000000446E1801700000037
S31580E330C80846E180170000000C46E18017000000FF
S31580E330D81046E180170000001846E18017000000DB
S31580E330E81C46E180170000002046E18017000000B7
S31580E330F82446E180170000002846E1801700000097
S31580E331082C46E180170000003046E1801700000076
S31580E331183446E180170000003846E1801700000056
S31580E331283C46E180170000004046E1801700000036
S31580E331384446E180170000004846E1801700000016
S31580E331484C46E180170000005046E18017000000F6
S31580E331585446E18017000000984CE1801700000090
S31580E331688052E180170000008452E1801700000056
S31580E33178A454E180170000000056E18017000000A0
S31580E331880456E180170000000856E1801700000026
S31580E331980C56E18017000000B856E180170000005E
S31580E331A8BC56E18017000000C056E1801700000096
S31580E331B8C456E180170000005861E18017000000DB
S31580E331C85C61E180170000006061E1801700000020
S31580E331D86461E180170000006861E1801700000000
S31580E331E87461E180170000007861E18017000000D0
S31580E331F87C61E180170000008061E18017000000B0
S31580E332088461E180170000008861E180170000008F
S31580E332189061E180170000009861E1801700000063
S31580E332289C61E18017000000A861E1801700000037
S31580E33238AC61E18017000000B061E180170000000F
S31580E33248B463E18017000000B863E18017000000EB
S31580E33258BC63E18017000000C063E18017000000CB
S31580E33268C863E18017000000CC63E18017000000A3
S31580E33278D063E18017000000D463E1801700000083
S31580E33288D863E18017000000DC63E1801700000063
S31580E33298E063E18017000000E463E1801700000043
S31580E332A8E863E18017000000A864E1801700000066
S31580E332B83465E180170000001066E180170000009E
S31580E332C87C66E180170000009866E18017000000BD
S31580E332D89C66E18017000000D866E180170000004D
S31580E332E8DC66E18017000000F866E18017000000DD
S31580E332F88467E18017000000CC67E180170000004F
S31580E33308D067E18017000000B069E180170000000C
S31580E33318B469E18017000000B869E180170000000E
S31580E33328D46CE18017000000DC6CE18017000000B4
S31580E33338E06CE18017000000E46CE1801700000090
S31580E33348686EE180170000006C6EE180170000006C
S31580E33358E46FE18017000000E86FE1801700000062
S31580E33368EC6FE18017000000F06FE1801700000042
S31580E33378D470E18017000000DC70E180170000005C
S31580E33388E070E180170000002C72E18017000000EE
S31580E333983072E18017000000F872E18017000000C0
S31580E333A8FC72E180170000009C74E180170000003E
S31580E333B84879E18017000000C07EE18017000000AD
S31580E333C8C47EE18017000000C87EE1801700000014
S31580E333D8CC7EE18017000000D07EE18017000000F4
S31580E333E8D47EE18017000000D87EE18017000000D4
S31580E333F8DC7EE18017000000E07EE18017000000B4
S31580E33408E47EE18017000000E87EE1801700000093
S31580E33418EC7EE18017000000F07EE1801700000073
S31580E33428F47EE18017000000F87EE1801700000053
S31580E33438FC7EE18017000000007FE1801700000032
S31580E33448047FE18017000000087FE1801700000011
S31580E334580C7FE18017000000107FE18017000000F1
S31580E33468147FE18017000000187FE18017000000D1
S31580E334781C7FE18017000000207FE18017000000B1
S31580E33488247FE18017000000287FE1801700000091
S31580E334982C7FE18017000000307FE1801700000071
S31580E334A8347FE18017000000387FE1801700000051
S31580E334B83C7FE18017000000407FE1801700000031
S31580E334C8447FE180170000006C83E18017000000E9
S31580E334D87083E180170000007483E18017000000A1
S31580E334E87883E180170000007C83E1801700000081
S31580E334F88083E180170000008483E1801700000061
S31580E335088883E180170000008C83E1801700000040
S31580E335189083E180170000009483E1801700000020
S31580E335289883E180170000009C83E1801700000000
S31580E33538A083E18017000000A483E18017000000E0
S31580E33548A883E18017000000AC83E18017000000C0
S31580E33558B083E18017000000B483E18017000000A0
S31580E33568B883E18017000000BC83E1801700000080
S31580E33578C083E18017000000C483E1801700000060
S31580E33588C883E18017000000CC83E1801700000040
S31580E33598D083E18017000000D483E1801700000020
S31580E335A8D883E18017000000DC83E1801700000000
S31580E335B8E083E18017000000E483E18017000000E0
S31580E335C8E883E18017000000EC83E18017000000C0
S31580E335D8F083E18017000000F483E18017000000A0
S31580E335E8F883E18017000000FC83E1801700000080
S31580E335F88085E180170000008485E180170000005C
S31580E336088885E180170000008C85E180170000003B
S31580E336189085E180170000009485E180170000001B
S31580E336289885E180170000009C85E18017000000FB
S31580E33638A085E18017000000A485E18017000000DB
S31580E33648A885E18017000000AC85E18017000000BB
S31580E33658B085E18017000000B485E180170000009B
S31580E33668B885E180170000006C91E18017000000BF
S31580E336787091E180170000007491E18017000000E3
S31580E336887891E180170000007C91E18017000000C3
S31580E33698A891E18017000000AC91E1801700000053
S31580E336A8B091E18017000000C091E1801700000027
S31580E336B8C491E18017000000C891E18017000000FB
S31580E336C8CC91E18017000000D091E18017000000DB
S31580E336D8D491E18017000000D891E18017000000BB
S31580E336E8DC91E18017000000E091E180170000009B
S31580E336F8E491E18017000000E891E180170000007B
S31580E33708EC91E18017000000F091E180170000005A
S31580E337183094E180170000003894E18017000000B8
S31580E337285C94E18017000000C094E18017000000F4
S31580E33738F494E180170000005495E18017000000B7
S31580E337485895E18017000000A498E18017000000EF
S31580E33758689AE180170000006C9AE1801700000000
S31580E33768709AE18017000000749AE18017000000E0
S31580E33778D89CE18017000000E09CE18017000000F8
S31580E337889C9DE18017000000A09DE1801700000062
S31580E33798A49DE18017000000A89DE1801700000042
S31580E337A8AC9DE1801700000048A8E180170000007F
S31580E337B84CA8E1801700000050A8E18017000000BC
S31580E337C858A8E180170000005CA8E1801700000094
S31580E337D860A8E1801700000064A8E1801700000074
S31580E337E86CA8E1801700000070A8E180170000004C
S31580E337F878A8E180170000007CA8E1801700000024
S31580E33808E4A8E18017000000E8A8E180170000003B
S31580E33818ECA8E18017000000F0A8E180170000001B
S31580E33828F4A8E18017000000F8A8E18017000000FB
S31580E33838FCA8E1801700000000A9E18017000000DA
S31580E33848B8A9E18017000000BCA9E1801700000051
S31580E33858C0A9E18017000000C4A9E1801700000031
S31580E33868C8A9E18017000000CCA9E1801700000011
S31580E33878D0A9E18017000000D4A9E18017000000F1
S31580E33888D8A9E18017000000DCA9E18017000000D1
S31580E33898E0A9E18017000000E4A9E18017000000B1
S31580E338A8E8A9E18017000000ECA9E1801700000091
S31580E338B844AAE1801700000080AAE180170000008F
S31580E338C89CAAE18017000000D8AAE18017000000CF
S31580E338D800ABE1801700000094ABE180170000009D
S31580E338E898ABE180170000009CABE18017000000ED
S31580E338F8A0ABE18017000000DCABE1801700000095
S31580E339085CACE1801700000060ACE1801700000042
S31580E3391818AEE1801700000020AEE18017000000B2
S31580E3392824AEE1801700000028AEE180170000008E
S31580E339382CAEE1801700000030AEE180170000006E
S31580E3394834AEE1801700000038AEE180170000004E
S31580E339583CAEE1801700000040AEE180170000002E
S31580E33968A8AEE180170000005CB0E1801700000094
S31580E3397860B0E1801700000064B0E18017000000C2
S31580E3398868B0E180170000006CB0E18017000000A2
S31580E3399870B0E1801700000074B0E1801700000082
S31580E339A878B0E180170000007CB0E1801700000062
S31580E339B880B8E1801700000008BBE18017000000AB
S31580E339C8C8C8E18017000000CCC8E1801700000072
S31580E339D8D0C8E18017000000D4C8E1801700000052
S31580E339E860C9E1801700000038CAE180170000004B
S31580E339F870CBE1801700000074CBE18017000000EC
S31580E33A0878CBE180170000007CCBE18017000000CB
S31580E33A1880CBE1801700000020CDE180170000000D
S31580E33A2824CDE1801700000028CDE180170000004F
S31580E33A382CCDE1801700000030CDE180170000002F
S31580E33A481CCFE1801700000020CFE180170000003B
S31580E33A5830CFE18017000000B4CFE1801700000083
S31580E33A68B8CFE18017000000FCCFE18017000000A3
S31580E33A78DCD0E1801700000018D1E1801700000050
S31580E33A8834D1E1801700000048D2E18017000000B6
S31580E33A98F8D2E1801700000070D3E18017000000B8
S31580E33AA810D4E18017000000ECD8E180170000000D
S31580E33AB8C4D9E18017000000CCDCE1801700000060
S31580E33AC8D0DCE18017000000D4DCE1801700000039
S31580E33AD814E0E1801700000018E0E1801700000099
S31580E33AE81CE0E1801700000020E0E1801700000079
S31580E33AF8A0E0E1801700000000E1E1801700000004
S31580E33B0870E5E18017000000ACF5E180170000005E
S31580E33B18A8FAE18017000000F4FCE18017000000B2
S31580E33B280403E280170000000803E2801700000020
S31580E33B38C003E280170000003C05E280170000001E
S31580E33B480006E280170000003C06E28017000000CA
S31580E33B584006E280170000004406E2801700000072
S31580E33B684806E280170000004C06E2801700000052
S31580E33B785006E280170000000807E280170000007D
S31580E33B880C07E280170000001407E28017000000A4
S31580E33B989807E280170000009C07E2801700000080
S31580E33BA8A007E28017000000A407E2801700000060
S31580E33BB8A807E28017000000AC07E2801700000040
S31580E33BC8B007E28017000000B407E2801700000020
S31580E33BD8B807E280170000002C08E280170000008F
S31580E33BE83008E280170000003808E28017000000FA
S31580E33BF83C08E280170000003C0AE28017000000D8
S31580E33C08400AE28017000000480AE28017000000B5
S31580E33C184C0AE28017000000500AE2801700000091
S31580E33C28540AE28017000000580AE2801700000071
S31580E33C385C0AE280170000008C0DE2801700000022
S31580E33C48900DE28017000000940DE28017000000D3
S31580E33C58980DE280170000009C0DE28017000000B3
S31580E33C68A00DE28017000000A40DE2801700000093
S31580E33C78AC0DE28017000000B00DE280170000006B
S31580E33C88B40DE28017000000B80DE280170000004B
S31580E33C98BC0DE28017000000C00DE280170000002B
S31580E33CA8C40DE28017000000C80DE280170000000B
S31580E33CB8CC0DE28017000000D00DE28017000000EB
S31580E33CC8D40DE28017000000C80FE28017000000D9
S31580E33CD8CC0FE28017000000D00FE28017000000C7
S31580E33CE8D80FE28017000000DC0FE280170000009F
S31580E33CF8E00FE28017000000E40FE280170000007F
S31580E33D08E80FE28017000000F00FE280170000005A
S31580E33D182C10E280170000003010E28017000000C4
S31580E33D283810E280170000009C10E280170000003C
S31580E33D38A010E280170000008411E28017000000DB
S31580E33D48D011E28017000000D411E280170000004A
S31580E33D58F011E280170000009C13E2801700000050
S31580E33D68A013E28017000000A413E2801700000086
S31580E33D78A813E28017000000AC13E2801700000066
S31580E33D88B013E28017000000B413E2801700000046
S31580E33D98B813E280170000002C14E28017000000B5
S31580E33DA83014E280170000003414E2801700000024
S31580E33DB8B815E28017000000BC15E2801700000002
S31580E33DC8C015E28017000000C415E28017000000E2
S31580E33DD8C815E28017000000CC15E28017000000C2
S31580E33DE8D015E28017000000D415E28017000000A2
S31580E33DF8D815E28017000000DC15E2801700000082
S31580E33E08E015E28017000000E415E2801700000061
S31580E33E18E815E28017000000EC15E2801700000041
S31580E33E28F015E28017000000F415E2801700000021
S31580E33E38F815E28017000000FC15E2801700000001
S31580E33E482C16E280170000006416E2801700000053
S31580E33E588816E28017000000FC16E280170000004F
S31580E33E680017E280170000000417E28017000000BD
S31580E33E780817E280170000000C17E280170000009D
S31580E33E88DC17E28017000000E017E28017000000E5
S31580E33E98E417E28017000000E817E28017000000C5
S31580E33EA8EC17E280170000008418E2801700000010
S31580E33EB88818E280170000008C18E280170000005B
S31580E33EC89018E28017000000AC18E2801700000023
S31580E33ED8B018E28017000000C418E28017000000DB
S31580E33EE8F018E28017000000F418E280170000005B
S31580E33EF8F818E28017000000FC18E280170000003B
S31580E33F083019E280170000003419E28017000000B8
S31580E33F184C1AE28017000000501AE280170000006E
S31580E33F28541AE28017000000581AE280170000004E
S31580E33F385C1AE28017000000601AE280170000002E
S31580E33F48641AE28017000000681AE280170000000E
S31580E33F586C1AE28017000000701AE28017000000EE
S31580E33F68741AE280170000007C1AE28017000000CA
S31580E33F78801AE28017000000841AE28017000000A6
S31580E33F88881AE28017000000A41AE280170000006E
S31580E33F98A81AE28017000000B81AE280170000002A
S31580E33FA8001BE28017000000041BE2801700000074
S31580E33FB8081BE28017000000101EE280170000004D
S31580E33FC8141EE28017000000181EE2801700000026
S31580E33FD8241EE28017000000301EE28017000000EE
S31580E33FE8341EE28017000000381EE28017000000C6
S31580E33FF8741EE28017000000181FE2801700000095
S31580E34008201FE28017000000A01FE280170000004F
S31580E340182C20E28017000000D420E28017000000FD
S31580E34028C421E28017000000C821E280170000005F
S31580E34038CC21E28017000000D021E280170000003F
S31580E34048D421E28017000000D821E280170000001F
S31580E34058DC21E28017000000E021E28017000000FF
S31580E340685022E28017000000A422E28017000000B5
S31580E34078C423E28017000000C823E280170000000B
S31580E34088CC23E28017000000D023E28017000000EB
S31580E34098D423E28017000000D823E28017000000CB
S31580E340A8DC23E28017000000E023E28017000000AB
S31580E340B8E423E28017000000E823E280170000008B
S31580E340C8EC23E28017000000F023E280170000006B
S31580E340D8F423E28017000000F823E280170000004B
S31580E340E8FC23E280170000006424E28017000000C6
S31580E340F86824E280170000006C24E2801700000041
S31580E341087024E280170000002C25E2801700000067
S31580E341183025E280170000003425E280170000008E
S31580E341283825E280170000003C25E280170000006E
S31580E341384025E280170000004425E280170000004E
S31580E341484825E280170000004C25E280170000002E
S31580E341585025E280170000005425E280170000000E
S31580E341685825E280170000005C25E28017000000EE
S31580E341786025E280170000003027E2801700000000
S31580E341883427E280170000003827E2801700000012
S31580E341983C27E280170000004027E28017000000F2
S31580E341A84427E280170000004827E28017000000D2
S31580E341B84C27E280170000005027E28017000000B2
S31580E341C85427E280170000005827E2801700000092
S31580E341D85C27E280170000006027E2801700000072
S31580E341E86427E280170000006827E2801700000052
S31580E341F86C27E280170000007027E2801700000032
S31580E342087427E280170000007827E2801700000011
S31580E342187C27E280170000008027E28017000000F1
S31580E342288427E280170000008827E28017000000D1
S31580E342388C27E280170000009027E28017000000B1
S31580E342489427E280170000009827E2801700000091
S31580E34258B427E28017000000B428E2801700000044
S31580E34268B828E28017000000BC28E2801700000027
S31580E34278C428E28017000000C828E28017000000FF
S31580E34288CC28E28017000000D028E28017000000DF
S31580E34298D428E28017000000D828E28017000000BF
S31580E342A8DC28E28017000000E028E280170000009F
S31580E342B8C029E28017000000C429E28017000000C5
S31580E342C8C829E28017000000FC29E2801700000075
S31580E342D8002AE28017000000042AE2801700000023
S31580E342E8082AE280170000000C2AE2801700000003
S31580E342F8102AE28017000000142AE28017000000E3
S31580E34308542BE28017000000582BE2801700000048
S31580E343185C2BE28017000000602BE2801700000028
S31580E34328642BE28017000000682BE2801700000008
S31580E343386C2BE28017000000702BE28017000000E8
S31580E34348742BE28017000000782BE28017000000C8
S31580E343587C2BE28017000000802BE28017000000A8
S31580E34368842BE28017000000882BE2801700000088
S31580E343788C2BE28017000000902BE2801700000068
S31580E34388C02EE28017000000C42EE28017000000EA
S31580E34398C82EE28017000000CC2EE28017000000CA
S31580E343A8D02EE28017000000D42EE28017000000AA
S31580E343B8D82EE28017000000DC2EE280170000008A
S31580E343C8E02EE28017000000E82EE2801700000066
S31580E343D8EC2EE28017000000F02EE2801700000042
S31580E343E8F42EE28017000000F82EE2801700000022
S31580E343F8FC2EE28017000000002FE2801700000001
S31580E34408042FE28017000000082FE28017000000DF
S31580E344180C2FE28017000000102FE28017000000BF
S31580E34428142FE28017000000182FE280170000009F
S31580E344381C2FE28017000000202FE280170000007F
S31580E34448242FE28017000000902FE28017000000F7
S31580E34458942FE28017000000982FE280170000006F
S31580E344689C2FE28017000000A02FE280170000004F
S31580E34478A42FE28017000000A82FE280170000002F
S31580E34488AC2FE280170000004C32E2801700000070
S31580E344985032E280170000005432E28017000000B1
S31580E344A85832E280170000005C32E2801700000091
S31580E344B86032E280170000006432E2801700000071
S31580E344C86832E280170000006C32E2801700000051
S31580E344D87032E280170000007432E2801700000031
S31580E344E87832E280170000007C32E2801700000011
S31580E344F88032E280170000008432E28017000000F1
S31580E345088832E280170000008C32E28017000000D0
S31580E345189032E280170000009432E28017000000B0
S31580E345289832E280170000009C32E2801700000090
S31580E34538A032E28017000000A432E2801700000070
S31580E34548A832E28017000000AC32E2801700000050
S31580E34558B032E28017000000B432E2801700000030
S31580E34568B832E28017000000BC32E2801700000010
S31580E34578C032E28017000000C432E28017000000F0
S31580E34588C832E28017000000CC32E28017000000D0
S31580E34598D032E28017000000D432E28017000000B0
S31580E345A8D832E28017000000DC32E2801700000090
S31580E345B8B034E28017000000B434E28017000000CC
S31580E345C8B834E28017000000F834E2801700000070
S31580E345D8E838E28017000000EC38E2801700000034
S31580E345E8F038E28017000000F438E2801700000014
S31580E345F8F838E280170000000039E28017000000EF
S31580E346080439E280170000000839E28017000000C9
S31580E346180C39E280170000001039E28017000000A9
S31580E346281439E280170000001839E2801700000089
S31580E346381C39E280170000002039E2801700000069
S31580E346482439E280170000002839E2801700000049
S31580E346582C39E280170000003039E2801700000029
S31580E346683439E28017000000AC39E2801700000095
S31580E34678B039E28017000000443AE2801700000070
S31580E34688483AE280170000004C3AE28017000000BF
S31580E34698F43AE28017000000F83AE2801700000057
S31580E346A8FC3AE28017000000043BE2801700000032
S31580E346B8083BE280170000000C3BE280170000000D
S31580E346C8B43BE28017000000B83BE28017000000A5
S31580E346D8BC3BE28017000000C43BE2801700000081
S31580E346E8C83BE28017000000CC3BE280170000005D
S31580E346F8E83BE280170000000C41E28017000000E7
S31580E347081041E280170000001441E28017000000A0
S31580E347181841E280170000001C41E2801700000080
S31580E347282041E280170000002441E2801700000060
S31580E347382841E280170000002C41E2801700000040
S31580E347483041E280170000003441E2801700000020
S31580E347583841E280170000003C41E2801700000000
S31580E347684041E280170000004441E28017000000E0
S31580E347784841E280170000004C41E28017000000C0
S31580E347885041E280170000005441E28017000000A0
S31580E347985841E280170000005C41E2801700000080
S31580E347A86041E280170000006441E2801700000060
S31580E347B86841E280170000006C41E2801700000040
S31580E347C87041E280170000007441E2801700000020
S31580E347D87841E280170000007C41E2801700000000
S31580E347E88041E280170000008441E28017000000E0
S31580E347F88841E280170000005442E28017000000F7
S31580E348085842E280170000005C42E280170000000D
S31580E348186042E280170000006442E28017000000ED
S31580E348286842E280170000006C42E28017000000CD
S31580E348387042E280170000007442E28017000000AD
S31580E348487842E280170000007C42E280170000008D
S31580E348588042E280170000008C42E2801700000065
S31580E348689042E280170000009442E280170000003D
S31580E348789842E280170000009C42E280170000001D
S31580E34888A042E28017000000A442E28017000000FD
S31580E34898A842E28017000000AC42E28017000000DD
S31580E348A8B042E28017000000D042E28017000000A1
S31580E348B8D442E28017000000D842E2801700000065
S31580E348C8DC42E28017000000E042E2801700000045
S31580E348D8E442E28017000000E842E2801700000025
S31580E348E8EC42E28017000000F042E2801700000005
S31580E348F8F442E28017000000F842E28017000000E5
S31580E34908FC42E280170000000043E28017000000C3
S31580E349180443E280170000000843E28017000000A2
S31580E349280C43E280170000001043E2801700000082
S31580E349381443E280170000001843E2801700000062
S31580E349481C43E280170000002043E2801700000042
S31580E349582443E280170000002843E2801700000022
S31580E349682C43E280170000003043E2801700000002
S31580E349783443E280170000003843E28017000000E2
S31580E349883C43E280170000004043E28017000000C2
S31580E349984443E280170000004843E28017000000A2
S31580E349A84C43E280170000005043E2801700000082
S31580E349B85443E280170000005843E2801700000062
S31580E349C85C43E280170000006043E2801700000042
S31580E349D86443E280170000006843E2801700000022
S31580E349E86C43E280170000007043E2801700000002
S31580E349F87443E280170000007843E28017000000E2
S31580E34A087C43E280170000008043E28017000000C1
S31580E34A188443E28017000000B447E2801700000071
S31580E34A28B847E28017000000BC47E2801700000021
S31580E34A38C047E28017000000C447E2801700000001
S31580E34A48CC47E28017000000D047E28017000000D9
S31580E34A58D447E28017000000D847E28017000000B9
S31580E34A68DC47E28017000000E047E2801700000099
S31580E34A780448E280170000002048E280170000001F
S31580E34A883C48E280170000005848E280170000009F
S31580E34A987448E280170000009048E280170000001F
S31580E34AA8AC48E28017000000C848E280170000009F
S31580E34AB8E448E280170000000049E280170000001E
S31580E34AC81C49E280170000003849E280170000009D
S31580E34AD85449E280170000007049E280170000001D
S31580E34AE88C49E28017000000A849E280170000009D
S31580E34AF8C449E28017000000E049E280170000001D
S31580E34B08FC49E28017000000184AE280170000009B
S31580E34B18344AE28017000000504AE280170000001A
S31580E34B286C4AE28017000000884AE280170000009A
S31580E34B38A44AE28017000000C04AE280170000001A
S31580E34B48DC4AE28017000000F84AE280170000009A
S31580E34B58144BE28017000000304BE2801700000018
S31580E34B684C4BE28017000000684BE2801700000098
S31580E34B78844BE28017000000A04BE2801700000018
S31580E34B88BC4BE28017000000D84BE2801700000098
S31580E34B98F44BE28017000000104CE2801700000017
S31580E34BA82C4CE28017000000484CE2801700000096
S31580E34BB8644CE28017000000804CE2801700000016
S31580E34BC89C4CE28017000000B84CE2801700000096
S31580E34BD8D44CE28017000000F04CE2801700000016
S31580E34BE80C4DE28017000000284DE2801700000094
S31580E34BF8444DE28017000000604DE2801700000014
S31580E34C087C4DE28017000000984DE2801700000093
S31580E34C18B44DE28017000000D04DE2801700000013
S31580E34C28EC4DE28017000000084EE2801700000092
S31580E34C38244EE28017000000404EE2801700000011
S31580E34C485C4EE28017000000784EE2801700000091
S31580E34C58944EE28017000000B04EE2801700000011
S31580E34C68CC4EE28017000000E84EE2801700000091
S31580E34C78044FE28017000000204FE280170000000F
S31580E34C883C4FE28017000000584FE280170000008F
S31580E34C98744FE28017000000904FE280170000000F
S31580E34CA8AC4FE28017000000C84FE280170000008F
S31580E34CB8E44FE280170000000050E280170000000E
S31580E34CC81C50E280170000003850E280170000008D
S31580E34CD85450E280170000005850E2801700000025
S31580E34CE85C50E280170000006050E2801700000005
S31580E34CF86C50E280170000007450E28017000000D1
S31580E34D087850E280170000008050E28017000000A8
S31580E34D188450E280170000008C50E2801700000080
S31580E34D289050E280170000009850E2801700000058
S31580E34D389C50E28017000000A450E2801700000030
S31580E34D48A850E28017000000B050E2801700000008
S31580E34D58B450E28017000000BC50E28017000000E0
S31580E34D68C050E28017000000C850E28017000000B8
S31580E34D78CC50E28017000000D450E2801700000090
S31580E34D88D850E28017000000E050E2801700000068
S31580E34D98E450E28017000000EC50E2801700000040
S31580E34DA8F050E28017000000F850E2801700000018
S31580E34DB8FC50E280170000000451E28017000000EF
S31580E34DC80851E280170000001051E28017000000C6
S31580E34DD81451E280170000001C51E280170000009E
S31580E34DE82051E280170000002851E2801700000076
S31580E34DF82C51E280170000003451E280170000004E
S31580E34E083851E280170000004051E2801700000025
S31580E34E184451E280170000004C51E28017000000FD
S31580E34E285051E280170000005851E28017000000D5
S31580E34E385C51E280170000006451E28017000000AD
S31580E34E486851E280170000007051E2801700000085
S31580E34E587451E280170000007C51E280170000005D
S31580E34E688051E280170000008851E2801700000035
S31580E34E788C51E280170000009451E280170000000D
S31580E34E889851E28017000000A051E28017000000E5
S31580E34E98A451E28017000000AC51E28017000000BD
S31580E34EA8B051E28017000000BC51E2801700000091
S31580E34EB8C451E28017000000C851E2801700000061
S31580E34EC8D051E28017000000D451E2801700000039
S31580E34ED8DC51E28017000000E051E2801700000011
S31580E34EE8E851E28017000000EC51E28017000000E9
S31580E34EF8F451E28017000000F851E28017000000C1
S31580E34F080052E280170000000452E2801700000096
S31580E34F180C52E280170000001052E280170000006E
S31580E34F281852E280170000001C52E2801700000046
S31580E34F382452E280170000002852E280170000001E
S31580E34F483052E280170000003452E28017000000F6
S31580E34F583C52E280170000004052E28017000000CE
S31580E34F684852E280170000004C52E28017000000A6
S31580E34F785452E280170000005852E280170000007E
S31580E34F886052E280170000006452E2801700000056
S31580E34F986C52E280170000007052E280170000002E
S31580E34FA87C52E280170000008452E28017000000FA
S31580E34FB88852E280170000009052E28017000000D2
S31580E34FC89452E280170000009C52E28017000000AA
S31580E34FD8A052E28017000000A852E2801700000082
S31580E34FE8AC52E28017000000B452E280170000005A
S31580E34FF8B852E28017000000C052E2801700000032
S31580E35008C452E28017000000CC52E2801700000009
S31580E35018D052E28017000000D852E28017000000E1
S31580E35028DC52E28017000000E452E28017000000B9
S31580E35038E852E2801700000010E1E28017000000E2
S31580E3504814E1E2801700000018E1E280170000000F
S31580E350581CE1E2801700000020E1E28017000000EF
S31580E3506824E1E2801700000028E1E28017000000CF
S31580E350782CE1E2801700000030E1E28017000000AF
S31580E3508834E1E2801700000038E1E280170000008F
S31580E35098CCE4E28017000000DCE4E280170000003D
S31580E350A8E0E4E28017000000E8E4E280170000000D
S31580E350B8F8E4E28017000000FCE4E28017000000D1
S31580E350C804E5E2801700000014E5E280170000009B
S31580E350D818E5E2801700000020E5E280170000006B
S31580E350E830E5E2801700000034E5E280170000002F
S31580E350F83CE5E280170000004CE5E28017000000FB
S31580E3510850E5E2801700000058E5E28017000000CA
S31580E3511868E5E280170000006CE5E280170000008E
S31580E3512874E5E2801700000084E5E280170000005A
S31580E3513888E5E2801700000090E5E280170000002A
S31580E35148A0E5E28017000000A4E5E28017000000EE
S31580E35158ACE5E28017000000BCE5E28017000000BA
S31580E35168C0E5E28017000000A0F2E28017000000A5
S31580E35178ACF2E28017000000B0F2E280170000008C
S31580E35188B4F2E28017000000BCF2E2801700000068
S31580E35198C8F2E28017000000CCF2E2801700000034
S31580E351A8D0F2E28017000000D8F2E2801700000010
S31580E351B8E4F2E28017000000E8F2E28017000000DC
S31580E351C8ECF2E28017000000F4F2E28017000000B8
S31580E351D800F3E2801700000004F3E2801700000082
S31580E351E808F3E2801700000010F3E280170000005E
S31580E351F81CF3E2801700000020F3E280170000002A
S31580E3520824F3E280170000002CF3E2801700000005
S31580E3521838F3E280170000003CF3E28017000000D1
S31580E3522840F3E2801700000048F3E28017000000AD
S31580E3523854F3E2801700000058F3E2801700000079
S31580E352485CF3E2801700000064F3E2801700000055
S31580E3525870F3E2801700000074F3E2801700000021
S31580E3526878F3E2801700000088F3E28017000000F5
S31580E352788CF3E2801700000090F3E28017000000C9
S31580E3528894F3E2801700000098F3E28017000000A9
S31580E352989CF3E28017000000A0F3E2801700000089
S31580E352A8A4F3E28017000000A8F3E2801700000069
S31580E352B8ACF3E28017000000B0F3E2801700000049
S31580E352C8B4F3E28017000000B8F3E2801700000029
S31580E352D8BCF3E28017000000C0F3E2801700000009
S31580E352E8C4F3E28017000000C8F3E28017000000E9
S31580E352F8CCF3E28017000000D0F3E28017000000C9
S31580E35308D4F3E28017000000D8F3E28017000000A8
S31580E35318DCF3E28017000000E0F3E2801700000088
S31580E35328E4F3E28017000000E8F3E2801700000068
S31580E35338ECF3E28017000000F0F3E2801700000048
S31580E35348F4F3E28017000000F8F3E2801700000028
S31580E35358FCF3E2801700000000F4E2801700000007
S31580E3536804F4E2801700000008F4E28017000000E6
S31580E353780CF4E2801700000010F4E28017000000C6
S31580E3538814F4E2801700000018F4E28017000000A6
S31580E353981CF4E2801700000020F4E2801700000086
S31580E353A824F4E2801700000028F4E2801700000066
S31580E353B82CF4E2801700000030F4E2801700000046
S31580E353C834F4E2801700000038F4E2801700000026
S31580E353D83CF4E2801700000040F4E2801700000006
S31580E353E844F4E2801700000048F4E28017000000E6
S31580E353F84CF4E2801700000050F4E28017000000C6
S31580E3540854F4E2801700000058F4E28017000000A5
S31580E354185CF4E2801700000060F4E2801700000085
S31580E3542864F4E2801700000068F4E2801700000065
S31580E354386CF4E2801700000070F4E2801700000045
S31580E3544874F4E2801700000078F4E2801700000025
S31580E354587CF4E2801700000080F4E2801700000005
S31580E3546884F4E2801700000088F4E28017000000E5
S31580E354788CF4E2801700000090F4E28017000000C5
S31580E3548894F4E2801700000098F4E28017000000A5
S31580E354989CF4E28017000000A0F4E2801700000085
S31580E354A8A4F4E28017000000A8F4E2801700000065
S31580E354B8ACF4E28017000000B0F4E2801700000045
S31580E354C8B4F4E28017000000B8F4E2801700000025
S31580E354D8BCF4E28017000000C0F4E2801700000005
S31580E354E8C4F4E28017000000C8F4E28017000000E5
S31580E354F8CCF4E28017000000D0F4E28017000000C5
S31580E35508D4F4E28017000000D8F4E28017000000A4
S31580E35518DCF4E28017000000E0F4E2801700000084
S31580E35528E4F4E28017000000E8F4E2801700000064
S31580E35538ECF4E28017000000F0F4E2801700000044
S31580E35548F4F4E28017000000F8F4E2801700000024
S31580E35558FCF4E2801700000000F5E2801700000003
S31580E3556804F5E2801700000008F5E28017000000E2
S31580E355780CF5E2801700000010F5E28017000000C2
S31580E3558814F5E2801700000018F5E28017000000A2
S31580E355981CF5E2801700000020F5E2801700000082
S31580E355A824F5E2801700000028F5E2801700000062
S31580E355B82CF5E2801700000030F5E2801700000042
S31580E355C834F5E2801700000038F5E2801700000022
S31580E355D83CF5E2801700000040F5E2801700000002
S31580E355E844F5E2801700000048F5E28017000000E2
S31580E355F84CF5E2801700000050F5E28017000000C2
S31580E3560854F5E2801700000058F5E28017000000A1
S31580E356185CF5E2801700000060F5E2801700000081
S31580E3562864F5E2801700000068F5E2801700000061
S31580E356386CF5E2801700000070F5E2801700000041
S31580E3564874F5E2801700000078F5E2801700000021
S31580E356587CF5E2801700000080F5E2801700000001
S31580E3566884F5E2801700000088F5E28017000000E1
S31580E356788CF5E2801700000090F5E28017000000C1
S31580E3568894F5E2801700000098F5E28017000000A1
S31580E356989CF5E28017000000A0F5E2801700000081
S31580E356A8A4F5E28017000000A8F5E2801700000061
S31580E356B8ACF5E28017000000B0F5E2801700000041
S31580E356C8B4F5E28017000000B8F5E2801700000021
S31580E356D8BCF5E28017000000C0F5E2801700000001
S31580E356E8C4F5E28017000000C8F5E28017000000E1
S31580E356F8CCF5E28017000000D0F5E28017000000C1
S31580E35708D4F5E28017000000D8F5E28017000000A0
S31580E35718DCF5E28017000000E0F5E2801700000080
S31580E35728E4F5E28017000000E8F5E2801700000060
S31580E35738ECF5E28017000000F0F5E2801700000040
S31580E35748F4F5E28017000000F8F5E2801700000020
S31580E35758FCF5E2801700000000F6E28017000000FF
S31580E3576804F6E2801700000008F6E28017000000DE
S31580E357780CF6E2801700000010F6E28017000000BE
S31580E3578814F6E2801700000018F6E280170000009E
S31580E357981CF6E2801700000020F6E280170000007E
S31580E357A824F6E2801700000028F6E280170000005E
S31580E357B82CF6E2801700000030F6E280170000003E
S31580E357C834F6E2801700000038F6E280170000001E
S31580E357D83CF6E2801700000040F6E28017000000FE
S31580E357E844F6E2801700000048F6E28017000000DE
S31580E357F84CF6E2801700000050F6E28017000000BE
S31580E3580854F6E2801700000058F6E280170000009D
S31580E358185CF6E2801700000060F6E280170000007D
S31580E3582864F6E2801700000068F6E280170000005D
S31580E358386CF6E2801700000070F6E280170000003D
S31580E3584874F6E2801700000078F6E280170000001D
S31580E358587CF6E2801700000080F6E28017000000FD
S31580E3586884F6E2801700000088F6E28017000000DD
S31580E358788CF6E2801700000090F6E28017000000BD
S31580E3588894F6E2801700000098F6E280170000009D
S31580E358989CF6E28017000000A0F6E280170000007D
S31580E358A8A4F6E28017000000A8F6E280170000005D
S31580E358B8ACF6E28017000000B0F6E280170000003D
S31580E358C8B4F6E28017000000B8F6E280170000001D
S31580E358D8BCF6E28017000000C0F6E28017000000FD
S31580E358E8C4F6E28017000000C8F6E28017000000DD
S31580E358F8CCF6E28017000000D0F6E28017000000BD
S31580E35908D4F6E28017000000D8F6E280170000009C
S31580E35918DCF6E28017000000E0F6E280170000007C
S31580E35928E4F6E28017000000E8F6E280170000005C
S31580E35938ECF6E28017000000F0F6E280170000003C
S31580E35948F4F6E28017000000F8F6E280170000001C
S31580E35958FCF6E2801700000000F7E28017000000FB
S31580E3596804F7E2801700000008F7E28017000000DA
S31580E359780CF7E2801700000010F7E28017000000BA
S31580E3598814F7E2801700000018F7E280170000009A
S31580E359981CF7E2801700000020F7E280170000007A
S31580E359A824F7E2801700000028F7E280170000005A
S31580E359B82CF7E2801700000030F7E280170000003A
S31580E359C834F7E2801700000038F7E280170000001A
S31580E359D83CF7E2801700000040F7E28017000000FA
S31580E359E844F7E2801700000048F7E28017000000DA
S31580E359F84CF7E2801700000050F7E28017000000BA
S31580E35A0854F7E2801700000058F7E2801700000099
S31580E35A185CF7E2801700000060F7E2801700000079
S31580E35A2864F7E2801700000068F7E2801700000059
S31580E35A386CF7E2801700000070F7E2801700000039
S31580E35A4874F7E2801700000078F7E2801700000019
S31580E35A587CF7E2801700000080F7E28017000000F9
S31580E35A6884F7E280170000009CF7E28017000000C5
S31580E35A78A8F7E28017000000ACF7E2801700000081
S31580E35A88B0F7E2801700000078FFE2801700000095
S31580E35A987CFFE2801700000090FFE2801700000099
S31580E35AA894FFE28017000000A8FFE2801700000059
S31580E35AB8ACFFE28017000000C0FFE2801700000019
S31580E35AC8C4FFE28017000000D8FFE28017000000D9
S31580E35AD8DCFFE28017000000F0FFE2801700000099
S31580E35AE8F4FFE280170000000800E3801700000057
S31580E35AF80C00E380170000002000E3801700000015
S31580E35B082400E380170000003800E38017000000D4
S31580E35B183C00E380170000005000E3801700000094
S31580E35B285400E380170000006800E3801700000054
S31580E35B386C00E380170000008000E3801700000014
S31580E35B488400E380170000009800E38017000000D4
S31580E35B589C00E38017000000B000E3801700000094
S31580E35B68B400E38017000000C800E3801700000054
S31580E35B78CC00E38017000000E000E3801700000014
S31580E35B88E400E38017000000F800E38017000000D4
S31580E35B98FC00E380170000001001E3801700000093
S31580E35BA81401E380170000002801E3801700000052
S31580E35BB82C01E380170000004001E3801700000012
S31580E35BC84401E380170000005801E38017000000D2
S31580E35BD85C01E380170000007001E3801700000092
S31580E35BE87401E380170000008801E3801700000052
S31580E35BF88C01E38017000000A001E3801700000012
S31580E35C08A401E38017000000B801E38017000000D1
S31580E35C18BC01E38017000000D001E3801700000091
S31580E35C28D401E38017000000E801E3801700000051
S31580E35C38EC01E380170000000002E3801700000010
S31580E35C480402E38017000000C802E380170000001F
S31580E35C58D002E38017000000D402E3801700000037
S31580E35C68D802E38017000000DC02E3801700000017
S31580E35C78E002E38017000000F802E38017000000E3
S31580E35C880003E380170000000403E38017000000A5
S31580E35C980803E380170000000C03E3801700000085
S31580E35CA81003E380170000008803E38017000000F1
S31580E35CB88C03E380170000009003E380170000005D
S31580E35CC89803E38017000000A003E3801700000031
S31580E35CD8A403E38017000000A803E380170000000D
S31580E35CE8AC03E38017000000B003E38017000000ED
S31580E35CF8E403E38017000000F003E3801700000065
S31580E35D08F403E38017000000F803E380170000003C
S31580E35D180004E380170000000C04E380170000000A
S31580E35D281004E380170000001404E38017000000E2
S31580E35D381C04E380170000002804E38017000000B2
S31580E35D482C04E380170000003004E380170000008A
S31580E35D583804E380170000004404E380170000005A
S31580E35D684804E380170000004C04E3801700000032
S31580E35D785404E380170000006004E3801700000002
S31580E35D886404E380170000006804E38017000000DA
S31580E35D987004E380170000007C04E38017000000AA
S31580E35DA88004E380170000008404E3801700000082
S31580E35DB88C04E380170000009804E3801700000052
S31580E35DC89C04E38017000000A004E380170000002A
S31580E35DD8A804E38017000000B404E38017000000FA
S31580E35DE8B804E38017000000BC04E38017000000D2
S31580E35DF8C404E38017000000D004E38017000000A2
S31580E35E08D404E38017000000D804E3801700000079
S31580E35E18E004E38017000000EC04E3801700000049
S31580E35E28F004E38017000000F404E3801700000021
S31580E35E38FC04E380170000000805E38017000000F0
S31580E35E480C05E380170000001005E38017000000C7
S31580E35E581805E380170000002405E3801700000097
S31580E35E682805E380170000002C05E380170000006F
S31580E35E783405E380170000004005E380170000003F
S31580E35E884405E380170000004805E3801700000017
S31580E35E985005E380170000005C05E38017000000E7
S31580E35EA86005E380170000006405E38017000000BF
S31580E35EB86C05E380170000007805E380170000008F
S31580E35EC87C05E380170000008005E3801700000067
S31580E35ED88805E380170000009405E3801700000037
S31580E35EE89805E380170000009C05E380170000000F
S31580E35EF8A405E38017000000B005E38017000000DF
S31580E35F08B405E38017000000B805E38017000000B6
S31580E35F18C005E38017000000CC05E3801700000086
S31580E35F28D005E38017000000D405E380170000005E
S31580E35F38DC05E38017000000E805E380170000002E
S31580E35F48EC05E38017000000F005E3801700000006
S31580E35F58F805E380170000000406E38017000000D5
S31580E35F680806E380170000000C06E38017000000AC
S31580E35F781406E380170000002006E380170000007C
S31580E35F882406E380170000002806E3801700000054
S31580E35F983006E380170000003C06E3801700000024
S31580E35FA84006E380170000004406E38017000000FC
S31580E35FB84C06E380170000005806E38017000000CC
S31580E35FC85C06E380170000006006E38017000000A4
S31580E35FD86806E380170000007406E3801700000074
S31580E35FE87806E380170000007C06E380170000004C
S31580E35FF88406E380170000009006E380170000001C
S31580E360089406E380170000009806E38017000000F3
S31580E36018A006E38017000000AC06E38017000000C3
S31580E36028B006E38017000000B406E380170000009B
S31580E36038BC06E38017000000C806E380170000006B
S31580E36048CC06E38017000000D006E3801700000043
S31580E36058D806E38017000000E406E3801700000013
S31580E36068E806E38017000000EC06E38017000000EB
S31580E36078F406E380170000000007E38017000000BA
S31580E360880407E380170000000807E3801700000091
S31580E360980C07E380170000001007E3801700000071
S31580E360A81C07E380170000002007E3801700000041
S31580E360B82407E380170000002C07E380170000001D
S31580E360C83807E380170000003C07E38017000000E9
S31580E360D84007E380170000004807E38017000000C5
S31580E360E85407E380170000005807E3801700000091
S31580E360F85C07E380170000006007E3801700000071
S31580E361086407E380170000007007E3801700000048
S31580E361187407E380170000007807E3801700000020
S31580E361288007E380170000008C07E38017000000F0
S31580E361389007E380170000009407E38017000000C8
S31580E361489C07E38017000000A807E3801700000098
S31580E36158AC07E38017000000B007E3801700000070
S31580E36168B407E38017000000B807E3801700000050
S31580E36178C407E38017000000C807E3801700000020
S31580E36188CC07E38017000000D407E38017000000FC
S31580E36198E007E38017000000E407E38017000000C8
S31580E361A8E807E38017000000F007E38017000000A4
S31580E361B8FC07E380170000000008E380170000006F
S31580E361C80408E380170000000C08E380170000004A
S31580E361D81808E380170000001C08E3801700000016
S31580E361E82008E380170000002808E38017000000F2
S31580E361F82C08E380170000003008E38017000000CE
S31580E362083408E380170000003808E38017000000AD
S31580E362183C08E380170000004008E380170000008D
S31580E362284408E380170000004808E380170000006D
S31580E362384C08E380170000005008E380170000004D
S30D80E362485408E380170000000F
S70580DFFE009D
