S00E0000752D626F6F742E73726563C0
S31580DFFE00950000EA414E594B4148334400E80300F0
S31580DFFE100000000000000000000000000600000077
S31580DFFE200000E0800100000000000000000000000C
S31580DFFE30000000000000000000000000000000005D
S31580DFFE40000000000000000000000000000000004D
S31580DFFE50000000000000000000000000000000003D
S31580DFFE60000000000000000000000000000000002D
S31580DFFE70000000000000000000000000000000001D
S31580DFFE80000000000000000000000000000000000D
S31580DFFE9000000000000000000000000000000000FD
S31580DFFEA000000000000000000000000000000000ED
S31580DFFEB000000000000000000000000000000000DD
S31580DFFEC000000000000000000000000000000000CD
S31580DFFED000000000000000000000000000000000BD
S31580DFFEE000000000000000000000000000000000AD
S31580DFFEF0000000000000000000000000000000009D
S31580DFFF00000000000000000000000000000000008C
S31580DFFF10000000000000000000000000000000007C
S31580DFFF20000000000000000000000000000000006C
S31580DFFF30000000000000000000000000000000005C
S31580DFFF40000000000000000000000000000000004C
S31580DFFF50000000000000000000000000000000003C
S31580DFFF60000000000000000000000000000000002C
S31580DFFF70000000000000000000000000000000001C
S31580DFFF8000000000000000000000000053504950D0
S31580DFFF9000000000000000000000000000000000FC
S31580DFFFA000000000000000000000000000000000EC
S31580DFFFB000000000000000000000000000000000DC
S31580DFFFC000000000000000000000000000000000CC
S31580DFFFD000000000000000000000000000000000BC
S31580DFFFE000000000000000000000000000000000AC
S31580DFFFF0000000000000000000000000000000009C
S31580E00000150000EA14F09FE514F09FE514F09FE5F3
S31580E0001014F09FE514F09FE514F09FE514F09FE55A
S31580E00020E000E0804001E080A001E0800002E08026
S31580E000306002E080C002E0804003E080EFBEADDE9B
S31580E0004000FEDF80500A0300D0402A0008640300E7
S31580E00050DEC0AD0BDEC0AD0BDEC0AD0B00000FE148
S31580E000601F00C0E3D30080E300F029E10C039FE5A5
S31580E00070001090E5021081E3001080E5010000EBBE
S31580E00080850400EB1EFF2FE10000A0E37AFF17EE68
S31580E00090FDFFFF1A170F08EE150F07EE100F11EE92
S31580E000A0030CC0E38700C0E3020AC0E3020080E3FA
S31580E000B0010A80E3100F01EE0EC0A0E1878C00EB11
S31580E000C00CE0A0E10EF0A0E10000A0E10000A0E1DC
S31580E000D00000A0E10000A0E10000A0E10000A0E1B6
S31580E000E090D01FE500E08DE500E04FE104E08DE58E
S31580E000F013D0A0E30DF069E10FE0A0E10EF0B0E1EE
S31580E0010048D04DE2FF1F8DE8B8201FE50C0092E84D
S31580E0011048008DE234508DE20E10A0E10F0085E8B4
S31580E001200D00A0E16A0600EB0000A0E10000A0E17E
S31580E001300000A0E10000A0E10000A0E10000A0E155
S31580E00140F0D01FE500E08DE500E04FE104E08DE5CD
S31580E0015013D0A0E30DF069E10FE0A0E10EF0B0E18D
S31580E0016048D04DE2FF1F8DE818211FE50C0092E88C
S31580E0017048008DE234508DE20E10A0E10F0085E854
S31580E001800D00A0E15A0600EB0000A0E10000A0E12E
S31580E001900000A0E10000A0E10000A0E10000A0E1F5
S31580E001A050D11FE500E08DE500E04FE104E08DE50C
S31580E001B013D0A0E30DF069E10FE0A0E10EF0B0E12D
S31580E001C048D04DE2FF1F8DE878211FE50C0092E8CC
S31580E001D048008DE234508DE20E10A0E10F0085E8F4
S31580E001E00D00A0E14A0600EB0000A0E10000A0E1DE
S31580E001F00000A0E10000A0E10000A0E10000A0E195
S31580E00200B0D11FE500E08DE500E04FE104E08DE54B
S31580E0021013D0A0E30DF069E10FE0A0E10EF0B0E1CC
S31580E0022048D04DE2FF1F8DE8D8211FE50C0092E80B
S31580E0023048008DE234508DE20E10A0E10F0085E893
S31580E002400D00A0E13A0600EB0000A0E10000A0E18D
S31580E002500000A0E10000A0E10000A0E10000A0E134
S31580E0026010D21FE500E08DE500E04FE104E08DE58A
S31580E0027013D0A0E30DF069E10FE0A0E10EF0B0E16C
S31580E0028048D04DE2FF1F8DE838221FE50C0092E84A
S31580E0029048008DE234508DE20E10A0E10F0085E833
S31580E002A00D00A0E12A0600EB0000A0E10000A0E13D
S31580E002B00000A0E10000A0E10000A0E10000A0E1D4
S31580E002C078D21FE548D04DE2FF1F8DE83C808DE275
S31580E002D0006048E900E088E500604FE1046088E579
S31580E002E0080088E50D00A0E194009FE5009090E588
S31580E002F090009FE5008090E5089009E00000A0E38B
S31580E003000110A0E31110A0E1010019E10190C911EB
S31580E0031001002DE9A203001B0100BDE8000059E3BE
S31580E003200100000A010080E2F4FFFFEAFF7FDDE8DA
S31580E003300000A0E13CE09DE548D08DE204F05EE27D
S31580E00340F4D21FE548D04DE2FF1F8DE83C808DE278
S31580E00350006048E900E088E500604FE1046088E5F8
S31580E00360080088E50D00A0E1010600EBFF7FDDE8EF
S31580E003700000A0E13CE09DE548D08DE204F05EE23D
S31580E00380A40100084C000008240000080233A0E322
S31580E0039010209FE5082283E50322A0E30C2283E573
S31580E003A00000A0E31EFF2FE1E02E00000233A0E371
S31580E003B00C2293E5012382E30C2283E5081293E580
S31580E003C08C3099E5010053E18C3099358800993578
S31580E003D08C0099250030833088309925BB3D833267
S31580E003E00030832020308332033061E0883089E535
S31580E003F08C1089E50010A0E3880099E51EFF2FE1C7
S31580E0040008402DE9E8FFFFEB08209FE50030A0E3F8
S31580E00410738E00EB0880BDE8E02E000010402DE9E9
S31580E004200040A0E1F5FFFFEB000064E01080BDE84E
S31580E004300021A0E1F8402DE9002092E00050A0E301
S31580E00440203FA0E10530A3E0022092E00330A3E064
S31580E00450002092E00530A3E00040A0E10312A0E195
S31580E004600202A0E1221E81E1002092E00130A3E0B9
S31580E00470022092E00330A3E0024094E00350A5E03E
S31580E004808532A0E1A43D83E18422A0E10240A0E19F
S31580E004900350A0E1C4FFFFEBFA2FA0E30030A0E316
S31580E004A00060A0E10170A0E10400A0E10510A0E1F8
S31580E004B04B8E00EB006096E00170A7E0BAFFFFEBA1
S31580E004C0002056E00030C7E20310A0E1000052E3CE
S31580E004D00030D1E2F8FFFFAAF880BDE8D3FFFFEA5B
S31580E004E008402DE90233A0E3083093E520009FE53C
S31580E004F0FF2003E20F1C03E2033A03E22336A0E186
S31580E005002114A0E1920000E01113A0E1B58D00EB8B
S31580E005100880BDE800366E010233A0E310402DE985
S31580E00520084093E5EDFFFFEBA418A0E1031001E29C
S31580E00530011081E28110A0E1AA8D00EB1080BDE878
S31580E0054008402DE90233A0E3083093E5010413E384
S31580E005500100001A0840BDE8EEFFFFEAEDFFFFEB81
S31580E00560A000A0E10880BDE810402DE99CE09FE571
S31580E00570070051E384C09EE50F4200E20FC20CE221
S31580E005800F02C0E38110A0810C0080E10720029277
S31580E005903010818201200282040180E18111829102
S31580E005A00210818184008EE50820DDE580009EE5ED
S31580E005B0000052E38110A0E10700000A50209FE589
S31580E005C0010013E3002002E001304302032C82E3C2
S31580E005D0032582E1013082E1040000EA010000E2C5
S31580E005E0020C80E3013043E2033580E1013083E1B0
S31580E005F018209FE5803082E50C30DDE5000053E38E
S31580E006009C309215013083139C3082151080BDE8B2
S31580E006100000142001010000070050E30200008A78
S31580E006208004A0E1120380E21EFF2FE10F0050E379
S31580E006300300008A8003A0E1120380E2030B80E2DC
S31580E006401EFF2FE1100050E30500000A120050E380
S31580E006500500008A0003A0E1120380E2530D80E2E8
S31580E006601EFF2FE108009FE51EFF2FE10000A0E3BB
S31580E006701EFF2FE100180048F34D2DE90040A0E170
S31580E006800100A0E10270A0E10380A0E1E1FFFFEBC1
S31580E006902860DDE5000050E37B00000A083087E053
S31580E006A0000056E323B3A0E107C080E02851A0E133
S31580E006B0031008E23F3003E2032004E23700000A39
S31580E006C0000052E304E0A0010C6064002300000A0D
S31580E006D004E06CE00C70A0E10020A0E304E08DE58E
S31580E006E0050052E10F00000A04E09DE507E08EE098
S31580E006F000E08DE500E0A0E30E60A0E100809DE5EE
S31580E0070008A0DEE70A80A0E18EA1A0E101E08EE20A
S31580E0071004005EE3186A86E1F7FFFF1A046087E467
S31580E00720012082E2EDFFFFEA000051E31400000AB7
S31580E007300221A0E100E0A0E3044082E00E50A0E1C7
S31580E007400470DEE78E61A0E101E08EE201005EE109
S31580E00750175685E1F9FFFF1A02508CE7080000EA98
S31580E00760050052E100709E150E70861701208212F8
S31580E0077004E08E12F9FFFF1A000051E3021194178C
S31580E0078002118C17013043E23B0053E30B33A09117
S31580E007903C3083920020A093002083973A0000EAC1
S31580E007A0000052E30CE0A00104606C001D00000A2A
S31580E007B00470A0E10620A0E10C8064E0050052E12F
S31580E007C00B00000A07A098E700E0A0E38E61A0E1B5
S31580E007D03A66A0E1FF6006E20760CEE701E08EE2DE
S31580E007E004005EE3F8FFFF1A012082E2047087E2EC
S31580E007F0F1FFFFEA000051E31E00000A02E19CE7F8
S31580E00800024184E000C0A0E38C21A0E13E22A0E189
S31580E00810FF2002E20C20C4E701C08CE201005CE12B
S31580E00820F8FFFF1A130000EA050052E100709E15FA
S31580E008300E7086170120821204E08E12F9FFFF1AED
S31580E00840000051E30B00000A8111A0E102E19CE780
S31580E00850011081E201C0A0E31C11A0E1025194E7FE
S31580E0086000C061E2011041E205C00CE00E1001E03B
S31580E008700C1081E1021184E7013043E23B0053E34F
S31580E008800B33A0913C3083920030939708D08DE271
S31580E00890F08DBDE80223A0E31C3092E50010A0E3D2
S31580E008A0023CC3E31C3082E528309FE50120A0E3CB
S31580E008B0802083E50322A0E3842083E518209FE55A
S31580E008C0881083E514009FE58C2083E59C1083E502
S31580E008D0022CA0E3347B00EA000014200000C390E1
S31580E008E05008E38028309FE5070050E3A0309395D9
S31580E008F00001A0913300A091A83093850F0000926B
S31580E00900080040828000A0813300A081030000823D
S31580E009101EFF2FE100001420F34D2DE922B3A0E164
S31580E009200BA3A0E1010053E30080A0E10160A0E118
S31580E009300370A0E102506AE00040A0E32400001AC0
S31580E009400B0054E10C00000A0600A0E1E4FFFFEB97
S31580E00950080050E3FBFFFF0A072004E2040388E077
S31580E0096000708DE50610A0E10223A0E14030A0E30F
S31580E0097040FFFFEB014084E2F0FFFFEA000055E331
S31580E009801E00000A0600A0E1D5FFFFEB000050E361
S31580E00990FBFFFF1A0130A0E307200BE200308DE574
S31580E009A0110000EA0600A0E1CDFFFFEB000050E376
S31580E009B0FBFFFF0A072004E2040388E000708DE570
S31580E009C00610A0E10223A0E14030A0E329FFFFEB7F
S31580E009D0014084E20B0054E1F1FFFF1A000055E389
S31580E009E00600000A072004E200708DE508008AE030
S31580E009F00610A0E10223A0E10530A0E11DFFFFEB98
S31580E00A0008D08DE2F08DBDE804E02DE507C002E276
S31580E00A1004E0DDE504E08DE5020380E004E09DE4AA
S31580E00A200C23A0E113FFFFEAFF4D2DE90260A0E170
S31580E00A30122F6FE1A222A0E1070051E302B0A0915C
S31580E00A4001B0828300005BE308008DE50140A0E110
S31580E00A503070DDE56900001A2683A0E1800058E366
S31580E00A6003A0A0E11100009A070018E36300001AD2
S31580E00A708050A0E30800A0E10510A0E1838C00EBA4
S31580E00A80000051E30600001A0800A0E10510A0E18D
S31580E00A90548C00EB01B040E2FE005BE30400009A78
S31580E00AA0560000EA085055E2F1FFFF1A530000EACB
S31580E00AB00850A0E14C219FE58412D2E7000051E383
S31580E00AC04E00001A8402A0E100C082E00D10DCE551
S31580E00AD0FF1011E24900001A08309DE53F6006E20A
S31580E00AE008808CE518608CE504308CE502A0CCE5C6
S31580E00AF00170CCE50C10CCE518309CE5000053E3A2
S31580E00B000700000A0130A0E30C30CCE504309CE518
S31580E00B1008109CE5013383E010308CE508309CE5D5
S31580E00B2014308CE50C208DE508008DE5C30100EBE3
S31580E00B3008009DE50C209DE5C8309FE5001082E029
S31580E00B4008C091E501E0A0E300005CE30A00001A3A
S31580E00B5084C2C3E70DE0C1E5100091E5142091E57C
S31580E00B60183091E50210D1E5FF2002E282008DE89F
S31580E00B700410A0E17BFEFFEB200000EA84E2C3E7FD
S31580E00B800431A0E1023283E204C091E5053783E2D5
S31580E00B9000C083E5FF5005E26C309FE50BB885E148
S31580E00BA004B183E7403043E288C093E50210D1E5A3
S31580E00BB00150A0E3000051E3081084E21E118C117D
S31580E00BC01E11CC01881083E540109FE580C093E537
S31580E00BD0002082E00C1001E018C084E2151C81E15F
S31580E00BE0801083E50130D2E524E09FE5000053E301
S31580E00BF09C309E1509408412154483119C408E15C5
S31580E00C0010D08DE2F08DBDE85008E38040001420DE
S31580E00C10FFFD000000001420080051E30700509318
S31580E00C201EFF2F8124209FE5080080E38C3092E52B
S31580E00C30011280E1FF30C3E3031081E18C1082E58D
S31580E00C408C3092E5FF30C3E38C3082E51EFF2FE1E6
S31580E00C500000142028309FE5070050E38820939514
S31580E00C608C2093850110A0E3180080920800808292
S31580E00C701100829111008281880083958C008385A2
S31580E00C801EFF2FE100001420F04D2DE9EC409FE59A
S31580E00C90187080E20180A0E3803094E51877A0E1C7
S31580E00CA0030017E10050A0E1F08DBD080CFFFFEBDB
S31580E00CB0CC309FE585B2A0E10B2083E00210D2E53F
S31580E00CC00360A0E1002090E20120A013000051E340
S31580E00CD00020A013000052E300A0A0E10200001A69
S31580E00CE098809FE50B4086E01D0000EA0500A0E1C4
S31580E00CF0FBFEFFEB0A0050E1F8FFFF1A0233A0E3A8
S31580E00D0088C094E5900094E5941094E5202093E5DE
S31580E00D10022982E3202083E5202093E50229C2E3AD
S31580E00D20202083E50332A0E3808084E5843084E577
S31580E00D308C3094E5053283E38C3084E588C084E5A5
S31580E00D40900084E5941084E5F08DBDE80230D4E52A
S31580E00D500500A0E1000053E30500001A0810A0E3B7
S31580E00D60ACFFFFEB803098E5030017E1F6FFFF1A52
S31580E00D70010000EAB6FFFFEBF9FFFFEAF08DBDE880
S31580E00D80000014205008E38073402DE948519FE528
S31580E00D900060A0E18032D5E7000053E32800000A36
S31580E00DA0070050E318208092082080820130A0E37B
S31580E00DB028019FE528119FE51322A0E10030A0E3FA
S31580E00DC080C090E50C0012E10200000A013083E267
S31580E00DD0010053E1F9FFFF1A08219FE50040A0E3F7
S31580E00DE0020053E18642C5E70600009A0600A0E1CC
S31580E00DF0A4FFFFEBF0309FE5033086E00331A0E10E
S31580E00E00004083E5310000EACC109FE5861281E060
S31580E00E100C30D1E5000053E32A00000A0130A0E35C
S31580E00E200D30C1E5100091E5142091E5183091E58B
S31580E00E300210D1E5FF2002E212008DE80610A0E163
S31580E00E40C8FDFFEB8622A0E1023085E00D30D3E5D8
S31580E00E50000053E31B00000A80009FE580109FE5B9
S31580E00E600030A0E380C090E5020C1CE30200000A9B
S31580E00E70013083E2010053E1F9FFFF1A025085E079
S31580E00E8060209FE50040A0E3020053E10D40C5E508
S31580E00E900E00008A0230D5E5040053E10900000A1D
S31580E00EA0183095E53C0053E30600008A0600A0E191
S31580E00EB0D8FDFFEB143095E5073003E20333A0E17C
S31580E00EC03C3083E2004083E70100A0E3000000EAD3
S31580E00ED00400A0E108D08DE27080BDE85008E38090
S31580E00EE000001420E182EC00DF82EC0010000508AF
S31580E00EF0020050E34A00000AFF3000E228119FE535
S31580E00F0083C1A0E10C2081E00400D2E5FF0050E33C
S31580E00F101EFF2F1114219FE5F0412DE910719FE509
S31580E00F200040A0E10050A0E10160A0E302E0A0E182
S31580E00F300580D2E5010058E30700001AFF0055E37B
S31580E00F40B680D2E10450D2050870A0010540A00128
S31580E00F50070058E10440D2350870A031016086E28E
S31580E00F60080056E3042082E2F0FFFF1AFF0055E313
S31580E00F70F081BD0804018EE00020A0E30120C0E5F9
S31580E00F80B220D0E1012082E20228A0E12228A0E17D
S31580E00F90000052E3B220C0E11000000A0160A0E345
S31580E00FA090509FE516E4A0E1102084E2880095E564
S31580E00FB016228EE10C1081E0090053E3002082E1E5
S31580E00FC0882085E5833083900440C1E568109F954D
S31580E00FD00A3043828330838060109F85060000EA72
S31580E00FE00250A0E102008EE0042082E2200052E37B
S31580E00FF0B250C0E1FAFFFF1AE7FFFFEA002091E571
S31580E010000700A0E31023C2E1000004E0103382E190
S31580E010100400A0E1003081E50DFFFFEB0400A0E1D4
S31580E01020F081BDE8FF00A0E31EFF2FE180E0E280D3
S31580E0103060E0E280FFFF00000000142090001420B2
S31580E0104094001420FF2000E2C4009FE58221A0E105
S31580E0105038402DE9023080E00440D3E5FF0054E3D8
S31580E010603880BD08ACC09FE501E0A0E39C109CE51C
S31580E01070093084E21E33C1E19C308CE598309FE5EF
S31580E0108084C2A0E100E0A0E30C1083E001E0C1E5CA
S31580E010901CE081E584E2D3E700005EE30200001A0B
S31580E010A00D10D1E5000051E30300000A0010A0E333
S31580E010B08412C3E70C3083E00D10C3E5020080E0C4
S31580E010C00030E0E30430C0E550309FE50150A0E316
S31580E010D0043183E00400A0E10150C3E5E9FEFFEBC3
S31580E010E03C309FE50020A0E3033084E00331A0E1BB
S31580E010F0002083E51C109FE51534A0E1100084E212
S31580E01100882091E5154083E10440C2E1884081E58D
S31580E011103880BDE880E0E280000014205008E3805B
S31580E0112060E0E2801000050808402DE9013040E2E9
S31580E01130170053E30600009A40009FE540109FE5C4
S31580E011402D20A0E33C309FE5A62600EB38009FE506
S31580E01150047D00EB0233A0E30120A0E3201093E5B9
S31580E011601200A0E1012080E1202083E5202093E5A4
S31580E011700000C2E1200083E50000A0E30880BDE82E
S31580E01180475DE280645DE280EE54E280765DE280F7
S31580E01190E4FFFFEA0010A0E100009FE5912600EA67
S31580E011A07B5DE2800C309FE5802183E0042092E540
S31580E011B0800193E712FF2FE1500AE38001C0A0E1AE
S31580E011C0111F6FE1A112A0E11F0050E30130A0D111
S31580E011D0013081C3000053E30C309F0580218307F3
S31580E011E08031830004C083051EFF2FE1500AE3802F
S31580E011F010402DE90040A0E30400A0E10420A0E136
S31580E0120014109FE5014084E2EBFFFFEB200054E3FE
S31580E01210F8FFFF1A0000A0E31080BDE89411E0809B
S31580E0122008402DE9D00100EB730200EB790200EB78
S31580E01230180000EB0000A0E3170F07EE0880BDE87A
S31580E012400030A0E37EFF17EEFDFFFF1A9A3F07EE20
S31580E012501EFF2FE11F0010E30120A0030020A01352
S31580E012601F3011E20130A013030052E11EFF2F91DF
S31580E01270010050E10200002A3E0F07EE200080E2E6
S31580E01280FAFFFFEA0030A0E39A3F07EE1EFF2FE168
S31580E01290011080E0EEFFFFEA1EFF2FE16CD09FE5B4
S31580E012A007D0CDE3A0D04DE207D0CDE30D90A0E10D
S31580E012B00000A0E3570000EB40D099E507D0CDE3EE
S31580E012C0009099E5A09049E20CE08FE2440099E530
S31580E012D000E08EE0300099E5100000EA68FBFFEB65
S31580E012E02C009FE52C109FE50020A0E3010050E153
S31580E012F00020803504008032FBFFFF3A3A0000EBA5
S31580E013003A0000EB0900A0E1301099E508F09FE58E
S31580E0131060FFFE805008E380D03E0A816415E0805D
S31580E013204C109FE5014050E01000000A44209FE504
S31580E01330000CB1E8000CA0E8020051E1FBFFFF3AA7
S31580E0134034209FE534309FE50300B2E8FF1001E2E8
S31580E01350170051E30300001A040080E0001090E5D6
S31580E01360041081E0001080E5030052E1F5FFFF3ACA
S31580E013701EFF2FE100FEDF805008E3805008E38007
S31580E013800862E3800000A0E31EFF2FE108402DE91C
S31580E013900C109FE50C009FE5122600EB0000A0E311
S31580E013A00880BDE815E0E280B35DE28010402DE97B
S31580E013B00A10A0E314209FE514009FE50940A0E110
S31580E013C0DD1C00EB080084E50000A0E31080BDE8AA
S31580E013D000C20100BA5DE28008402DE99A00A0E3F0
S31580E013E0E23500EB0000A0E30880BDE81EFF2FE1B8
S31580E013F01EFF2FE1003099E50221A0E3182083E566
S31580E01400002099E5343099E51C3082E51EFF2FE116
S31580E014100000A0E31EFF2FE1F8402DE9A020A0E325
S31580E014200900A0E10010A0E35F7800EB10219FE5C2
S31580E014300233A0E3002092E5382089E504219FE588
S31580E01440082083E5042093E5012282E3042083E5F6
S31580E01450042093E5010212E3FCFFFF1AE8409FE5D2
S31580E01460AA24A0E30233A0E3E82083E5043094E4F1
S31580E01470000053E30300000A33FF2FE1000050E34E
S31580E01480F9FFFF0A236F00EB340099E50129A0E319
S31580E014909C2089E59C2099E5020180E2000062E0DB
S31580E014A02008A0E10008A0E1980089E5303500EB4E
S31580E014B098209FE598609FE51C0089E5384099E58E
S31580E014C0000064E0FF4EC0E30F40C4E3015544E210
S31580E014D0022084E0835D45E2002089E53C5089E591
S31580E014E00D0100EB066084E0002099E5083099E57F
S31580E014F0003082E5BEFFFFEB58009FE5003099E5BE
S31580E015001C7093E5AB2500EB0700A0E10010A0E39B
S31580E0151044209FE54D6D00EB40309FE5A020A0E3A1
S31580E01520000093E5304089E5044060E0406089E56D
S31580E015300500A0E1444089E50910A0E1F840BDE856
S31580E01540307800EA4800E0807D13000108E1E2801F
S31580E01550E0DFBFFF30AFBFFFC35DE28009CFE2804F
S31580E015604000E08008402DE9043099E59B00A0E347
S31580E01570013083E3043089E50140A0E17B3500EB6F
S31580E0158010319FE5002093E50C319FE5002083E54F
S31580E015908C0100EB608700EB8C5400EB010544E2A4
S31580E015A0F8109FE5020A40E2A52600EB97FFFFEBE5
S31580E015B08B8700EB004050E20B00000A0400A0E1BC
S31580E015C00010A0E3D8209FE5206D00EBD4109FE5C6
S31580E015D00120A0E34C0099E5AF6E00EB000050E3FC
S31580E015E00400000A692B00EB050000EAB8009FE5DD
S31580E015F0702500EBC76E00EBB72A00EBAC009FE5E9
S31580E01600782500EBA8009FE51E1C00EB0410A0E106
S31580E01610B88700EB9C309FE51010A0E398209FE50B
S31580E01620000083E594009FE50940A0E1421C00EBC1
S31580E016304C0084E54C0099E5338900EB010070E3CA
S31580E016400200001A4C1099E574009FE5652500EBD1
S31580E01650000099E5534600EB2F3A00EBA32D00EB13
S31580E0166060409FE5222600EBBB0000EB1010A0E374
S31580E01670002094E550009FE52F1C00EB000084E5F8
S31580E0168048009FE54B2500EB000099E5687F00EB7D
S31580E01690DC3800EBFDFFFFEA4C00E080540BE38092
S31580E016A00020400009CFE280CB5DE280DC5DE28015
S31580E016B0EC5DE280025EE280500BE38000003081E8
S31580E016C00B5EE2801A5EE28098F7E2805A8AE280D8
S31580E016D0415EE280003099E573402DE9043093E580
S31580E016E0606090E50050A0E188009FE504308DE5DC
S31580E016F0024C01E2E31B00EB000050E30500000A28
S31580E017001010A0E304208DE22C7B00EB68009FE5BF
S31580E0171004109DE5332500EB0F00A0E3133500EBC5
S31580E0172058309FE5000054E354109FE554009FE550
S31580E017300310A0012B2500EBA100A0E30B3500EB05
S31580E01740B6FEFFEB703095E5000053E36C2095150F
S31580E017500930A0010030930508209305000054E38A
S31580E017600200001A0400A0E104109DE536FF2FE197
S31580E0177008D08DE27080BDE8605EE280675EE280E0
S31580E01780A8DDE280495EE2808C5EE280002099E519
S31580E01790003099E5182092E51C3093E50D10A0E124
S31580E017A0022083E0011A41E2022061E0087300EA48
S31580E017B01EFF2FE170402DE90040A0E1E4009FE5A7
S31580E017C0B01B00EB702094E5000052E30800000AAD
S31580E017D0D4009FE5032500EB0400A0E1BB3300EBDA
S31580E017E0000050E37080BD08C0009FE5FD2400EB5B
S31580E017F0486E00EB0030A0E1000099E5B0C09FE5BF
S31580E01800084090E5AC509FE5082084E50C2084E50F
S31580E01810102084E50500A0E3142084E2000053E371
S31580E01820011084E8002085E5002099E51400000A8F
S31580E018300360A0E10120D3E4200052E3FBFFFF0A2E
S31580E01840000052E30E00000A6C309FE5183084E514
S31580E018500600A0E1F17600EB0610A0E10D0080E243
S31580E018602031A0E1000095E5143084E5080080E2AF
S31580E01870B57600EB003095E5002093E5023183E014
S31580E01880003085E52C009FE5C8FFFFEB0020A0E354
S31580E018900930A0E1003093E5003095E5042083E54A
S31580E018A0002083E57080BDE8A55EE280AE5EE280E2
S31580E018B0BA5EE28001004154580BE380090041544E
S31580E018C0F8402DE9C05010E20050E0131000001AF5
S31580E018D00040A0E1017C14E20360A0E10300A0E106
S31580E018E00100000AB2FFFFEB090000EA065C14E2A1
S31580E018F00300000A0410A0E175FFFFEB0750A0E1AA
S31580E01900030000EAAAFFFFEB0600A0E10410A0E1D5
S31580E019106FFFFFEB0500A0E1F880BDE83C3099E57C
S31580E0192028209FE5041043E2001082E53C2099E5FB
S31580E019301C109FE5082082E2002081E5023A43E21E
S31580E0194010209FE5043043E2003082E527FEFFEA7F
S31580E019505000E0805800E0805400E08000300FE1E5
S31580E019608030C3E303F021E11EFF2FE100000FE1A9
S31580E01970C03080E303F021E1A003A0E1010020E292
S31580E01980010000E21EFF2FE108402DE900009FE5FF
S31580E01990F47A00EBDA5EE28030402DE98CD04DE2DD
S31580E019A00040A0E100119FE508008DE28020A0E3E1
S31580E019B0147700EB303094E500308DE52C3094E5FB
S31580E019C004308DE53C1094E5382094E5343094E598
S31580E019D0D8009FE5405094E5822400EB281094E5FA
S31580E019E0242094E5203094E5C4009FE57D2400EB37
S31580E019F0103094E500308DE51C1094E5182094E5D0
S31580E01A00143094E5AC009FE5762400EB003094E555
S31580E01A100C1094E5082094E500308DE598009FE56C
S31580E01A20043094E56F2400EB010115E35A20A013FE
S31580E01A307A20A003020215E34330A0136330A003AB
S31580E01A40010215E35610A0137610A003000055E3BB
S31580E01A5068009FE500108DE54E10A0B36E10A0A340
S31580E01A60602400EB403094E554209FE554C09FE528
S31580E01A70800013E30210A0010C10A01188008DE213
S31580E01A80400013E31F3003E2033180E038009FE536
S31580E01A9000008DE50C20A011803013E52C009FE539
S31580E01AA0502400EB8CD08DE23080BDE80841E280A6
S31580E01AB0F15EE280365FE2805A5FE2808A5FE280B2
S31580E01AC0BA5FE2800893E280ED5EE280A8DDE280A4
S31580E01AD0CA5FE28008402DE90040A0E10C009FE566
S31580E01AE0402400EB0400A0E1AAFFFFEBA5FFFFEB9B
S31580E01AF0E95FE28008402DE90040A0E10C009FE527
S31580E01B00382400EB0400A0E1A2FFFFEB9DFFFFEB92
S31580E01B100060E28008402DE90040A0E10C009FE5EE
S31580E01B20302400EB0400A0E19AFFFFEB95FFFFEB8A
S31580E01B301460E28008402DE90040A0E10C009FE5BA
S31580E01B40282400EB0400A0E192FFFFEB8DFFFFEB82
S31580E01B502460E28008402DE90040A0E10C009FE58A
S31580E01B60202400EB0400A0E18AFFFFEB85FFFFEB7A
S31580E01B706E60E28008402DE90040A0E10C009FE520
S31580E01B80182400EB0400A0E182FFFFEB7DFFFFEB72
S31580E01B907860E28008402DE920009FE5052400EB8F
S31580E01BA01C009FE5F77600EB6FFFFFEB2B5E00EB0B
S31580E01BB00100A0E3335E00EB0000A0E30880BDE80F
S31580E01BC07C61E28050C300001EFF2FE108D04DE229
S31580E01BD00030A0E304308DE504309DE5630053E3F7
S31580E01BE0030000CA0000A0E104309DE5013083E2F5
S31580E01BF0F7FFFFEA08D08DE21EFF2FE110402DE9C6
S31580E01C00F1FFFFEB104F11EEEFFFFFEB014AC4E36C
S31580E01C10104F01EE1080BDE810402DE9EAFFFFEBA2
S31580E01C20104F11EE040014E31080BD08E6FFFFEBD1
S31580E01C3082FDFFEB0540C4E3104F01EE1080BDE866
S31580E01C400030A0E10100A0E10210A0E113FF2FE146
S31580E01C50010052E370402DE90040E0D3120000DA43
S31580E01C600340A0E10400B4E50250A0E10010A0E347
S31580E01C701020A0E3A37900EB0060A0E10610A0E1CC
S31580E01C802C009FE5D72300EB011045E20420A0E17C
S31580E01C900600A0E1E9FFFFEB004090E20010A0E142
S31580E01CA010009FE50140A013CE2300EB0400A0E1E5
S31580E01CB07080BDE88B61E280B361E2801EFF2FE138
S31580E01CC0F04D2DE904489FE528D04DE248709DE52A
S31580E01CD003A0A0E18C3094E5010017E3033087E1AF
S31580E01CE018008DE520108DE50260A0E18C3084E55A
S31580E01CF01700000A0010A0E3132EA0E30400A0E181
S31580E01D00297600EBC8079FE5D72800EB880084E5B5
S31580E01D10900084E2627100EBA43000EB0050A0E119
S31580E01D20AE3000EB0510A0E10020A0E1900084E257
S31580E01D30657100EB900084E293FEFFEB900084E215
S31580E01D400C7200EBA000A0E3883300EB0130A0E347
S31580E01D508C3084E5020017E38C00000A000056E32D
S31580E01D6070379FD5005093D5040000DA00009AE5DD
S31580E01D700010A0E31020A0E3627900EB0050A0E120
S31580E01D800100A0E3793300EB0500A0E1673100EBC9
S31580E01D900080A0E3548084E5508084E50050A0E193
S31580E01DA04F3100EB010050E33900001A0510A0E145
S31580E01DB024079FE58B2300EB001095E50C379FE524
S31580E01DC0012CA0E1888093E5212C82E1FF3C01E2B1
S31580E01DD0032482E1FF3801E2233482E1FC269FE599
S31580E01DE0020053E10300000AF4069FE5712300EB4D
S31580E01DF00000E0E3230000EA0200A0E35B3300EBAF
S31580E01E000500A0E1083000EB000050E30300001A73
S31580E01E10D0069FE5672300EB0100E0E3190000EAC6
S31580E01E200300A0E3513300EB0500A0E1C03000EBF6
S31580E01E30000058E30B00000AAC069FE55D2300EB4B
S31580E01E400500A0E1103000EB000050E30300001A2B
S31580E01E5098069FE5632300EB0200E0E3090000EAD1
S31580E01E608C069FE5532300EB0400A0E33F3300EBB1
S31580E01E701D10D5E5020051E36300000A74069FE574
S31580E01E80582300EB0300E0E3383300EB0050A0E397
S31580E01E90060000EA18309DE55C069FE5001093E5B4
S31580E01EA0502300EB6F00E0E3303300EB0850A0E115
S31580E01EB0543094E514869FE5000053E33C069F0585
S31580E01EC04F00000A0500A0E1053100EB010050E378
S31580E01ED01B00001A1E10D5E55D10C8E51F30D5E55C
S31580E01EE05C30C8E51C30D5E55E30C8E50CC095E5CC
S31580E01EF0400085E20C2CA0E1FF3C0CE22C2C82E138
S31580E01F00032482E1FF380CE2233482E1033080E06F
S31580E01F10100095E54C3088E5002CA0E1FF3C00E21E
S31580E01F20202C82E1032482E1FF3800E2233482E13F
S31580E01F30583088E5443098E5000053E30200001A03
S31580E01F400F0000EAB8059FE52D0000EA180098E545
S31580E01F500E0051E3002CA0E1FF3C00E2202C82E160
S31580E01F60032482E1FF3800E2233482E1603088E5B1
S31580E01F705020980558208805023083006030880517
S31580E01F80010000EA7C059FE51D0000EA485084E5F3
S31580E01F90040017E34A00000A5D20D4E52C559FE54E
S31580E01FA0023042E2FD0013E30130A0030030A013CB
S31580E01FB00E0052E301308303000053E30360A00187
S31580E01FC03F00000A5E30D5E5050053E30060A013CC
S31580E01FD03B00001A643085E200308DE5683085E2AA
S31580E01FE004308DE50600A0E10A10A0E10520A0E11D
S31580E01FF00230A0E3D03000EB000050E308059F15E7
S31580E02000ED00000AEB2200EB2B0100EA0500A0E3DD
S31580E02010D63200EB1E30D5E5020053E31B00001AF2
S31580E020200C1095E5403085E2012CA0E1503084E546
S31580E02030212C82E1FF3C01E2032482E1FF3801E2C8
S31580E02040233482E1543084E5060000EA040053E359
S31580E020501100001AB4249FE50500A0E10010A0E37A
S31580E02060043082E2A72F00EB0510A0E14020A0E338
S31580E020709C049FE57E7500EB0130A0E30600A0E3BB
S31580E02080005084E5443084E5B83200EB87FFFFEA10
S31580E02090EDFFFF8A010053E3000000EA0E0053E300
S31580E020A0DEFFFF0A18309DE568049FE5001093E5A2
S31580E020B0CC2200EB0400E0E372FFFFEA6C0095E5DA
S31580E020C0760200EB085017E25C00000A26FEFFEB82
S31580E020D0483094E510308DE54C3094E51C308DE544
S31580E020E0543094E514308DE55C30D4E524308DE5CC
S31580E020F050B094E5588094E50050A0E15D00D4E5C9
S31580E02100FF2F00EB24309DE5000053E30010A0E1B3
S31580E021102A00001A10309DE5030058E10B005811A3
S31580E021200140A0030040A0130300001AE8039FE5E6
S31580E02130AC2200EB01B0A0E3070000EADC039FE5F8
S31580E02140A82200EB0B10A0E10800A0E114209DE599
S31580E021500138A0E3C42F00EB04B0A0E114309DE584
S31580E021600800A0E10311A0E1034088E047FCFFEB13
S31580E021707C039FE58F2200EB0420A0E10810A0E11C
S31580E021809C039FE5972200EB0700A0E3773200EB04
S31580E0219010309DE51C209DE5030054E10030A093BE
S31580E021A00130A083020058E101B02BE20030A02389
S31580E021B00B0013E114B39FE51C00000A060000EA59
S31580E021C060039FE50310A0E1862200EB000055E363
S31580E021D06C00000A0250E0E3670000EA10109DE51B
S31580E021E01C209DE540039FE57E2200EB3C039FE5B6
S31580E021F00810A0E10420A0E17A2200EB44309BE5C0
S31580E02200000053E30500000A2230DBE5040053E3D7
S31580E022100A00001A18039FE5662200EB070000EA31
S31580E0222010039FE5632200EB7300E0E33F0000EAE2
S31580E0223058109BE590008BE2042061E0647000EB2F
S31580E02240100017E384429FE50F00000A783084E2AD
S31580E02250682094E500308DE5641094E5900084E292
S31580E02260022061E0743084E2CC3000EB000050E381
S31580E022709400001A741094E5BC029FE50C1800EBFC
S31580E02280B8029FE5781094E5091800EB200017E383
S31580E022900800000AA8029FE56C1094E5572D00EB34
S31580E022A09C029FE5241040E2042081E2752D00EB3C
S31580E022B0000050E38300001A88329FE55E20D4E573
S31580E022C01F0D17E3028193E70130A0130030A003CE
S31580E022D0000058E30030A01301300302000053E30E
S31580E022E04300001A400017E34D00001A800017E310
S31580E022F05300001A010C17E35900001A010B17E38B
S31580E023001A00000A5D30D4E5C0719FE5010053E311
S31580E023100B00000A68FEFFEB010BA0E30610A0E1CC
S31580E023200A20A0E10730A0E138FF2FE10800E0E3D2
S31580E023300E3200EB000055E31800000A0050E0E39F
S31580E023400D0000EA00029FE5CE1800EB000050E3A6
S31580E023504E00000AF4119FE50A7400EB000050E39A
S31580E023604A00001AE8019FE5541097E5D01700EB84
S31580E02370000055E35200000A0050A0E376FDFFEB33
S31580E02380030075E30300001A0600E0E3F73100EB93
S31580E023900200E0E34B0000EA010075E34800001A22
S31580E023A018009DE520109DE50620A0E10A30A0E119
S31580E023B0F7FDFFEB0000E0E3420000EA6C3085E2E7
S31580E023C004308DE5703085E208308DE50610A0E1B9
S31580E023D000508DE520009DE50A20A0E10230A0E3D3
S31580E023E08B2D00EB006050E233FFFF0A64019FE52E
S31580E023F003FFFFEA000055E30000000A56FDFFEB0D
S31580E024005E00D4E5322F00EB5E20D4E50010A0E13B
S31580E0241044019FE5F32100EB0700E0E3D33100EBD5
S31580E02420250000EA4000A0E30610A0E10A20A0E132
S31580E0243098309FE538FF2FE100B050E20F00001A98
S31580E02440A9FFFFEA8000A0E30610A0E10A20A0E150
S31580E0245078309FE538FF2FE100B050E2A4FFFF0A15
S31580E02460060000EA010CA0E30610A0E10A20A0E144
S31580E0247058309FE538FF2FE100B050E29EFFFF0A1B
S31580E02480D8009FE5CB2100EB0B00A0E10D0000EA30
S31580E02490601094E50600A0E1012CA0E1FF3C01E29A
S31580E024A0212C82E1032482E1FF3801E2233482E1B8
S31580E024B00A10A0E133FF2FE1ACFFFFEA0100A0E3C1
S31580E024C0000000EA0500A0E128D08DE2F08DBDE8AD
S31580E024D05C0BE3807A62E28098F7E2808162E28058
S31580E024E056190527B362E280C562E280DA62E2804D
S31580E024F0F562E280D28EE2800363E2804363E2802B
S31580E025006663E2808663E280A963E280CD63E280EF
S31580E02510AC0BE380600BE3802263E2801664E280AA
S31580E025202564E2803864E2806464E2808764E280E5
S31580E02530B764E280E164E2801B65E2806265E28006
S31580E025406F65E280EC0BE380B841E280C265E280B1
S31580E02550CC65E280CF65E280F263E2807A65E280F4
S31580E02560A865E280F0452DE9018042E2000058E36B
S31580E0257014D04DE20070A0E10160A0E10250A0E13C
S31580E025800340A0E104A083E2240000DA0C108DE28F
S31580E02590040093E51020A0E35A7700EB0C309DE52C
S31580E025A00000D3E53A0050E3000050130110A01379
S31580E025B00010A003230050E30010A00301100112D5
S31580E025C0000051E31500000A0920A0E3040094E529
S31580E025D06C109FE5F21E00EB022045E2083084E2B3
S31580E025E0000050E30B00000A0CC090E554109FE514
S31580E025F001005CE38C1091E507C0A0030C0051E17B
S31580E0260000C08DB50700A0B10610A0B1090000BAE0
S31580E0261034009FE5732100EB0000E0E3060000EA6A
S31580E0262028309FE500308DE50700A0E10610A0E1A7
S31580E026300820A0E10A30A0E1A0FDFFEB14D08DE2F6
S31580E02640F085BDE8C4E4E2805C0BE380D865E28097
S31580E026500F07000073402DE90050A0E158009FE588
S31580E026600160A0E1071800EB000050E30100001ACA
S31580E026700000A0E30E0000EA40109FE5417300EB06
S31580E02680004050E2F9FFFF1A34309FE534009FE5C1
S31580E02690001093E500608DE504408DE5512100EB67
S31580E026A00500A0E10410A0E10120A0E30D30A0E147
S31580E026B0ABFFFFEB08D08DE27080BDE8C265E280BB
S31580E026C00266E28098F7E2800666E28001C0A0E3D7
S31580E026D007402DE900C08DE5606100EB0CD08DE20E
S31580E026E004F09DE401C0A0E307402DE900C08DE53C
S31580E026F0D26100EB0CD08DE204F09DE4010052E360
S31580E02700F0402DE964D04DE2030000CA70009FE5F9
S31580E02710342100EB0000A0E3170000EA0140A0E3CB
S31580E0272000408DE50350A0E1030093E90C208DE2A3
S31580E0273010308DE23D3900EB006050E20D0000BACA
S31580E027400C009DE510108DE2047090E5635D00EB72
S31580E02750000050E30500000A041095E50720A0E19B
S31580E027600630A0E11C009FE51E2100EB010000EA97
S31580E027704B6000EB000000EA0400A0E164D08DE24B
S31580E02780F080BDE88166E280AC66E28070402DE94B
S31580E02790004090E50050A0E1000054E30200001AFA
S31580E027A0C8009FE50F2100EB2C0000EA0400A0E1C1
S31580E027B0BC6100EB006050E22A0000AA2E6800EBC4
S31580E027C00010A0E1A8009FE5062100EB0A0076E371
S31580E027D01E00001A142094E5223CA0E1FF1802E2D4
S31580E027E0023C83E1213483E1FF1C02E2011483E1B0
S31580E027F00F0051E30200008A78009FE51020A0E3F5
S31580E02800F82000EB181094E5212CA0E1FF3801E2D6
S31580E02810012C82E1232482E1FF3C01E2033482E160
S31580E02820110053E30900009A143094E548009FE5CF
S31580E02830231CA0E1FF2803E2031C81E1221481E14D
S31580E02840FF3C03E2031481E11120A0E3E52000EBE5
S31580E0285028009FE50040A0E3E22000EB004085E50C
S31580E028600400A0E17080BDE80100A0E37080BDE8CF
S31580E02870506AE2807B6AE280996AE280B16AE280AD
S31580E0288009CFE280000051E31700000A013080E0C2
S31580E02890013053E50A0053E30000531374C09F05EB
S31580E028A00B00001A0130D0E4000053E30A00000A6E
S31580E028B00320DCE7B70012E30D00001A000051E3C5
S31580E028C0000053030100A0130000A003010020E2F2
S31580E028D01EFF2FE10000A0E31EFF2FE1000051E381
S31580E028E0F5FFFFDA010051E30500001A0100A0E1DF
S31580E028F01EFF2FE1000051E3EFFFFFDA011041E216
S31580E02900E7FFFFEA0020D0E5000052E3FAFFFF1A76
S31580E029100200A0E11EFF2FE12A57E280F8452DE96B
S31580E02920004051E2F885BD080050A0E1D4FFFFEBFE
S31580E02930006050E21600000A34019FE59D2000EB1E
S31580E029400060A0E3040056E10E0000AA000056E312
S31580E02950010000DA1C019FE5962000EB0500A0E16E
S31580E02960942000EB0500A0E1AC7200EB016086E20A
S31580E02970006086E00500A0E1A87200EB010080E23D
S31580E02980005085E0EEFFFFEAE4009FE5F845BDE80C
S31580E02990882000EA038014E22200001A400054E313
S31580E029A0040000DA0510A0E10420A0E1C8009FE55C
S31580E029B0F845BDE88B2000EAC0009FE5892000EB62
S31580E029C0033084E2000054E30340A0B14441A0E137
S31580E029D00860A0E1A8A09FE5A8809FE5017044E299
S31580E029E0040056E10D0000AA063195E7070056E19E
S31580E029F0231CA0E1FF2803E2031C81E1221481E18C
S31580E02A00FF3C03E280009FE5031481E10820A0B14A
S31580E02A100A20A0A1732000EB016086E2EFFFFFEAC7
S31580E02A2068009FE5100000EA400054E3DCFFFFCA3F
S31580E02A305C009FE56B2000EB48809FE5017044E2F7
S31580E02A40040056E1070000AA070056E10610D5E724
S31580E02A502C209FE53C009FE50820A0B1612000EB9B
S31580E02A60016086E2F5FFFFEA2C009FE5F845BDE8C8
S31580E02A705C2000EACC6AE280C96AE280CE6AE280C3
S31580E02A80DE6AE280A8DDE28020DCE280E06AE28045
S31580E02A9058D7E280E96AE280EB6AE280EAD9E280AE
S31580E02AA00C309FE50010A0E1000083E504009FE57F
S31580E02AB0FF1500EA8C10E380F26AE280010052E3BF
S31580E02AC0F04D2DE950D04DE24C0100DA040093E55B
S31580E02AD00370A0E10030D0E50280A0E1610053E31D
S31580E02AE04F00001A024052E2BA03000A080097E556
S31580E02AF00C1F9FE5237200EB000050E31600001ADE
S31580E02B00034058E20C7087120150A0131400001A9B
S31580E02B104C3099E50140A0E320308DE520309DE5FD
S31580E02B20000053E34500000A20008DE216FFFFEB2C
S31580E02B30000050E34100000A000054E320109D1598
S31580E02B400300001A0410A0E1B80E9FE5EB1600EB37
S31580E02B500010A0E1B00E9FE52F0000EA087087E242
S31580E02B600050A0E30010A0E31020A0E3000097E56A
S31580E02B70E47500EB50308DE2300023E50300A0E100
S31580E02B8001FFFFEB000050E32C00000A000055E354
S31580E02B900930A01120209D154C2083150100001AD4
S31580E02BA020009DE5BDFFFFEB010054E38D0300DAD5
S31580E02BB01020A0E3040097E50010A0E3D17500EBB8
S31580E02BC00020A0E120009DE504E090E52ECCA0E188
S31580E02BD0FF380EE20ECC8CE123C48CE1FF3C0EE2A2
S31580E02BE003348CE1030052E10400002A0210A0E1E4
S31580E02BF0180E9FE50320A0E1FA1F00EB790300EAB7
S31580E02C000010A0E1896600EB000050E37503000A3E
S31580E02C10196700EB0010A0E1F40D9FE5F11F00EBD2
S31580E02C20700300EAECAD9FE500309AE50A40A0E14A
S31580E02C30000053E30300001ADC0D9FE5DD1F00EB87
S31580E02C400160A0E36B0300EAD01D9FE50220A0E3CC
S31580E02C50D77100EB006050E23900001A030058E3B8
S31580E02C60E60000DA0610A0E11020A0E3080097E570
S31580E02C70A47500EB00008AE50A00A0E1C2FEFFEB46
S31580E02C80000050E3EDFFFF0A0C0097E50610A0E197
S31580E02C901020A0E39B7500EB040058E30050A0E110
S31580E02CA00800001A00309AE5041093E5213CA0E183
S31580E02CB0013C83E1FF2801E2223483E1FF1C01E24B
S31580E02CC0013483E1120000EA0610A0E11020A0E3BF
S31580E02CD0100097E58B7500EB00209AE504E092E51D
S31580E02CE02ECCA0E1FF280EE20ECC8CE122C48CE152
S31580E02CF0FF2C0EE202248CE1020050E10010A0E1FC
S31580E02D000030A0E10200002A140D9FE5B51F00EB1C
S31580E02D10CAFFFFEA0320A0E1000094E50510A0E1E8
S31580E02D20426600EB000050E3E83C9F0500508305D7
S31580E02D303003000AD06600EB0010A0E1D00C9FE5DE
S31580E02D40F60100EA040097E5D81C9FE50220A0E39F
S31580E02D50977100EB000050E31000001A030058E37F
S31580E02D60A60000DA081097E500009AE50C4097E5A2
S31580E02D70C26200EB001050E2E50100BA00009AE57D
S31580E02D800420A0E1006600EB000050E3150300AAF2
S31580E02D90B96600EB0010A0E18C0C9FE5DF0100EA4C
S31580E02DA0040097E50060D0E5730056E38D00001AD5
S31580E02DB0030058E3910000DA0C3097E5040058E30D
S31580E02DC008A097E50C308DE57400000A103097E591
S31580E02DD020308DE50020D3E510B087E23C0052E359
S31580E02DE0045048E22D00001A0060A0E33CCC9FE549
S31580E02DF0012083E20670A0E150308DE2302023E5A9
S31580E02E0020809DE50010D8E53E0051E36400000A8D
S31580E02E10050057E1F50200AA000051E30170870240
S31580E02E2007219B0720208D05F4FFFF0A0310A0E110
S31580E02E300020A0E30800A0E114C08DE510308DE508
S31580E02E40307500EB14C09DE5046086E210309DE5A8
S31580E02E50002CA0E1202C82E1FF1C00E2012482E12B
S31580E02E60FF0800E2200482E120209DE504008CE456
S31580E02E70022068E0000052E3B40B9FD50810A0D191
S31580E02E80A60100DA20209DE50010D2E5200051E37E
S31580E02E90DAFFFF1A012082E220208DE5F8FFFFEAC3
S31580E02EA05B0052E32900001A0060A0E37C8B9FE57B
S31580E02EB080CB9FE5012083E20670A0E150308DE271
S31580E02EC0302023E520209DE50020D2E55D0052E319
S31580E02ED01900000A20009DE50020D0E5200052E39D
S31580E02EE00100800220008D05F9FFFF0A000052E311
S31580E02EF00170870207219B0720208D050C00000AC0
S31580E02F000220DCE714C08DE5440012E30A00000AE3
S31580E02F100310A0E11020A0E310308DE5F97400EBFA
S31580E02F2014C09DE510309DE5016086E2018088E26F
S31580E02F30010048E5050057E1E1FFFFBA20309DE555
S31580E02F400010D3E55D0051E3A802001A140000EA00
S31580E02F500060A0E3D4BA9FE50680A0E120009DE56D
S31580E02F602E7100EB20109DE5018088E2013080E241
S31580E02F700B00A0E110308DE5F37000EB10309DE59D
S31580E02F80050058E103B08BE0066083E0083187E016
S31580E02F90103093E520308DE5EFFFFFBA000000EAC0
S31580E02FA00060A0E30A10A0E1000094E5336200EB44
S31580E02FB0001050E2560100BA583A9FE500608DE570
S31580E02FC00C209DE5000093E5603A9FE5DB6400EB2D
S31580E02FD0000050E3830200AA276600EB0010A0E120
S31580E02FE0540A9FE54D0100EA670056E39A00001A0D
S31580E02FF00030A0E3040058E318308DE5010000CAF4
S31580E030000060E0E37B0200EA050058E308B097E55C
S31580E030100200001A0030DBE5730053E3F7FFFF1A86
S31580E03020000094E5101097E50CA097E5146097E50D
S31580E03030126200EB003050E2350100BA0050DBE569
S31580E030406E0055E30400000A730055E3050058035B
S31580E030500150A0030050A0133900001A0310A0E12C
S31580E03060000094E50C308DE56D6200EB0C309DE55B
S31580E0307050608DE20310A0E1300026E50080A0E1FB
S31580E030800620A0E1000094E5416000EB0020DBE54E
S31580E030906E0052E30070E0130030A0E10600001AF3
S31580E030A00C008DE50010A0E3140097E51020A0E366
S31580E030B0947400EB0C309DE50070A0E10050E0E3F5
S31580E030C001C088E220209DE5080052E1140000DA84
S31580E030D00C0052E10020DBE501508502070055E156
S31580E030E06E0052030600001A0310A0E1000094E58A
S31580E030F00020A0E32B6100EB0010A0E10A00A0E134
S31580E03100410000EA0310A0E1000094E50620A0E17A
S31580E031100CC08DE51E6000EB0CC09DE5003050E2F2
S31580E03120E7FFFFAA0030DBE5730053E30C099F1548
S31580E031309F00001A0A00A0E1011085E2541400EB1A
S31580E03140280200EACC289FE50310A0E1000092E582
S31580E0315018308DE20620A0E1A76100EB18609DE5BE
S31580E03160000056E30070A0E10300001A0A00A0E127
S31580E03170CC189FE5301400EB1E0200EA610000DA0D
S31580E031800030DBE5760053E32300001A0610A0E169
S31580E03190BBFDFFEB000050E30A00A0110710A01171
S31580E031A01900001A040056E30400001A20008DE29C
S31580E031B090189FE5002097E5E07400EB100000EAA8
S31580E031C0030016E30130A0030030A013140056E399
S31580E031D00030A0C3013003D2000053E30C00000AA4
S31580E031E00040A0E120308DE2840083E0042097E770
S31580E031F054189FE5044084E2D07400EB060054E165
S31580E03200F7FFFFBA0A00A0E120108DE20A1400EB76
S31580E03210F40100EA34089FE5650000EA610053E3C3
S31580E0322020008D0228189F050720A0010400000ACF
S31580E03230730053E371FFFF1A08189FE520008DE2C3
S31580E032400620A0E1BD7400EB0A00A0E120108DE22B
S31580E03250F91300EB0560A0E1E60100EA6C5046E276
S31580E03260FB5015E29F00001A6C0056E32060A01325
S31580E032700160A003020058E3D8A79F050300000A77
S31580E03280030058E308A097E50C5097150050A0037B
S31580E03290000094E50A10A0E1786100EB008050E23E
S31580E032A09B0000BA000055E31800000A64379FE5EA
S31580E032B00810A0E1000093E50520A0E120308DE232
S31580E032C04D6100EB20609DE5000056E30040A0E103
S31580E032D00400001A0A10A0E10520A0E178079FE526
S31580E032E0401E00EBC30100EA060000DA0510A0E10B
S31580E032F068079FE53B1E00EB0400A0E120109DE5FA
S31580E0330085FDFFEB0E0100EA0600A0E1500000EA31
S31580E033104C779FE50810A0E1000094E518208DE247
S31580E03320345F00EB013040E20010A0E1080053E397
S31580E0333003F19F97630000EA5C33E080BC33E08072
S31580E03340F033E080B434E080C834E080C834E08094
S31580E03350C834E080C834E080402CE080000094E50A
S31580E033600810A0E10020A0E38E6000EB060055E1A6
S31580E033700030A0E10A0000CAE8269FE5000050E39D
S31580E033800230A00100C0D3E5201065E200005CE3D6
S31580E03390D4269FE5D4069FE5011087E00320A0119F
S31580E033A0101E00EB015085E21F0055E3490000DA6C
S31580E033B0BC069FE50B1E00EB20FEFFEA018045E29E
S31580E033C0060058E1010000DA0850A0E1410000EA79
S31580E033D0211065E29C069FE5011087E0011E00EB67
S31580E033E0000058E30050E0033A00000AF5FFFFEAE8
S31580E033F00810A0E10C20A0E3000094E5DA5E00EB83
S31580E03400083090E50080A0E1231CA0E1FF2803E2DC
S31580E03410031C81E1221481E1FF3C03E2031481E194
S31580E03420000094E5CD5F00EB04C098E52C1CA0E19C
S31580E03430FF380CE20C1C81E1231481E1FF3C0CE2B5
S31580E034400020A0E1030481E1000050E320008DE547
S31580E03450030000AA086500EB0010A0E118069FE5CE
S31580E034602E0000EA0600001A060055E1190000CA9F
S31580E03470201065E2011087E000069FE5D91D00EB8C
S31580E03480140000EA060055E1120000CA201065E249
S31580E03490011087E0E8059FE5D21D00EB0C0088E28D
S31580E034A020109DE51CFDFFEBD8059FE5CD1D00EBCB
S31580E034B0080000EA201065E2011087E0C8059FE574
S31580E034C0C81D00EB030000EA060055E1BC059FD568
S31580E034D0DAFDFFCA110000EA010075E318809DE578
S31580E034E08BFFFF1A3F0100EAA4159FE50220A0E3C7
S31580E034F0AF6F00EB000050E31C00001A081097E560
S31580E0350000009AE5DD6000EB001050E2050000AABD
S31580E035100100A0E1D86400EB0010A0E174059FE50E
S31580E03520B01D00EBC5FDFFEA030058E300009AE515
S31580E03530070000DA0C2097E5B96300EB006050E203
S31580E03540280100AACC6400EB0010A0E148059FE5C5
S31580E03550F80000EA186400EB006050E2210100AA5E
S31580E03560C56400EB0010A0E130059FE5F10000EABC
S31580E03570040097E50030D0E5680053E37300001A55
S31580E0358000209AE518059FE5143092E584649FE56E
S31580E03590235CA0E1FF1803E2035C85E1215485E129
S31580E035A0FF3C03E2035485E1003092E5231CA0E171
S31580E035B0FF2803E2031C81E1221481E1FF3C03E260
S31580E035C0031481E1871D00EB00309AE5D4049FE582
S31580E035D0042093E5223CA0E1FF1802E2023C83E16D
S31580E035E0213483E1FF1C02E2011483E10120A0E1A2
S31580E035F07C1D00EB00309AE5AC049FE5083093E54E
S31580E03600231CA0E1FF2803E2031C81E1221481E16F
S31580E03610FF3C03E2031481E1721D00EB00309AE582
S31580E0362088049FE50C3093E5231CA0E1FF2803E2A4
S31580E03630031C81E1221481E1FF3C03E2031481E172
S31580E03640681D00EB00309AE564049FE5103093E551
S31580E03650231CA0E1FF2803E2031C81E1221481E11F
S31580E03660FF3C03E2031481E15E1D00EB0510A0E15F
S31580E0367040049FE55B1D00EB00309AE538049FE54A
S31580E03680183093E5231CA0E1FF2803E2031C81E1C7
S31580E03690221481E1FF3C03E2031481E1511D00EB3A
S31580E036A0010055E32100009A003096E50C049FE581
S31580E036B01C3093E5231CA0E1FF2803E2031C81E193
S31580E036C0221481E1FF3C03E2031481E1451D00EB16
S31580E036D0020055E31500000A003096E5E0039FE519
S31580E036E0203093E5231CA0E1FF2803E2031C81E15F
S31580E036F0221481E1FF3C03E2031481E1391D00EBF2
S31580E03700100055E30900009A003096E5B4039FE582
S31580E03710243093E5231CA0E1031C81E1FF2803E22A
S31580E03720221481E1FF3C03E2031481E12D1D00EBCD
S31580E03730000094E5455F00EB0010A0E188039FE57B
S31580E03740281D00EB84039FE5261D00EBA50000EA1B
S31580E037507C139FE50320A0E3156F00EB006050E249
S31580E037600C00001A0610A0E11020A0E3080097E5FF
S31580E03770E47200EB00209AE5003CA0E1203C83E186
S31580E03780FF1C00E2013483E1FF0800E2200483E1CC
S31580E037901C0082E5970000EA040097E534139FE574
S31580E037A00220A0E3026F00EB005050E21000001A06
S31580E037B01020A0E3080097E50510A0E1277300EB51
S31580E037C01020A0E300A0A0E101B0A0E10C0097E505
S31580E037D00510A0E1217300EB0A20A0E10B30A0E107
S31580E037E0F000CDE1000094E50B2700EBC06F00E030
S31580E037F0800000EA040097E5DC129FE50220A0E362
S31580E03800EB6E00EB006050E24C00001A083097E562
S31580E038100030D3E5700053E32100001A00009AE5FA
S31580E038200A5F00EB0650A0E10070A0E1AC029FE5E4
S31580E03830EC1C00EBA8029FE5EA1C00EB070055E1D3
S31580E038406C0000AA000094E50510A0E118208DE246
S31580E0385020308DE2CB5E00EB008050E2050000AACE
S31580E03860056400EB0860A0E10010A0E174029FE52A
S31580E03870DC1C00EB5F0000EA24309DE500308DE53E
S31580E0388020309DE504308DE50510A0E158029FE5E6
S31580E038901C209DE518309DE5D21C00EB015085E2A9
S31580E038A0E5FFFFEA610053E31400001A0610A0E189
S31580E038B01020A0E30C0097E5E87200EB1020A0E36F
S31580E038C000A0A0E101B0A0E1100097E50610A0E11C
S31580E038D0E27200EB0A20A0E10B30A0E1F000CDE13E
S31580E038E0000094E53E6200EB006050E23D0000AAF5
S31580E038F0E16300EB0010A0E1F0019FE50D0000EA36
S31580E03900640053E3BDFDFF1A0610A0E11020A0E39A
S31580E039100C0097E57B7200EB0010A0E100009AE5D1
S31580E039206A6200EB006050E22E0000AAD26300EBF0
S31580E039300010A0E1B8019FE5AA1C00EB2D0000EA8B
S31580E03940040097E50030D0E5630053E31900001AE0
S31580E03950026048E20260D6E3A8FDFF1A040058E35D
S31580E039600650A0110680A0110900001A0610A0E1F9
S31580E039701020A0E3080097E5627200EB0610A0E154
S31580E039801020A0E30080A0E10C0097E55D7200EBDB
S31580E039900050A0E1000094E50110A0E3C52500EB0E
S31580E039A0000094E50810A0E10520A0E10130A0E345
S31580E039B0462500EB0F0000EA38119FE50220A0E3E0
S31580E039C07B6E00EB006050E28CFDFF1A00009AE50A
S31580E039D0992600EB070000EA38309FE5003093E552
S31580E039E020308DE54CFCFFEA0060A0E3010000EAB0
S31580E039F004019FE5C9FEFFEA0600A0E150D08DE212
S31580E03A00F08DBDE8136BE280F26AE280166BE280AD
S31580E03A10386BE280676BE2808C10E380836BE280B8
S31580E03A20F36BE280F66BE280296CE280526CE28096
S31580E03A308C0CE380706CE2802A57E280AC6CE2808A
S31580E03A40C66CE280A8DDE280DD6CE2801674E280FE
S31580E03A50E46CE280FE6CE280E1E5E2801D6DE2806E
S31580E03A60576DE280C0E5E280FA6AE280116BE2801F
S31580E03A70246DE2802C6DE280486DE280036DE28009
S31580E03A804E6DE280556DE280526DE2805D6DE28042
S31580E03A906A6DE28062A4E2802C6CE2807E6DE280D8
S31580E03AA0996DE280B56DE280C46DE280DB6DE28087
S31580E03AB0F16DE280086EE2801F6EE2802D6EE2801C
S31580E03AC0446EE2805B6EE280726EE280896EE280B6
S31580E03AD009CFE280A06EE2809BD8E280A46EE2808D
S31580E03AE0A76EE280C26EE280F46EE280136FE280BF
S31580E03AF02D6FE2804C6FE2807275E280916CE2809D
S31580E03B0013402DE930C09FE50040A0E12C009FE501
S31580E03B1001E0A0E10CC060E024109FE54CC1A0E18B
S31580E03B200C008DE89C0101E00420A0E10E30A0E1CC
S31580E03B30E61900EB08D08DE21080BDE82008E3802E
S31580E03B40DC03E380B76DDBB618309FE50020A0E3A9
S31580E03B50002083E510309FE5002093E50C309FE55B
S31580E03B60002083E51EFF2FE1C810E380E010E380AC
S31580E03B70D410E3802C309FE5002093E528309FE544
S31580E03B80002083E524309FE5002093E520309FE503
S31580E03B90002083E51C309FE5002093E518309FE503
S31580E03BA0002083E51EFF2FE1CC10E380F010E38058
S31580E03BB0C810E380D010E380D410E380A410E380C3
S31580E03BC02C309FE5002093E528309FE5002083E5B3
S31580E03BD024309FE5002093E520309FE5002083E5B3
S31580E03BE01C309FE5002093E518309FE5002083E5B3
S31580E03BF01EFF2FE1F010E380CC10E380D010E3804D
S31580E03C00C810E380A410E380D410E380F0412DE96E
S31580E03C1041DE4DE208108DE50050A0E10D10A0E1F7
S31580E03C2004008DE28B3100EB000050E30060A001E0
S31580E03C300640A0011A00001A10008DE2011BA0E3E5
S31580E03C400D20A0E1123200EB007050E21A0000DA9B
S31580E03C50058086E00800A0E13B2600EB074084E093
S31580E03C60076086E0000050E30800000A10008DE25D
S31580E03C700810A0E10720A0E1462600EB000050E313
S31580E03C80ECFFFF0A982600EB0000E0E31A0000EA6A
S31580E03C900800A0E110108DE20720A0E1596E00EB4C
S31580E03CA0E4FFFFEA00009DE5C93200EB0040A0E3B7
S31580E03CB00010A0E148009FE5CA1B00EB0D00A0E1E3
S31580E03CC0893200EB0000A0E338109FE59B3200EBE1
S31580E03CD00500A0E10410A0E16CF5FFEB0410A0E183
S31580E03CE00420A0E120009FE5BE1B00EB1C009FE5C1
S31580E03CF00410A0E16E1100EB0500A0E141DE8DE24B
S31580E03D00F081BDE86292E280143DE0802C70E28032
S31580E03D10CF65E28008402DE9911B00EB000050E37F
S31580E03D200100000A0840BDE8841B00EA0000E0E3E9
S31580E03D300880BDE81C309FE5003093E5000053E342
S31580E03D4014209F0500309205011083020010820541
S31580E03D500000C3051EFF2FE1C810E380D410E38086
S31580E03D6020109FE50030A0E30120F1E5000052E35A
S31580E03D7002308310FBFFFF1A030CA0E1200F83E0E3
S31580E03D803F0000E21EFF2FE1A910E38038402DE9D5
S31580E03D9038309FE538509FE5004093E5000054E3D6
S31580E03DA0030000DA0000D5E5761B00EB014044E233
S31580E03DB0F9FFFFEA1C409FE50100D4E4000050E3F0
S31580E03DC00100000A6F1B00EBFAFFFFEA3880BDE8CE
S31580E03DD0DC10E380A810E380A910E380F04D2DE9A4
S31580E03DE054079FE598D04DE20240A0E10350A0E160
S31580E03DF0241200EB000050E340879F050300000A91
S31580E03E000010A0E31020A0E33E7100EB0080A0E16B
S31580E03E10083099E5010054E304308DE5130000DABB
S31580E03E20040095E50010A0E31020A0E3357100EBD7
S31580E03E30030054E30080A0E10600001A080095E53F
S31580E03E400010A0E30A20A0E32E7100EB00A050E270
S31580E03E500600000AA50100EA040054E30300001A04
S31580E03E6018008DE20C1095E58020A0E3DB7800EB6E
S31580E03E7004A09DE5000095E5C4169FE5416D00EB45
S31580E03E80004050E20600001A0810A0E1B4069FE563
S31580E03E900A20A0E1531B00EB0800A0E10210A0E39A
S31580E03EA00A0000EA000095E59C169FE5356D00EB7B
S31580E03EB0004050E20700001A0810A0E18C069FE55A
S31580E03EC00A20A0E1471B00EB0800A0E10110A0E377
S31580E03ED04DFFFFEB740100EA0810A0E10A20A0E1A3
S31580E03EE06C069FE53F1B00EB68269FE568169FE51D
S31580E03EF068769FE5001082E564669FE564269FE527
S31580E03F00002087E50D20A0E30020C6E558269FE542
S31580E03F100050A0E30050C2E550269FE52310A0E3C1
S31580E03F204C369FE50010C2E548469FE548269FE56A
S31580E03F30008083E508308DE5005084E5005082E519
S31580E03F4000FFFFEB0AFFFFEB10408DE52C469FE577
S31580E03F5008309DE500B0E0E314308DE50C708DE52A
S31580E03F6008608DE518369FE518269FE5002083E5F5
S31580E03F70F21A00EB010050E30300000A030050E36D
S31580E03F80FAFFFF1A0050A0E3280100EAEB1A00EBE3
S31580E03F90E00010E30070A0E17500000AE71A00EB8C
S31580E03FA0E00010E37200000AFF6000E2205046E283
S31580E03FB0FF5005E20B0055E10100001AFFFEFFEB22
S31580E03FC0000000EAEAFEFFEBDC1A00EBE00010E31B
S31580E03FD06600000AFF7007E2066087E0207047E22D
S31580E03FE0FF7007E2027047E2FFB000E2020077E38B
S31580E03FF00B6086E03500001AD01A00EBE00010E393
S31580E040005A00000AFF7000E2CC1A00EB076086E0F7
S31580E04010207047E2FF7007E2E00010E35300000AF9
S31580E04020FF0000E2006086E0200040E2FF0000E260
S31580E040305F30A0E3930727E0C01A00EBE00010E3CF
S31580E04040FF2000E24900000A063CA0E1233F86E02B
S31580E040503F3003E2203083E2030052E102608600D3
S31580E040604200001A190000EAB41A00EB0030A0E121
S31580E04070E00013E3FF0000E23C00000A44005BE35B
S31580E04080006086E0017047E21C00001AE8249FE5A4
S31580E04090001092E5000051E30F00000A0C209DE538
S31580E040A0001092E5602003E2400052E3BF00030285
S31580E040B00200000A7F2003E23F0052E340008003D3
S31580E040C031FF2FE1B0349FE50020A0E3002083E5B7
S31580E040D0010057E3E3FFFFCA160000EA8C349FE550
S31580E040E00030D3E5000053E10130A0030F00000A61
S31580E040F00C309DE5003093E533FF2FE1F3FFFFEAD7
S31580E0410053005BE3F1FFFF1A74349FE570149FE57B
S31580E04110003093E5012083E2002081E568149FE585
S31580E041200000C3E5010052E1E8FFFF3A50249FE535
S31580E04130003082E5E5FFFFEA801A00EBE00010E35D
S31580E041400A00000A063CA0E1236F86E03F6006E2B3
S31580E04150FF0000E2206086E2060050E10300001ADC
S31580E04160761A00EBFF0000E20D0050E31800000A2B
S31580E0417005B0A0E191FEFFEB0130A0E30030C4E59D
S31580E041802330A0E30130C4E5203085E20230C4E587
S31580E041900060A0E34E30A0E30330C4E50460C4E5EC
S31580E041A0EEFEFFEB08309DE50660C4E50030D3E522
S31580E041B00530C4E5200080E20400C4E5F2FEFFEBB2
S31580E041C00530A0E10B50A0E105B0A0E10350A0E1ED
S31580E041D063FFFFEA53005BE37B00001A08309DE54E
S31580E041E010209DE50000C3E50030A0E3003082E5C5
S31580E041F074239FE50030C2E570339FE52320A0E37A
S31580E042000020C3E578339FE5002093E57C339FE586
S31580E04210030052E168239F050130430200308205A6
S31580E042205C339FE55C239FE5003093E5033062E0F5
S31580E04230000053E30360A0D34D0000DA7E20A0E3C4
S31580E04240010053E30420C4E50460A0034800000AAB
S31580E042502120A0E3020053E30520C4E50560A00326
S31580E042604300000A1C239FE510109DE50220D2E55D
S31580E04270030053E3202042E2FF2002E2002081E5B2
S31580E042802020A0E30620C4E50660A0033800000AEB
S31580E04290F0229FE50320D2E5601002E2400051E380
S31580E042A0BF2002020200000A7F1002E23F0051E3D3
S31580E042B040208203B0129FE5040053E30020C1E56D
S31580E042C04020A0E30720C4E50760A0032800000A99
S31580E042D0B0229FE508109DE50420D2E5050053E372
S31580E042E0202042E20020C1E52D20A0E30820C4E59D
S31580E042F00860A0031E00000A88229FE5060053E3BB
S31580E043000510D2E564229FE50960A0030010C2E5AE
S31580E043102320A0E30920C4E51500000A4E10A0E39F
S31580E04320070053E30A10C4E5082043E20A60A003CD
S31580E043300F00000A3130A0E3000052E30B30C4E501
S31580E043400B60A0030A00000A010052E32230A013AA
S31580E043500D30C4152030A0130E30C4151060A013A4
S31580E043607E30A0130C60A0030C10C4E50F30C4159A
S31580E043701030C4150130A0E30030C4E5203086E279
S31580E043800130C4E5203085E20230C4E501B086E242
S31580E043905930A0E30070A0E30330C4E50B70C4E7B6
S31580E043A06EFEFFEB08309DE5066084E00030D3E5E5
S31580E043B0200080E20B00C4E70230C6E50370C6E564
S31580E043C071FEFFEB0530A0E17EFFFFEA0130A0E35E
S31580E043D00030C4E52330A0E30130C4E5203085E237
S31580E043E00230C4E50060A0E35930A0E30330C4E5C1
S31580E043F00460C4E559FEFFEB08309DE50660C4E540
S31580E044000030D3E50530C4E5200080E20400C4E551
S31580E044105DFEFFEB42005BE3E9FFFF1A70319FE54B
S31580E0442014209DE5003093E5005092E5035065E069
S31580E044306440A0E3CA1900EB000050E30000000AE4
S31580E04440BE1900EBFA0FA0E3CE6C00EB014054E21C
S31580E04450F7FFFF1A0510A0E10800A0E18BF3FFEB60
S31580E044600510A0E10520A0E128019FE5DD1900EB1C
S31580E044700510A0E120019FE58D0F00EB010078E3B8
S31580E0448018519FE50400001A14019FE5004085E578
S31580E04490D41900EB0140A0E3030000EA04019FE5A4
S31580E044A00810A0E1CF1900EB008085E504309DE59A
S31580E044B003005AE11D00000A0310A0E1E8009FE531
S31580E044C0C81900EBE4009FE5AE6C00EB04209DE5A7
S31580E044D0082089E5F74800EBD0009FE5A96C00EB62
S31580E044E0961900EB1B0050E3FCFFFF1A0F0000EA71
S31580E044F004309DE503005AE15DFEFF0A0A10A0E163
S31580E04500AC009FE5B71900EBA0009FE59D6C00EB42
S31580E0451008A089E5E74800EB90009FE5996C00EB01
S31580E04520861900EB0D0050E3FCFFFF1A50FEFFEA10
S31580E045300400A0E198D08DE2F08DBDE85A8AE28051
S31580E04540008000828670E2808C70E280CB70E280B0
S31580E04550D170E2801071E280E810E380483BE08031
S31580E04560C410E380EC10E380343DE080A810E38063
S31580E04570E410E380E010E380DC10E380CC10E3809D
S31580E04580A910E380D810E3809010E380A410E38044
S31580E04590A310E380D410E3802C70E280CF65E280C4
S31580E045A098F7E2804F71E2807471E2809271E280E6
S31580E045B050C300005470E2800000A0E310402DE973
S31580E045C00010A0E101DA4DE280209FE50030A0E115
S31580E045D07E3E00EB004050E20200001A70009FE54C
S31580E045E0BD1E00EB170000EA68109FE568209FE596
S31580E045F068009FE57B1900EB50C094E50400A0E1DC
S31580E046000E19A0E3012AA0E30D30A0E13CFF2FE1E3
S31580E04610000050E30200000A44009FE5AE1E00EB76
S31580E04620060000EA0D00A0E10110A0E3E31E00EB26
S31580E04630000050E30930A0110120A0132820831543
S31580E046400400A0E1024000EB01DA8DE21080BDE8D3
S31580E0465000B4C404C271E280AA55E280A4040000DA
S31580E04660DC71E280ED71E28008402DE9D1FFFFEB5D
S31580E046700010A0E308009FE5A12C00EB0000A0E37A
S31580E046800880BDE80672E280010052E310402DE921
S31580E0469028409FE5040000DA040093E50010A0E3DB
S31580E046A01020A0E3176F00EB000084E5001094E58E
S31580E046B00C009FE54B1900EB0000A0E31080BDE8FD
S31580E046C0F810E3802373E280031042E2010051E3B5
S31580E046D02E00008AF0412DE9000093E50410A0E366
S31580E046E00350A0E10260A0E1931800EB007050E275
S31580E046F0280000DA0010A0E31020A0E3040095E58E
S31580E04700006F00EB94309FE50010A0E3003093E566
S31580E047101020A0E3034080E0080095E5F96E00EB09
S31580E04720040056E30080A0E10100A0130300001A14
S31580E047300C0095E50010A0E31020A0E3F16E00EBFD
S31580E04740343099E57F3483E2030054E10430A0916C
S31580E047500A00009A48109FE548009FE5211900EB82
S31580E047600C0000EA040057E3008083050200000A9B
S31580E04770020057E3B080C3010080C315073083E0B1
S31580E04780010050E2F6FFFF2A0000A0E3F081BDE8D9
S31580E047900000E0E31EFF2FE10100A0E3F081BDE829
S31580E047A0F810E3802455E2803A73E280040052E315
S31580E047B04A00001AF0412DE90210A0E118D04DE23E
S31580E047C0000093E50370A0E15B1800EB004050E247
S31580E047D00100A0B3430000BA040054E30C619F05D6
S31580E047E00300000A08319FE5020054E304619FE577
S31580E047F00360A011040097E50010A0E31020A0E379
S31580E04800C06E00EBF0509FE50010A0E3008095E5D8
S31580E048101020A0E3088080E0080097E5B96E00EB01
S31580E04820005095E50010A0E31020A0E3055080E05D
S31580E048300C0097E5B36E00EB0070A0E305C0A0E145
S31580E048400010A0E1080065E0010057E100308CE04F
S31580E048501C00000A040054E300E0930500209C0558
S31580E048600400000A020054E3B0E0D301B020DC018A
S31580E0487000E0DC170020DC1502005EE10E00000A95
S31580E04880033068E0055083E00C408DE510208DE52F
S31580E048900610A0E1082083E000E08DE50430A0E189
S31580E048A004608DE508508DE550009FE5CD1800EB5E
S31580E048B00140A0E30710A0E1030000EA04C08CE019
S31580E048C0017087E2DFFFFFEA0040A0E330009FE56A
S31580E048D00620A0E1C31800EB0400A0E1010000EA95
S31580E048E00000E0E31EFF2FE118D08DE2F081BDE805
S31580E048F06D73E2806473E2806973E280F810E3802E
S31580E049007273E280A473E280020052E3340000DA3C
S31580E0491070402DE9000093E50410A0E30350A0E188
S31580E04920051800EB006050E22F0000BA0010A0E30B
S31580E049301020A0E3040095E5726E00EB0010A0E382
S31580E049401020A0E30040A0E1080095E56D6E00EB45
S31580E04950010050E30900001A040056E30100001A42
S31580E04960003094E5FDFFFFEA020056E30100001AFD
S31580E04970B030D4E1FDFFFFEA0030D4E5FDFFFFEA89
S31580E04980040056E30600001A0420A0E10030A0E10E
S31580E04990013053E2FBFFFF3A001092E5042082E209
S31580E049A0FAFFFFEA020056E3040080100600001AD0
S31580E049B00420A0E10030A0E1013053E2FBFFFF3AA2
S31580E049C0B010D2E1022082E2FAFFFFEA0430A0E1F1
S31580E049D0000053E1FCFFFF0A0020D3E5013083E2CB
S31580E049E0FAFFFFEA0000E0E31EFF2FE10100A0E30B
S31580E049F07080BDE8FF4D2DE9D0009FE5D0709FE542
S31580E04A00D0A09FE5010052E3004090E508008DE5E7
S31580E04A1000609AE5008097E50C708DE50000E0D3B4
S31580E04A20280000DA015011E20370A0E102B0A0E1B3
S31580E04A301300001A000093E50410A0E3BE1700EB14
S31580E04A40004050E20100A0B31E0000BA1020A0E3AF
S31580E04A50040097E50510A0E12A6E00EB78209FE53B
S31580E04A6002005BE3006092E5066080E00400000AF5
S31580E04A70080097E50510A0E11020A0E3216E00EB89
S31580E04A800080A0E10410A0E11000A0E3877C00EBA9
S31580E04A900610A0E10830A0E10420A0E1980405E03A
S31580E04AA000008DE50600A0E1346000EB0C309DE56A
S31580E04AB0066085E0008083E508309DE50000A0E3A0
S31580E04AC000608AE5004083E510D08DE2F08DBDE898
S31580E04AD00411E380C8EBE280F410E380F810E38011
S31580E04AE0040052E34100001AF8452DE90210A0E1E6
S31580E04AF0000093E50370A0E18F1700EB006050E2C1
S31580E04B003C0000BA040097E50010A0E31020A0E383
S31580E04B10FC6D00EBE4809FE50010A0E31020A0E3AD
S31580E04B2000A098E50050A0E1080097E5F56D00EB60
S31580E04B300010A0E31020A0E3008098E50040A0E10B
S31580E04B400C0097E5EF6D00EB007050E20200001A72
S31580E04B50AC009FE5171800EB260000EA084084E0E9
S31580E04B600400A0E1782200EB0A5085E0000050E3E3
S31580E04B700C00000A8C009FE50E1800EB0410A0E103
S31580E04B800500A0E1960702E0822200EB004050E2B9
S31580E04B900100000AD42200EB160000EA68009FE5D7
S31580E04BA0041800EB0F0000EA0410A0E1055064E071
S31580E04BB0017057E2053081E00A00003A040056E3CE
S31580E04BC000309305003081050400000A020056E3B8
S31580E04BD0B030D3010530D117B030C1010030C115F6
S31580E04BE0061081E0F1FFFFEA0000A0E3F885BDE86A
S31580E04BF00000E0E31EFF2FE10100A0E3F885BDE8B9
S31580E04C00F810E380C673E280D773E28023DCE2802B
S31580E04C10020052E3000000CA941500EAF0412DE953
S31580E04C20040093E50250A0E10010A0E31020A0E389
S31580E04C300340A0E1B36D00EB64309FE50010A0E394
S31580E04C40006093E51020A0E3066080E0080094E52C
S31580E04C50AC6D00EB0610A0E10080A0E10820A0E1A9
S31580E04C600000A0E3735F00EB0610A0E1082086E079
S31580E04C700070A0E10730A0E128009FE5D91700EB9E
S31580E04C80030055E30400000A0C0094E50010A0E35D
S31580E04C901020A0E39B6D00EB007080E50000A0E3B0
S31580E04CA0F081BDE8F810E380E973E280020052E328
S31580E04CB0F34D2DE90000E0135200001A4C819FE588
S31580E04CC04CA19FE5016011E203B0A0E10070A0E194
S31580E04CD0004098E500509AE50B00001A000093E545
S31580E04CE00410A0E3141700EB005050E23F0000BA36
S31580E04CF004009BE50610A0E11020A0E3816D00EBA7
S31580E04D0010319FE5004093E5044080E0343099E53A
S31580E04D107F3483E2030054E1FC609F951100009AA2
S31580E04D20F8109FE5F8009FE5AE1700EB2F0000EA4C
S31580E04D30AC1700EBEC009FE5F92900EB000050E3AF
S31580E04D402C00000A010050E31300001A0030D6E57B
S31580E04D502D0053E31000001A000057E30100000A1B
S31580E04D60003065E2034084E00410A0E1B8009FE5EE
S31580E04D709C1700EB040055E3B0009F0500109405F6
S31580E04D80EAFFFF0A020055E3A4009F05B010D401B4
S31580E04D90A0009F150010D415E4FFFFEA78009FE598
S31580E04DA004108DE21020A0E3566D00EB04309DE503
S31580E04DB0063053E00900000A040055E3000084054C
S31580E04DC00200000A020055E3B000C4010000C415E9
S31580E04DD0000057E305408410000053E3E1FFFF1A2B
S31580E04DE0004088E500508AE50000A0E3050000EA7F
S31580E04DF00100A0E3030000EA000057E3D9FFFF0AC1
S31580E04E000530A0E1D6FFFFEA08D08DE2F08DBDE85F
S31580E04E100011E380FC10E380F810E3809C42E3809D
S31580E04E205155E2803A73E2802774E2800E74E28024
S31580E04E301574E2801B74E2802174E2800100A0E3B5
S31580E04E4099FFFFEA0000A0E397FFFFEA010052E343
S31580E04E50FF4D2DE9C40000DA2C649FE50350A0E104
S31580E04E60003096E50270A0E1000053E3050000AA59
S31580E04E70483800EB000050E30030A0C3003086C520
S31580E04E8008049FD52C0000DA040095E500149FE520
S31580E04E903C6900EB004050E20D00001A020057E347
S31580E04EA0B100001A000096E59F3300EB003050E237
S31580E04EB0D4339F05DC039F0500109305A700000A05
S31580E04EC0344083E5EA3700EB004090E20140A013EE
S31580E04ED0EA0000EA040095E5BC139FE50420A0E320
S31580E04EE0336900EB004050E21500001A020057E3F8
S31580E04EF09D00001A000096E58B3300EB88539FE512
S31580E04F00000050E38C039F05001095059300000A8E
S31580E04F10D73700EB000095E5F93700EB003050E23B
S31580E04F200400000A0B30D3E5FF0053E30100000ADA
S31580E04F30DA2E00EBD10000EA60039FE51D1700EB57
S31580E04F40870000EA040095E554139FE50D6900EBC0
S31580E04F50004050E20400001A020057E38200001A83
S31580E04F600A00A0E3F13700EBC40000EA040095E50F
S31580E04F7030139FE5036900EB004050E24400001ADD
S31580E04F80020057E3008096050600000A030057E317
S31580E04F900600001A080095E50410A0E10A20A0E3C7
S31580E04FA0D86C00EB0080A0E10050E0E30F0000EA5F
S31580E04FB0040057E36C00001A080095E50410A0E1B0
S31580E04FC00A20A0E3CF6C00EB0410A0E10A20A0E366
S31580E04FD00080A0E10C0095E5CA6C00EB070050E389
S31580E04FE00050A0E10710A0C3BC029FC55B0000CAC9
S31580E04FF00800A0E14C3300EB007050E294029F057C
S31580E050000810A0015500000A993700EB010075E30E
S31580E050101200000A8630D7E5FF0053E30200001A4B
S31580E0502088029FE5EF1600EB4D0000EA8730D7E572
S31580E05030030055E10900000A0510A0E10800A0E19F
S31580E05040C43300EB0510A0E1000050E38750C705AC
S31580E050505C229F055C229F155C029FE5E11600EBD2
S31580E050608630D7E5008086E5FF0053E30300001A2B
S31580E050700810A0E144029FE5DA1600EB7F0000EA23
S31580E050800810A0E18720D7E534029FE5D51600EB2E
S31580E050907A0000EA050057E30A00001A040095E565
S31580E050A020129FE5B76800EB000050E30D00000A90
S31580E050B0040095E510129FE5B26800EB000050E32E
S31580E050C02B00000A280000EA040057E32600001AB5
S31580E050D0040095E5F4119FE5AA6800EB000050E333
S31580E050E02500000A200000EA01A0A0E3000096E582
S31580E050F00D3300EB03005AE300B0A0030230A003B7
S31580E051000080A0E10500000A080095E50010A0E314
S31580E051101020A0E37B6C00EB0330A0E300B0A0E1BD
S31580E05120030195E70010A0E31020A0E30341A0E18E
S31580E05130746C00EB044085E00010A0E31020A0E34F
S31580E051400C008DE5040094E56E6C00EB000058E3FE
S31580E05150001096050070A0E138019F050800001A4E
S31580E05160A01600EB0140A0E3440000EA0040E0E343
S31580E05170420000EA02A0A0E3DBFFFFEA03A0A0E38F
S31580E05180D9FFFFEA0C309DE500708DE5002096E5BD
S31580E05190041095E538019FE5921600EB0800A0E142
S31580E051A0333700EB02304AE2010053E30700008A1E
S31580E051B00800A0E13C3200EB010050E30040A0E1B2
S31580E051C00200001A0C019FE5861600EB2B0000EA30
S31580E051D0343099E57F3483E203005BE1F8009F8514
S31580E051E0F8109F85DDFFFF8A02005AE30C00000A73
S31580E051F003005AE31100000A0C109DE53CC198E5D6
S31580E05200000096E50720A0E10B30A0E13CFF2FE10E
S31580E052108714A0E10040A0E10B00A0E11BF0FFEBCA
S31580E052200C0000EA40C198E5000096E50C109DE58B
S31580E052300720A0E10B30A0E13CFF2FE1040000EA6B
S31580E05240443198E5000096E50C109DE50720A0E145
S31580E0525033FF2FE10040A0E154C09FE5070054E111
S31580E052600410A0E14C309FE574009FE50C30A0016E
S31580E05270042095E55B1600EB074054E00140A0135F
S31580E052800400A0E110D08DE2F08DBDE8CCEBE280A9
S31580E05290A076E280B976E280C076E2804C82E280D7
S31580E052A0DA76E280D4C6E280EF76E280F376E28058
S31580E052B01A77E2809776E2809A76E2803C77E2809F
S31580E052C05A77E2807377E2809577E2809A77E28018
S31580E052D0A077E280A677E280D377E2803A73E280B5
S31580E052E05955E280F477E28013402DE954419FE5F9
S31580E052F0003094E5000053E30A0000AA253700EB6E
S31580E05300000050E3040000DA0010A0E338019FE5D6
S31580E05310001084E5331600EB020000EA2C019FE5DD
S31580E05320241600EB440000EA000094E57E3200EBB0
S31580E05330004050E23C00000A14019FE51D1600EB98
S31580E053400400A0E1CA3600EB081084E204019FE580
S31580E05350241600EB7710D4E5FC009FE5211600EBE0
S31580E05360741094E5F4009FE50114A0E12118A0E112
S31580E053701C1600EB782094E57410D4E52204A0E1B5
S31580E05380FF0000E22238A0E100008DE5FF0002E2A6
S31580E05390FF3003E2222CA0E104008DE5C0009FE50A
S31580E053A0101600EB881094E5B8009FE50D1600EB2B
S31580E053B08C1094E5B0009FE50A1600EB303094E55A
S31580E053C0A8C09FE5020813E32324A0E1A0109FE58F
S31580E053D0FF3003E20C10A0010F2002E294009FE56B
S31580E053E0001600EB401094E58C309FE58C209FE51D
S31580E053F0000051E30210A0110310A00180009FE598
S31580E05400F81500EB7C009FE5EA1500EBD809C4E1CE
S31580E0541074209FE58D5D00EB70009FE5441094E578
S31580E05420F01500EB0000A0E3040000EA14309FE5ED
S31580E054305C009FE5001093E5EA1500EB0100A0E330
S31580E0544008D08DE21080BDE8CCEBE2801178E28076
S31580E05450A076E2803A78E2805578E2806178E280F0
S31580E054607678E2807F78E2809278E280A278E28045
S31580E054700678E28011A4E280B478E2800E78E28059
S31580E054800A78E280C678E280D978E28009CFE28045
S31580E05490E478E280C076E28070402DE90050A0E1B9
S31580E054A0000090E50060A0E3004090E5050050E153
S31580E054B00800000A060090E8042081E5001082E5F5
S31580E054C0006080E5046080E5201700EB0400A0E141
S31580E054D0004094E5F4FFFFEA7080BDE810402DE9D6
S31580E054E00020A0E30140A0E1DC6B00EB002094E526
S31580E054F00030D2E54D0053E30E00000A0400008A36
S31580E05500470053E30800000A4B0053E30C00000A0F
S31580E055101080BDE86B0053E30900000A6D0053E399
S31580E055200400000A670053E31080BD180115A0E16E
S31580E05530201B81E10005A0E10115A0E1201B81E1AE
S31580E055400005A0E1012082E20115A0E1201B81E1B6
S31580E05550002084E50005A0E11080BDE8F0402DE95B
S31580E055600361C2E30070A0E3071096E1222FA00159
S31580E05570032182015C109F05233FA0011300000AEE
S31580E0558054609FE50070A0E3026006E0037007E0E8
S31580E05590071096E1222AA001032682013C109F058E
S31580E055A0233AA0010900000A34609FE50070A0E379
S31580E055B0026006E0037007E0071096E12225A0016D
S31580E055C020109F0520109F15032B82012335A00113
S31580E055D0F040BDE8D96B00EA327AE280FFFF0F0047
S31580E055E0387AE280FF0300003E7AE280447AE28005
S31580E055F0E8329FE5F04D2DE9002093E530D04DE28D
S31580E05600030052E100308DE5D4329F050040A003CF
S31580E056100040C305A400000AC4029FE5C4129FE5CA
S31580E05620C66B00EB00309DE5BC429FE5007093E5DC
S31580E05630B8629FE500309DE5030057E19300000ADC
S31580E05640083097E5180093E5746700EB01A080E2E7
S31580E0565004005AE10080A0E18F00008A083097E5D7
S31580E056600600A0E1181093E50820A0E1E56700EBCD
S31580E056703A30A0E30830C6E707B0A0E1085086E0FC
S31580E056800080A0E31060BBE504406AE0015085E25B
S31580E0569008A0A0E10B0056E16F00000A183096E5FD
S31580E056A004308DE51C3096E508308DE510008DE2FE
S31580E056B0D021C6E1A8FFFFEB10008DE2576700EB33
S31580E056C0018088E2040050E10030A0E17200008AA7
S31580E056D00320A0E10500A0E110108DE20C308DE5FD
S31580E056E0C86700EB0C309DE508209DE5035085E01A
S31580E056F0044063E004309DE5023093E10130A0137D
S31580E057000030A00300005AE30030A013013003020A
S31580E05710000053E30900001A00005AE31D00000A66
S31580E05720D821CAE1D001CAE1020090E00310A1E0ED
S31580E05730D821C6E1030051E1020050011500000ABC
S31580E057400C009DE910008DE283FFFFEB10008DE2F7
S31580E05750326700EB013080E2040053E100A0A0E173
S31580E0576008308DE54C00008A01C085E24020A0E348
S31580E057700020C5E50C00A0E110108DE20A20A0E132
S31580E0578004C08DE59F6700EB04C09DE508309DE58C
S31580E057900A508CE0044063E00C30D6E5000053E329
S31580E057A01500001A080096E51C6700EB02C080E24F
S31580E057B004005CE100A0A0E108C08DE53600008A27
S31580E057C0013085E22820A0E30020C5E50300A0E1C2
S31580E057D00A20A0E1081096E504308DE5896700EBA4
S31580E057E004309DE508C09DE50A5083E02920A0E3CA
S31580E057F0015085E204406CE00A20C3E7243096E558
S31580E05800000053E30800000A010054E32200009AF6
S31580E058100530A0E17220A0E30220C3E46F20A0E37C
S31580E058200120C5E5024044E20350A0E1BC30D7E167
S31580E05830080053E10500009A000054E31600000AD0
S31580E058402C30A0E30030C5E5014044E2015085E21A
S31580E0585006A0A0E1006096E58DFFFFEA003097E5BF
S31580E0586000209DE50560A0E1020053E10500000A05
S31580E05870000054E30800000A3B30A0E3016085E2C3
S31580E05880014044E20030C5E5007097E568FFFFEA35
S31580E058900040A0E30040C6E5030000EA40309FE513
S31580E058A00020A0E30140A0E30020C3E530109FE59F
S31580E058B0013024E20020D1E534009FE5000052E388
S31580E058C00030A00301300312000053E30310A0016F
S31580E058D0590A00EB0400A0E130D08DE2F08DBDE8FE
S31580E058E0A813E3809C11E380A0DFE280FF01000043
S31580E058F0A511E380025EE280F8402DE954309FE511
S31580E059000070A0E3004093E50350A0E1006094E5D9
S31580E05910050054E10B00000A0C0094E8100084E2D4
S31580E05920043082E5002083E5007084E5047084E538
S31580E05930D8FEFFEB0400A0E1041600EB0640A0E1F0
S31580E05940006096E5F1FFFFEA004084E5044084E5E7
S31580E059500000A0E3F880BDE8A813E380020050E3EE
S31580E059601F402DE90240A0E10130A0E14C209F05D7
S31580E059700300000A48C09FE5040050E344209FE509
S31580E059800C20A00140109FE50D00A0E1EB6A00EB42
S31580E059900D00A0E13A3900EB010A70E3000084E5EE
S31580E059A00000A0930300009A20009FE50D10A0E17F
S31580E059B08C1400EB0100A0E310D08DE21080BDE8EE
S31580E059C0C7D3E2804D7AE280497AE280557AE280F6
S31580E059D05A7AE280D021C1E1F04D2DE90140A0E183
S31580E059E00010E0E30050A0E1010053E10000E0E3B5
S31580E059F00000520130D04DE2D061C5E1D821C4E14A
S31580E05A000200001A020056E00310C7E0F001C4E18C
S31580E05A10070053E1060052010400009AF060CDE1F0
S31580E05A20181095E5E4029FE56E1400EBB30000EAFA
S31580E05A30D001C4E102A090E003B0A1E003005BE105
S31580E05A4002005A010900008A0820D5E5020052E3E7
S31580E05A50BC129F050300000AB8329FE5040052E3BA
S31580E05A60B4129FE50310A001B0029FE5A00000EA12
S31580E05A7007005BE106005A010300009A181095E5DD
S31580E05A809C029FE5571400EB9C0000EA30208DE2F3
S31580E05A900030A0E3143022E50800D5E50910D5E50D
S31580E05AA0ADFFFFEB006050E29400001A1CC09DE55C
S31580E05AB034809CE510709CE5000058E3287084E50E
S31580E05AC03C00001A1C1094E50630A0E10120A0E11C
S31580E05AD0188094E5033092E120808DE524108DE5F1
S31580E05AE00900001A0800A0E10710A0E1677800EB42
S31580E05AF00800A0E101A0A0E10710A0E1397800EB61
S31580E05B000010A0E3F002CDE1030000EA20008DE280
S31580E05B100710A0E1855C00EB00A0A0E100005AE35D
S31580E05B200900000A0820D5E5020052E3E0119F054E
S31580E05B300300000ADC319FE5040052E3D8119FE5BB
S31580E05B400310A001DC019FE5690000EA141094E5EA
S31580E05B501C309DE50120A0E1107093E50A30A0E1BC
S31580E05B60108094E5033092E128808DE52C108DE558
S31580E05B700900001A0800A0E10710A0E1437800EBD5
S31580E05B800800A0E101A0A0E10710A0E1157800EBF4
S31580E05B900010A0E3F802CDE1030000EA28008DE2E0
S31580E05BA00710A0E1615C00EB00A0A0E100005AE3F1
S31580E05BB04600001A520000EA0600A0E1080050E123
S31580E05BC01B0000AA1830A0E3900303E038109CE5A0
S31580E05BD000E0A0E3032081E0037091E70C3092E5DA
S31580E05BE010208DE514308DE514309DE503005EE1EF
S31580E05BF00D00000A0720A0E10030A0E3F820CDE107
S31580E05C00D8A0CDE1D821C4E10B0053E10A005201CE
S31580E05C1000C0A0032100000A10309DE501E08EE27D
S31580E05C20083093E5037087E0EEFFFFEA010080E24B
S31580E05C30E1FFFFEA0820D5E5020052E3D0109F0598
S31580E05C400300000ACC309FE5040052E3C8109FE5CC
S31580E05C500310A001D0009FE5250000EAD0A1C4E1B1
S31580E05C60D820CDE10A2092E00B30A3E000B0A0E39B
S31580E05C700B0053E1000052012100000A08A091E5E3
S31580E05C8001E08EE20A0080E007005EE1F2FFFF1AA3
S31580E05C9001C08CE208005CE1181081E2030000AAF2
S31580E05CA0000091E50C7091E500E0A0E3F5FFFFEAE6
S31580E05CB0D0A1C4E1D820CDE10010A0E30A2092E093
S31580E05CC00B30A3E0010053E1000052010C00000A12
S31580E05CD00820D5E5020052E334109F050300000A50
S31580E05CE030309FE5040052E32C109FE50310A001BD
S31580E05CF038009FE50920D5E5083094E5B91300EB37
S31580E05D000160A0E30600A0E130D08DE2F08DBDE831
S31580E05D10707AE280C7D3E2804D7AE280497AE28087
S31580E05D209C7AE280BF7AE280E47AE280497BE28014
S31580E05D301A7BE28040209FE504E02DE5003092E585
S31580E05D40020053E10800000A08C093E508E0DCE5BC
S31580E05D5000005EE10200001A09C0DCE501005CE1BA
S31580E05D600300000A003093E5F4FFFFEA0000A0E3B9
S31580E05D7004F09DE40300A0E104F09DE4A813E38031
S31580E05D80F7402DE90370A0E10030A0E30030C2E5E2
S31580E05D900140A0E10250A0E1E4109FE50420A0E3E9
S31580E05DA00060A0E104008DE5816500EB000050E332
S31580E05DB00500001A0230A0E30030C5E504309DE519
S31580E05DC0043083E204308DE5170000EA04009DE5A7
S31580E05DD0B0109FE50320A0E3756500EB000050E37B
S31580E05DE004209D050130A0030030C5050320820212
S31580E05DF00900000A04009DE58C109FE50720A0E3DA
S31580E05E006B6500EB000050E30500001A04209DE579
S31580E05E100430A0E3072082E20030C5E504208DE56A
S31580E05E20010000EA64009FE5060000EA04009DE5C3
S31580E05E305C209FE50030D0E50330D2E7040013E331
S31580E05E400400001A4C009FE50610A0E1651300EB04
S31580E05E500100A0E3080000EA04108DE20020A0E340
S31580E05E60286900EB000054E304309D150000C7E587
S31580E05E700000A0130400A001003084150CD08DE250
S31580E05E80F080BDE8C7D3E280497AE2804D7AE2804D
S31580E05E90807BE2802A57E2809D7BE28007402DE985
S31580E05EA0000050E31C00000ABC30D0E1030051E161
S31580E05EB00030A0311000B3350020A0331300003A43
S31580E05EC0080090E50820D0E5020052E350209F05C7
S31580E05ED00400000A4CC09FE54C309FE5040052E385
S31580E05EE00320A0010C20A0110930D0E5180090E530
S31580E05EF000008DE534009FE53A1300EB050000EAEB
S31580E05F00010052E10400000A000090E5012082E2EF
S31580E05F10030050E1F9FFFF1A0000A0E30CD08DE208
S31580E05F2004F09DE4C7D3E280497AE2804D7AE2804C
S31580E05F30BC7BE280FF4D2DE903A0A0E180319FE5A7
S31580E05F4000B0A0E1007093E50160A0E10250A0E11D
S31580E05F5000C0A0E3030057E10020A0E31500000A9B
S31580E05F6000C0C5E5007086E5108097E5002096E5DF
S31580E05F70102082E2020058E10C00000A00808AE5E7
S31580E05F800B10A0E1080098E508108DE8FD6400EBB1
S31580E05F90004050E24700000A0020D5E508109DE861
S31580E05FA0012082E20020C5E5008098E5EEFFFFEA69
S31580E05FB0007097E5E6FFFFEA10708DE2002086E547
S31580E05FC004B027E500208AE50B00A0E10020C5E5C6
S31580E05FD00710A0E10A208DE20B308DE267FFFFEB30
S31580E05FE0004050E23200001A0C309DE5010083E269
S31580E05FF00C008DE50020D3E52C0052E30200001A68
S31580E060000130D3E5000053E30200001AB4009FE5B7
S31580E06010F41200EB260000EA0710A0E10420A0E1DC
S31580E06020B86800EB0C309DE50010D3E5000051E345
S31580E060300080A0E10200000A8C009FE5E91200EBF7
S31580E060401B0000EA0A70DDE50BB0DDE50700A0E1A4
S31580E060500B10A0E136FFFFEB000050E3000086E581
S31580E060600A00001A020057E360109F050300000A49
S31580E060705C309FE5040057E358109FE50310A001CC
S31580E060800B20A0E150009FE5D61200EB080000EA65
S31580E06090FF1008E280FFFFEB000050E300008AE596
S31580E060A00080C5150300001A30009FE5CD1200EB95
S31580E060B0004086E50140A0E30400A0E110D08DE237
S31580E060C0F08DBDE8A813E380EE7BE2800D7CE28074
S31580E060D0C7D3E2804D7AE280497AE280317CE28001
S31580E060E0467CE28038402DE99C309FE5004093E590
S31580E060F0000054E31D00000A90109FE50350A0E1E4
S31580E06100002091E50030A0E3010052E10F00000A93
S31580E06110040052E10700001A74209FE574009FE5B1
S31580E061200010D2E5011083E00118A0E12118A0E17A
S31580E06130570800EB050000EABC00D2E1002092E5BA
S31580E06140003083E00338A0E12338A0E1EDFFFFEAE9
S31580E061503C309FE5000095E50010D3E54EFFFFEB70
S31580E061600030A0E1081093E52C009FE5040000EAEA
S31580E061700410A0E11C009FE52F0800EB18009FE5C6
S31580E061800410A0E13840BDE82B0800EA8811E380DE
S31580E06190A813E3809C13E380597CE280637CE280F1
S31580E061A094309FE510402DE9004093E518D04DE20C
S31580E061B0000054E31800000A081094E50820D1E5B1
S31580E061C0020052E374209F050400000A70009FE5F8
S31580E061D070309FE5040052E30320A0010020A01167
S31580E061E00930D1E560109FE508008DE20010D1E529
S31580E061F000108DE554109FE5D06800EB08108DE225
S31580E062004C009FE50C0800EB08108DE21020A0E31F
S31580E0621040009FE5526400EB040000EA30009FE511
S31580E062200410A0E1040800EB28309FE50040C3E5B8
S31580E06230ABFFFFEB18D08DE21080BDE88811E380DC
S31580E06240C7D3E280497AE2804D7AE2809C13E3808C
S31580E062506E7CE2805F82E2808C11E3801C209FE589
S31580E0626008402DE90030A0E30030C2E510209FE52C
S31580E06270003082E5C9FFFFEB0840BDE89DFDFFEAFF
S31580E062809C11E3808811E38038402DE90040A0E14D
S31580E06290100080E27FFCFFEB0C0094E80050A0E366
S31580E062A0043082E50400A0E1002083E5005084E527
S31580E062B0045084E5A51300EB38309FE5002093E594
S31580E062C0020054E10800001A2C109FE5002091E5B9
S31580E062D0010052E10020831520309F150050830590
S31580E062E00050C315ADFFFFEB000000EA7CFFFFEB3B
S31580E062F00000A0E33880BDE88811E380A813E3803E
S31580E063009C13E380103090E5F04D2DE9108080E21B
S31580E063100150A0E1080053E10040A0E12C0085E5B2
S31580E063200410830500308105043081051010840552
S31580E063303100000AD8309FE5003093E5030050E154
S31580E063400000A0130200001AC8309FE50010D3E5D4
S31580E06350D1FEFFEB103094E5080053E12100000AFE
S31580E06360D8A1C5E1D861C3E107005BE106005A0127
S31580E063700500001A0B209AE10400001A98009FE5B8
S31580E06380181200EB0100A0E3F08DBDE81300008A4F
S31580E06390042093E5045083E5003085E5BC30D4E104
S31580E063A0000050E3013083E2042085E5005082E579
S31580E063B0BC30C4E11300000AD821C0E1030057E1F4
S31580E063C0020056010F00008A48209FE50030D2E5A2
S31580E063D0013083E20030C2E570FFFFEB0A0000EA9D
S31580E063E0003093E5DBFFFFEA142094E5145084E562
S31580E063F0003085E5042085E5005082E5BC30D4E1B7
S31580E06400013083E2BC30C4E135FFFFEB0000A0E35E
S31580E06410F08DBDE88811E3809C13E380767CE28092
S31580E06420F04D2DE940D04DE238308DE238308DE5C3
S31580E064303C308DE50030A0E3003082E528208DE514
S31580E06440002051E2003082153A10A0E30050A0E12E
S31580E0645020208DE5E66300EB000050E348059F05CC
S31580E064602501000A44859FE5014080E2006098E5C9
S31580E0647000B065E0080056E14301000A180096E5A1
S31580E06480E66300EB00005BE10E00001A180096E57B
S31580E064900510A0E10B20A0E1C56300EB007050E29F
S31580E064A00800001A0800D6E50910D6E520FEFFEBC5
S31580E064B0000050E30500001A0020A0E30030A0E3CE
S31580E064C0F021CDE1070000EA006096E5E8FFFFEA0B
S31580E064D0143090E5D001C3E1D821C3E102A090E079
S31580E064E003B0A1E0F0A1CDE10030A0E30100A0E39C
S31580E064F003A0A0E1000054E3CD00000A0030D4E51B
S31580E06500000053E33B005313C900000A34408DE595
S31580E065100030D4E52D0053E30500001A014084E203
S31580E065200020E0E30030E0E334408DE5F820CDE183
S31580E065300D0000EA0400A0E134108DE2E6FBFFEBFB
S31580E06540F800CDE10020A0E10130A0E160049FE504
S31580E065500010A0E3010053E1000052010200008A2E
S31580E0656050049FE59F1100EB430000EA34009DE56F
S31580E065700030D0E5400053E30500001A010080E2D8
S31580E0658040108DE20C0021E5D3FBFFEBF801CDE175
S31580E06590020000EA0020E0E30030E0E3F821CDE10C
S31580E065A034809DE50030D8E5280053E31650A013EB
S31580E065B00080A0131700001A018088E20800A0E19D
S31580E065C02910A0E334808DE5896300EB000050E379
S31580E065D00040A0E134008DE50300001AD8039FE572
S31580E065E0801100EB04B0A0E1370000EA005068E0DB
S31580E065F0015085E2010055E30140801234408D155B
S31580E066000400001AB4039FE50040A0E3751100EB97
S31580E0661004B0A0E1650000EAA4139FE534009DE59F
S31580E066200220A0E3626300EB000050E334309D0576
S31580E066300030A0130230830234308D0534409DE56E
S31580E066400130A0030010D4E524308DE52C0051E321
S31580E066500B00001AD820CDE10010E0E3010053E101
S31580E066600000E0E3000052010140841234408D15C1
S31580E066700C00001A4C039FE55A1100EB0040A0E3A2
S31580E06680D7FFFFEA3B0051E30000511301B0A003BE
S31580E0669000B0A0130300000A2C039FE5511100EB24
S31580E066A00B40A0E1080000EA302085E20200A0E18C
S31580E066B02C208DE5321300EB2C209DE500B050E2D6
S31580E066C00300001A04039FE5461100EB0150A0E3A6
S31580E066D0360000EA0010A0E3B36300EBD820CDE1FA
S31580E066E030008BE2F021CBE1D821CDE1000058E308
S31580E066F0F821CBE124309DE524308BE508008BE55D
S31580E067000400000A0810A0E1012045E2146300EBD2
S31580E067100030A0E3050000EAD821CDE1B0129FE584
S31580E06720F020CDE1D820CDE1846700EB0130A0E315
S31580E067300C30CBE508309BE598129FE5055083E069
S31580E067400030A0E3013045E508009BE500B08BE52D
S31580E0675004B08BE50620A0E3156300EB000050E370
S31580E067600500001A18109BE56C029FE5D00600EB49
S31580E0677068029FE510109BE5CD0600EB08009BE5DF
S31580E067805C129FE50320A0E3096300EB005050E232
S31580E067900050A0130500001A18109BE544029FE5FF
S31580E067A0C30600EB40029FE510109BE5C00600EBB8
S31580E067B000005BE301508503010015E31E00001A2B
S31580E067C0D821CBE10010E0E30000E0E3010053E1F3
S31580E067D000005201D021CD01F821CB010600A0E1D5
S31580E067E00B10A0E1F820CDE179FCFFEB00C050E290
S31580E067F01100001AD820CDE1D001CBE1020090E073
S31580E068000310A1E03C309DE538208DE23CB08DE57B
S31580E068100C008BE800B083E501308AE20338A0E122
S31580E068202338A0E1F001CDE103A0A0E10C00A0E1D6
S31580E068302FFFFFEA010050E30200001A38008DE2E4
S31580E0684014FBFFEB540000EA00005AE30C00001A48
S31580E068500820D6E5020052E390119F050300000A66
S31580E068608C319FE5040052E388119FE50310A00177
S31580E068700920D6E5183096E57C019FE5D91000EB36
S31580E06880450000EA000054E31600000A0010D4E553
S31580E068903B0051E30400001A20309DE5000053E3FD
S31580E068A0014084120500001A0E0000EA000051E360
S31580E068B00400001A20309DE5000053E30900000A39
S31580E068C0004083E5070000EA30019FE5C51000EB54
S31580E068D020309DE5000053E320209D150030A01375
S31580E068E0003082152C0000EA1800A0E3A41200EB29
S31580E068F0004050E20200001AD0009FE5B91000EB9C
S31580E06900250000EA0010A0E31820A0E3266300EB50
S31580E06910086084E540608DE2004084E5081036E555
S31580E06920103084E2103084E5008091E50050A0E3E9
S31580E06930BC50C4E1143084E5044084E5060051E1AE
S31580E069400E00000A0C0091E80400A0E1043082E524
S31580E06950002083E5005081E5045081E568FEFFEB89
S31580E06960000050E30200000A0400A0E145FEFFEBD0
S31580E06970090000EA0810A0E1008098E5EEFFFFEA52
S31580E0698028309DE5004083E5040000EA70009FE53D
S31580E069900B10A0E10520A0E1921000EB0170A0E3CE
S31580E069A00700A0E140D08DE2F08DBDE8E37EE28095
S31580E069B0A013E380FF0F00009F7CE280C07CE28032
S31580E069C0E67CE280FC7CE280FF7CE280307DE280D7
S31580E069D0637DE280727DE280847DE2808B7DE280F1
S31580E069E0997DE280A57DE280A97DE280B47DE2802A
S31580E069F0C7D3E2804D7AE280497AE280BD7DE2804B
S31580E06A00E17DE280117EE280F04D2DE9F8559FE54B
S31580E06A1043DE4DE2004095E5000054E31300001AA2
S31580E06A20E8359FE50410A0E1003083E5043083E596
S31580E06A30DC359FE58020A0E3D8059FE5003083E53F
S31580E06A40043083E5D86200EB0410A0E1022CA0E3D9
S31580E06A50C4059FE5D46200EBC0059FE50410A0E184
S31580E06A601020A0E3D06200EB0130A0E3003085E5A2
S31580E06A70AC059FE5030700EB043099E50080A0E1D3
S31580E06A80800013E39C059FE50200000AFD0600EB0B
S31580E06A900050A0E1030000EA30108DE2022CA0E372
S31580E06AA0C60600EB30508DE27C059FE5F50600EBEF
S31580E06AB00030A0E32030CDE5004050E20600000A39
S31580E06AC068159FE568059FE5461000EB20008DE29E
S31580E06AD00410A0E11020A0E3216200EB000058E35F
S31580E06AE00300001A38059FE548159FE5D20500EBBF
S31580E06AF040859FE50800A0E1486200EB7F0050E317
S31580E06B0034059F858010A0830A00008A000055E343
S31580E06B100200001A24059FE5321000EB080000EA27
S31580E06B200500A0E13D6200EB020C50E30400003A70
S31580E06B300C059FE5021CA0E32A1000EB0100A0E310
S31580E06B402F0100EACC049FE50030D0E50070A0E19B
S31580E06B50000053E30500001AB0449FE51C808DE5F4
S31580E06B60000094E500A0A0E3006090E5050000EA5F
S31580E06B700810A0E1036200EB000050E3F5FFFF1A86
S31580E06B800040A0E1780000EA040050E10800000A35
S31580E06B900C0090E8043082E5002083E500A080E5E3
S31580E06BA004A080E5691100EB0600A0E1006096E5AF
S31580E06BB0F4FFFFEA0030A0E30030C7E51C208DE259
S31580E06BC00130A0E3004084E5044084E50C208DE5B7
S31580E06BD01C009DE5000050E30700001A010053E326
S31580E06BE05300000A2C049FE50810A0E18020A0E372
S31580E06BF0DB6100EB0140A0E35B0000EA0020D0E52A
S31580E06C00000052E3F4FFFF0A20308DE20C109DE590
S31580E06C1017208DE2083043E258FCFFEB00C050E2DB
S31580E06C204300001A1C309DE50020D3E53D0052E389
S31580E06C3010049F153200001A432E8DE2013083E264
S31580E06C401700DDE51810DDE500C222E51C308DE594
S31580E06C5041FBFFEB000050E30E00001A30329DE569
S31580E06C601CA09DE5D820C3E10A00A0E12C10A0E39A
S31580E06C70F020CDE1DE6100EB000050E31C008DE505
S31580E06C800600000A00C06AE0010080E201B08CE202
S31580E06C901C008DE5040000EA6FFDFFEBA6FFFFEA2E
S31580E06CA00A00A0E1DD6100EB01B080E200005BE379
S31580E06CB094039F051200000A003094E51710DDE585
S31580E06CC01820DDE5040053E10700000A0800D3E55B
S31580E06CD0010050E10200001A0900D3E5020050E10C
S31580E06CE00900000A003093E5F5FFFFEA20708BE2A9
S31580E06CF00700A0E1A21100EB006050E28300001AD9
S31580E06D0048039FE5B70F00EB090000EA020051E374
S31580E06D103C139F050400000A38039FE538339FE55E
S31580E06D20040051E30310A0010010A0112C039FE59D
S31580E06D30AC0F00EB000094E50060A0E3005090E526
S31580E06D40040050E1D3FFFF0A0C0090E8043082E5AE
S31580E06D50002083E5006080E5046080E5FB1000EBC1
S31580E06D600500A0E1005095E5F4FFFFEAA8029FE563
S31580E06D70000055E30030D0E59E00000A000053E3B2
S31580E06D800500001A18508DE533FDFFEB000050E357
S31580E06D900600000AC8029FE5170000EA0510A0E198
S31580E06DA0786100EB043090E1F5FFFF1A710000EAAC
S31580E06DB0043099E5800013E30300000A64029FE54E
S31580E06DC0300600EB18008DE5040000EA231E8DE214
S31580E06DD050029FE5022CA0E318108DE5F70500EB45
S31580E06DE018009DE57C129FE50920A0E3706100EB29
S31580E06DF0006050E20200000A6C029FE5790F00EB2A
S31580E06E004DFFFFEA18309DE518708DE2093083E288
S31580E06E1018308DE50130A0E318009DE5000050E3D1
S31580E06E200700001A010053E32B00000AE0419FE5CA
S31580E06E30003094E5040053E12900001A2C029FE516
S31580E06E40EDFFFFEA0020D0E5000052E3F4FFFF0A01
S31580E06E500710A0E11C208DE270FDFFEB000050E3FF
S31580E06E601D00001A1C409DE5000054E31A00000A4C
S31580E06E70083094E50880D3E509A0D3E50800A0E1D1
S31580E06E800A10A0E1AAFBFFEB000050E30A00000A2B
S31580E06E90020058E3B8119F050300000AB8319FE568
S31580E06EA0040058E3AC119FE50310A0010A20A0E19D
S31580E06EB0BC019FE54B0F00EB070000EA50219FE500
S31580E06EC00030A0E1041092E5044082E5002084E5EC
S31580E06ED0041084E5004081E5CEFFFFEA85FAFFEB0A
S31580E06EE015FFFFEA0510A0E1022CA0E328019FE54B
S31580E06EF01B6100EB7C319FE5002094E5002083E573
S31580E06F0074319FE50060C3E5A4FCFFEB190000EA5D
S31580E06F100010A0E30720A0E1A36100EB1820DDE5E7
S31580E06F200920C6E51720DDE50820C6E5D020CDE1BD
S31580E06F30200086E2F021C6E10A10A0E101204BE2C2
S31580E06F40180086E5066100EB182096E50BC082E026
S31580E06F500020A0E301204CE5046086E5041094E57A
S31580E06F600230A0E1046084E5004086E5041086E511
S31580E06F70006081E515FFFFEA2030DDE5000053E3A0
S31580E06F801300000A20008DE290109FE5FD6000EB83
S31580E06F90000050E30E00000A20008DE2231E8DE201
S31580E06FA0082040E2043040E2E1FBFFEB000050E3E2
S31580E06FB00B00001ABC309FE530229DE5002083E57A
S31580E06FC0B4309FE51820DDE50020C3E573FCFFEBD8
S31580E06FD0030000EA50009FE5AA0500EB004050E27E
S31580E06FE00100000A0000A0E3050000EA6BFCFFEB6D
S31580E06FF00400A0E1020000EA000053E3F8FFFF0A84
S31580E0700095FCFFEB43DE8DE2F08DBDE8B013E380C7
S31580E07010A013E380A813E3800811E3809C11E3804A
S31580E070208C11E380387EE280025EE2805F82E280DD
S31580E070308A56E2803F7EE2802C7EE2805C7EE28041
S31580E07040747EE280A47EE280BE7EE280DB7EE280A9
S31580E07050637DE280C7D3E280497AE2804D7AE2803E
S31580E07060FB7EE280357FE280A0DFE280577FE280B0
S31580E07070C27FE280897FE2808811E3809C13E3808F
S31580E0708030402DE914D04DE20250A0E10340A0E16A
S31580E070905CFEFFEB000050E32200001A010055E39E
S31580E070A0020000CA8C009FE5CE0E00EB1D0000EAD0
S31580E070B0040094E508108DE207208DE20C308DE225
S31580E070C09BFBFFEB004050E21600001A68309FE51C
S31580E070D008209DE5002083E560309FE50720DDE51B
S31580E070E00020C3E52DFCFFEB08309DE5082093E505
S31580E070F00810D2E5020051E344109F050400000A1F
S31580E0710040009FE540309FE5040051E30310A00175
S31580E071100010A0110920D2E50730DDE52C009FE5BF
S31580E07120B00E00EB000000EA0140A0E30400A0E11D
S31580E0713014D08DE23080BDE8E67FE2808811E3807E
S31580E071409C13E380C7D3E280497AE2804D7AE2807D
S31580E071500180E280020052E3F04D2DE90260A0E179
S31580E0716060D04DE20350A0E11B00001A040093E5D5
S31580E071704C159FE5836000EB004050E20A00001A60
S31580E0718040159FE540059FE52B0400EB3C159FE508
S31580E071903C059FE5280400EB0410A0E134059FE55B
S31580E071A0250400EB17FEFFEB420100EA040095E5BB
S31580E071B024159FE5736000EB004050E20600001A5C
S31580E071C010FEFFEB0410A0E104059FE51A0400EB36
S31580E071D021FCFFEB0040A0E1360100EA09FEFFEB6F
S31580E071E0004050E22A01001A010056E35200001ADC
S31580E071F0E8749FE5E8849FE5005097E5070055E150
S31580E072002400000A08C095E50810DCE5020051E399
S31580E07210D0149F050300000ACC349FE5040051E3B7
S31580E072200810A0010310A011BC30D5E10920DCE5EF
S31580E07230B8049FE500308DE518309CE5690E00EBDB
S31580E0724005A0A0E1A8049FE5660E00EB1060BAE514
S31580E0725000B0A0E30A0056E10C00000AD021C6E1A6
S31580E072600B10A0E1F020CDE1D821C6E184049FE5B2
S31580E07270F820CDE1243096E510308DE5082096E5BE
S31580E07280580E00EB01B08BE2006096E5F0FFFFEA76
S31580E07290005095E5D8FFFFEA003095E5050053E11B
S31580E072A00100001A50049FE54E0E00EB4C649FE50A
S31580E072B0000096E5000050E31C00000A40549FE57C
S31580E072C00010D5E5F4FAFFEB000050E31500000A64
S31580E072D0003096E5082093E50810D2E5020051E3F8
S31580E072E000149F050400000AFCC39FE5F0339FE588
S31580E072F0040051E30310A0010C10A01108C090E532
S31580E073000920D2E50030D5E500C08DE5D061C0E149
S31580E07310F860CDE1D861C0E1E8039FE5F061CDE1B9
S31580E07320300E00EB010000EADC039FE52D0E00EB5A
S31580E07330D8039FE51F0E00EBDE0000EA053046E24B
S31580E07340010053E36900008AC4139FE5040095E5D4
S31580E073500320A0E3166000EB001050E20100000A73
S31580E073600040E0E3D30000EA080095E51A208DE2CC
S31580E073701B308DE281FAFFEB000050E3C400001A77
S31580E0738090339FE51A20DDE51B10DDE5006093E58F
S31580E07390030056E1B800000A0800D6E5020050E195
S31580E073A01300001A0900D6E5010050E11000001A2A
S31580E073B0180096E5196000EB0040A0E10C0095E529
S31580E073C0166000EB000084E0014080E2100095E565
S31580E073D0126000EBFF4004E2020080E2004084E0BD
S31580E073E0140095E5FF4004E2000050E30200001A35
S31580E073F0A90000EA006096E5E4FFFFEA076000EB9B
S31580E07400020050E302408402FF4004023F0054E35E
S31580E074100100009A00039FE5920000EA141095E5CA
S31580E07420F8C29FE5000051E3182096E50C3095E51B
S31580E07430100095E50C10A00103008DE8E0129FE5B1
S31580E0744020008DE23D6400EB20008DE20010A0E399
S31580E074501C208DE2F1FBFFEB000050E38C00001A6C
S31580E074601C409DE5000054E38900000A083094E55D
S31580E07470106094E50800D3E50910D3E52CFAFFEB1C
S31580E07480005050E20E00001A50329FE5002093E54E
S31580E07490030052E164229F050040820560229F0539
S31580E074A00050C205042093E50150A003044083E523
S31580E074B0000055E3003084E5042084E5004082E561
S31580E074C0600000EA080095E50610A0E140F9FFEBD0
S31580E074D0000050E36C00001A0500A0E10610A0E170
S31580E074E087FBFFEB000050E35A00000A660000EAE3
S31580E074F0030056E399FFFF1A040095E524129FE501
S31580E07500A05F00EB000050E394FFFF1A084095E58A
S31580E075101C108DE20400A0E11B208DE220308DE27C
S31580E0752083FAFFEB000050E35000001A1C309DE523
S31580E07530082093E50810D2E5020051E3A4119F05E7
S31580E075400400000AA0019FE594319FE5040051E321
S31580E075500310A0010010A01120009DE50920D2E5CE
S31580E0756008C090E500C08DE5D041C0E11B30DDE587
S31580E07570F840CDE1D841C0E1AC019FE5F041CDE1F5
S31580E07580980D00EB1C609DE520509DE5BC40D6E162
S31580E07590010054E30400001A0600A0E139FBFFEB8A
S31580E075A0000050E34300001A2A0000EA4C319FE5D0
S31580E075B0003093E5030056E10100000A0040A0E3B5
S31580E075C0140000EA38419FE50600A0E10010D4E50A
S31580E075D031FAFFEB000050E3F7FFFF0A050050E1C8
S31580E075E00300001A44019FE57E0D00EB0030A0E326
S31580E075F0060000EAD821C5E1D801C0E1010053E1E7
S31580E07600000052010200008A0030D4E5013043E2F6
S31580E076100030C4E50140A0E30C0095E80500A0E158
S31580E07620043082E5002083E50030A0E3003085E584
S31580E07630043085E5C50E00EBBC30D6E1000054E3AE
S31580E07640013043E2BC30C6E10100000AD3FAFFEB29
S31580E07650000000EAA2FAFFEBE4F7FFEB004050E21D
S31580E076601400000AC8009FE55E0D00EB080000EA02
S31580E07670C0009FE50410A0E1010000EAB8009FE5A4
S31580E07680081095E5570D00EB010000EA1C009DE52A
S31580E07690FCFAFFEB0140A0E3060000EA3F0054E37A
S31580E076A05BFFFF8A182096E50C3095E5100095E59E
S31580E076B068109FE55FFFFFEA0400A0E160D08DE2FD
S31580E076C0F08DBDE81F80E2802C7EE280387EE2800D
S31580E076D0FD53E280025EE2805F82E2802780E28084
S31580E076E0A813E3804D7AE280C7D3E280497AE280CC
S31580E076F02E80E2804F80E2807380E2809380E28019
S31580E077008811E3809C13E380AA80E280E180E280B6
S31580E0771009CFE2800881E280A013E3800C81E280D9
S31580E07720A8DDE2802C81E2806881E2806C81E28063
S31580E07730B481E2803881E280E781E280FF81E28085
S31580E07740F0452DE90070A0E124D04DE25C029FE592
S31580E077500160A0E10240A0E10350A0E1C90300EB93
S31580E07760000050E30400000A0010A0E31020A0E32C
S31580E07770E46200EB38329FE5000083E5020054E3E3
S31580E077800600000A030054E31D00000A010054E3EA
S31580E077902800000A4F00E0E3F41C00EB230000EA37
S31580E077A0040095E504108DE21020A0E3D56200EB9D
S31580E077B0343099E50080A0E17F3483E2030050E134
S31580E077C00300009AEC119FE5EC019FE5050D00EBC7
S31580E077D0160000EA044095E504A09DE50400A0E1DA
S31580E077E00E5F00EB000084E000005AE1C0319F05A7
S31580E077F0C8019F1500808305041095150800001ABE
S31580E078000C0000EA0010A0E3040095E51020A0E358
S31580E07810BC6200EB98319FE5081095E5000083E5B2
S31580E0782098019FE58020A0E36C6A00EB010000EA06
S31580E078300000E0E35B0000EA5000A0E3CB1C00EB35
S31580E078400700A0E10A6B00EB004050E2030000AACB
S31580E078505000E0E3C51C00EB0100A0E3510000EA24
S31580E078605100A0E3C11C00EB54319FE5000093E595
S31580E07870000050E30400000A08108DE2736A00EB12
S31580E0788040019FE508108DE26B0200EB38319FE501
S31580E07890000093E5000050E30400000A08108DE242
S31580E078A06A6A00EB24019FE508108DE2620200EB34
S31580E078B01C119FE50030D1E5000053E30100000A8A
S31580E078C010019FE55C0200EB0C119FE50030D1E5ED
S31580E078D0000053E30100000A00019FE5560200EB39
S31580E078E0FC309FE5000093E5000050E30400000AC9
S31580E078F008108DE2556A00EBE8009FE508108DE2FE
S31580E079004D0200EBE0309FE5000093E5000050E398
S31580E079100400000A08108DE24C6A00EBCC009FE57B
S31580E0792008108DE2440200EBC4309FE5000093E549
S31580E07930000050E30400000A08108DE2436A00EB81
S31580E07940B0009FE508108DE23B0200EBA8109FE5B2
S31580E079500030D1E5000053E30100000A9C009FE57A
S31580E07960350200EB000054E35100E0030B00000A0F
S31580E079703C309FE50410A0E1000093E543E6FFEB91
S31580E079805200A0E3791C00EB0600A0E1001095E52B
S31580E079902FEBFFEB004050E25200E0B35400A0A38F
S31580E079A0721C00EB0400A0E124D08DE2F085BDE8F6
S31580E079B05A8AE28098F7E2801555E2803A73E2804F
S31580E079C08C6EE680786EE680A882E280246EE68021
S31580E079D0B282E280346EE680BA82E280529D09818C
S31580E079E0C382E280306EE680CC82E2808056E6809A
S31580E079F0D382E280206EE680DC82E280546EE6808E
S31580E07A00E282E2800010A0E10000A0E34BFFFFEA03
S31580E07A1070402DE90060A0E10250A0E10340A0E1C2
S31580E07A20A300A0E3511C00EB0430A0E10610A0E126
S31580E07A300520A0E10300A0E340FFFFEB0040A0E1CA
S31580E07A40A400A0E3491C00EB0400A0E17080BDE83F
S31580E07A50010052E3170000DA10402DE9040093E5B7
S31580E07A600340A0E1E25D00EB50309FE5000050E38B
S31580E07A70000083E50100001A0000E0E31080BDE825
S31580E07A800500A0E37A6A00EB000050E3040000AA58
S31580E07A90041094E528009FE5520C00EB0100A0E37A
S31580E07AA01080BDE8041094E518009FE54D0C00EBCE
S31580E07AB00000A0E31080BDE80000E0E31EFF2FE1B8
S31580E07AC0949D0981E982E2800C83E280F8402DE989
S31580E07AD00250A0E10470A0E3010055E30360A0E159
S31580E07AE0050000CA74209FE50040A0E3003092E5DF
S31580E07AF0013083E2003082E50C0000EA0410B3E551
S31580E07B000020D1E52D0052E3F5FFFF1A015045E252
S31580E07B100120F1E5000052E3EEFFFF0A660052E342
S31580E07B200670A0E3F9FFFF0A0000E0E3F880BDE815
S31580E07B30015045E2000055E3060000DA0400B6E5B0
S31580E07B401C109FE50720A0E1675700EB000050E39B
S31580E07B500140A003F5FFFFEA0400A0E1F880BDE85C
S31580E07B6094F2E28088F7E28008402DE9C81300EBC2
S31580E07B70000090E20100A0130880BDE8010052E316
S31580E07B80130000DAF0412DE90150A0E10060A0E1A8
S31580E07B90014042E2040093E53C109FE50820A0E323
S31580E07BA0047083E27E0900EB000050E30600000AE1
S31580E07BB00CC090E50510A0E10600A0E10420A0E15C
S31580E07BC00730A0E1F041BDE81CFF2FE10000E0E3D3
S31580E07BD0F081BDE80000E0E31EFF2FE198F2E2804D
S31580E07BE030402DE90030A0E32CD04DE2004050E259
S31580E07BF00120A0E110308DE51100000A1C308DE5F2
S31580E07C0000308DE514308DE204308DE580309FE5DF
S31580E07C1008308DE528308DE218408DE50C108DE535
S31580E07C200F0013E9F95500EB14409DE5000054E39D
S31580E07C301400000A060094E858009FE5E90B00EB83
S31580E07C40110000EA00408DE504408DE508408DE5B1
S31580E07C503C009FE50A10A0E310308DE2585700EB18
S31580E07C60005050E2050000DA10009DE5D10B00EBF4
S31580E07C7010009DE5350D00EB0500A0E1020000EA6D
S31580E07C8014009FE5D70B00EB0400A0E12CD08DE239
S31580E07C903080BDE888F7E280EB83E280F283E280A1
S31580E07CA0010052E3F8402DE90240A0E10A0000DA43
S31580E07CB0042093E50010D2E52D0051E30900001A77
S31580E07CC00120D2E5610052E30600001A014044E259
S31580E07CD0043083E20010A0E3000000EA0810A0E38D
S31580E07CE0010054E30300000A0350A0E10060A0E332
S31580E07CF00170A0E3120000EA0000A0E3B7FFFFEB0B
S31580E07D00001050E21200000A4C209FE54C009FE5EF
S31580E07D10B40B00EB0000A0E3F880BDE80400B5E515
S31580E07D200010A0E3ADFFFFEB000050E30300001A74
S31580E07D302C009FE5001095E5AA0B00EB016086E23A
S31580E07D40017087E2040057E1F3FFFFBA0600A0E185
S31580E07D50F880BDE80400A0E1F880BDE8FC0F0000F3
S31580E07D601784E2803884E280F0452DE9001093E5BF
S31580E07D700040A0E31CD04DE202A0A0E10350A0E1C8
S31580E07D800400A0E10480A0E10A70A0E301A04AE239
S31580E07D9000005AE3260000DA0420B5E50030D2E59B
S31580E07DA02D0053E32400001A0130F2E5000053E38E
S31580E07DB0F5FFFF0A630053E30C00000A0200008A25
S31580E07DC0620053E30500000A190000EA640053E309
S31580E07DD01100000A740053E30A00000A140000EA66
S31580E07DE0000050E30E00001A0100A0E3030000EA61
S31580E07DF0000050E30A00001A0100A0E30080A0E141
S31580E07E000070A0E3E7FFFFEA000050E30400001AF9
S31580E07E100100A0E30A70A0E3E2FFFFEA0140A0E3ED
S31580E07E20E0FFFFEA58019FE56E0B00EB0100A0E35F
S31580E07E30510000EA0000E0E34F0000EA000050E372
S31580E07E400100001A3C019FE5660B00EB1020A0E3E1
S31580E07E50000095E50010A0E32A6100EB02005AE3FA
S31580E07E600060A0E1012680120030A0110500001A12
S31580E07E70040095E50010A0E31020A0E3216100EB6B
S31580E07E800050A0E1110000EA035066E00110D3E45F
S31580E07E90070051E10200001A0010D3E5000051E32B
S31580E07EA00500000A020053E1F6FFFF1AD8009FE5BD
S31580E07EB00116A0E34B0B00EB0156A0E3025085E2EE
S31580E07EC0C8009FE50510A0E10520A0E1450B00EB89
S31580E07ED0000058E30F00000A0610A0E10420A0E3AA
S31580E07EE0045045E214008DE2046086E2C55D00EB55
S31580E07EF00000A0E30610A0E10520A0E1CD5200EB52
S31580E07F0014309DE5030050E10200000A80009FE501
S31580E07F10280B00EBC4FFFFEA014024E200408DE538
S31580E07F200040A0E304408DE508408DE564009FE5D0
S31580E07F300610A0E10520A0E10730A0E1645700EB40
S31580E07F40040050E10800001A4C309FE500308DE5D2
S31580E07F5048309FE548209FE5001093E544009FE583
S31580E07F6044309FE51F0B00EBAFFFFFEA043099E555
S31580E07F700400A0E1803083E3043089E51CD08DE203
S31580E07F80F085BDE80F85E2805484E2803E85E2801C
S31580E07F907B84E280A384E28088F7E2807155E28088
S31580E07FA0DC4FE6800285E280C584E280180400002A
S31580E07FB000C0A0E308402DE9012042E2000052E340
S31580E07FC00D0000DA0410B3E500E0D1E52D005EE3B4
S31580E07FD00900001A01E0F1E500005EE3F5FFFF0A23
S31580E07FE061005EE30200000A66005EE3F8FFFF0AD6
S31580E07FF0130000EA01C0A0E3F5FFFFEA000052E3C8
S31580E080000010A01301100C02000051E30200000AE8
S31580E080103C009FE5301000EB0B0000EA01C02CE24B
S31580E08020000052E300C0A0D301C00CC200005CE3B4
S31580E080300300000A0200A0E10310A0E1511000EB6A
S31580E08040010000EA0840BDE8880800EA0000A0E3F5
S31580E080500880BDE87385E280F0452DE90080A0E1E7
S31580E080602CD04DE20470A0E3010058E30150A0E17A
S31580E08070080000CA046095E53D10A0E30600A0E193
S31580E08080DB5C00EB000050E368019F150610A01151
S31580E080902C00001A0C0000EA0430B1E50020D3E59C
S31580E080A02D0052E3F2FFFF1A018048E20120F3E55A
S31580E080B0000052E3EBFFFF0A660052E30670A0E39E
S31580E080C0F9FFFF0A0000E0E3480000EA28219FE587
S31580E080D0020058E3003092E5013083E2003082E529
S31580E080E0040000DA083095E5000053E30040A01173
S31580E080F002A0A0130600001A0600A0E1FC109FE58E
S31580E081000720A0E1F85500EB100F6FE1A002A0E197
S31580E08110360000EA0A0195E7C05C00EB01A08AE23E
S31580E08120014084E208005AE1004084E0F8FFFF1A4B
S31580E081300400A0E1920C00EB008050E20400001AFB
S31580E08140BC009FE50410A0E1A60A00EB0100A0E3D5
S31580E08150260000EA081085E20830A0E10A5185E0B1
S31580E0816020E0A0E304C091E40120DCE40300A0E188
S31580E08170000052E30120C3E4FAFFFF1A050051E153
S31580E0818000E0C0E5F6FFFF1A080053E10120431541
S31580E0819014308DE204308DE560309FE508308DE562
S31580E081A00140A0E328308DE218608DE51C808DE5E6
S31580E081B000408DE50C708DE50F0013E9935400EBDC
S31580E081C00800A0E1E10B00EB14309DE5000053E3ED
S31580E081D00000A0130500001A28309FE528009FE5DF
S31580E081E00610A0E1002093E57E0A00EB0400A0E102
S31580E081F02CD08DE2F085BDE89885E28094F2E2802D
S31580E0820088F7E280CE85E280DC4FE680E885E28012
S31580E08210010052E3020000DA0200A0E10310A0E1CF
S31580E082208CFFFFEA0000E0E31EFF2FE104309FE5CC
S31580E08230000093E51EFF2FE194F2E2801F402DE9D6
S31580E0824048309FE500308DE50030A0E30C308DE5C9
S31580E08250043099E503008DE9800013E30100A00373
S31580E082600800000A000051E30300000A0030D1E56F
S31580E08270000053E30300A0130000001A0200A0E30D
S31580E082800D10A0E173FFFFEB14D08DE204F09DE4C6
S31580E082901486E28010402DE90040A0E10100A0E1D3
S31580E082A0C16000EB0010A0E10400A0E11040BDE851
S31580E082B0E1FFFFEA10402DE918D04DE20120A0E170
S31580E082C00040A0E118109FE504008DE29B6000EB82
S31580E082D00400A0E104108DE2D7FFFFEB18D08DE219
S31580E082E01080BDE81B86E280F04D2DE90040A0E3DA
S31580E082F040D04DE20250A0E100C0A0E1002093E52D
S31580E0830004B0A0E10A70A0E30480A0E110208DE52E
S31580E0831001A045E200005AE3360000DA040093E566
S31580E08320046083E20020D0E52D0052E33300001A9A
S31580E083300120F0E5000052E32600000A630052E3E4
S31580E083400B00000A0200008A620052E30500000A80
S31580E08350280000EA730052E30A00000A740052E340
S31580E083601700000A230000EA000054E30300000A35
S31580E083701B0000EA000054E31900001A01B0A0E3F4
S31580E083800470A0E1110000EA02A045E200005AE391
S31580E08390020000CA0C00A0E1B40700EB5F0000EA2F
S31580E083A0080093E50010A0E31020A0E314C08DE55B
S31580E083B0086083E2D35F00EB14C09DE50080A0E116
S31580E083C0040000EA000054E30500001A0A70A0E306
S31580E083D00140A0E3D5FFFFEA0630A0E10A50A0E124
S31580E083E0CAFFFFEA3C019FE510109DE5FD0900EB21
S31580E083F00100A0E3490000EA0000E0E3470000EA6C
S31580E084000010A0E31020A0E3BE5F00EB000058E37D
S31580E084101C008DE50200000A0010A0E30820A0E120
S31580E08420615C00EB000057E3025045E2046086E2BF
S31580E084301700000A5020A0E300808DE560008DE9FA
S31580E08440E4009FE50710A0E11C308DE25C5500EB6F
S31580E08450002050E2070000AAD0309FE500308DE58D
S31580E08460CC309FE5CC009FE5001093E5C8209FE5E2
S31580E08470C8309FE51C0000EA20008DE2C0109FE531
S31580E084802E6000EB20108DE2B8009FE56AFFFFEBDF
S31580E08490210000EA1C409DE500005BE30430841285
S31580E084A0A4709FE520308D1560008DE900708DE524
S31580E084B074009FE50010A0E35020A0E320308DE219
S31580E084C020408D053E5500EB005050E2080000AAA2
S31580E084D058309FE500308DE554309FE554009FE5A8
S31580E084E0001093E550209FE560309FE5BD0900EBE5
S31580E084F0BEFFFFEA00005BE30400000A0000A0E3A1
S31580E08500041084E20720A0E14A5100EB000084E5F4
S31580E0851030009FE5041085E265FFFFEB0000A0E3F5
S31580E0852040D08DE2F08DBDE80F85E28088F7E2806D
S31580E085306355E280DC4FE6801F86E2800285E2803A
S31580E085408D0300005C86E280CF65E280FC0F000050
S31580E08550A1030000F8402DE9005050E20140A0E17F
S31580E085600100001A0000E0E3F880BDE80400A0E125
S31580E085700070D5E5B00E00EB016084E2000057E1C3
S31580E085800500001A0130D5E40640A0E13D0053E342
S31580E08590F5FFFF1A0600A0E1F880BDE80030D5E5DA
S31580E085A0000053E3EEFFFF1A0400A0E1A20E00EB09
S31580E085B03D0050E3EAFFFF1A0600A0E1F880BDE83F
S31580E085C0F04D2DE9B4A09FE50070A0E10160A0E147
S31580E085D00280A0E10050A0E30500A0E1960E00EB4A
S31580E085E0000050E30100001A0000E0E3F08DBDE8F2
S31580E085F00540A0E10400A0E18F0E00EB000050E30F
S31580E086000300000A0A0054E1F6FFFFCA014084E253
S31580E08610F7FFFFEA0700A0E10510A0E1CCFFFFEB42
S31580E08620000050E308B086A00650A0A100A066A096
S31580E08630050000AA015084E2E6FFFFEA7E0E00EB29
S31580E08640000050E30100C5E40A00000A0B0055E192
S31580E0865005008AE0054066E0F7FFFF1A000054E374
S31580E086600030A0130130451514009FE50810A0E105
S31580E086700720A0E15B0900EB0400A0E1F08DBDE8F6
S31580E08680FF0F00006086E280043099E510402DE916
S31580E08690804013E228D04DE20F00000A0030A0E3CC
S31580E086A014208DE21C308DE500308DE504208DE5CB
S31580E086B00C308DE540209FE528308DE218008DE571
S31580E086C008208DE50F0013E9505300EB14009DE57B
S31580E086D0000050E304009015050000EA5C1089E292
S31580E086E02020A0E3B5FFFFEB000050E35C0089C2E9
S31580E086F00400A0D128D08DE21080BDE888F7E28022
S31580E0870037402DE90150A0E1DEFFFFEB004050E26B
S31580E087100100001A0500A0E1050000EA04108DE2E0
S31580E087201020A0E3F75E00EB04309DE5040053E102
S31580E08730F7FFFF0A0CD08DE23080BDE838402DE9A6
S31580E087400150A0E10240A0E1CEFFFFEB000050E344
S31580E087500300000A0520A0E10010A0E33840BDE850
S31580E08760E85E00EA0400A0E13880BDE8F0412DE94A
S31580E087700140A0E194119FE5DB5B00EB000050E354
S31580E087808C019F058C119F058C219F050900000AAD
S31580E08790010080E284119FE5615B00EB005050E2CE
S31580E087A0BC4084120A70A0130500001A60019FE5A0
S31580E087B060119FE568219FE50A0900EB0000E0E390
S31580E087C0F081BDE80500A0E12810A0E3085B00EB9E
S31580E087D0006050E238019F0548119F0548219F05BA
S31580E087E00600000A2910A0E3015B00EB000050E3DD
S31580E087F00400001A18019FE528119FE52C219FE5CA
S31580E08800F80800EB390000EA002065E0022042E249
S31580E08810011086E20080A0E30400A0E1D05A00EBDC
S31580E088204010A0E3208084E50500A0E1F05A00EB4B
S31580E08830002050E220808415031082120B00001A7B
S31580E08840CC009FE5DC109FE5E4209FE5EBFFFFEAA7
S31580E088500130D1E4300043E2090050E30600008AAB
S31580E08860200094E5003283E0303043E2203084E536
S31580E08870060051E1F5FFFF3A0B0000EA610043E2B2
S31580E08880050050E320009495003283905730439260
S31580E08890F5FFFF9A410043E2050050E320009495FE
S31580E088A00032839037304392EFFFFF9A0030A0E3A7
S31580E088B0020055E1243084E5243094E50500002A61
S31580E088C00110D5E4300041E2090050E3971323908C
S31580E088D030304392F5FFFF9A0335A0E1243084E5FA
S31580E088E050009FE50410A0E1202094E5BD0800EB50
S31580E088F00000A0E324109FE5095B00EB284084E2BA
S31580E08900005050E2AEFFFF1A0500A0E1F081BDE81D
S31580E089104B8FE280CF88E2804856E2808E0100006D
S31580E08920DA94E280950100003156E2805101000040
S31580E089305701000061010000DF88E28010402DE9E8
S31580E0894001DB4DE2012BA0E30040A0E10010A0E3B3
S31580E089500D00A0E1145B00EB20009FE549FFFFEBF3
S31580E089600010A0E10D00A0E1775A00EB0D00A0E138
S31580E089700410A0E17CFFFFEB01DB8DE21080BDE817
S31580E08980025EE280F0402DE901DB4DE2083090E5C1
S31580E08990387090E504D04DE20060A0E10010A0E3DD
S31580E089A00D00A0E1012BA0E3077083E0FE5A00EB07
S31580E089B00750A0E10040A0E3000055E30D00000A67
S31580E089C03C3096E5030054E10A00002A0500A0E168
S31580E089D044109FE5445B00EB000050E30500001A7D
S31580E089E00500A0E18D5A00EB014084E2004084E07E
S31580E089F0045087E0EFFFFFEA0510A0E10D00A0E15B
S31580E08A00515A00EB0D00A0E10610A0E156FFFFEB06
S31580E08A1001DB8DE204D08DE2F080BDE8A0DFE2806C
S31580E08A203C3090E5000053E30000000AD4FFFFEA03
S31580E08A30C1FFFFEAF3412DE90040A0E1C800A0E3D1
S31580E08A400160A0E1910000E00210A0E10270A0E1E7
S31580E08A500380A0E1636C00EB000056E30050A0E1E8
S31580E08A601300000A28C4A0E12838A0E1C60B84E2FE
S31580E08A70CBEB84E2FFC00CE2FF3003E2A80080E2A9
S31580E08A80CAEF8EE20020A0E10010A0E3050051E1EC
S31580E08A90032082E20380421502C04215013042156E
S31580E08AA001108112F8FFFF1A5A0E80E20E0050E1A3
S31580E08AB0F3FFFF1A070056E11900000A420B85E230
S31580E08AC0380080E2800080E0004084E00510A0E18C
S31580E08AD00630A0E100708DE54C009FE5C820A0E35C
S31580E08AE0400800EBC85065E20430A0E15ACD84E24C
S31580E08AF00000E0E30320A0E10010A0E3050051E1DF
S31580E08B00032082E20300421502004215010042156D
S31580E08B1001108112F8FFFF1A5A3E83E20C0053E1FE
S31580E08B20F3FFFF1A08D08DE2F081BDE8EC88E280A1
S31580E08B30F04D2DE988059FE53EDE4DE2D1FEFFEB67
S31580E08B40004050E20400001A78159FE570059FE525
S31580E08B50B9FDFFEBCE0F00EB68459FE50050A0E343
S31580E08B6064659FE50510A0E12A2EA0E3050D8DE260
S31580E08B700050C6E58C5A00EB0510A0E12020A0E36A
S31580E08B8020008DE2885A00EB40059FE5BDFEFFEBB5
S31580E08B9000A050E21800000A0510A0E11020A0E332
S31580E08BA0D85D00EB28359FE51C308DE50130A0E3EC
S31580E08BB020859FE500308DE50510A0E118759FE5DD
S31580E08BC00620A0E308308DE20C708DE510808DE5FF
S31580E08BD014A08DE518408DE540018DE50500A0E106
S31580E08BE01E4800EB050050E10850A0E10800000AAD
S31580E08BF0E8049FE5E8149FE5290000EAE0149FE594
S31580E08C00E0249FE50430A0E1DC049FE5F50700EB76
S31580E08C106E0000EA40B19DE5D0149FE50B00A0E12F
S31580E08C20B15A00EB000050E30500000A168080E2AE
S31580E08C300800A0E1B8149FE5AB5A00EB002050E2B3
S31580E08C400300001A0B10A0E1A8049FE5E50700EBFE
S31580E08C50110000EA0810A0E1022068E020008DE221
S31580E08C60BF5900EB90049FE586FEFFEB20108DE276
S31580E08C700080A0E10820A0E180049FE5D90700EB11
S31580E08C80000058E30800000A20008DE20810A0E109
S31580E08C90BC5900EB000050E30300001A60049FE536
S31580E08CA020108DE2CF0700EB480000EA54349FE5C0
S31580E08CB01C308DE50000A0E30130A0E300308DE5B7
S31580E08CC00010A0E10620A0E308308DE20C708DE56F
S31580E08CD010508DE514A08DE518408DE5DF4700EB5B
S31580E08CE024149FE540019DE57F5A00EB007050E239
S31580E08CF000049F050410A001E9FFFF0A0040A0E3FD
S31580E08D002020A0E30410A0E10040C7E5530F8DE2E8
S31580E08D10255A00EB40808DE220108DE2530F8DE2E4
S31580E08D20895900EB0800A0E10410A0E13020A0E31F
S31580E08D301D5A00EBD4339FE540308DE5D0339FE577
S31580E08D4044308DE5CC339FE548308DE5C8339FE5EB
S31580E08D504C308DE5C4339FE550308DE5C0339FE5DB
S31580E08D6054308DE5BC339FE558308DE5B8339FE5CB
S31580E08D705C308DE55B5F8DE2B0339FE560308DE5FD
S31580E08D80043198E70510A0E140019DE533FF2FE12E
S31580E08D90043095E5DC239DE5014084E2023083E002
S31580E08DA00C0054E3083085E5DC338DE50C5085E234
S31580E08DB0F2FFFF1A50039FE5985900EB000087E029
S31580E08DC048018DE5050D8DE214FFFFEB3C0000EADE
S31580E08DD0050D8DE211FFFFEBF0029FE529FEFFEB2B
S31580E08DE0000050E30800000A0010A0E31020A0E392
S31580E08DF0445D00EB48319DE5000053E30050A0E17F
S31580E08E0040018DE548018D05050000EA20139FE5C8
S31580E08E10D320A0E31C339FE5CC029FE5710700EBEE
S31580E08E20A00000EA40408DE20010A0E31820A0E315
S31580E08E300400A0E1DC5900EBFC129FE50520A0E1EF
S31580E08E400030A0E30400A0E1BC5D00EB88329FE542
S31580E08E5024308DE57C329FE528308DE5D4329FE560
S31580E08E6030308DE50000A0E30130A0E300308DE5F1
S31580E08E700010A0E10520A0E320308DE22C408DE5B6
S31580E08E80764700EB000050E30300000AA0129FE55E
S31580E08E9048029FE5530700EB820000EAE8329DE551
S31580E08EA0DC239DE5AC318DE5023083E0B0318DE5A4
S31580E08EB0DC338DE50030D6E5A8018DE5013083E32E
S31580E08EC00030C6E50010A0E3012CA0E340008DE26F
S31580E08ED0B55900EB64229FE51010A0E360029FE5A0
S31580E08EE015FEFFEB054D8DE27F5F8DE20080A0E30E
S31580E08EF00070A0E10710A0E148029FE5390700EB8A
S31580E08F0044029FE50010A0E37D1A00EB302094E553
S31580E08F10243095E5030052E10600009A0C008DE8C6
S31580E08F2028129FE528229FE50530A0E124029FE5EF
S31580E08F302C0700EB2E0000EA000052E32C00000A2A
S31580E08F4000208DE50510A0E1202095E508029FE54B
S31580E08F50240700EB0010A0E3012CA0E340008DE2A3
S31580E08F60915900EB202095E5243095E5EC119FE5BD
S31580E08F7040008DE2715D00EB0010A0E340008DE2E1
S31580E08F805F1A00EBDC239DE5341094E5000052E3A4
S31580E08F90303094E50300000AA31041E00700A0E129
S31580E08FA0BC319FE5A2FEFFEB302094E52C3094E5C2
S31580E08FB000208DE548219DE5A8119FE5032082E00C
S31580E08FC040008DE2203095E55C5D00EB0010A0E38B
S31580E08FD040008DE24A1A00EBDC239DE5341094E5EF
S31580E08FE0000052E30200000A0700A0E170319FE52D
S31580E08FF08FFEFFEB018088E20C0058E30C4084E2B0
S31580E09000285085E2C0FFFF1A7C319DE5000053E3DE
S31580E090100900001A88319DE5000053E30600001A36
S31580E090200030D6E5000053E30300001A531F8DE2BB
S31580E09030C4009FE580FCFFEB950E00EB28019FE5E1
S31580E09040E80600EB0040A0E36410A0E30120A0E185
S31580E090500C319FE50700A0E175FEFFEB7D0FA0E3F5
S31580E09060D45900EB6410A0E30120A0E10030A0E336
S31580E090700700A0E16EFEFFEB014084E27D0FA0E3F6
S31580E09080CC5900EBE4009FE5051064E2D50600EBE1
S31580E09090050054E3EBFFFF1A0010A0E3D0009FE544
S31580E090A0171A00EBE7FFFFEAC8109FE5C8209FE5A7
S31580E090B0C8009FE5CB0600EB0000A0E33EDE8DE234
S31580E090C0F08DBDE82F89E2801E89E280B413E380CB
S31580E090D05A8AE2803F89E280CFA6E2806AD5E28042
S31580E090E06B89E2800456E280030100004689E280D3
S31580E090F08189E28058D7E2809889E280A789E280F8
S31580E09100BC89E280DF89E280F189E280FB89E280C6
S31580E091102C93E0801C93E0800C93E080FC92E080CE
S31580E09120EC92E080DC92E080CC92E080BC92E080C1
S31580E09130AC92E080D655E280208AE280298AE2807D
S31580E091400020D083578AE280638AE280758AE28053
S31580E091506256E2803D0200007E8AE280B38AE28047
S31580E09160ED8AE2802693FF00008BE280188BE28016
S31580E09170318BE280DA61E2807C56E2808602000012
S31580E091802D8AE280F0412DE942DF4DE20040A0E108
S31580E091900160A0E10270A0E10010A0E308008DE28A
S31580E091A0012CA0E304108DE5FF5800EB0400A0E15C
S31580E091B0EC109FE54C5900EB005050E23500000A78
S31580E091C0018095E23300000A0A0058E32F00000A86
S31580E091D00010A0E3012CA0E308008DE2F25800EB3A
S31580E091E0082064E00410A0E1012042E208008DE25C
S31580E091F05B5800EB08008DE20610A0E13A5900EBDF
S31580E09200004050E22100000A0600A0E1835800EB0E
S31580E09210000094E00030A0111E00000A0300A0E1E7
S31580E092200020D0E5013083E2200052E30200001AFC
S31580E09230000053E3F8FFFF1A0300A0E104108DE27B
S31580E092400A20A0E37B5C00EB04309DE5000087E527
S31580E09250000053E20300000A0020D0E5013083E2FB
S31580E09260200052E3F9FFFF0A04108DE20A20A0E312
S31580E09270705C00EB0610A0E1002097E50030A0E1ED
S31580E09280040087E51C009FE5560600EB010000EA36
S31580E09290024085E2C4FFFFEA0000A0E342DF8DE200
S31580E092A0F081BDE809CFE280598BE2800120A0E120
S31580E092B000109FE5B2FFFFEA6A8BE2800120A0E121
S31580E092C000109FE5AEFFFFEA748BE2800120A0E10B
S31580E092D000109FE5AAFFFFEA7E8BE2800120A0E1F5
S31580E092E000109FE5A6FFFFEA898BE2800120A0E1DE
S31580E092F000109FE5A2FFFFEA9B8BE2800120A0E1C0
S31580E0930000109FE59EFFFFEAA28BE2800120A0E1AC
S31580E0931000109FE59AFFFFEABE8BE2800120A0E184
S31580E0932000109FE596FFFFEABE8BE2800120A0E178
S31580E0933000109FE592FFFFEAD28BE280010050E3C6
S31580E09340F3412DE90070A0E1540000DA0140A0E18C
S31580E09350040091E50020A0E304108DE2E95B00EBD8
S31580E09360043094E50030D3E5000053E30050A0E1FB
S31580E093700100001A0000E0E34D0000EA04009DE5EC
S31580E093800030D0E53A0053E3000053130120A013E8
S31580E093900020A003F6FFFF1A3A0053E30560A01110
S31580E093A00250A0110A00001A0130D0E5000053E314
S31580E093B0EFFFFF0A010080E204108DE2D15B00EB53
S31580E093C004309DE50030D3E5000053E30060A0E182
S31580E093D0E7FFFF1A020057E33200000A080094E52F
S31580E093E004108DE20020A0E3C65B00EB083094E534
S31580E093F00030D3E5000053E30080A0E1DCFFFF0A04
S31580E0940004309DE50030D3E5000053E3D8FFFF1A32
S31580E09410030057E30C00000A1020A0E30C0094E55B
S31580E0942004108DE2B75B00EB0C2094E50020D2E5DA
S31580E09430000052E30030A0E1CDFFFF0A04209DE565
S31580E094400020D2E5000052E3C9FFFF1A0500A0E143
S31580E094500610A0E10820A0E1DC2A00EB007050E2D3
S31580E094600500001A50009FE50510A0E10620A0E166
S31580E09470DC0500EB0100A0E30D0000EA3C309FE54F
S31580E09480000093E50340A0E1000050E30000000AFD
S31580E094906F2C00EB007084E50000A0E3040000EA96
S31580E094A00060A0E30650A0E114809FE50030A0E3D1
S31580E094B0E5FFFFEA08D08DE2F081BDE80B8CE28023
S31580E094C0B813E38000B4C404F0402DE90140A0E184
S31580E094D0041090E51CD04DE2C13FA0E10371A0E10C
S31580E094E00161A0E1016096E0217F87E10370A7E05A
S31580E094F00731A0E10621A0E1062092E0263F83E144
S31580E095000730A3E00371A0E10261A0E1227F87E159
S31580E09510062092E00730A3E083C1A0E1A2CE8CE1F1
S31580E095208211A0E1045180E00120A0E110108DE5D8
S31580E095300C60A0E10C1095E50070A0E3070096E1D1
S31580E0954014C08DE50115A0E10400001A0200A0E137
S31580E09550A46900EB0010A0E3F001CDE1010000EA90
S31580E0956010008DE2F14D00EB10309DE5FA1FA0E38F
S31580E095708361A0E10600A0E100308DE5CB6900EBD8
S31580E09580FA1FA0E304008DE50600A0E1FE6900EB8A
S31580E095901C309FE51C009FE5042193E708108DE5CC
S31580E095A00410A0E10C3095E58E0500EB1CD08DE231
S31580E095B0F080BDE8504FE280348CE28038402DE97F
S31580E095C00040A0E1005090E5080090E592DBFFEBDB
S31580E095D0055184E0001094E50C0085E50400A0E1E7
S31580E095E0B8FFFFEB0000A0E38BDBFFEB003094E5F8
S31580E095F0013083E2003084E5080084E53880BDE808
S31580E09600010052E3B30100DAF04D2DE9047093E5F1
S31580E0961038D04DE20700A0E130179FE50340A0E196
S31580E09620015042E2575700EB000050E30300001A76
S31580E096300500A0E1041084E23FFFFFEBA20100EA0F
S31580E096400C679FE5003096E5000053E304079F052D
S31580E096505C00000A0700A0E1FC169FE5495700EB95
S31580E09660000050E30500001A0030A0E3030055E354
S31580E096701C308DE520308DE50B0000CACE0000EA77
S31580E096800700A0E1D4169FE53E5700EB000050E3CB
S31580E09690F4FFFF0A0700A0E1C4169FE5395700EB07
S31580E096A0000050E3EFFFFF0A770000EA040094E54C
S31580E096B0A4169FE50420A0E33D5700EB000050E3AD
S31580E096C00900001A080094E510108DE21020A0E34E
S31580E096D00C5B00EB083094E50030D3E5000053E303
S31580E096E000A0A0E10E00001AB30000EA040094E5B1
S31580E096F068169FE50520A0E32D5700EB000050E3B8
S31580E09700EFFFFF0A040094E554169FE50520A0E3E9
S31580E09710275700EB000050E30140A0139E00001A9B
S31580E09720E7FFFFEA10309DE50030D3E5000053E324
S31580E09730A100001A0C0094E510108DE21020A0E341
S31580E09740F05A00EB0C3094E50030D3E5000053E3AB
S31580E097500050A0E19800000A10309DE50030D3E586
S31580E09760000053E39400001A100094E510108DE297
S31580E097701020A0E3E35A00EB103094E50030D3E507
S31580E09780000053E30080A0E18B00000A10309DE5E5
S31580E097900070D3E5000057E38700001AC4359FE5E3
S31580E097A00500A0E1001093E514208DE218308DE2EB
S31580E097B07E6800EB000050E318709D0500005AE3D8
S31580E097C00300001AA0059FE5FA0400EB0100A0E380
S31580E097D05C0100EA0010A0E30820A0E31C008DE213
S31580E097E0715700EB040094E56C159FE50420A0E337
S31580E097F0EF5600EB000050E30800001A000096E503
S31580E098000A30A0E150C090E50510A0E10820A0E173
S31580E098103CFF2FE154359FE50040A0E1100000EACF
S31580E09820040094E538159FE50520A0E3E05600EBBB
S31580E09830000050E32901000A010000EA30059FE5B7
S31580E09840E80400EB000096E50A30A0E154C090E51C
S31580E098500510A0E10820A0E13CFF2FE114359FE54B
S31580E098600040A0E110159FE5000054E30C259FE53C
S31580E098700120A00100208DE50810A0E10520A0E1EF
S31580E09880FC049FE5D70400EB430000EA0700A0E173
S31580E09890F0149FE5BB5600EB000050E34100001A50
S31580E098A0020055E3440000DA080094E518108DE2E2
S31580E098B01020A0E3935A00EB083094E50030D3E51E
S31580E098C0000053E30080A0E13B00000A18309DE5EC
S31580E098D00030D3E5000053E33700001A0C7094E5BE
S31580E098E01C108DE20030D7E51020A0E32B0053E377
S31580E098F0017087020700A0E101A0A00300A0A013E9
S31580E09900805A00EB1C309DE5070053E10050A0E152
S31580E099102900000A0030D3E5000053E32600001A50
S31580E0992000005AE30600000A003096E5143093E51D
S31580E09930000053E30120431200508210003063128E
S31580E0994003500510000096E5083085E00C2090E590
S31580E09950020053E10300009A2C049FE5041094E58D
S31580E09960A00400EB98FFFFEA583090E50810A0E1EC
S31580E099700520A0E133FF2FE1FC239FE5FC339FE543
S31580E099800510A0E1000050E30040A0E10230A00114
S31580E09990F8039FE50820A0E1920400EB000094E242
S31580E099A00100A013C80000EA0700A0E1E0139FE5EC
S31580E099B0745600EB000050E30100000A0000E0E38B
S31580E099C0E00000EA080094E518108DE21020A0E39C
S31580E099D04C5A00EB083094E50030D3E5000053E3C1
S31580E099E00080A0E1F4FFFF0A18309DE50030D3E562
S31580E099F0000053E3F0FFFF1A0C0094E518108DE2A7
S31580E09A001020A0E33F5A00EB0C3094E50030D3E51C
S31580E09A10000053E30050A0E1E7FFFF0A18309DE520
S31580E09A200040D3E5000054E3E3FFFF1A540600EB61
S31580E09A30007050E20500000A0500A0E1500600EB48
S31580E09A4000A050E20300001A0700A0E1BF0500EB8A
S31580E09A5040039FE59A0000EA3C139FE50520A0E1DC
S31580E09A60E85600EB34039FE500B096E55D0400EB35
S31580E09A700410A0E11C20A0E31C008DE2CA5600EB96
S31580E09A800400A0E164DAFFEB20508DE558309BE5D9
S31580E09A900810A0E10520A0E124008DE50B00A0E1FF
S31580E09AA033FF2FE1000050E3F4029F150C00001A0B
S31580E09AB0F0029FE54B0400EB1C008DE2BEFEFFEB5F
S31580E09AC050C09BE50B00A0E10810A0E10520A0E1D5
S31580E09AD00730A0E13CFF2FE1004050E20300000A9E
S31580E09AE0C4029FE53F0400EB0040E0E36C0000EA3F
S31580E09AF0B8029FE53B0400EB0760A0E10730A0E1F8
S31580E09B00050054E11400000A0320A0E10010D2E52C
S31580E09B10013083E2FF0051E30D00000A0410A0E16A
S31580E09B208C029FE50C208DE52E0400EB053064E089
S31580E09B300C209DE50010A0E3400053E300108DE586
S31580E09B400400A0E10210A0E14030A0230120A0E3C0
S31580E09B50480000EA014084E2E8FFFFEA54029FE51C
S31580E09B60200400EB1C008DE293FEFFEB0810A0E1E1
S31580E09B7054C09BE50B00A0E10420A0E10A30A0E1FF
S31580E09B803CFF2FE1001050E22C029F15D4FFFF1A14
S31580E09B9028029FE50C108DE5120400EB0420A0E17D
S31580E09BA00C109DE50700A0E17F5600EB1C008DE2DE
S31580E09BB081FEFFEB0420A0E150C09BE50B00A0E115
S31580E09BC00810A0E10730A0E13CFF2FE1004050E221
S31580E09BD0EC019F15C2FFFF1AE8019FE5010400EB47
S31580E09BE01C008DE274FEFFEB0480A0E10A30A0E168
S31580E09BF0000000EA018088E2050058E11F00000AC3
S31580E09C000320A0E106B0A0E10000D2E50010DBE58C
S31580E09C10013083E2010050E1016086E2F4FFFF0A51
S31580E09C20055068E00810A0E19C019FE50C208DE5D9
S31580E09C30EC0300EB400055E30C209DE54050A0236B
S31580E09C400040A0E30210A0E10530A0E10120A0E3FE
S31580E09C5000408DE50800A0E1C84B00EB6C019FE574
S31580E09C60E00300EB0800A0E10B10A0E10120A0E3F7
S31580E09C700530A0E100408DE5C04B00EB99FFFFEA9F
S31580E09C804C019FE5D70300EB0050A0E30510A0E16F
S31580E09C901C008DE2015085E20AFEFFEB040055E3ED
S31580E09CA0F9FFFF1A0700A0E1280500EB0A00A0E112
S31580E09CB0260500EB000054E30400A0012100000A21
S31580E09CC010019FE5C70300EBBFFEFFEA010070E3EA
S31580E09CD01C00001A38FFFFEA0000E0E31EFF2FE1D8
S31580E09CE0080057E1F0009F35F5FFFF3A000055E3A5
S31580E09CF00900001A000096E50510A0E1102090E525
S31580E09D0050C090E58220A0E10A30A0E13CFF2FE13F
S31580E09D10010070E3C4009F050700000A000096E595
S31580E09D200510A0E1583090E50720A0E133FF2FE150
S31580E09D30000050E3C0FEFF0AA4009FE50510A0E105
S31580E09D400720A0E105FFFFEA38D08DE2F08DBDE87F
S31580E09D50788AE280B813E380698CE2809577E28046
S31580E09D609A77E280978CE280500BE3809E8CE2804B
S31580E09D70648CE280628DE2805C8CE2809776E28021
S31580E09D809A76E2807C8DE280A077E280998DE2808F
S31580E09D90C58DE2805D91E280E58DE28000FEDF8028
S31580E09DA0FD8DE2800E8EE280218EE280308EE28032
S31580E09DB0488EE2805C8EE280708EE2808A8EE280DF
S31580E09DC09D8EE280AC8EE280C38EE280D68EE2808B
S31580E09DD0F78EE280028FE2801B8FE280BD8CE2808C
S31580E09DE0E98CE280278DE280F04D2DE990D04DE23E
S31580E09DF00010A0E31020A0E320008DE230A08DE2E9
S31580E09E00E95500EB40B08DE20010A0E31020A0E31E
S31580E09E100A00A0E1E45500EB0010A0E31020A0E3E7
S31580E09E200B00A0E1E05500EB0000A0E30010A0E10C
S31580E09E3004239FE50330A0E3403300EB005050E27B
S31580E09E400400001A0510A0E10520A0E1EC029FE5E0
S31580E09E50640300EBA90000EA50608DE20010A0E305
S31580E09E601320A0E30600A0E1CF5500EB90708DE2D1
S31580E09E706030E0E3803067E50130A0E300308DE5D7
S31580E09E800500A0E10810A0E30720A0E10030A0E3F0
S31580E09E90473500EB004050E20300000A1010DDE594
S31580E09EA09C029FE54F0300EB190000EA0230A0E335
S31580E09EB000308DE50420A0E10500A0E19810A0E344
S31580E09EC00630A0E13A3500EB004050E20200000A9D
S31580E09ED070029FE5430300EB0D0000EA5030DDE5BC
S31580E09EE064029FE55210DDE55120DDE53D0300EBA0
S31580E09EF05230DDE5180053E30700001A5130DDE506
S31580E09F00200053E30400001A5040DDE5C24054E2ED
S31580E09F100040E013000054E30100000A2C029FE5B4
S31580E09F201F0000EA28129FE50520A0E30600A0E1D5
S31580E09F30B45500EB0130A0E300308DE50500A0E1EB
S31580E09F402810A0E30620A0E10430A0E1183500EB5C
S31580E09F50008050E20300000A0610A0E1E0019FE5E0
S31580E09F60200300EB0A0000EA0230A0E300308DE532
S31580E09F700500A0E18010A0E30420A0E10B30A0E181
S31580E09F800B3500EB008050E20700000AC4019FE534
S31580E09F90140300EB000058E30840A0E10200000A49
S31580E09FA0B4019FE50F0300EB590000EA4E30E0E391
S31580E09FB00F30CDE50380A0E33E30E0E31030CDE521
S31580E09FC00810A0E30030A0E300808DE50500A0E165
S31580E09FD00F208DE2F63400EB003050E260019F15F1
S31580E09FE00F10DD152000001A0120A0E300208DE58A
S31580E09FF02010A0E30620A0E10500A0E15080CDE599
S31580E0A0005140CDE55240CDE55340CDE5E83400EB17
S31580E0A010002050E228019F150810A0111200001AB6
S31580E0A0200A30A0E100808DE50500A0E18010A0E384
S31580E0A030DF3400EB003050E20200000A04019FE5C5
S31580E0A040E80200EB090000EA00808DE50500A0E16A
S31580E0A0500810A0E30720A0E1D53400EB000050E330
S31580E0A0600200000AD8009FE51010DDE5DD0200EB76
S31580E0A070E8109FE50F20A0E30700A0E1615500EB23
S31580E0A0800600A0E10010A0E34020A0E3465500EBE7
S31580E0A0900030A0E30320DBE70320C6E7013083E25C
S31580E0A0A0100053E3FAFFFF1A0030A0E3032086E0B6
S31580E0A0B00310D7E7013083E20F0053E31010C2E5C7
S31580E0A0C0F9FFFF1A0600A0E11E10A0E320208DE232
S31580E0A0D02D5400EB0030A0E320208DE20310D2E780
S31580E0A0E00320DAE7020051E10900001A013083E239
S31580E0A0F0100053E3F7FFFF1A0040A0E3050000EAF3
S31580E0A1005C009FE5B70200EB2C009FE59D5500EBD8
S31580E0A110FAFFFFEA0040E0E30500A0E1F13200EB60
S31580E0A120000054E3F5FFFF1A38009FE5AD0200EB2F
S31580E0A1300400A0E190D08DE2F08DBDE840420F00B2
S31580E0A1400B8CE2806291E2807B91E2809591E28065
S31580E0A150AE91E280BC54E280C591E280C991E28012
S31580E0A1604792E280E091E280F191E28008402DE939
S31580E0A1701C109FE51C009FE59A0200EB18009FE506
S31580E0A1808C0200EB14009FE58A0200EB0000A0E35E
S31580E0A1900880BDE815E0E2806192E2806692E28026
S31580E0A1A0C292E280F8452DE9008050E20100001A73
S31580E0A1B00000A0E3F885BDE80140A0E12E10A0E311
S31580E0A1C00270A0E18A5400EB000050E30050681072
S31580E0A1D00200001A0800A0E1905400EB0050A0E1D4
S31580E0A1E01C30A0E3934727E004A0A0E10060A0E351
S31580E0A1F0070054E10D00000A0800A0E1001094E594
S31580E0A2000520A0E16A5400EB000050E30500001A47
S31580E0A210000094E5815400EB000055E10700000A58
S31580E0A220016086E204A0A0E11C4084E2EFFFFFEA41
S31580E0A230010056E3DDFFFF1A0A00A0E1F885BDE8DC
S31580E0A2400400A0E1F885BDE814109FE514309FE591
S31580E0A25014209FE5033061E04331A0E1930202E000
S31580E0A260CFFFFFEADC03E3802008E380B76DDBB64F
S31580E0A27010402DE90040A0E1001094E5102094E51F
S31580E0A2803C009FE5570200EB38009FE5001094E51F
S31580E0A290540200EB140094E5000050E30300001A3A
S31580E0A2A024009FE5430200EB0100A0E31080BDE8B7
S31580E0A2B0400200EB0A00A0E3320200EB0000A0E3DC
S31580E0A2C01080BDE80B93E2801593E2802093E280D4
S31580E0A2D0F04D2DE91CB08DE210D04DE204A09BE557
S31580E0A2E00070A0E101005AE30150A0E108809B15CF
S31580E0A2F00040A0130160A0134700001A0131A0E1DD
S31580E0A3000A3083E20730C3E30D60A0E103D04DE07D
S31580E0A3100D80A0E10030A0E31C10A0E3050053E12E
S31580E0A320917322E0032188B7013083B2FAFFFFBA46
S31580E0A33001A045E200005AE3010000CA0040A0E324
S31580E0A340250000EA0070A0E30840A0E10730A0E124
S31580E0A350002094E504C0B4E5013083E2000092E594
S31580E0A36000109CE528300BE524200BE520C00BE5AA
S31580E0A370045400EB28301BE5000050E320C01BC5E9
S31580E0A38024201BC504C004C5002084C5017087C293
S31580E0A3900A0053E1EDFFFF1A000057E3E6FFFF0AEC
S31580E0A3A001A04AE2E2FFFFEA04A198E710709AE58D
S31580E0A3B02E0200EB000050E30B00001A000057E38A
S31580E0A3C00400000A7C009FE50810A0E300209AE5DF
S31580E0A3D00730A0E1030200EB014084E2050054E18E
S31580E0A3E0F0FFFFBA0000A0E3000000EA0100A0E36E
S31580E0A3F006D0A0E1110000EA0400B8E50710A0E16C
S31580E0A4000520A0E166FFFFEB000050E30500000AAF
S31580E0A41096FFFFEB004084E1016086E20A0056E1A8
S31580E0A420F4FFFFBA040000EA1C009FE5001098E5FF
S31580E0A430EC0100EB0140A0E3F6FFFFEA0400A0E1B7
S31580E0A4401CD04BE2F08DBDE84193E2804B93E280F5
S31580E0A45002C0A0E1DF001CE309C04C121CCF6F11E3
S31580E0A46001C0A003ACC2A01104E02DE5010050E3D9
S31580E0A47000E0A01301E00C0200005EE304209DE50D
S31580E0A4803C109F1504108D1538009F150800001AA2
S31580E0A49001C02CE2020050E30000A01301000C0290
S31580E0A4A0000050E304F09D0414009FE504008DE570
S31580E0A4B0040091E50310A0E104E09DE4023CA0E302
S31580E0A4C0BE0700EABC15E380A8DDE280F04D2DE909
S31580E0A4D0F8D04DE210308DE5003092E514308DE510
S31580E0A4E010309DE50160A0E1003093E520149FE502
S31580E0A4F01C008DE50C208DE518308DE5A15300EB31
S31580E0A500004050E20100000A0000A0E3FE0000EAFD
S31580E0A5100600A0E1C15300EB0610A0E1003050E256
S31580E0A52008308DE5EC039FE5033086C0014053C5D6
S31580E0A530855300EBDC239FE50010A0E30150A0E10A
S31580E0A5400230A0E10320A0E10100D3E4200050E343
S31580E0A55009005013FAFFFF0A000050E31000000ADA
S31580E0A56074308DE2015081E2012183E70210A0E19F
S31580E0A5700130D2E4000053E30900000A090053E306
S31580E0A580200053130130A0130030A003F6FFFF1A1A
S31580E0A590200055E3012081E20030C1E50510A0E10D
S31580E0A5A0E5FFFF1A0020A0E3F8308DE2053183E075
S31580E0A5B0020055E1842003E55CB39FE524208DE528
S31580E0A5C00400001A54339FE50B0053E10C00000AA7
S31580E0A5D01C3083E2FBFFFFEADF0014E30130A003D7
S31580E0A5E00030A013010055E3013083C3000053E33C
S31580E0A5F00600000A74009DE512FFFFEB000050E3C1
S31580E0A6000500001A0030A0E324308DE53B0000EA27
S31580E0A610090054E3F6FFFF0A0B0000EA18C090E554
S31580E0A62000005CE3F6FFFF0A24308DE200308DE522
S31580E0A6300420A0E10500A0E174108DE21430A0E3CF
S31580E0A6403CFF2FE10040A0E12A0000EA74709DE51E
S31580E0A6502E10A0E30700A0E1655300EB000050E375
S31580E0A66000A067100200001A0700A0E16B5300EB20
S31580E0A67000A0A0E1A8829FE50040A0E31C2048E27C
S31580E0A68002005BE11700000A1C0018E5635300EB4B
S31580E0A6900A0050E1110000BA0700A0E11C1018E59D
S31580E0A6A00A20A0E1045400EB000050E30B00001AFE
S31580E0A6B0110054E3012084E2F8308DE20441A0E108
S31580E0A6C0044083E05C329FC5D43004C50240A0C11B
S31580E0A6D0040000CA1C1018E5D41004E50240A0E18D
S31580E0A6E01C8088E2E4FFFFEAF8308DE2043183E003
S31580E0A6F00020A0E3D42003E5000054E30400001A20
S31580E0A700010055E37FFFFFCA0700A0E31D0100EBD0
S31580E0A7107C0000EA010054E30A00001AF8308DE27A
S31580E0A720055183E0880015E53C5300EB24B09DE5B8
S31580E0A730F4719FE500B08BE00B00A0E1375300EBAE
S31580E0A7400030A0E1230000EA4C0000DA24B09DE569
S31580E0A75000005BE34900000A0B00A0E12F5300EB09
S31580E0A76024208DE20070A0E10440B2E5000054E3CD
S31580E0A7700C00000A014044E20B30A0E103006BE0EC
S31580E0A780070050E10310A0E1040000AA01C0F4E54F
S31580E0A7900000D1E5013083E200005CE1F6FFFF0ACC
S31580E0A7A001706BE0EFFFFFEA000057E33300000A39
S31580E0A7B0F8308DE2055183E0880015E5175300EB0C
S31580E0A7C0073060E0000053E32C0000DA24B09DE51A
S31580E0A7D00470A0E100B08BE000005BE32700000A94
S31580E0A7E014109DE5042083E0025081E03C119FE552
S31580E0A7F0010055E1C3FFFFCA08109DE5010086E030
S31580E0A80001C040E20B10A0E101E06BE003005EE1F5
S31580E0A81001E0D1B401E0ECB5FAFFFFBA000053E302
S31580E0A820030080A0000057E30030A0130400000A74
S31580E0A830040053E10030D7B50130C0B40130A0B395
S31580E0A840FAFFFFBA0030A0E30030C0E518309DE59E
S31580E0A850000062E0024083E0D60000EB000057E3B0
S31580E0A8600100001A0700A0E3C60000EB0C309DE56E
S31580E0A870005083E510309DE5004083E5210000EA45
S31580E0A880AC009FE5E55200EB4E40A0E324508DE21C
S31580E0A8900080A0E190009FE5E05200EB0070A0E12F
S31580E0A8A0000095E5000050E31000000ADB5200EB63
S31580E0A8B007A080E00A3084E04D0053E3050000DA2B
S31580E0A8C070009FE5BB0000EB64009FE5B90000EBFC
S31580E0A8D0084067E0010000EA4C009FE5B50000EB28
S31580E0A8E0040095E4B30000EB0A4084E0EBFFFFEA66
S31580E0A8F040009FE5BB0000EB1C009DE5AD0000EB52
S31580E0A9000600A0E1AB0000EB0100A0E3F8D08DE209
S31580E0A910F08DBDE8A093E280BC13E3802008E3805D
S31580E0A920DC03E380F803E380D65EE28020DCE2802D
S31580E0A930FD010000EADDE28009CFE28038402DE9C2
S31580E0A9400050A0E10140A0E1B45200EB020050E3E8
S31580E0A9500B0000DA000085E0023050E52E0053E37C
S31580E0A9600700001A013050E5623043E2FF3003E22F
S31580E0A970150053E30400008A14209FE5D30092E19A
S31580E0A9803880BDE80400A0E13880BDE80000E0E35F
S31580E0A9903880BDE8D854E280F8452DE900A0A0E1F2
S31580E0A9A0000092E50180A0E10240A0E10370A0E111
S31580E0A9B020609DE523FEFFEB005050E20400001A84
S31580E0A9C0001094E584009FE5860000EB0100A0E39B
S31580E0A9D0F885BDE8043095E5030058E1020000DA29
S31580E0A9E00500A0E1F845BDE820FEFFEA000056E359
S31580E0A9F00200000A0000A0E387D6FFEB000086E5B0
S31580E0AA000430A0E10CC095E50500A0E10A10A0E1C4
S31580E0AA100820A0E13CFF2FE1000056E30040A0E1E2
S31580E0AA200200000A000096E57BD6FFEB000086E593
S31580E0AA30003097E5082095E5010074E3032002E005
S31580E0AA40002087E5E5FFFF0A0400A0E1F885BDE880
S31580E0AA50A893E280000051E32200000A020050E35E
S31580E0AA602000008A38402DE90040A0E1180091E5F9
S31580E0AA700150A0E1000050E30200000A30FF2FE120
S31580E0AA80000050E33880BDB860309FE5000054E3B5
S31580E0AA90045183E70200000A010054E30700000A3C
S31580E0AAA03880BDE8582099E52C1095E5041082E5BC
S31580E0AAB0583099E5282095E5082083E53880BDE87B
S31580E0AAC0582099E5201095E50C1082E5582099E507
S31580E0AAD0241095E5101082E5583099E510209FE521
S31580E0AAE0142083E53880BDE80000E0E31EFF2FE117
S31580E0AAF0DC44E380E8ABE080020050E3030000CA78
S31580E0AB0010309FE5003193E72C3093E513FF2FE17A
S31580E0AB100000E0E31EFF2FE1DC44E380020050E327
S31580E0AB20030000CA10309FE5003193E7283093E5B3
S31580E0AB3013FF2FE10000E0E31EFF2FE1DC44E3801A
S31580E0AB40200099E5000050E31EFF2F01043099E5CF
S31580E0AB50020013E30100000A0000A0E3E5FFFFEA3C
S31580E0AB60952F00EA200099E5000050E31EFF2F01B3
S31580E0AB70043099E5020013E30100000A0000A0E337
S31580E0AB80E5FFFFEA912F00EA202099E5000052E3F5
S31580E0AB901EFF2F01043099E5020013E30300000A4B
S31580E0ABA00C309FE5043093E5203093E513FF2FE1E9
S31580E0ABB08B2F00EADC44E380202099E5000052E315
S31580E0ABC01EFF2F01043099E5020013E30300000A1B
S31580E0ABD00C309FE5043093E5243093E513FF2FE1B5
S31580E0ABE0862F00EADC44E3800F002DE910402DE952
S31580E0ABF0204099E522DE4DE2000054E30700000A9A
S31580E0AC008B2F8DE208008DE228129DE504208DE5EC
S31580E0AC10495600EB0040A0E108008DE2E5FFFFEB3E
S31580E0AC200400A0E122DE8DE21040BDE810D08DE286
S31580E0AC301EFF2FE110402DE9204099E586DF4DE2A9
S31580E0AC40000054E30600000A0120A0E10010A0E124
S31580E0AC500D00A0E1385600EB0040A0E10D00A0E138
S31580E0AC60D4FFFFEB0400A0E186DF8DE21080BDE833
S31580E0AC7048309FE510402DE9004093E5000054E31D
S31580E0AC800100000A0040A0E30A0000EA203099E5CE
S31580E0AC90000053E3FAFFFF0AB1FFFFEB000050E349
S31580E0ACA0F7FFFF0AA5FFFFEB030050E310309F0597
S31580E0ACB00140A003004083050400A0E11080BDE8C8
S31580E0ACC0C017E380BC17E3800C309FE5002093E556
S31580E0ACD0000083E50200A0E11EFF2FE1C017E380BC
S31580E0ACE004309FE5000093E51EFF2FE1BC17E3806B
S31580E0ACF008309FE50020A0E3002083E51EFF2FE1DA
S31580E0AD00BC17E38010402DE90040A0E10100A0E1FE
S31580E0AD104D1400EB000050E31080BD08002090E564
S31580E0AD20020014E10000A0031080BDE8003050E28C
S31580E0AD3010402DE90400000A0B0000BA020053E33C
S31580E0AD400200A0D3010000DA070000EA0100A0E3D8
S31580E0AD500340A0E1EAFFFFEB001050E20200000AA8
S31580E0AD600400A0E11040BDE839FFFFEA0000E0E31F
S31580E0AD701080BDE8F8402DE90160A0E1A0109FE5D4
S31580E0AD800240A0E10050A0E10370A0E17D5100EB1C
S31580E0AD90000050E30020A0010B00000A0500A0E1BE
S31580E0ADA080109FE5775100EB000050E30120A0037F
S31580E0ADB00500000A0500A0E16C109FE5715100EBEB
S31580E0ADC0000050E30800001A0220A0E3040099E5A1
S31580E0ADD0020010E30400000A010054E30900000ABF
S31580E0ADE00300003A020054E30100000A0000A0E3F9
S31580E0ADF0F880BDE80200A0E10610A0E1CAFFFFEB03
S31580E0AE00A00FA0E1F880BDE8020017E30200001A77
S31580E0AE1018009FE50510A0E172FFFFEB0400A0E1BA
S31580E0AE20F880BDE8CB93E280D193E280D893E2804C
S31580E0AE302297E2800120A0E3202089E50000A0E3BC
S31580E0AE401EFF2FE110402DE984409FE584009FE5B9
S31580E0AE5058FFFFEB001094E5000051E30200001A72
S31580E0AE6074009FE553FFFFEB020000EA6C009FE56C
S31580E0AE70081081E25BFFFFEB64009FE54DFFFFEB8F
S31580E0AE80041094E5000051E30200001A54009FE5A7
S31580E0AE9048FFFFEB020000EA40009FE5081081E2F0
S31580E0AEA050FFFFEB40009FE542FFFFEB081094E583
S31580E0AEB0000051E30200001A30009FE51040BDE833
S31580E0AEC03CFFFFEA14009FE5081081E21040BDE8F0
S31580E0AED044FFFFEADC44E380DF93E280E793E280AD
S31580E0AEE06292E2800494E2800C94E2802A94E2808A
S31580E0AEF03294E28070402DE9D01300EB0040A0E36D
S31580E0AF000450A0E1002090E5000052E11100000A23
S31580E0AF10343012E5341042E2000055E300C0A0135D
S31580E0AF2001C0030200005CE3A330A0E10150A01160
S31580E0AF30000054E30030A01301300302000053E325
S31580E0AF400140A011000054E3000055130300001AED
S31580E0AF50002092E5EBFFFFEA000054E30500000ADB
S31580E0AF600410A0E10100A0E3B9FEFFEB0200A0E33C
S31580E0AF700410A0E1B6FEFFEB000055E30200000AF4
S31580E0AF800000A0E30510A0E1B1FEFFEBACFFFFEB14
S31580E0AF9034509FE534609FE50040A0E3041196E7D6
S31580E0AFA0040195E7081081E2014084E2A2F4FFEB18
S31580E0AFB0030054E3F8FFFF1A043099E50000A0E3AC
S31580E0AFC0023083E3043089E57080BDE8A0F7E28053
S31580E0AFD0DC44E3805C309FE570402DE9004093E5FA
S31580E0AFE0000050E3046080E00350A0E1040000AA82
S31580E0AFF00020A0E10010A0E30600A0E1002062E2CC
S31580E0B000695100EB30309FE5003093E5030056E16F
S31580E0B0100600003A24309FE5003093E5030056E1D0
S31580E0B0200200008A006085E50400A0E17080BDE84A
S31580E0B0300000E0E37080BDE8C817E3800018E38095
S31580E0B040F817E3800120A0E128109FE502C080E0A8
S31580E0B050000081E520109FE5043099E500C081E598
S31580E0B06018109FE5010013E3000081E51EFF2F0124
S31580E0B0700010A0E34C5100EA0018E380F817E38063
S31580E0B080C817E38070402DE9B4609FE5083096E507
S31580E0B090045093E50350C5E3050060E0FE4E80E290
S31580E0B0A00F4084E2FF4EC4E30F40C4E3014A44E22A
S31580E0B0B0010A54E3160000BA0000A0E3C4FFFFEBE8
S31580E0B0C0083096E5053083E0030050E11000001A71
S31580E0B0D0000064E2BEFFFFEB010070E30E00001AA1
S31580E0B0E00000A0E3BAFFFFEB082096E5003062E0BF
S31580E0B0F00F0053E3060000DA48109FE5013083E352
S31580E0B100001091E5043082E5000061E038109FE5AB
S31580E0B110000081E50000A0E37080BDE8083096E598
S31580E0B12024209FE5055064E0015085E3045083E5E3
S31580E0B130003092E50100A0E3034064E0004082E550
S31580E0B1407080BDE878F3E28080F7E280D017E38014
S31580E0B150000050E31EFF2F0130402DE9041010E57A
S31580E0B1600CC29FE50120C1E3083040E2024083E063
S31580E0B17008509CE504E094E5050054E103E0CEE365
S31580E0B180011001E21400001A000051E302208EE073
S31580E0B1900600001A081010E5033061E0080093E528
S31580E0B1A0012082E00C1093E50C1080E5080081E533
S31580E0B1B0011082E3041083E508308CE5B4319FE525
S31580E0B1C0003093E5030052E13080BD38A8319FE539
S31580E0B1D03040BDE8000093E5A9FFFFEA000051E3B7
S31580E0B1E004E084E50010A0130900001A080010E5C9
S31580E0B1F008508CE2033060E0002082E0080093E5AE
S31580E0B200050050E10C5093150110A0030C508015F9
S31580E0B210080085150E0084E0040090E5010010E347
S31580E0B2201000001A000051E30E2082E0080094E549
S31580E0B2300900001A38E19FE508508EE2050050E1EA
S31580E0B2400500001A14308EE510308EE50110A0E37B
S31580E0B2500C0083E5080083E5020000EA0CE094E553
S31580E0B2600CE080E508008EE5010082E3000051E312
S31580E0B270040083E5022083E73080BD18020C52E3A8
S31580E0B2800C00002A04009CE5A221A0E14211A0E185
S31580E0B29001E0A0E31E1180E104108CE582C18CE020
S31580E0B2A008209CE5082083E50CC083E508308CE522
S31580E0B2B00C3082E53080BDE8A214A0E1040051E3C1
S31580E0B2C02213A091381081920F00009A140051E366
S31580E0B2D05B1081920C00009A540051E32216A091F3
S31580E0B2E06E1081920800009A550F51E3A217A09143
S31580E0B2F0771081920400009A80009FE5000051E17A
S31580E0B3002219A0917C1081927E10A08381C18CE06D
S31580E0B31008009CE558E09FE50C0050E10010A01184
S31580E0B3200900001A04209EE54111A0E101C0A0E3D6
S31580E0B3301C1182E104108EE50010A0E1070000EA0E
S31580E0B340081091E50C0051E10300000A040091E544
S31580E0B3500300C0E3000052E1F8FFFF3A0C0091E5FC
S31580E0B3600C0083E5081083E5083080E50C3081E544
S31580E0B3703080BDE878F3E28084F7E280FC17E380F2
S31580E0B38054050000E0359FE5F34D2DE9003093E567
S31580E0B390000053E30500001AD0359FE5003093E5C1
S31580E0B3A0000053E30100001A0000A0E36C0100EA0C
S31580E0B3B0000050E3FBFFFFBA0B6080E2160056E325
S31580E0B3C0AC559FE5030000DA0760C6E37E0F56E3DF
S31580E0B3D01300002A000000EA1060A0E3A631A0E195
S31580E0B3E0832185E00C0092E5020050E10400001A1A
S31580E0B3F0082080E2140090E5020050E102308302EA
S31580E0B4003600000A043090E50C2090E5081090E5BF
S31580E0B4100330C3E30C2081E5033080E0081082E549
S31580E0B420200000EAA634B0E13F30A0031300000A12
S31580E0B430040053E32633A091383083920F00009ABC
S31580E0B440140053E35B3083920C00009A540053E37C
S31580E0B4502636A0916E3083920800009A550F53E30A
S31580E0B460A637A091773083920400009A04259FE561
S31580E0B470020053E12639A0917C3083927E30A0830E
S31580E0B480831185E00C0091E50B0000EA00005CE3A7
S31580E0B490080000BA0C3090E5081090E50C3081E5A4
S31580E0B4A0081083E5023080E0042093E5012082E302
S31580E0B4B0042083E5290100EA0C0090E5010050E1D3
S31580E0B4C00500000A042090E50320C2E302C066E09E
S31580E0B4D00F005CE3ECFFFFDA013043E2013083E208
S31580E0B4E08C249FE5100095E508E082E20E0050E1AD
S31580E0B4F00E10A0E15300000A04C090E503C0CCE33F
S31580E0B5000C4066E00F0054E30A0000DA063080E083
S31580E0B510016086E3046080E5143082E5103082E5E0
S31580E0B520012084E30CE083E508E083E5042083E5FD
S31580E0B530044083E7090100EA000054E314E082E571
S31580E0B54010E082E50CC080A004309CA5013083A386
S31580E0B55004308CA5010100AA020C5CE30C00002AF1
S31580E0B560044092E5ACC1A0E14CE1A0E10170A0E32A
S31580E0B57017EE84E104E082E58C2182E008C092E562
S31580E0B58008C080E50C2080E5080082E50C008CE5AB
S31580E0B5902C0000EAAC24A0E1040052E32C23A09125
S31580E0B5A0382082920F00009A140052E35B20829248
S31580E0B5B00C00009A540052E32C26A0916E208292D1
S31580E0B5C00800009A550F52E3AC27A091772082922B
S31580E0B5D00400009A9CE39FE50E0052E12C29A0919D
S31580E0B5E07C2082927E20A083824185E008E094E5FB
S31580E0B5F07C739FE504005EE10900001A04C097E5CC
S31580E0B6004221A0E10140A0E314228CE1042087E5F9
S31580E0B6100E20A0E1070000EA08E09EE504005EE176
S31580E0B6200300000A04209EE50320C2E302005CE1F9
S31580E0B630F8FFFF3A0C209EE50C2080E508E080E5E7
S31580E0B640080082E50C008EE50100A0E34321A0E13D
S31580E0B6501022A0E1040095E5000052E14A00008A4C
S31580E0B660000012E10400001A0330C3E38220A0E167
S31580E0B670000012E1043083E2FBFFFF0A83E185E00C
S31580E0B6800E80A0E10340A0E10C0098E5080050E1BF
S31580E0B6902000000A04C090E503C0CCE30C7066E0AD
S31580E0B6A00F0057E30E0000DA063080E0016086E3A3
S31580E0B6B00C2090E5046080E508C0B0E50C208CE5C0
S31580E0B6C008C082E5012087E3143085E5103085E502
S31580E0B6D00C1083E5081083E5042083E5077083E793
S31580E0B6E09F0000EA000057E3080000BA0C3080E0D3
S31580E0B6F0042093E5012082E3042083E50C3090E585
S31580E0B7000820B0E50C3082E5082083E5940000EA65
S31580E0B7100C0090E5DCFFFFEA014084E2030014E3DD
S31580E0B720088088E2D7FFFF1A030013E3043095050B
S31580E0B7300230C301043085050400000A08004EE2A9
S31580E0B74000E09EE5013043E200005EE1F5FFFF0A9E
S31580E0B750043095E58220A0E1030052E10000A08359
S31580E0B7600100A093000052E30000A003000050E334
S31580E0B7700500000A030012E1044084028220A00151
S31580E0B780FBFFFF0A0430A0E1BBFFFFEA08B095E5C6
S31580E0B79004709BE50370C7E3073066E00F0053E370
S31580E0B7A0670000CAD0319FE5004093E5CC319FE544
S31580E0B7B0044086E0002093E504308DE5010072E3E5
S31580E0B7C0014A84120F408412FF4EC4131040840253
S31580E0B7D00F40C4130400A0E1FDFDFFEB010070E320
S31580E0B7E00080A0E15000000A05205BE007008BE0C6
S31580E0B7F00120A01305005BE10000581104309DE5AF
S31580E0B8004900003A78A19FE5000058E100109AE5EA
S31580E0B810011084E000108AE50500001A50319FE5AA
S31580E0B820074084E0083093E5014084E3044083E503
S31580E0B830340000EA003093E504208DE5010073E3EF
S31580E0B8400800601034319F05000081100080830578
S31580E0B85000008A15073018E20830631203808810EA
S31580E0B860044088E0030064E0FF4E84E20F3084E227
S31580E0B870FF3EC3E30F30C3E3034080E00400A0E172
S31580E0B880D3FDFFEB010070E32700000A00309AE564
S31580E0B89004209DE5033084E000308AE5003068E0EE
S31580E0B8A0033084E0013083E3000052E3088085E5DD
S31580E0B8B0043088E51300000A0F0057E3B0309F9507
S31580E0B8C00120A09308309395042083951600009A72
S31580E0B8D004309BE50C7047E20770C7E3013003E272
S31580E0B8E0033087E104308BE50520A0E307308BE069
S31580E0B8F00F0057E3042083E5082083E50100009AE2
S31580E0B90008008BE211FEFFEB78209FE500309AE598
S31580E0B910001092E5010053E10030828568209FE5C2
S31580E0B920001092E5010053E100308285083095E50C
S31580E0B930043093E50330C3E3033066E00F0053E35E
S31580E0B94098FEFFDA080095E5012086E3013083E37F
S31580E0B950066080E0042080E5086085E5043086E5C1
S31580E0B960080080E208D08DE2F08DBDE80018E38023
S31580E0B970F817E38078F3E28054050000FC17E38053
S31580E0B98080F7E280D017E380CC17E380C417E380AA
S31580E0B990F8402DE9C4309FE50050A0E1087093E5BA
S31580E0B9A0910500E0042097E50360C2E374FEFFEBB7
S31580E0B9B0A51FA0E1000050E301108103000051E3E0
S31580E0B9C02400001A043010E5082040E20330C3E387
S31580E0B9D0060053E1077062E0177F6FE1A772A0E18E
S31580E0B9E00070A093000057E30360A001042046E2C4
S31580E0B9F0240052E30040A0E11300008A130052E3E2
S31580E0BA000030A0910B00009A1B0052E3001080E505
S31580E0BA10041080E5083080920600009A240052E304
S31580E0BA201030801218308002081080E50C1080E516
S31580E0BA3010108005141080050020A0E3002083E527
S31580E0BA40042083E5082083E5000000EAD64E00EB7B
S31580E0BA500400A0E1F880BDE80000A0E3F880BDE83E
S31580E0BA6078F3E280F0412DE90070A0E1000051E238
S31580E0BA70010000AA0000A0E3F081BDE8080057E3DA
S31580E0BA800100008AF041BDE83DFEFFEA0B5080E20E
S31580E0BA900F0057E31070A093160055E30750C5C317
S31580E0BAA01050A0D3100087E2050080E034FEFFEB63
S31580E0BAB0008050E2EEFFFF0A0710A0E1736000EB22
S31580E0BAC0084048E2000051E31800000A016047E2BE
S31580E0BAD0003067E2066088E0036006E0086046E2E0
S31580E0BAE0063064E00F0053E3043018E50760869083
S31580E0BAF0064064E00330C3E3033064E0012083E37F
S31580E0BB00033086E0042086E5042093E50800A0E182
S31580E0BB10012082E3042083E5043018E5013003E266
S31580E0BB20034084E1044008E588FDFFEB0640A0E1A0
S31580E0BB30043094E50330C3E3033065E00F0053E35C
S31580E0BB40080000DA050084E0013083E3043080E514
S31580E0BB50041094E5080080E2011001E2015085E1DD
S31580E0BB60045084E579FDFFEB080084E2F081BDE8CE
S31580E0BB70F8452DE9006050E21E00000A01A0A0E130
S31580E0BB800080A0E30600A0E12C10A0E3184E00EBB5
S31580E0BB90004050E20C00001A0600A0E11F4E00EBC8
S31580E0BBA0000050E31500000A010080E2F4FDFFEB9F
S31580E0BBB0005050E20100001A0B00E0E3F885BDE892
S31580E0BBC00610A0E1E04D00EB140000EA067054E0B8
S31580E0BBD00A00000A010087E2E9FDFFEB005050E22F
S31580E0BBE0F4FFFF0A0610A0E10720A0E1DC4D00EBA0
S31580E0BBF00780C5E7090000EA0100A0E3F885BDE813
S31580E0BC000050A0E30500A0E150FDFFEB000054E307
S31580E0BC10016084E2DAFFFF1A0400A0E1F885BDE85E
S31580E0BC200500A0E13A10A0E3F14D00EB006050E2A0
S31580E0BC300300000A0080C6E5010086E2174900EBB2
S31580E0BC400060A0E10500A0E1144900EB0070A0E1EE
S31580E0BC50F24D00EB000050E3E9FFFF0A0610A0E199
S31580E0BC600700A0E13AFF2FE1006050E2E4FFFF0A1F
S31580E0BC700500A0E135FDFFEB0600A0E1F885BDE813
S31580E0BC80000052E33B00000A000050E33B00000A5C
S31580E0BC90F8452DE90030D1E50270A0E1000053E3DC
S31580E0BCA00150A0E10060A0E10700000A0040A0E3A7
S31580E0BCB00510A0E18C4E00EB003050E20300000A54
S31580E0BCC0010083E20340A0E1F8FFFFEA0640A0E13D
S31580E0BCD0000054E32500000A0500A0E1CF4D00EB0B
S31580E0BCE00430A0E1012073E5200052E3FCFFFF0A67
S31580E0BCF0010040E2000084E00130F0E5200053E3FB
S31580E0BD00FCFFFF0A060054E10100000A2C0052E322
S31580E0BD100400001A3A0053E32C0053131900000A7A
S31580E0BD20000053E31700000A0030D5E5000053E336
S31580E0BD30E5FFFF0A0600A0E100A0A0E30510A0E170
S31580E0BD40694E00EB008050E20600000A0500A0E1A3
S31580E0BD50B24D00EB000088E0000054E1010088224B
S31580E0BD6008A0A021F4FFFF2A0A40A0E1D7FFFFEA5E
S31580E0BD700200A0E3F885BDE80000E0E31EFF2FE1C6
S31580E0BD800100A0E31EFF2FE10500A0E1A34D00EB3B
S31580E0BD90000084E00120D0E4200052E3FCFFFF0AAB
S31580E0BDA03A0052E30040A0131200001A0030A0E1EE
S31580E0BDB00350A0E10020D5E5013083E2200052E384
S31580E0BDC0FAFFFF0A0500A0E138109FE5C54D00EBBC
S31580E0BDD0000050E3004065100200001A0500A0E173
S31580E0BDE08E4D00EB0040A0E10700A0E10510A0E148
S31580E0BDF00420A0E1034E00EB0030A0E30430C7E767
S31580E0BE000300A0E1F885BDE80D5DE2800030A0E3A7
S31580E0BE10083080E50300A0E11EFF2FE1F8452DE91B
S31580E0BE2054609FE554409FE5000050E3044066E09F
S31580E0BE30C441A0E10070A0110050A01306A0A0119B
S31580E0BE400700001A0080A0E3090000EA0700A0E1ED
S31580E0BE5085119AE74B4D00EB000050E30400000AA1
S31580E0BE60015085E2040055E1858186E0F6FFFFBA60
S31580E0BE70F3FFFFEA0800A0E1F885BDE82008E3804B
S31580E0BE805008E38038402DE92C409FE50150A0E141
S31580E0BE9028009FE528109FE5604800EB0410A0E1AC
S31580E0BEA020009FE531FFFFEB0500A0E10410A0E153
S31580E0BEB02EFFFFEB0000A0E33880BDE8CCBEE0803B
S31580E0BEC088F7E2800CBEE0805794E28010402DE94E
S31580E0BED028D04DE20030A0E314208DE21C308DE5C1
S31580E0BEE000308DE504208DE50C308DE568209FE5FA
S31580E0BEF028308DE218008DE508208DE50140A0E12F
S31580E0BF000F0013E9414500EB14309DE5000053E353
S31580E0BF100E00000A000054E30100001A0020A0E3AE
S31580E0BF20080000EA0400A0E13C4D00EB000050E38D
S31580E0BF30F9FFFF0A0400A0E1B7FFFFEB000050E342
S31580E0BF400200000A042090E514309DE5082083E590
S31580E0BF500000A0E328D08DE21080BDE888F7E2807B
S31580E0BF6070402DE9005090E501DC4DE20040A0E113
S31580E0BF7080009FE5C3F1FFEB0010A0E3FC20A0E387
S31580E0BF8000108DE50060A0E104008DE2864D00EBB7
S31580E0BF90000056E30600001A5C009FE50510A0E16C
S31580E0BFA00D20A0E135FFFFEB000050E30F00001A03
S31580E0BFB0050000EA0600A0E10510A0E10D20A0E161
S31580E0BFC02EFFFFEB000050E3F2FFFF1A0D00A0E129
S31580E0BFD0124D00EB000050E30400000A0D00A0E1E2
S31580E0BFE08DFFFFEB000050E3043090150830841598
S31580E0BFF001DC8DE27080BDE8DC94E2805794E280DB
S31580E0C000243099E50300D0E71EFF2FE1282099E54B
S31580E0C0100930A0E1000052E32430991504309F05F1
S31580E0C020000083E01EFF2FE12A58E28008402DE9D8
S31580E0C030F5FFFFEB0000D0E50880BDE8041099E548
S31580E0C040010011E30000000AF7FFFFEA283099E5D6
S31580E0C050000053E30000000AE8FFFFEA04309FE5B2
S31580E0C0600000D3E71EFF2FE12A58E28008402DE941
S31580E0C07084F1FFEB000050E30900000A0000D0E500
S31580E0C080DF3000E2540053E3590053130130A0033C
S31580E0C0900030A013310050E30300A01101008303B8
S31580E0C0A00880BDE80000E0E30880BDE838402DE97F
S31580E0C0B0285099E5044099E5042099E58020C2E37B
S31580E0C0C0042089E50020A0E3282089E56DF1FFEBD7
S31580E0C0D0285089E5044089E53880BDE81F402DE990
S31580E0C0E0004050E20500000A0030D4E5210053E329
S31580E0C0F00400000AAFFAFFEB0430A0E3020000EA96
S31580E0C10060009FE5ABFAFFEB0030A0E300308DE501
S31580E0C1100030A0E304308DE508308DE548009FE5EA
S31580E0C12048109FE548209FE5E94600EB000050E394
S31580E0C1300700001A3C309FE500308DE538309FE5FA
S31580E0C14038009FE5001093E534209FE58A30A0E330
S31580E0C150A4FAFFEB043099E5803083E3043089E587
S31580E0C16010D08DE21080BDE8E794E28088F7E28027
S31580E0C1702A58E280E30400003655E280DC4FE68010
S31580E0C180C584E2800295E2801F402DE90530A0E378
S31580E0C19003008DE900308DE514109FE514209FE5BE
S31580E0C1A00030A0E310009FE5C94600EB14D08DE295
S31580E0C1B004F09DE42A58E280E304000088F7E280F8
S31580E0C1C0000051E3F0402DE90040A0E11CD04DE2B3
S31580E0C1D0045080E23F00000A0410A0E10420A0E3BE
S31580E0C1E014008DE2074D00EB0000A0E30510A0E10E
S31580E0C1F058219FE50F4200EB14309DE5030050E1A6
S31580E0C2003400000A48619FE548019FE575FAFFEB37
S31580E0C210000096E50E19A0E350C090E5012AA0E360
S31580E0C2200430A0E13CFF2FE1007050E20200000AFA
S31580E0C23024019FE56BFAFFEB200000EA0410A0E101
S31580E0C2400420A0E314008DE2EE4C00EB0700A0E1B1
S31580E0C2500510A0E1F4209FE5F64100EB14309DE562
S31580E0C260030050E11500001AF0009FE55DFAFFEB50
S31580E0C270000096E5371AA0E3583090E5012AA0E35E
S31580E0C28033FF2FE1000050E3D4009F150800001A29
S31580E0C290000096E5371AA0E354C090E5012AA0E3B2
S31580E0C2A00430A0E13CFF2FE1000050E30900000AE2
S31580E0C2B0B0009FE5371AA0E3012AA0E349FAFFEB35
S31580E0C2C0A4009FE547FAFFEBA0009FE582FFFFEB26
S31580E0C2D00040A0E31A0000EA0030A0E300308DE5DC
S31580E0C2E004308DE508308DE584009FE50510A0E1FA
S31580E0C2F058209FE5764600EB004050E204309915E1
S31580E0C3000140A01380308313043089150C00001A95
S31580E0C31060509FE560009FE50510A0E131FAFFEBF4
S31580E0C32058309FE500508DE554009FE5001093E579
S31580E0C33050209FE5FB30A0E32AFAFFEB48009FE51B
S31580E0C34065FFFFEB0400A0E11CD08DE2F080BDE844
S31580E0C350FC0F00000418E3800F95E2802095E280D0
S31580E0C3603695E2804F95E2808895E280C195E280BD
S31580E0C370D295E28088F7E2804655E280DB95E280DE
S31580E0C380DC4FE680FD95E2800295E2803A96E28097
S31580E0C39008402DE9283099E5000053E30400001AAF
S31580E0C3A03B00E0E3F10900EB0C009FE50840BDE8C7
S31580E0C3B049FFFFEA0840BDE8190200EAD295E2802B
S31580E0C3C0FF4D2DE900C0A0E330509DE50240A0E19D
S31580E0C3D00380A0E10CA0A0E10C70A0E102B041E2F4
S31580E0C3E000008DE500C082E50710A0E100009DE534
S31580E0C3F00C208DE2A0309FE5DC4300EB0A60A0E1F3
S31580E0C400007050E21600000A0C309DE5000093E5CE
S31580E0C410024C00EB0B005AE10020A0B30120A0A360
S31580E0C420013080E2030058E1012082B3000052E34C
S31580E0C4300B00001A0C209DE50A5184E70500A0E177
S31580E0C440001092E50320A0E104308DE56D4C00EB11
S31580E0C45004309DE501A08AE2035085E0088063E030
S31580E0C460E0FFFFEA34309FE50400A0E10A10A0E196
S31580E0C4700420A0E37B4B00EB000057E301608A12C7
S31580E0C4801C309F150600A0E10A3184170030A0E336
S31580E0C490063184E710D08DE2F08DBDE888F7E28042
S31580E0C4A040F3E180D65EE280000050E304E02DE5D3
S31580E0C4B00600000A00C0D1E530005CE30300001A04
S31580E0C4C001C0D1E5DFC00CE258005CE302108102D6
S31580E0C4D03CC09FE5033081E0030051E10500000A9E
S31580E0C4E000E0D1E5000050E30EE0DCE70400000A5E
S31580E0C4F044001EE30400001A000052E30010821597
S31580E0C50004F09DE404001EE3F9FFFFEA011081E2F6
S31580E0C510F0FFFFEA2A57E2800030A0E30C3080E5A6
S31580E0C5200300A0E11EFF2FE138402DE92C409FE576
S31580E0C5300150A0E128009FE528109FE5B74600EB73
S31580E0C5400410A0E120009FE588FDFFEB0500A0E157
S31580E0C5500410A0E185FDFFEB0000A0E33880BDE894
S31580E0C56018C6E08088F7E28018C5E0804996E280C8
S31580E0C57070402DE90050A0E1A84B00EB000050E3AD
S31580E0C5807080BD082C609FE50010D5E50600A0E12F
S31580E0C590974B00EB004050E20100000A040066E0A1
S31580E0C5A07080BDE80010D5E50C009FE58DF9FFEBC6
S31580E0C5B00400A0E17080BDE8255DE2806096E280BF
S31580E0C5C070402DE90050A0E1944B00EB010050E370
S31580E0C5D00C00009A34609FE50110D5E50600A0E1E5
S31580E0C5E0834B00EB004050E20100000A040066E065
S31580E0C5F07080BDE80110D5E514009FE579F9FFEB81
S31580E0C6000400A0E17080BDE80000A0E37080BDE892
S31580E0C610205DE2809496E28070402DE928D04DE25C
S31580E0C6200030A0E314208DE21C308DE500308DE5EE
S31580E0C63004208DE50C308DE57C209FE528308DE269
S31580E0C64018008DE508208DE50140A0E10F0013E993
S31580E0C6506E4300EB14309DE5000053E31300000ABF
S31580E0C660000054E30300001A14309DE50020A0E3A7
S31580E0C6700C2083E50D0000EA0400A0E1674B00EBA7
S31580E0C680000050E3F7FFFF0A0400A0E114509DE5A7
S31580E0C690B6FFFFEB076000E20400A0E1C7FFFFEB17
S31580E0C6A018309FE5003193E7030086E10C0085E5CD
S31580E0C6B00000A0E328D08DE27080BDE888F7E280B4
S31580E0C6C08446E28037402DE9005090E50040A0E1C5
S31580E0C6D08C009FE5EBEFFFEB88309FE50030D3E5FC
S31580E0C6E00430CDE50030A0E30530CDE50630CDE57C
S31580E0C6F0030050E10600001A6C009FE50510A0E1FA
S31580E0C70004208DE25DFDFFEB000050E31200001A8D
S31580E0C710040000EA0510A0E104208DE257FDFFEB5E
S31580E0C720000050E3F3FFFF1A04008DE23B4B00EB81
S31580E0C730000050E30800000A04008DE28BFFFFEB67
S31580E0C740075000E204008DE29CFFFFEB1C309FE582
S31580E0C750003193E7033085E10C3084E50CD08DE23F
S31580E0C7603080BDE8D196E280C154E2804996E2808D
S31580E0C7708446E280FF4D2DE9008052E200308DE56F
S31580E0C780F0329FE504B0901508B0A001000051E3B7
S31580E0C7900140A0E10340A001010058E30060A0E170
S31580E0C7A0005090E58100000A0CA090E507A00AE21F
S31580E0C7B001304AE2050053E303F19F977B0000EAEC
S31580E0C7C0D8C7E080F8C7E0804CC8E0809CC8E080AD
S31580E0C7D0FCC8E08084C9E0800030E0E30000A0E3AC
S31580E0C7E00410A0E10C208DE22EFFFFEB0C309DE5DE
S31580E0C7F00070D3E5250000EA0C208DE20030E0E30E
S31580E0C8000100A0E30410A0E126FFFFEB0C309DE5DC
S31580E0C8100020D3E5000052E35900001A022084E2AA
S31580E0C820020053E16100001A0030D4E5300053E3A2
S31580E0C8305E00001A0170D4E5DF7007E2580057E326
S31580E0C8400070A0130070E0034F0000EA0010D4E50A
S31580E0C850DF3001E2540053E3590053130130A01353
S31580E0C8600030A003302041E2010052E30020A09393
S31580E0C87001200382D73001E2460053E30030A00373
S31580E0C88001300212000053E33D00001A0170D4E546
S31580E0C890007097E20070E0133B0000EA04C0A0E17C
S31580E0C8A00070A0E30C10A0E10330A0E30000A0E359
S31580E0C8B00C208DE204C08DE5FAFEFFEB0C309DE5A1
S31580E0C8C004C09DE503005CE12D00000A030057E308
S31580E0C8D00020D3E50100000A2E0052E3000000EAC2
S31580E0C8E0000052E32600001A017087E2040057E355
S31580E0C8F001C083E2EAFFFF1A2C0000EA0470A0E19F
S31580E0C90000C0A0E30230A0E30100A0E30710A0E1AD
S31580E0C9100C208DE204C08DE5E2FEFFEB0C309DE558
S31580E0C920030057E11600000A022087E2020053E185
S31580E0C93004C09DE50600001A0020D7E5300052E3EA
S31580E0C9400300001A0120D7E5DF2002E2580052E317
S31580E0C9500B00000A05005CE30020D3E50100000A35
S31580E0C9603A0052E3000000EA000052E30400001AB5
S31580E0C97001C08CE206005CE3017083E2E0FFFF1A0F
S31580E0C9800A0000EA0070E0E3010000EA010077E3D4
S31580E0C9900600001AE0309FE50510A0E10420A0E142
S31580E0C9A00A30D3E7D4009FE58EF8FFEB2E0000EA4D
S31580E0C9B000309DE5027013E20100000A0070A0E3FA
S31580E0C9C0290000EA010058E30300000A1F00003A4C
S31580E0C9D0020058E30800000A230000EA0C3096E5DE
S31580E0C9E0080013E3F4FFFF0A94009FE50510A0E139
S31580E0C9F07CF8FFEB0870A0E11B0000EA0C3096E5BE
S31580E0CA00200013E30F00001A400013E3EAFFFF0A59
S31580E0CA100500A0E1A4FDFFEB58409FE50B10A0E1E7
S31580E0CA20000050E30040A0110420A0E154009FE5FF
S31580E0CA306CF8FFEB0B00A0E10410A0E1514A00EB9B
S31580E0CA40000050E3DCFFFF0A3C009FE5030000EABC
S31580E0CA500C3096E5100013E3D7FFFF0A2C009FE524
S31580E0CA600510A0E15FF8FFEB0170A0E30700A0E10D
S31580E0CA7010D08DE2F08DBDE8A8DDE280255DE28014
S31580E0CA80D896E2801897E2805597E2803597E280E3
S31580E0CA906D97E280F0402DE94C419FE501DA4DE269
S31580E0CAA0000094E51CD04DE2000050E30470A0E164
S31580E0CAB00900001A0010A0E130219FE50030A0E1D6
S31580E0CAC0421D00EB000050E3000084E50200001AFE
S31580E0CAD01C019FE580FDFFEB1F0000EA0040A0E31C
S31580E0CAE018308DE21C608DE208519FE5046023E5F5
S31580E0CAF004019FE500508DE504408DE508408DE515
S31580E0CB000410A0E10420A0E1AD4300EB000050E377
S31580E0CB10070000AAE4309FE500308DE5E0309FE530
S31580E0CB20E0009FE5001093E5DC209FE5833FA0E3EE
S31580E0CB30080000EA010A50E3090000DABC309FE50C
S31580E0CB4000308DE5B8309FE5C0009FE5001093E5A5
S31580E0CB50B4209FE5B8309FE522F8FFEB0100A0E323
S31580E0CB601E0000EA0520A0E10610A0E10400A0E195
S31580E0CB70B03F00EB371AA0E3012AA0E368509FE5B7
S31580E0CB8018008DE5000097E5583090E533FF2FE1FA
S31580E0CB90000050E31100001A78009FE505F8FFEBEE
S31580E0CBA0000095E5371AA0E354C090E5012AA0E39A
S31580E0CBB018308DE23CFF2FE1004050E20600001A7B
S31580E0CBC054009FE5AFEEFFEB003095E50C1093E562
S31580E0CBD0485A00EB44309FE5000083E50400A0E17D
S31580E0CBE001DA8DE21CD08DE2F080BDE80418E380A6
S31580E0CBF000B4C404C271E280FC0F000088F7E280D2
S31580E0CC002E55E280DC4FE6801F86E2808A97E280BE
S31580E0CC109397E28013020000DE97E280025EE28074
S31580E0CC20500BE3800000A0E310402DE90010A0E166
S31580E0CC3001DA4DE27C209FE50030A0E1E31C00EBC9
S31580E0CC4074409FE5000050E3000084E50200001A8E
S31580E0CC5068009FE520FDFFEB140000EA50C090E5F8
S31580E0CC60371AA0E3012AA0E30D30A0E13CFF2FE1D3
S31580E0CC70000050E30200000A44009FE516FDFFEB4A
S31580E0CC80060000EA0D00A0E10110A0E34BFDFFEBFA
S31580E0CC90000050E30120A01328208915280089058B
S31580E0CCA0000094E56A1E00EB0030A0E3003084E5E6
S31580E0CCB001DA8DE21080BDE800B4C4040418E38094
S31580E0CCC0C271E280ED71E28010209FE5242089E543
S31580E0CCD00120A0E3282089E50000A0E31EFF2FE1E4
S31580E0CCE02A58E2801EFF2FE10600A0E31EFF2FE117
S31580E0CCF010402DE97000A0E30940A0E1A0F9FFEB28
S31580E0CD002C219FE52C119FE5580084E5583099E564
S31580E0CD10002083E5583099E51C219FE5042083E5D2
S31580E0CD20583099E514219FE5082083E5583099E548
S31580E0CD300C219FE50C2083E5583099E504219FE599
S31580E0CD40102083E5583099E5FC209FE5142083E5A3
S31580E0CD50582099E5F4309FE5183082E5582099E52A
S31580E0CD601C3082E5582099E5201082E5582099E527
S31580E0CD70DC109FE5241082E5582099E5D4109FE5E4
S31580E0CD80281082E5582099E5CC109FE52C1082E5A5
S31580E0CD90582099E5C4109FE5301082E5582099E542
S31580E0CDA0BC109FE5341082E5582099E5B4109FE5E4
S31580E0CDB0381082E5582099E5AC109FE53C1082E575
S31580E0CDC0582099E5A4109FE5401082E5582099E522
S31580E0CDD09C109FE5441082E5582099E594109FE5E4
S31580E0CDE0481082E5582099E58C109FE54C1082E545
S31580E0CDF0582099E5503082E5582099E5543082E50F
S31580E0CE00582099E5583082E5582099E55C3082E5EE
S31580E0CE10582099E5603082E5582099E5643082E5CE
S31580E0CE20582099E5683082E5582099E56C3082E5AE
S31580E0CE301080BDE8E8CCE08084B3E08040ABE08061
S31580E0CE4064ABE08088ABE080B8ABE080E8ABE080C4
S31580E0CE50E4CCE08050B1E08088F7E1801C04E0809B
S31580E0CE6034ACE080941BE0808886E0803C82E08081
S31580E0CE700803E280C003E2803804E28088F3E18040
S31580E0CE800120A0E10010A0E308402DE90130A0E1F7
S31580E0CE90593A00EB000050E30A00000A002090E5D2
S31580E0CEA0223CA0E1FF0802E2023C83E1203483E1F8
S31580E0CEB0FF0C02E2000483E1020050E30400A013C9
S31580E0CEC00800A0030880BDE80400A0E30880BDE870
S31580E0CED0F04D2DE90140A0E128D04DE2BC119FE55F
S31580E0CEE00060A0E10250A0E10380A0E1633A00EB9C
S31580E0CEF000A050E2030000AA5F3E00EB0010A0E134
S31580E0CF009C019FE5610000EA000055E300005413B0
S31580E0CF100170A0030070A0130100001A0000A0E3D6
S31580E0CF205C0000EA0600A0E1483900EB0420A0E1BD
S31580E0CF300030A0E3F820CDE100B0A0E10B0057E19E
S31580E0CF400F0000AA0710A0E118208DE220308DE2C4
S31580E0CF500600A0E10B3900EBD821CDE1D800CDE188
S31580E0CF60010053E1000052010300001A0600A0E12F
S31580E0CF700710A0E1D53C00EB010000EA017087E2F2
S31580E0CF80EDFFFFEA052064E00030A0E3F020CDE18C
S31580E0CF900600A0E1D820CDE1913C00EB007050E2A4
S31580E0CFA0050000AA343E00EB0010A0E1F0009FE50A
S31580E0CFB00CF7FFEB0700A0E1360000EA0600A0E1EF
S31580E0CFC00A10A0E1DC209FE50030A0E30A3A00EBFE
S31580E0CFD0008098E20180A013000050E30800A011D1
S31580E0CFE001008803000050E3CBFFFF0A043CA0E188
S31580E0CFF0FF2C04E2243C83E1023483E1FF4804E22F
S31580E0D000244483E128708DE20480A0E3144027E580
S31580E0D0100600A0E100808DE50A10A0E184209FE56E
S31580E0D0200730A0E1C53C00EB004050E2050000AAD5
S31580E0D030113E00EB0010A0E16C009FE5E9F6FFEB06
S31580E0D0400400A0E1130000EA053CA0E1FF2C05E224
S31580E0D050253C83E1023483E1FF5805E2255483E1F0
S31580E0D0600A10A0E100808DE50600A0E13C209FE566
S31580E0D0700730A0E114508DE5B03C00EB00A050E213
S31580E0D080A5FFFFAAFC3D00EB0010A0E120009FE594
S31580E0D090D4F6FFEB0A00A0E128D08DE2F08DBDE862
S31580E0D0A01B98E2802398E2803398E2804698E2807B
S31580E0D0B07598E2808698E280F3412DE90070A0E1E0
S31580E0D0C00150A0E1773700EB004050E2030000AA70
S31580E0D0D0E93D00EB0010A0E1CC009FE52E0000EAE0
S31580E0D0E00700A0E1C4109FE5E43900EB006050E260
S31580E0D0F00B0000AA0700A0E10010A0E3B0209FE5A6
S31580E0D100213D00EB006050E2050000AADA3D00EB2D
S31580E0D1100010A0E19C009FE5B2F6FFEB0600A0E1DF
S31580E0D1201F0000EA90009FE556EDFFEB008050E29D
S31580E0D1301A00000A0700A0E10610A0E178209FE52A
S31580E0D1400030A0E3AC3900EB005095E20150A0132B
S31580E0D150000050E30500A01101008503000050E3C4
S31580E0D1600E00000A0800A0E1AC4800EB0610A0E142
S31580E0D17044209FE50830A0E1010080E200008DE5D3
S31580E0D1800700A0E16D3C00EB004050E2030000AAFE
S31580E0D190B93D00EB0010A0E120009FE591F6FFEBA2
S31580E0D1A00400A0E108D08DE2F081BDE8B398E2808A
S31580E0D1B01B98E2801C98E280C398E280A55EE280BC
S31580E0D1C0EA98E280F04D2DE9010053E340D04DE24C
S31580E0D1D01C108DE520208DE50380A0E1060000DAB5
S31580E0D1E00320A0E104029FE504129FE50130A0E35D
S31580E0D1F07CF6FFEB0000E0E37A0000EA0040A0E185
S31580E0D200283700EB005050E2040000AA9A3D00EB7C
S31580E0D210DC119FE50020A0E1D8019FE51C0000EA33
S31580E0D2200400A0E1D0119FE5943900EB00B050E214
S31580E0D2300A0000AA0400A0E10010A0E3BC219FE55B
S31580E0D240D13C00EB004050E2650000AA8A3D00EB4D
S31580E0D2500010A0E1A8019FE562F6FFEB600000EA1E
S31580E0D2600730A0E300308DE50400A0E10B10A0E1DB
S31580E0D27090219FE584319FE5303C00EB005050E201
S31580E0D280060000AA7C3D00EB78119FE50020A0E136
S31580E0D29074019FE553F6FFEB0500A0E1510000EA3B
S31580E0D2A068119FE50400A0E1F4FEFFEB60119FE5C5
S31580E0D2B00060A0E10400A0E1F0FEFFEB013046E271
S31580E0D2C08331A0E114308DE5013040E28331A0E185
S31580E0D2D018308DE50030A0E3062080E000A0A0E1D4
S31580E0D2E00350A0E124208DE5080053E12E0000AA3A
S31580E0D2F030308DE205C083E01C309DE50C70A0E106
S31580E0D300D020C3E1F820CDE114309DE5062067E02A
S31580E0D31002208CE0000052E3090000DA0320A0E15D
S31580E0D320D800CDE12CC08DE528308DE59E5A00EB06
S31580E0D33028309DE52CC09DE5083043E20100C7E436
S31580E0D340F1FFFFEA30308DE2067085E0077083E01A
S31580E0D35020309DE518C09DE5D020C3E1F820CDE1E1
S31580E0D3600730A0E10A2063E0022087E0000052E374
S31580E0D370090000DA0C20A0E1D800CDE12C308DE563
S31580E0D38028C08DE5885A00EB2C309DE528C09DE5C8
S31580E0D39008C04CE20100C3E4F1FFFFEA24309DE5DA
S31580E0D3A0055083E00130A0E3CEFFFFEA0400A0E170
S31580E0D3B000508DE50B10A0E158209FE530308DE2DE
S31580E0D3C0DE3B00EB004050E20000A0A3050000AA8F
S31580E0D3D0293D00EB3C109FE50020A0E128009FE579
S31580E0D3E000F6FFEB0400A0E140D08DE2F08DBDE8D1
S31580E0D3F03899E280FE54E280FE77E2808E99E28080
S31580E0D4005566E2809699E280BE99E280CA99E2808A
S31580E0D4100098E2800F98E280E999E28007402DE962
S31580E0D42008108DE2F82061E110208DE20130A0E362
S31580E0D43063FFFFEB0CD08DE204F09DE4F0412DE933
S31580E0D440005050E218D04DE20500A0013C00000AF1
S31580E0D450FE3700EB0040A0E30560A0E10070A0E3AA
S31580E0D4600080A0E1080054E10E0000AA08208DE2C9
S31580E0D47010308DE20500A0E10410A0E1C13700EB99
S31580E0D480D820CDE1070053E1060052010300001ADF
S31580E0D4900500A0E10410A0E18C3B00EB010000EA6E
S31580E0D4A0014084E2EEFFFFEA0CE095E520C095E5D9
S31580E0D4B02E1CA0E1FF280EE20E1C81E1FF3C0EE26D
S31580E0D4C0221481E1032481E12C1CA0E1FF380CE2E7
S31580E0D4D00C1C81E1231481E1FF3C0CE2033481E101
S31580E0D4E0033082E0054AA0E1413D83E2244AA0E19F
S31580E0D4F00F3083E2043083E0FF3EC3E30F30C3E3C3
S31580E0D500034064E0043CA0E1FF2C04E2243C83E198
S31580E0D510023483E1FF2804E2223483E1043085E5A6
S31580E0D5200420A0E10030A0E3F020CDE10500A0E1F9
S31580E0D5300620A0E10730A0E1293B00EB000050E3A4
S31580E0D5400400A0A118D08DE2F081BDE83C309FE5D3
S31580E0D5503C209FE5081093E5020051E10900000AAE
S31580E0D5600C2093E5020050E10600003A001093E5B6
S31580E0D570012082E0012042E2020050E10300A09116
S31580E0D5800000A0831EFF2FE10000A0E31EFF2FE135
S31580E0D590A49E0981FFFF0000F34D2DE9017042E270
S31580E0D5A000A0A0E10100A0E10250A0E1017087E0C7
S31580E0D5B00160A0E1E4FFFFEB0040A0E10700A0E10D
S31580E0D5C0E1FFFFEB000055E30100001A0000A0E355
S31580E0D5D0430000EA000054E3000050130080A0E11D
S31580E0D5E00430A0113B00000A080053E13200008AB3
S31580E0D5F0001093E50C2093E5B4E0D3E1022081E0CE
S31580E0D60001104EE20118A0E104208DE50CC083E212
S31580E0D6100020A0E34118A0E10E0052E1110000AA2B
S31580E0D620010052E104009C1504009D0504B09CE4D1
S31580E0D630000056E10100A0330000A0230B0057E173
S31580E0D6400000A033000050E30400000A020982E2F1
S31580E0D6500C0080E20000D3E7000050E31F00001AD0
S31580E0D660012082E2EBFFFFEA0A3A83E22C3083E292
S31580E0D670DCFFFFEA003094E50C7094E50400A0E15D
S31580E0D680077083E0077066E0050057E10570A0212A
S31580E0D6900A10A0E10620A0E10730A0E1855700EB63
S31580E0D6A0000050E30E00001A0A4A84E2055067E063
S31580E0D6B0076086E007A08AE02C4084E2003095E2AD
S31580E0D6C00130A013080054E10030A083000053E34A
S31580E0D6D0E7FFFF1ABCFFFFEA0800A0E3000000EACC
S31580E0D6E00400A0E308D08DE2F08DBDE8080050E3A9
S31580E0D6F00030A0E11F00000A0B0000CA010050E3E1
S31580E0D7001800000A020000CA000050E31EFF2F0145
S31580E0D710200000EA020050E31400000A040050E30F
S31580E0D72080009F051200000A1A0000EA400050E3DC
S31580E0D7301400000A050000CA100050E30F00000A3A
S31580E0D740200050E360009F050900000A110000EA0E
S31580E0D750800050E30D00000A010C50E34C009F0569
S31580E0D7600300000A0B0000EA44009FE5000000EA9F
S31580E0D77040009FE50FF5FFEA3C009FE5FCFFFFEAEE
S31580E0D78038009FE5FAFFFFEA34009FE5F8FFFFEAFD
S31580E0D79030009FE5F6FFFFEA2C009FE52C109FE521
S31580E0D7A0DF20A0E30FF5FFEADD9BE2804F9CE2807D
S31580E0D7B0A09CE280B19BE280CB9BE280059CE280EC
S31580E0D7C01E9CE280689CE2807F9CE280BB9CE2803B
S31580E0D7D0D09CE28010402DE90040A0E114009FE556
S31580E0D7E0F4F4FFEB0400A0E1F2F4FFEB08009FE520
S31580E0D7F01040BDE8EFF4FFEAD89CE280E09CE2804E
S31580E0D800F0402DE90070A0E11CD04DE20100A0E1DE
S31580E0D8100150A0E1A33500EB004050E21600001A6B
S31580E0D8200500A0E1093700EB0060A0E1060054E1C5
S31580E0D830110000AA0500A0E10410A0E108208DE215
S31580E0D84010308DE2CF3600EB000050E30800001A7E
S31580E0D850D021CDE128009FE5F020CDE1D820CDE1B3
S31580E0D860E0F4FFEB0700A0E108109DE510209DE5C0
S31580E0D870D74200EB014084E2EBFFFFEA1CD08DE269
S31580E0D880F080BDE8059DE280F34D2DE9004092E50C
S31580E0D890006091E5000054E35300000A0070A0E1C7
S31580E0D8A00600A0E10280A0E101A0A0E17D3500EBC9
S31580E0D8B0004050E23C019F154100001A38019FE587
S31580E0D8C000B098E56FEBFFEB035A8BE2000050E384
S31580E0D8D01700000A0410A0E11020A0E3894A00EBBB
S31580E0D8E00030A0E1010073E30700A0E10500001A23
S31580E0D8F00610A0E10520A0E1B54200EB000056E36A
S31580E0D9001A00001A160000EA000053E30510A0E1B1
S31580E0D910012AA0E30400000A074300EB007050E20E
S31580E0D920D8009F051900001A0E0000EA0F4300EBAD
S31580E0D930080000EAC00100EB04008DE59B0100EBE6
S31580E0D94004309DE50510A0E1012AA0E3033080E0E4
S31580E0D9500700A0E1F84200EB000050E30070A0E190
S31580E0D9600A00001A98009FE592F4FFEB150000EAA2
S31580E0D970053CA0E1FF2C05E2253C83E1023483E10E
S31580E0D980FF2805E2223483E1043086E5120000EACE
S31580E0D990BF2D8BE23F2082E20710A0E1022087E0E4
S31580E0D9A060009FE58FF4FFEB0600A0E10710A0E1A1
S31580E0D9B00520A0E11D3B00EB000050E30300000AD8
S31580E0D9C044009FE582FFFFEB0140A0E3060000EA0A
S31580E0D9D038009FE577F4FFEB0760A0E100608AE519
S31580E0D9E00600A0E1005088E52CD4FFEB0400A0E11E
S31580E0D9F008D08DE2F08DBDE83A9DE2804D9DE280D3
S31580E0DA00569DE280829DE280A29DE280CC9DE2806E
S31580E0DA10D28EE280F3412DE920408DE2D00094E879
S31580E0DA200030A0E3020051E3003086E5003087E570
S31580E0DA30020000DA080092E5030050E10400001AD3
S31580E0DA400400A0E13A0200EB005050E24B00000AED
S31580E0DA500000A0E30010A0E31020A0E3294A00EB39
S31580E0DA60320200EB0040A0E11D0200EB010050E332
S31580E0DA700400000A020050E36500000A1C029FE5EC
S31580E0DA804CF4FFEB6D0000EA0410A0E110029FE584
S31580E0DA9054F4FFEB0400A0E1A50100EB04029FE54E
S31580E0DAA044F4FFEB0400A0E1DF0000EB000050E36C
S31580E0DAB0F4019F052F00000A0400A0E1F20000EBCC
S31580E0DAC0000050E3E4019F052A00000AE0019FE59B
S31580E0DAD038F4FFEB1E30D4E5080053E3D4019F15FC
S31580E0DAE02400001A1F30D4E5000053E3C8019F15D7
S31580E0DAF02000001A408084E20800A0E1E93400EBCF
S31580E0DB00000050E3B4019F151A00001A103094E526
S31580E0DB100C1094E5035CA0E1235C85E1FF2C03E235
S31580E0DB20025485E1FF3803E2235485E1040055E1A0
S31580E0DB30080055113600000A212CA0E1FF3C01E2E5
S31580E0DB40012C82E1032482E1FF3801E2233482E181
S31580E0DB50052083E0040052E1083083E00020A093B2
S31580E0DB600120A083030055E10020A023000052E3BA
S31580E0DB703700000A48019FE515FFFFEB2F0000EA1A
S31580E0DB80443094E5000053E34100000A2230D4E5B6
S31580E0DB90040053E33E00001A001094E524019FE55B
S31580E0DBA010F4FFEB04308DE2000094E50210A0E370
S31580E0DBB00D20A0E1D30000EB04309DE5000053E3A7
S31580E0DBC03300000A00409DE5FC009FE50410A0E1DB
S31580E0DBD004F4FFEB0400A0E1B23400EB000050E374
S31580E0DBE0E8009F15E3FFFF1A041094E5212CA0E1DD
S31580E0DBF0FF3801E2012C82E1232482E1FF3C01E24D
S31580E0DC00033482E104209DE5020053E1C0009F15C4
S31580E0DC10D8FFFF1A041094E5004086E5212CA0E1A8
S31580E0DC20FF3801E2012C82E1232482E1FF3C01E21C
S31580E0DC30033482E1003087E50050A0E3140000EA77
S31580E0DC400030A0E3003086E50150A0E3003087E5B0
S31580E0DC500F0000EA0810A0E10520A0E174009FE52E
S31580E0DC60E0F3FFEB0C3094E50500A0E1032CA0E1A6
S31580E0DC70FF1C03E2232C82E1012482E1FF3803E2E8
S31580E0DC800810A0E1232482E1794600EB0540A0E17B
S31580E0DC90DFFFFFEA0500A0E108D08DE2F081BDE874
S31580E0DCA0BC9EE280DC9DE280DA62E280119EE280C8
S31580E0DCB02D9EE280D28EE280429EE280569EE28077
S31580E0DCC06B9EE280849EE280F19EE2802F9FE280DE
S31580E0DCD03A9DE280519FE280949EE2800100A0E33B
S31580E0DCE01EFF2FE170402DE90060A0E10140A0E138
S31580E0DCF00100A0E10110A0E30350A0E1EDFCFFEB01
S31580E0DD00000050E3090000AAD0109FE5D0209FE5EF
S31580E0DD10D0009FE5B3F3FFEBCC009FE5A5F3FFEBE7
S31580E0DD20C8009FE5A3F3FFEB0000E0E37080BDE869
S31580E0DD30043094E50500A0E1232CA0E1FF1803E27E
S31580E0DD40032C82E1212482E1FF3C03E2032482E189
S31580E0DD500410A0E15D4100EB0400A0E1B6FDFFEB1D
S31580E0DD60002050E21B0000BA743096E5000053E3D1
S31580E0DD700A00000A783096E5000053E30700000ABF
S31580E0DD80802082E2021CA0E1FF3C02E2221C81E1CB
S31580E0DD90031481E1FF3802E2231481E1041084E573
S31580E0DDA00410A0E10500A0E1894100EB741096E53E
S31580E0DDB0782096E50130A0E30400A0E143FCFFEB88
S31580E0DDC00400A0E1C4FFFFEB000050E30000A013D5
S31580E0DDD00000E0037080BDE80200A0E17080BDE84D
S31580E0DDE01E56E280D2010000689FE2808A9FE28030
S31580E0DDF0E09CE280000052E308402DE90100000A41
S31580E0DE00020052E30500001A0100A0E11020A0E321
S31580E0DE100010A0E33B4900EB08309FE5000083E576
S31580E0DE200000A0E30880BDE898F7E28010402DE985
S31580E0DE300040A0E140D04DE20410A0E10D00A0E159
S31580E0DE404020A0E30A4600EB0D10A0E10000A0E32D
S31580E0DE504020A0E304008DE5F63A00EB041094E55B
S31580E0DE60012CA0E1FF3C01E2212C82E1032482E146
S31580E0DE70FF3801E2233482E1000063E0100F6FE1B6
S31580E0DE80A002A0E140D08DE21080BDE80C3090E5A4
S31580E0DE9010402DE9032CA0E1FF1C03E2232C82E154
S31580E0DEA00040A0E1012482E1FF3803E2401084E2F1
S31580E0DEB0232482E10000A0E30138A0E3E23A00EB0C
S31580E0DEC0181094E5012CA0E1FF3C01E2212C82E1CF
S31580E0DED0032482E1FF3801E2233482E1000063E03B
S31580E0DEE0100F6FE1A002A0E11080BDE83C3080E237
S31580E0DEF00000A0E30420B3E5000052E301008012B5
S31580E0DF00FBFFFF1A1EFF2FE1F8402DE90370A0E129
S31580E0DF100160A0E10250A0E10040A0E1F2FFFFEB4A
S31580E0DF20000056E10030A0230030872500308525AB
S31580E0DF30F880BD2840E084E206119EE7012CA0E14E
S31580E0DF40FFCC01E2212C82E10C2482E1FFC801E2D0
S31580E0DF502CC482E13C2084E2064184E03C4084E2B9
S31580E0DF600010A0E300C087E5040052E10A00000A41
S31580E0DF700460B2E506CCA0E1FF3C06E226CC8CE16B
S31580E0DF8003C48CE1FF3806E223348CE1033083E27C
S31580E0DF900330C3E3031081E0F2FFFFEA010080E291
S31580E0DFA000E18EE001E08EE000E085E5F880BDE806
S31580E0DFB008402DE920009FE5B2E9FFEB000050E341
S31580E0DFC00300000A0010A0E31020A0E30840BDE8AB
S31580E0DFD0CC4800EA0201A0E30880BDE8AC9FE2807D
S31580E0DFE010402DE948009FE5A6E9FFEB004050E2AE
S31580E0DFF00300000A1020A0E30010A0E3174900EB1D
S31580E0E0001080BDE82C009FE59EE9FFEB003050E2F2
S31580E0E0100300A0010200000A0410A0E11020A0E3A2
S31580E0E0200E4900EB003099E51C3093E5030060E093
S31580E0E0301080BDE8B69FE280AC9FE28008402DE983
S31580E0E04020009FE58FE9FFEB000050E30300000A24
S31580E0E0501020A0E30010A0E3004900EB0880BDE8B3
S31580E0E0600840BDE8DDFFFFEAC19FE280000051E1A4
S31580E0E0701EFF2F017E4500EA10402DE90040A0E119
S31580E0E0800410A0E114009FE5D6F2FFEB0400A0E1C6
S31580E0E0900010A0E308209FE51040BDE86B3A00EA57
S31580E0E0A0CF9FE28009CFE280003090E5000053E325
S31580E0E0B0050000BA020053E10100001A080090E56D
S31580E0E0C01EFF2FE10C0080E2F6FFFFEA0100A0E1EF
S31580E0E0D01EFF2FE10020A0E104109FE504009FE5EC
S31580E0E0E0F0FFFFEADB9FE280B050E2800020A0E113
S31580E0E0F004109FE504009FE5EAFFFFEAE69FE280E1
S31580E0E100604FE2800020A0E104109FE504009FE5D7
S31580E0E110E4FFFFEAFB9FE2801051E2800020A0E16D
S31580E0E12004109FE504009FE5DEFFFFEA09A0E28098
S31580E0E1306850E280F0402DE92020A0E30040A0E195
S31580E0E14014D04DE2023084E06C119FE56C019FE5CE
S31580E0E150A4F2FFEB60119FE564019FE5A1F2FFEB7E
S31580E0E1601C00D4E5DAFFFFEB0060A0E11D00D4E5FA
S31580E0E170DDFFFFEB0070A0E11E00D4E5E0FFFFEBE2
S31580E0E1800050A0E11F00D4E5E3FFFFEB0620A0E10D
S31580E0E1900530A0E10710A0E100008DE524019FE5B0
S31580E0E1A090F2FFEB10119FE51C019FE58DF2FFEBEE
S31580E0E1B00C3094E5030CA0E1FF2C03E2230C80E114
S31580E0E1C0020480E1FF3803E2230480E1A9FFFFEB4C
S31580E0E1D0103094E5F4009FE5032CA0E1FF1C03E2F8
S31580E0E1E0232C82E1012482E1FF3803E2232482E1C9
S31580E0E1F0C4109FE57BF2FFEB143094E5D0009FE5F9
S31580E0E200032CA0E1FF1C03E2232C82E1012482E1BE
S31580E0E210FF3803E2232482E19C109FE571F2FFEB55
S31580E0E2201E30D4E5FD3003E2040053E32000001AFB
S31580E0E2300400A0E12CFFFFEB7C109FE50050A0E3FB
S31580E0E2400060A0E18C009FE566F2FFEB060055E1F9
S31580E0E2501700000A0C308DE20400A0E10510A0E171
S31580E0E26008208DE227FFFFEB0520A0E148109FE51F
S31580E0E27064009FE55BF2FFEB0C009DE57DFFFFEB25
S31580E0E2801E20D4E5003095E20130A013060052E36B
S31580E0E2900030A013000053E30300000A3C009FE532
S31580E0E2A014109FE508209DE54EF2FFEB015085E2D4
S31580E0E2B0E5FFFFEA14D08DE2F080BDE8E9DDE2809B
S31580E0E2C01DA0E28033A0E28044A0E28053A0E280F9
S31580E0E2D064A0E2807AA0E28090A0E2809DA0E280C5
S31580E0E2E0ADA0E280001090E508402DE9012CA0E188
S31580E0E2F0FF3C01E2212C82E1032482E1FF3801E246
S31580E0E300233482E120209FE5020053E10400000AE5
S31580E0E310E43200EB000050E30200A0030000A0130B
S31580E0E3200880BDE80100A0E30880BDE8561905270E
S31580E0E3301EFF2FE10000A0E31EFF2FE1F7452DE948
S31580E0E34028609DE52C709DE50040A0E3010050E348
S31580E0E350004086E502A0A0E1004087E50B0000DAF8
S31580E0E360045091E5040055E10800000A0500A0E1AB
S31580E0E370FC119FE50380A0E1024400EB000050E33E
S31580E0E38000008D0504008D051000000A170000EAE4
S31580E0E39044309AE5000053E36200000A2230DAE571
S31580E0E3A0040053E35F00001A0D00A0E3EF0100EBE9
S31580E0E3B000109AE5BC019FE50AF2FFEB00009AE5C2
S31580E0E3C00110A0E30D20A0E104308DE2CDFEFFEB4D
S31580E0E3D000409DE5000054E304309D15004086151D
S31580E0E3E004408310004087150040A0135D0000EADA
S31580E0E3F00410A0E10500A0E11020A0E3C14700EBF6
S31580E0E4000050A0E1B6FFFFEB010050E30040A0E141
S31580E0E4104000001A0510A0E15C019FE5F1F1FFEBF9
S31580E0E4200900A0E3D10100EB001095E588A09AE50C
S31580E0E430013CA0E1FF2C01E2213C83E1023483E14F
S31580E0E440FF2801E2222483E130319FE5030052E197
S31580E0E4500300000A28019FE5D6F1FFEB0900E0E31F
S31580E0E460060000EA0500A0E16FFEFFEB000050E346
S31580E0E4700400001A0C019FE5CEF1FFEB0A00E0E311
S31580E0E480BA0100EB370000EA0A00A0E3B70100EB2F
S31580E0E4900500A0E126FFFFEB00005AE30B00000A2F
S31580E0E4A0E4009FE5C3F1FFEB0500A0E176FEFFEB1C
S31580E0E4B0000050E30300001AD0009FE5BDF1FFEBBA
S31580E0E4C00B00E0E3EDFFFFEAC4009FE5B9F1FFEB67
S31580E0E4D00B00A0E3A50100EB1C30D5E5050053E376
S31580E0E4E00500001A1D30D5E5080053E10200001A48
S31580E0E4F01E30D5E5030053E31000000A0800A0E1D2
S31580E0E500F9FEFFEB0010A0E188009FE5B5F1FFEB97
S31580E0E5100C00E0E3D9FFFFEA7C009FE5A5F1FFEB85
S31580E0E5200140A0E30F0000EA0E00A0E38F0100EBBC
S31580E0E5300030A0E300308DE504308DE5A3FFFFEAEF
S31580E0E5400C1095E5403085E2012CA0E100308DE5A8
S31580E0E550212C82E1FF3C01E2032482E1FF3801E2E3
S31580E0E560233482E1F3FFFFEA0400A0E10CD08DE2E0
S31580E0E570F085BDE8C5A0E28036A1E280C7A0E28052
S31580E0E58056190527B362E280C562E280DA62E280EC
S31580E0E590F562E280D28EE280FFA0E2801AA1E2807C
S31580E0E5A0F0412DE90080A0E110019FE50150A0E156
S31580E0E5B00260A0E10340A0E118709DE531E8FFEB41
S31580E0E5C0000050E32900000A0010A0E31020A0E339
S31580E0E5D04C4700EB010070E30030A0E11A00001A1E
S31580E0E5E0000055E31A00000A063085E0005084E515
S31580E0E5F00800A0E1003087E50510A0E10620A0E153
S31580E0E600733F00EB0E0000EA0C00A0E3570100EB3D
S31580E0E610002094E5A8009FE5022086E0002087E5BB
S31580E0E620001094E56FF1FFEB000094E50510A0E1A2
S31580E0E6300620A0E10138A0E38BFEFFEB84009FE596
S31580E0E6405CF1FFEB0000A0E3F081BDE8000055E35C
S31580E0E6500300001A0000A0E3000084E5000087E5DF
S31580E0E660F081BDE8000053E30800000A020000EAFA
S31580E0E670000055E3F6FFFF0A0030E0E30800A0E182
S31580E0E6800610A0E1012AA0E3AB3F00EB030000EA1D
S31580E0E6900800A0E10610A0E1012AA0E3B33F00EB69
S31580E0E6A0000084E5003094E5000053E3D5FFFF1ACF
S31580E0E6B014009FE53FF1FFEB0000E0E3F081BDE869
S31580E0E6C07EA1E280A6A1E280D28EE2808AA1E2806B
S31580E0E6D030402DE90040A0E1905080E214D04DE238
S31580E0E6E0703090E56C1094E50500A0E10C308DE586
S31580E0E6F042FCFFEB682094E5641094E5783084E290
S31580E0E70000308DE50500A0E1022061E0743084E20E
S31580E0E710A2FFFFEB000050E30D00001A0500A0E128
S31580E0E7206C1084E20C208DE256FCFFEB000050E397
S31580E0E7300700001A0C209DE5000052E30200A001CC
S31580E0E7400300000A0400A0E16C1094E50530A0E126
S31580E0E75063FDFFEB14D08DE23080BDE838209FE585
S31580E0E7600E10D2E5B030D2E1050051E3833083006C
S31580E0E7700400000A1331A0E1071083E2000053E3AE
S31580E0E7800130A0B1C331A0E1003080E5B230D2E102
S31580E0E790000090E5930000E01EFF2FE11003E38088
S31580E0E7A030309FE50030D3E5000053E31EFF2F01B4
S31580E0E7B024309FE513402DE904008DE2004093E587
S31580E0E7C0E5FFFFEB001084E00400A0E1A0CAFFEBC8
S31580E0E7D008D08DE21080BDE82518E3800C18E38030
S31580E0E7E030402DE9CC209FE544D04DE2C8009FE53E
S31580E0E7F01010A0E30940A0E1CFE7FFEB1C0084E521
S31580E0E8001C2099E5000052E30300001AAC009FE566
S31580E0E810F4F0FFEB0040E0E3230000EA1C0099E51A
S31580E0E820895400EB010070E30040A0E10200001A89
S31580E0E8308C009FE5EBF0FFEB1B0000EA1C4099E5BE
S31580E0E84080509FE50400A0E1004085E5592700EB74
S31580E0E85074009FE51C2099E50930A0E1020054E1AF
S31580E0E8601C30991500308515BBFFFFEB5C309FE5CA
S31580E0E8700150A0E30050C3E55D2A00EB50309FE5F0
S31580E0E8800040A0E3B040C3E148309FE50410A0E13A
S31580E0E89004008DE23C20A0E3B050C3E1424300EBAC
S31580E0E8A00C008DE230109FE5A74200EB0400A0E16A
S31580E0E8B044D08DE23080BDE80020D083578AE28064
S31580E0E8C05FA5E2807FA5E2800C18E3801C18E380D8
S31580E0E8D02418E3800818E3801018E38099A5E28085
S31580E0E8E038402DE954309FE50040A0E3004083E5C1
S31580E0E8F04C309FE54C109FE5001083E548209FE56E
S31580E0E90048309FE548509FE5B230D3E1002092E55C
S31580E0E910000095E5930202E0234300EB34309FE567
S31580E0E920002095E5002083E52C309FE5B040C3E1EB
S31580E0E93028309FE5B040C3E13840BDE897FFFFEA65
S31580E0E9401818E3802018E380FFFF00001C18E3809E
S31580E0E9501003E3800C18E3801418E3800818E38042
S31580E0E9601018E38008402DE9DCFFFFEB0000A0E310
S31580E0E9700880BDE837402DE90050A0E104008DE233
S31580E0E98075FFFFEBFF3EC5E30F30C3E3FF0E80E28A
S31580E0E9900F4080E2FF4EC4E30F40C4E310009FE5E2
S31580E0E9A0034064E08FF0FFEB0400A0E10CD08DE241
S31580E0E9B03080BDE89DA5E280F0412DE90370A0E1BD
S31580E0E9C0013051E50240A0E1090053E318809DE55E
S31580E0E9D0016041E20050A0011E00001A003094E57B
S31580E0E9E0080053E1050000DA90009FE571F0FFEB47
S31580E0E9F0003094E5013043E2003084E5F6FFFFEA3B
S31580E0EA007C809FE5060055E10530A0E11600002AEE
S31580E0EA100030D3E5015085E2090053E3002094E518
S31580E0EA200700001A070002E2000088E061F0FFEBD1
S31580E0EA30003094E50730C3E3083083E2003084E5B4
S31580E0EA40EFFFFFEA012082E2002084E5010055E540
S31580E0EA504CF0FFEBEAFFFFEA20009FE555F0FFEB85
S31580E0EA60003094E5013043E2003084E5003097E5FC
S31580E0EA700600A0E1013043E2003087E5F081BDE8A1
S31580E0EA802C5DE2800CE0E280F8402DE9000051E365
S31580E0EA900250A0E10070A0E118609DE51C209DE594
S31580E0EAA0004093E50200001A000095E5040050E17D
S31580E0EAB02200001A012042E2020054E10200009A9C
S31580E0EAC00700A0E3F840BDE82EF0FFEA014084E2CB
S31580E0EAD0000051E3004083E51800000A001095E548
S31580E0EAE0044061E0010054E30400009A010081E201
S31580E0EAF0000086E0011086E0012044E2DC4200EB83
S31580E0EB00003095E560009FE50370C6E7002095E557
S31580E0EB100410A0E1022086E032F0FFEB003095E5BC
S31580E0EB20013083E2003085E5014054E20200000ACC
S31580E0EB300800A0E313F0FFEBFAFFFFEAF880BDE8F8
S31580E0EB40003095E520009FE50370C6E7002095E557
S31580E0EB500110A0E3022086E022F0FFEB003095E58D
S31580E0EB60013083E2003085E5F880BDE8C7A5E28024
S31580E0EB701EFF2FE1043099E5F04D2DE9013013E2D7
S31580E0EB8028D04DE20080A0E10140A0E10C208DE597
S31580E0EB90D101000A48299FE5003092E50200A0E114
S31580E0EBA0000053E31400001A38299FE50010E0E3E3
S31580E0EBB0003082E530299FE530E99FE5003082E547
S31580E0EBC02C299FE503C0A0E1001082E524299FE57A
S31580E0EBD0003082E520299FE5831483E0015082E0BE
S31580E0EBE003518EE7013083E2140053E302C0C1E7AC
S31580E0EBF0F8FFFF1A0130A0E3003080E5000058E31B
S31580E0EC000100000A0800A0E1EAEFFFEB0030A0E394
S31580E0EC100400A0E110308DE514308DE5FF4100EB76
S31580E0EC20000050E3005084100460A0110400001A34
S31580E0EC300170A0E30050A0E307B0A0E1B0A89FE593
S31580E0EC40290000EA050056E1F8FFFF0A023CA0E34E
S31580E0EC500100D6E40110A0E304308DE500408DE5A7
S31580E0EC6010208DE214308DE286FFFFEBF4FFFFEAA1
S31580E0EC70BBEFFFEB000050E32800000A0070A0E342
S31580E0EC80AEEFFFEBFF0000E20A0050E30D00501309
S31580E0EC900160A0030060A0132600000A000055E38F
S31580E0ECA04100001A0B0050E3BA00000A7500008AA2
S31580E0ECB0040050E39E00000A6600009A060050E3D6
S31580E0ECC06A00001A10309DE514209DE5020053E1AC
S31580E0ECD00400002A0300D4E7AAEFFFEB10309DE59D
S31580E0ECE0013083E210308DE50050A0E30C309DE5E5
S31580E0ECF0000053E30030A00301300712000053E325
S31580E0ED00DEFFFF0AA8C5FFEBF0379FE50C209DE507
S31580E0ED109302E1E00060A0E10170A0E1D3FFFFEAA9
S31580E0ED20A1C5FFEB070051E106005001CFFFFF3A96
S31580E0ED300100E0E3E80100EA0A00A0E391EFFFEBDF
S31580E0ED4014509DE50030A0E30530C4E70030D4E5FB
S31580E0ED5094679FE5210053E3000053135901000AAD
S31580E0ED60002096E584379FE50410A0E1020193E751
S31580E0ED70754100EB003096E568279FE5013083E238
S31580E0ED80001092E5130053E30030A0C3010053E185
S31580E0ED90003082C55C279FE5003086E5003092E54D
S31580E0EDA0013083E2003082E5460100EA010055E366
S31580E0EDB00C00001A5B0050E32100CD050250A00351
S31580E0EDC0C9FFFF0A023CA0E304308DE52000DDE5C3
S31580E0EDD000408DE50B10A0E110208DE214308DE22D
S31580E0EDE028FFFFEBBFFFFFEA413040E2070053E335
S31580E0EDF003F19F97070000EAD8F0E0801CF1E080FD
S31580E0EE00C4ECE08014EFE08018EEE08018EEE0805D
S31580E0EE1018EEE080E8EEE08028308DE2016085E261
S31580E0EE20055083E0080045E520508DE2016056E21A
S31580E0EE30ACFFFF3A023CA0E30100D5E40B10A0E171
S31580E0EE4004308DE500408DE510208DE214308DE2B2
S31580E0EE500CFFFFEBF4FFFFEA020050E32C00000A10
S31580E0EE602900008A010050E30E01001A1D0000EA25
S31580E0EE705900003A080050E37A00000A090050E39E
S31580E0EE80E900000A070100EA150050E35D00000A88
S31580E0EE900700008A0F0050E301B02B0292FFFF0AC1
S31580E0EEA0100050E38B00000A0E0050E3FD00001ACC
S31580E0EEB0990000EA1B0050E32000CD050150A00335
S31580E0EEC089FFFF0A0200008A180050E34D00000A1D
S31580E0EED0F40000EA7F0050E36200000AFF0050E39E
S31580E0EEE06000000AEF0000EA10509DE5000055E35F
S31580E0EEF07DFFFF0A0800A0E322EFFFEB10309DE5DF
S31580E0EF00013043E210308DE5F6FFFFEA0050C4E5BC
S31580E0EF101B0100EA10509DE5000055E372FFFF0AF1
S31580E0EF200800A0E317EFFFEB10309DE5013043E2E8
S31580E0EF306BFFFFEA10009DE514609DE5060050E159
S31580E0EF4069FFFF2A016046E2006056E00900000A98
S31580E0EF50011080E2011084E00620A0E1000084E058
S31580E0EF60C34100EB10209DE594059FE50610A0E1E6
S31580E0EF70022084E01BEFFFEB2000A0E301EFFFEB34
S31580E0EF800800A0E3FFEEFFEB000056E3016046E2F7
S31580E0EF90FAFFFF1A4C0000EA10309DE514109DE55B
S31580E0EFA0010053E150FFFF2A58059FE5011063E019
S31580E0EFB054259FE50BEFFFEB0800A0E3F1EEFFEBB6
S31580E0EFC014309DE510209DE5013043E2020053E1D7
S31580E0EFD014308DE5F7FFFF8A43FFFFEA10209DE5B9
S31580E0EFE014109DE5010052E13FFFFF2A011062E027
S31580E0EFF00C059FE5022084E0FAEEFFEB14309DE5F8
S31580E0F00010308DE538FFFFEA10309DE5000053E3D0
S31580E0F0100500000A0800A0E3DAEEFFEB10309DE57C
S31580E0F020013043E210308DE5F6FFFFEA14109DE5EE
S31580E0F030000051E32CFFFF0AC8049FE5C8249FE542
S31580E0F040E8EEFFEB0800A0E3CEEEFFEB14309DE5A3
S31580E0F05010209DE5013043E2020053E114308DE556
S31580E0F060F7FFFF8A20FFFFEA10109DE5000051E3DD
S31580E0F0701DFFFF0A14609DE5010041E2066061E044
S31580E0F0800620A0E1011084E010008DE5000084E018
S31580E0F090774100EB0800A0E3BAEEFFEB10209DE598
S31580E0F0A05C049FE50610A0E1022084E0CDEEFFEB54
S31580E0F0B02000A0E3B3EEFFEB0800A0E3B1EEFFEBA8
S31580E0F0C0000056E3016046E2FAFFFF1A14309DE540
S31580E0F0D0013043E2710000EA00209AE5000052E345
S31580E0F0E0260000BA013042E2010073E300308AE58F
S31580E0F0F0F0339F05F0139FE50030930500308A05D5
S31580E0F100EC339FE5001091E5003093E5010053E193
S31580E0F11000208A051200001A180000EA00309AE5FD
S31580E0F120000053E3150000BABC239FE5002092E57A
S31580E0F130020053E11100000AA8139FE5013083E243
S31580E0F140001091E500308AE5010053E10030A0C36C
S31580E0F15000308AC598339FE5003093E5020053E19D
S31580E0F1600400000A84239FE5035192E7000055E3FB
S31580E0F1700500001A010000EA8C539FE5020000EAD0
S31580E0F1800700A0E37FEEFFEBD6FEFFEA10309DE5B9
S31580E0F190000053E30500000A0800A0E379EEFFEBE8
S31580E0F1A010309DE5013043E210308DE5F6FFFFEA51
S31580E0F1B014109DE5000051E30F00001A0510A0E150
S31580E0F1C00400A0E1604000EB0400A0E1934000EB86
S31580E0F1D010209DE5000052E10010A0E114008DE5CD
S31580E0F1E0C0FEFF2A011062E014039FE5022084E05E
S31580E0F1F07CEEFFEB14309DE5B9FEFFEA04039FE564
S31580E0F20004239FE577EEFFEB0800A0E35DEEFFEBDE
S31580E0F21014309DE510209DE5013043E2020053E184
S31580E0F22014308DE5F7FFFF8AE3FFFFEA10309DE5B6
S31580E0F23014209DE5020053E10200002A0700A0E3C6
S31580E0F24050EEFFEBA8FEFFEA0020A0E30320C4E730
S31580E0F2500800A0E1714000EB14309DE528208DE2A6
S31580E0F2600410A0E1030080E010309DE51C008DE5F0
S31580E0F270103022E50800A0E11C308DE292ECFFEB35
S31580E0F280000050E398FEFF0A10309DE518109DE5DA
S31580E0F29010108DE5012063E014309DE5023083E0B7
S31580E0F2A014308DE590FEFFEA023CA0E304308DE564
S31580E0F2B000408DE50B10A0E110208DE214308DE248
S31580E0F2C0F0FDFFEB88FEFFEA24329FE5002096E51D
S31580E0F2D0002083E50500A0E17F0000EA000050E31E
S31580E0F2E01C308DE50070A0010300000A4B4000EB66
S31580E0F2F00070A0E10800A0E12EEEFFEB0CA29FE5F6
S31580E0F3000450A0E120708DE50CEEFFEBFF6000E29B
S31580E0F3100A0056E31200000A060000CA030056E31C
S31580E0F3201500000A080056E33500000A000056E39F
S31580E0F330F4FFFF0A3D0000EA150056E31200000ADA
S31580E0F340020000CA0D0056E30500000A370000EA15
S31580E0F350170056E31900000A7F0056E32800000AEA
S31580E0F360320000EA0030A0E3A4019FE50030C5E565
S31580E0F37010EEFFEB050064E0570000EA0030A0E302
S31580E0F3800030C4E50000E0E3530000EA20309DE56C
S31580E0F390070053E1050000DA78019FE505EEFFEB13
S31580E0F3A020309DE5013043E220308DE5F6FFFFEA2F
S31580E0F3B00030A0E31C308DE50450A0E1D1FFFFEAE8
S31580E0F3C01C309DE5000053E30600000A0510A0E12D
S31580E0F3D000708DE50400A0E120208DE21C308DE2F6
S31580E0F3E074FDFFEB0050A0E11C309DE5000053E387
S31580E0F3F0C4FFFFDA0030D5E5200053E3F2FFFF1AC1
S31580E0F400C0FFFFEA1C309DE5000053E3BDFFFF0A25
S31580E0F4100510A0E100708DE50400A0E120208DE2DA
S31580E0F4201C308DE263FDFFEB0050A0E1B5FFFFEA03
S31580E0F4301C309DE50A0053E1240000CA090056E32A
S31580E0F4401400001A0030A0E30030C5E50800A0E112
S31580E0F450C4109FE51C208DE220308DE21AECFFEB94
S31580E0F460000050E31C509D1505508410A5FFFF1A3F
S31580E0F47020309DE5A4009FE5073003E2030080E0AD
S31580E0F480CCEDFFEB20309DE50730C3E3083083E227
S31580E0F49020308DE5070000EA20309DE518008DE2FA
S31580E0F4A0013083E220308DE50030A0E31860CDE5C1
S31580E0F4B01930CDE5BFEDFFEB0060C5E51C309DE57D
S31580E0F4C0015085E2013083E21C308DE58DFFFFEA55
S31580E0F4D00700A0E3ABEDFFEB8AFFFFEA28D08DE2E1
S31580E0F4E0F08DBDE89442E3808C40E3809040E380F9
S31580E0F4F02818E3809CF7E2809842E3807818E380DE
S31580E0F500001BB700C7A5E280CCA5E280A8DDE2803B
S31580E0F510FD0100001EBEE2802C5DE2809C42E3801D
S31580E0F5200CE0E28008109FE50020A0E30020C1E522
S31580E0F5308FFDFFEA9C42E38010402DE904E041E242
S31580E0F5400040A0E30020A0E10130D0E4200053E3B6
S31580E0F55009005313FAFFFF0A000053E30B00000A89
S31580E0F560014084E20420AEE502C0A0E10130D2E4AD
S31580E0F570000053E30500000A090053E3200053131B
S31580E0F5800130A0130030A003F6FFFF1A010000EA65
S31580E0F590043181E7060000EA200054E301008CE2B2
S31580E0F5A00030CCE5E6FFFF1A0C009FE50410A0E1F1
S31580E0F5B08CEDFFEB0400A0E11080BDE8D0A5E280F1
S31580E0F5C0F04D2DE90130A0E36ADE4DE20040A0E196
S31580E0F5D00C108DE518308DE5C4EDFFEB000054E3AB
S31580E0F5E00800000A0030D4E5000053E30500000A75
S31580E0F5F00400A0E1893F00EB020C50E30300003AEF
S31580E0F600F8029FE56BEDFFEB0000E0E3B90000EA6E
S31580E0F610A0008DE20410A0E14B3F00EB0080A0E368
S31580E0F620A0708DE21CA08DE20030D7E5000053E3A8
S31580E0F630AD00000A013047E20020A0E3013083E21A
S31580E0F6400010D3E508308DE5000051E31300000A91
S31580E0F650270051E30200001A010053E55C0050E305
S31580E0F66001202212030057E13B1041E2111F6FE1B6
S31580E0F670010022E2A112A0E10010A003010010E146
S31580E0F680EDFFFF0A012053E55C0052E30020A0E392
S31580E0F690E9FFFF0A0020C3E5013083E208308DE50B
S31580E0F6A00700A0E15D3F00EB0030A0E3026CA0E341
S31580E0F6B00310A0E103C0A0E12A5E8DE2000056E3DC
S31580E0F6C0000050130E00000A030053E3012087E296
S31580E0F6D00040D7E501B040E25A00000A5C005CE3F6
S31580E0F6E05CE044E21EEF6FE1AEE2A0E100E0A00361
S31580E0F6F000005EE31000000A00005BE3020040E2E7
S31580E0F7000400001A000056E3016045050030A013AE
S31580E0F7100030C515610000EA010053E3022087E26C
S31580E0F7200140D7E51600000A020053E32300000AF1
S31580E0F73000B0A0E15CC0A0E3030000EA010053E36F
S31580E0F7401000000A020053E31D00000A5C305CE210
S31580E0F7500130A013270054E30000A0130100030248
S31580E0F760000050E34200001A240054E30030A01366
S31580E0F77001300302000053E30130A0134300001A76
S31580E0F780370000EA00B0A0E1280054E37B00541380
S31580E0F7900130A0030030A0133700000A010056E3D1
S31580E0F7A02400A0E30000C5E50140C51501508502AF
S31580E0F7B00360A0010260461202508512330000EA1F
S31580E0F7C000B0A0E1290054E37D0054132B00001A19
S31580E0F7D002C061E001C04CE20030A0E30C0053E1DE
S31580E0F7E04A0E8DE203E0D1B703E0C0B7013083B2C1
S31580E0F7F0F9FFFFBA14208DE56A2E8DE2033082E0B0
S31580E0F8000020A0E310108DE5002243E59DE3FFEBA9
S31580E0F81010109DE514209DE5000050E301004012A4
S31580E0F8200600000A0130F0E5000053E30300000A19
S31580E0F830000056E30130C51401604612F8FFFF1A56
S31580E0F8400030A0E3110000EA5C005CE3270044E2BC
S31580E0F850100F6FE1A002A0E10000A003000050E3DA
S31580E0F8600800001A0040C5E5016046E2015085E2E5
S31580E0F870060000EA0330A0E3030000EA0210A0E1FC
S31580E0F8800230A0E3010000EA0030A0E32740A0E3D5
S31580E0F8900B00A0E104C0A0E10270A0E186FFFFEAD0
S31580E0F8A00A10A0E12A0E8DE222FFFFEB001050E263
S31580E0F8B00080E0030A00000A0030A0E300308DE516
S31580E0F8C00A20A0E118308DE20C009DE531ECFFEBDB
S31580E0F8D0000050E30080E01300EDFFEB000050E312
S31580E0F8E048FFFF1A08709DE54EFFFFEA000058E3E7
S31580E0F8F018009D0543FFFF1A6ADE8DE2F08DBDE8B4
S31580E0F900EFA5E28008402DE92CFFFFEB010070E3D4
S31580E0F9100000A0130100A0030880BDE8010071E3A8
S31580E0F920F8402DE90050A0E10140A0E10700001A6F
S31580E0F930BA3E00EB0A10A0E30040A0E10500A0E19A
S31580E0F940AB3E00EB000050E30060A0010A00000A35
S31580E0F950010084E28AEEFFEB006050E21E00000ABE
S31580E0F9600510A0E10420A0E1263F00EB0030A0E3F3
S31580E0F9700430C6E70650A0E10160A0E30540A0E1BF
S31580E0F9800500A0E10070A0E30110D4E4000051E39B
S31580E0F9901500000A0A0051E3FAFFFF1A017044E5F8
S31580E0F9A00030D0E5000053E30100001A0400A0E136
S31580E0F9B0F4FFFFEA0010A0E300FFFFEB000050E356
S31580E0F9C0F9FFFFAA0140A0E3000056E30400000A25
S31580E0F9D00500A0E1DDEDFFEB010000EA0100A0E318
S31580E0F9E0F880BDE80400A0E1F880BDE80040D0E5FD
S31580E0F9F0000054E3F3FFFF0AF0FEFFEB0040E0E196
S31580E0FA00A44FA0E1EFFFFFEAF3412DE9A200A0E3D6
S31580E0FA1056FCFFEB70129FE570029FE506E2FFEB76
S31580E0FA206C029FE517E3FFEB000050E30120A003A3
S31580E0FA300300000A0A20A0E30010A0E37D4200EB69
S31580E0FA400020A0E148129FE54C0099E5923500EB55
S31580E0FA500050A0E13C029FE50AE3FFEB34129FE50C
S31580E0FA600060A0E14C0099E59B3500EB28129FE50C
S31580E0FA70000050E30060A0114C2099E50040A0E131
S31580E0FA800020A0E34C0099E5833500EB003050E29E
S31580E0FA900300000A04129FE504029FE5011083E05B
S31580E0FAA003E2FFEB4C0099E5F8119FE50020A0E327
S31580E0FAB0793500EB003050E20300000ADC119FE567
S31580E0FAC0E4019FE5011083E0F9E1FFEB4C0099E565
S31580E0FAD0D8119FE50020A0E36F3500EB000050E3EE
S31580E0FAE01900000A000054E304408DE50200001A84
S31580E0FAF0BC019FE53BECFFEB120000EA0100A0E3CE
S31580E0FB0070ECFFEB04009DE5CEE9FFEB003050E2C0
S31580E0FB100300001A04109DE598019FE531ECFFEBA8
S31580E0FB20080000EA0CC093E50010A0E30120A0E302
S31580E0FB3004308DE23CFF2FE104109DE50020A0E13A
S31580E0FB4074019FE527ECFFEB723500EB000056E38E
S31580E0FB50010075133300000A000055E3010000AA96
S31580E0FB600040A0E30A0000EA0510A0E14C019FE511
S31580E0FB701CECFFEBFAEBFFEB000050E3F7FFFF0A2C
S31580E0FB80EEEBFFEB38019FE50AECFFEB292600EB75
S31580E0FB900140A0E32C719FE5013024E2000055E3AB
S31580E0FBA00030A0D3013003C2000053E31500000A01
S31580E0FBB00000A0E318C2FFEB0080A0E1E8EBFFEBDA
S31580E0FBC0004050E20400000ADCEBFFEB192600EB74
S31580E0FBD00140A0E30050A0E3060000EAE8009FE5CC
S31580E0FBE0E83E00EB0800A0E10BC2FFEB070050E126
S31580E0FBF0F1FFFF9A015045E20510A0E1CC009FE5B8
S31580E0FC00F8EBFFEBE3FFFFEA0A00A0E3DDEBFFEBB7
S31580E0FC10000054E30300001A0600A0E10010E0E3D0
S31580E0FC200420A0E13CFFFFEBA4509FE50140A0E368
S31580E0FC30A0009FE53AFEFFEB000050E3040000DA07
S31580E0FC4094109FE588009FE5BF3D00EB0010A0E3A0
S31580E0FC50060000EA010070E30200001A7C009FE5DE
S31580E0FC60D4EBFFEB040000EA101F6FE1A112A0E1E4
S31580E0FC705C009FE522FFFFEB0040A0E1000054E33B
S31580E0FC800030A0D30030C5D5E8FFFFEA15E0E2807A
S31580E0FC9005A6E28009A6E28013A6E2801BA6E280A2
S31580E0FCA000FEDF8029A6E28032A6E28042A6E280DC
S31580E0FCB04BA6E28056A6E2803884E28083A6E28084
S31580E0FCC0A6A6E280CBA6E280E7030000102700002C
S31580E0FCD0D1A6E2809440E380A093E2809C42E380D8
S31580E0FCE0D9A6E280010052E3160000DAF0412DE960
S31580E0FCF00250A0E10170A0E1044083E20160A0E34C
S31580E0FD000480A0E1000098E55EE2FFEB044084E237
S31580E0FD10000050E30300001A001098E534009FE5E8
S31580E0FD20B0EBFFEB090000EA0710A0E1F4FEFFEB81
S31580E0FD30000050E30500001A016086E2050056E106
S31580E0FD40EEFFFF1AF081BDE80000E0E31EFF2FE141
S31580E0FD500100A0E3F081BDE83884E28030402DE9FF
S31580E0FD60A131A0E184D04DE221E1A0E100C0A0E391
S31580E0FD70000053E30C20A0E10600000A032190E78F
S31580E0FD800C218DE70320E0E1032180E701C08CE2CE
S31580E0FD90C330A0E1F5FFFFEA00C090E5003080E5E2
S31580E0FDA0003090E580408DE2000053E3024184E03C
S31580E0FDB080C004E50130A00300C080150130A013A7
S31580E0FDC01000000A0E0053E10120423202119D37F5
S31580E0FDD0031180378330A031F9FFFF3A0000A0E3BA
S31580E0FDE0140000EA012042E2035190E702419DE7D8
S31580E0FDF0034180E70340E0E1040055E103C1A0E16F
S31580E0FE008330A0E10200001A0E0053E1F4FFFF3ACE
S31580E0FE10070000EA0E0053E10120423202119D37CD
S31580E0FE20031180378330A031F9FFFF3A0C00A0E15F
S31580E0FE30000000EA0100A0E184D08DE23080BDE8D8
S31580E0FE4000009FE51EFF2FE1D444E380000050E3ED
S31580E0FE501100000AF8402DE944609FE50070A0E1BA
S31580E0FE603450B6E5060055E10100001A0000A0E333
S31580E0FE70F880BDE8344045E2080084E20710A0E15E
S31580E0FE80403D00EB000050E30100001A0400A0E1D1
S31580E0FE90F880BDE8005095E5F1FFFFEA0000A0E3B9
S31580E0FEA01EFF2FE1A044E380000050E31EFF2F01F8
S31580E0FEB038402DE93C10A0E30050A0E10100A0E32A
S31580E0FEC0B2EEFFEB004050E20200000A0510A0E12E
S31580E0FED03C20A0E3CB3D00EB0400A0E13880BDE808
S31580E0FEE008402DE9EFFFFFEB000050E324309F153B
S31580E0FEF034108012382093153810831534308312ED
S31580E0FF0034308015382080150000A013001082154B
S31580E0FF100000E0030880BDE8A044E38070309FE500
S31580E0FF2004E02DE5342083E244D04DE2342083E5BD
S31580E0FF30382083E529FAFFEB3C20A0E304008DE23C
S31580E0FF400010A0E3983D00EB48109FE50C008DE2A1
S31580E0FF50FD3C00EB0E31A0E304308DE538309FE5C3
S31580E0FF6024308DE534309FE528308DE530309FE5CF
S31580E0FF7030308DE504008DE228309FE52C308DE52C
S31580E0FF80D6FFFFEBDB1900EB0000A0E344D08DE267
S31580E0FF9004F09DE4A044E380E6A6E280E469E180A3
S31580E0FFA0006AE180BC69E180D069E18070402DE93A
S31580E0FFB04C609FE50050A0E10040A0E3E8EAFFEB5B
S31580E0FFC0060054E1100F6FE1A002A0E10000A0035B
S31580E0FFD0000050E30300000A1400A0E3E93D00EBD3
S31580E0FFE0014084E2F4FFFFEADDEAFFEB000050E344
S31580E0FFF07080BD08D1EAFFEB0000C5E50100A0E313
S31580E100007080BDE8A086010007402DE907008DE2FA
S31580E10010E5FFFFEB000050E3FBFFFF1A0CD08DE21A
S31580E1002004F09DE473402DE90C429FE52A34D4E542
S31580E10030000053E30300000A0600A0E3D1EAFFEBE8
S31580E100400030A0E32A34C4E50050A0E30560A0E1D6
S31580E1005007008DE2D4FFFFEB000050E31C00000AAD
S31580E100600730DDE5015085E2020053E31C00000A1A
S31580E100700500008A010053E3F4FFFF1A1C3494E57E
S31580E10080013083E21C3484E5180000EA040053E37E
S31580E100900900000A180053E3ECFFFF1A243494E5C3
S31580E100A0016086E2013083E2030056E3243484E58D
S31580E100B0E6FFFF1A0400E0E35D0000EA010055E394
S31580E100C0E2FFFF1A0600A0E3AEEAFFEB0300E0E3FE
S31580E100D0570000EACBFFFFEB60019FE5A93D00EB0E
S31580E100E01A0000EA203494E5013083E2203484E585
S31580E100F04C019FE5ACFFFFEB000050E31300000AE3
S31580E1010040019FE5A8FFFFEB000050E30F00000AE6
S31580E101100730DDE50050A0E3010053E38030A00322
S31580E10120013BA013103484E51C319FE5043484E55A
S31580E10130046043E2103494E5030055E1050000BA1A
S31580E1014008019FE598FFFFEB000050E30A00001AE3
S31580E101500200E0E3360000EA07008DE292FFFFEB62
S31580E10160000050E3F9FFFF0A053086E00720DDE570
S31580E101700420C3E5015085E2EDFFFFEAB8309FE553
S31580E101802834D3E5000053E30800001A0924D4E5B6
S31580E101900834D4E5A0509FE5023023E0FF0053E325
S31580E101A00700000A97FFFFEB0500E0E3200000EA85
S31580E101B09C009FE57CFFFFEB000050E3F2FFFF1A16
S31580E101C0E2FFFFEA2834D5E5000053E310149505F4
S31580E101D00320A0010900000A040085E2101495E5D8
S31580E101E0CC3100EB0A24D5E50B34D5E5023483E145
S31580E101F0030050E10600E0130000A0030C0000EAD2
S31580E10200010052E1060000AA020084E00400D0E584
S31580E10210012082E2003083E00338A0E12338A0E1C7
S31580E10220F6FFFFEA0A24D4E5FF3003E2030052E158
S31580E10230EFFFFFEA08D08DE27080BDE8E844E38015
S31580E1024090D00300F048E380F148E380EC44E3801A
S31580E10250F248E380F348E380F7452DE924529FE5B0
S31580E102600040A0E308308DE2044023E5003085E5D7
S31580E102700130A0E32834C5E5043090E54300A0E3EE
S31580E10280143485E50180A0E1104485E52944C5E57E
S31580E102902A44C5E5184485E51C4485E5204485E581
S31580E102A0244485E5304485E52C4485E535EAFFEB54
S31580E102B0143495E5010053E30C34C5050400A0012F
S31580E102C06E00000A0560A0E10A70A0E31550A0E384
S31580E102D004A0A0E1015055E26600000A50FFFFEB61
S31580E102E0004050E25100001A0834D6E5000053E39D
S31580E102F04900001A043496E5012083E2042486E568
S31580E103000030D3E5000053E3F9FFFF1A0230A0E1A4
S31580E103100010D3E5012082E2200051E3FAFFFF0AD3
S31580E1032000C0A0E30AE0A0E30120A0E30010D3E54A
S31580E10330000051E33500000A300051E30020A013AC
S31580E1034001200202000052E30700000A0120D3E502
S31580E10350411042E2190051E320208292FF2002926D
S31580E10360780052E30230830210E0A0030010D3E567
S31580E10370015083E2304041E2FF0004E2090050E3AC
S31580E10380412041E20000A0830100A093050052E3F1
S31580E103900030A0830130A093032090E10400001A8D
S31580E103A0613041E2050053E30700009AD8209FE5DA
S31580E103B0120000EA000050E30430A0110900001A9F
S31580E103C0612041E2050052E30100008A573041E2B3
S31580E103D0020000EA000053E30200000A373041E2FE
S31580E103E00E0053E1F0FFFFAA9E3C2CE00020A0E343
S31580E103F00530A0E1CCFFFFEA030051E10300000AEA
S31580E104000130D2E4000053E3FAFFFF1A000000EA6C
S31580E104102CC486E50130A0E32A34C6E50130A0E3A9
S31580E104200000A0E30C34C6E5100486E5130000EA7B
S31580E10430030074E30D00001A017047E2000057E300
S31580E1044048009FE528A4C6D5CE3C00EB2804D6E536
S31580E10450000050E34300A0131500A003C9E9FFEBB8
S31580E10460183496E5013083E2183486E598FFFFEA91
S31580E10470050074E396FFFF1A0000E0E3004088E59B
S31580E104800CD08DE2F085BDE8E844E38020DCE280B3
S31580E1049020A10700F34D2DE948B29FE50080A0E158
S31580E104A00160A0E10070A0E30450E0E30B40A0E12D
S31580E104B004208DE5000056E32914DBE50020A0D376
S31580E104C00120A0C3020051E18300002A10249BE5AC
S31580E104D0000052E315A0A0036A00001A01A05AE2C7
S31580E104E06000000ACEFEFFEB005050E23A00001AAF
S31580E104F00814D4E50C24D4E5020051E12E00001A5B
S31580E105000120A0E3021081E00C14C4E5141494E503
S31580E105102A24C4E5020051E10E00000A2C2494E568
S31580E10520000052E30B00000A2C2494E5000052E31C
S31580E105305400000A10049BE530149BE5011080E02D
S31580E10540020051E1002082800220618030148BE537
S31580E1055010248B854B0000EA040494E5102494E58D
S31580E10560022080E001C052E51A005CE30200000A45
S31580E10570010051E3EBFFFF1A420000EA02C052E5B7
S31580E105801A005CE3F9FFFF1A032052E51A0052E3F1
S31580E10590F6FFFF1A102494E5000052E3F3FFFF0A09
S31580E105A002C080E001C05CE51A005CE3EFFFFF1A60
S31580E105B0012042E210248BE5F5FFFFEA012042E2C9
S31580E105C0FF2002E2020051E10750E0131C00001A0D
S31580E105D00600A0E36BE9FFEBBFFFFFEA050075E3E9
S31580E105E02200000A040075E31500001A0600A0E364
S31580E105F064E9FFEB142494E5020052E30B00001A50
S31580E106002804DBE5000050E34300A0131500A003B6
S31580E106105CE9FFEB182494E5012082E2182484E565
S31580E106207FFEFFEB0050A0E10600A0E355E9FFEB7A
S31580E106300120A0E3000055E32924C4E59CFFFFAA3D
S31580E106400A0000EA2804D4E5000050E34300A01341
S31580E106501500A0034BE9FFEB182494E5012082E223
S31580E10660182484E59CFFFFEA000055E3050000AA13
S31580E1067004309DE50020E0E3005083E564309FE5AA
S31580E10680102483E5140000EA2924D4E5000052E32E
S31580E1069087FFFF1A10249BE50800A0E1020056E1DE
S31580E106A006A0A0B102A0A0A10A20A0E104149BE5C6
S31580E106B0D43B00EB10249BE506606AE002206AE009
S31580E106C010248BE504249BE50A8088E00A7087E0A4
S31580E106D00AA082E004A48BE575FFFFEA0700A0E1AA
S31580E106E008D08DE2F08DBDE8E844E3803C309FE5BB
S31580E106F007402DE9242493E528C4D3E500208DE540
S31580E10700182493E504208DE524209FE500005CE331
S31580E1071020109FE520009FE50210A0011C2493E5AF
S31580E10720203493E52FE9FFEB0CD08DE204F09DE4D4
S31580E10730E844E380EDA6E280D795E280F3A6E28005
S31580E10740000050E310402DE90140A0E11800000AC5
S31580E1075074409FE5143494E5013043E2010053E3AC
S31580E107601080BD881800A0E306E9FFEB1800A0E33E
S31580E1077004E9FFEB1800A0E302E9FFEB1800A0E330
S31580E1078000E9FFEB0800A0E3FEE8FFEB0800A0E349
S31580E10790FCE8FFEB0800A0E3FAE8FFEB0800A0E342
S31580E107A0F8E8FFEB17FEFFEB0130A0E32934C4E55F
S31580E107B01080BDE834FF2FE1000050E3FCFFFFAA83
S31580E107C008009FE51040BDE8EE3B00EAE844E3809F
S31580E107D090D00300080080E2070050E308309F953F
S31580E107E00001939704009F851EFF2FE18841E280F7
S31580E107F034A7E280000050E30100001A0000A0E384
S31580E108001EFF2FE1F0412DE954409FE50070A0E104
S31580E108100160A0E1005094E5000055E30E00000A76
S31580E108200500A0E1048094E5FC3A00EB0510A0E127
S31580E108300020A0E10700A0E1DD3A00EB000050E3F3
S31580E108400300001A0600A0E10830A0E1F041BDE80E
S31580E1085013FF2FE1084084E2EDFFFFEA0000A0E309
S31580E10860F081BDE8A841E2800B30D0E5FF0053E39B
S31580E10870C4019F056F00000A001090E5F0452DE95F
S31580E108800040A0E114D04DE2080051E301F19F97C9
S31580E108901E0000EA0809E180E008E180B808E1800D
S31580E108A0E008E180E808E1800009E180E808E1808C
S31580E108B0E808E180E008E180453080E20910D0E592
S31580E108C00A20D0E500308DE55A3080E204308DE5AE
S31580E108D068019FE51C3084E2C2E8FFEB0F0000EA85
S31580E108E05C019FE5000000EA58019FE51C1084E267
S31580E108F05A2084E2453084E2BAE8FFEB070000EA59
S31580E1090044019FE5490000EA40019FE5470000EA8E
S31580E109103C019FE514D08DE2F045BDE8B1E8FFEA00
S31580E1092030019FE5A3E8FFEB0C30D4E5000053E30B
S31580E109300100000A20019FE59EE8FFEB0B10D4E55C
S31580E109401F1001E2070051E301F19F97100000EAD1
S31580E109507009E1808C09E1809409E1809409E18064
S31580E109609409E1807809E1809409E1808409E18054
S31580E10970E8009FE5000000EAE4009FE58DE8FFEBF3
S31580E10980050000EADC009FE5FBFFFFEAD8009FE572
S31580E10990F9FFFFEAD4009FE592E8FFEBD0009FE5FF
S31580E109A084E8FFEB106094E5000056E31E00000A40
S31580E109B0147094E5000057E31B00000AA724A0E128
S31580E109C0960202E00A50A0E3A235A0E18345A0E1C8
S31580E109D0024064E0950303E0950404E00510A0E19C
S31580E109E0A44583E00400A0E17E4C00EB3485A0E1E0
S31580E109F00510A0E100A0A0E10800A0E1794C00EBA0
S31580E10A00950A02E00A10A0E1042062E0900505E083
S31580E10A100030A0E1085065E0E0008DE854009FE5F4
S31580E10A2070E8FFEB14D08DE2F085BDE848009FE5E4
S31580E10A3014D08DE2F045BDE85EE8FFEA0AA9E280DE
S31580E10A40CCA7E280F2A7E2800FA8E2802CA8E28020
S31580E10A503DA8E28052A8E2806DA8E28080A8E2808B
S31580E10A608BA8E28095A8E2809CA8E280ABA8E28090
S31580E10A70B0A8E28009CFE280B9A8E280F4A8E2805A
S31580E10A8010402DE90040A0E10D0300EB000050E3AA
S31580E10A900230A0030030A0130830C4E51080BDE821
S31580E10AA00830D0E5020053E32700001A10402DE913
S31580E10AB00040A0E198009FE53EE8FFEB003094E539
S31580E10AC0013043E2070053E303F19F97150000EA03
S31580E10AD0F00AE180000BE180080BE180100BE180F8
S31580E10AE0180BE180200BE180280BE180F80AE18098
S31580E10AF060009FE50C0000EA5C009FE50A0000EAE1
S31580E10B0058009FE5080000EA54009FE5060000EAE8
S31580E10B1050009FE5040000EA4C009FE5020000EAF0
S31580E10B2048009FE5000000EA44009FE521E8FFEBED
S31580E10B30041094E53C009FE53C209FE529E8FFEB26
S31580E10B400400A0E11040BDE8020300EA2C009FE525
S31580E10B5018E8FFEA19A9E2802DA9E28031A9E280AD
S31580E10B6036A9E2803BA9E28041A9E28045A9E280FB
S31580E10B700678E28049A9E28051A9E28077A9E280FC
S31580E10B807BA9E28008402DE90830D0E5020053E3F5
S31580E10B900300001AFC0200EB000090E20000E01383
S31580E10BA00880BDE80000E0E30880BDE8F7402DE974
S31580E10BB00060A0E10150A0E10100A0E10270A0E1A6
S31580E10BC004108DE21020A0E3CE3D00EB04309DE5DC
S31580E10BD00030D3E5000053E348009F150B00001A6F
S31580E10BE00040A0E10410A0E10600A0E100FFFFEBD8
S31580E10BF0000050E3000087E50300000A0B30D0E5F2
S31580E10C00FF0053E30400A0110400001A18009FE5D9
S31580E10C100610A0E10520A0E1F2E7FFEB0000E0E3AA
S31580E10C200CD08DE2F080BDE897A9E280BDA9E28093
S31580E10C30F04D2DE90160A0E160D04DE2E8139FE53A
S31580E10C4000B0A0E10280A0E10340A0E180509DE5F3
S31580E10C50CC3900EB007050E20B00001A007088E599
S31580E10C602C0084E2087084E5047084E5007084E5F4
S31580E10C704C7084E5B4139FE5B33900EB0C0084E254
S31580E10C80AC139FE5B03900EBE40000EA000056E3DF
S31580E10C900700001A9C039FE57ADEFFEB006050E2D5
S31580E10CA00C00001A90039FE5CEE7FFEB0670A0E10A
S31580E10CB0D60000EA0600A0E1D83900EB000050E357
S31580E10CC0F3FFFF0A0600A0E170139FE5AD3900EB63
S31580E10CD0000050E3EEFFFF0A0600A0E13A10A0E330
S31580E10CE0C33900EB00A050E204608D050A70A001D3
S31580E10CF00700000A0600A0E1DB3900EB0A2066E086
S31580E10D000010A0E301A08AE20070A0E10210C0E732
S31580E10D1004008DE50B00A0E104109DE50820A0E12B
S31580E10D20A1FFFFEB000050E3B80000BA00005AE3F0
S31580E10D301700000A0020DAE5000052E31400000AF9
S31580E10D400A00A0E1F8129FE58E3900EB000050E33E
S31580E10D5000A0E0030F00000A0A00A0E10C108DE27A
S31580E10D601020A0E3673D00EB0C309DE50030D3E534
S31580E10D70000053E30200001A053090E100A0A0E1F3
S31580E10D800400001ABC029FE50B10A0E10620A0E159
S31580E10D900D0000EA01A0E0E3000098E50820D0E537
S31580E10DA0000052E300005A130120A0030020A013A3
S31580E10DB03500001A10E090E500005EE30400001AB9
S31580E10DC084029FE504209DE50B10A0E185E7FFEB1A
S31580E10DD08E0000EA155F6FE1A552A0E100005AE3BB
S31580E10DE0015085C3000055E360029F15F4FFFF1AA9
S31580E10DF0143090E558229FE558C29FE5032002E032
S31580E10E0054129FE5000052E3031001E003C00CE0B9
S31580E10E100220A0130020A00300005CE301208212DF
S31580E10E20000051E30410A0130010A00301C082E08A
S31580E10E30FF28C3E3FF20C2E3000052E30820A013AA
S31580E10E400020A00302108CE02328A0E10228A0E183
S31580E10E50000052E31020A0130020A003022081E0CD
S31580E10E60182080E5C4119FE5204084E8083084E5B8
S31580E10E704C5084E52C0084E2333900EB0C0084E2AB
S31580E10E80D8119FE5303900EB0F0000EA02007AE3E2
S31580E10E900400000A01007AE30250A0010160A00388
S31580E10EA01900000A000000EA01A0A0E30A10A0E10F
S31580E10EB00420A0E132FFFFEB005050E22900000A56
S31580E10EC09C019FE50A10A0E146E7FFEB05A0A0E1C2
S31580E10ED04F0000EA000055E34C2094E51100000A3A
S31580E10EE0000052E30F00001A060055E10300001AE4
S31580E10EF010008DE20410A0E15020A0E3C13900EB9F
S31580E10F00016086E2110056E30A00000A000098E5D6
S31580E10F100610A0E10420A0E119FFFFEB000050E3F9
S31580E10F20F6FFFF1AEAFFFFEA000052E30650A0E16E
S31580E10F30ECFFFF0A0A0000EA000055E30500000A1B
S31580E10F400400A0E110108DE25020A0E3AD3900EB62
S31580E10F5005A0A0E1030000EA08019FE521E7FFEB98
S31580E10F602B0000EA06A0A0E12C4084E20400A0E187
S31580E10F70B8109FE52020A0E30D3900EB000050E397
S31580E10F800300000A0410A0E1DC009FE515E7FFEB12
S31580E10F901E0000EA00E098E5B4209FE514C09EE5D6
S31580E10FA0B0009FE50C2002E0AC109FE5000052E323
S31580E10FB00C1001E00C0000E00220A0130020A00349
S31580E10FC0000050E301208212000051E30410A013D7
S31580E10FD00010A003010082E0FF28CCE3FF20C2E3FA
S31580E10FE02CC8A0E1000052E30CC8A0E10820A013C0
S31580E10FF00020A00300005CE3021080E010C0A01393
S31580E1100000C0A0030C2081E018208EE5000000EAF4
S31580E1101000A0E0E30700A0E14CE8FFEB0A70A0E165
S31580E110200700A0E160D08DE2F08DBDE84583E280E6
S31580E1103041A4E280D5A9E280E2A9E280EDA9E2803D
S31580E11040C5A0E28008AAE2800DAAE28036AAE28003
S31580E1105055AAE280CCCCCCCCAAAAAAAAF0F0F0F030
S31580E1106077AAE28082AAE2809EAAE280BFAAE28093
S31580E1107038402DE9FE31D0E50040A0E1550053E34B
S31580E110800200001AFF31D0E5AA0053E30100000A0D
S31580E11090B4009FE5150000EAB0009FE5D1E6FFEBDD
S31580E110A0BE31D4E57F3013E20100001A0300A0E1EE
S31580E110B03880BDE8365084E20500A0E190109FE5D6
S31580E110C00320A0E3BA3800EB524084E2000050E30B
S31580E110D00900000A0400A0E178109FE50520A0E35D
S31580E110E0B33800EB000050E30300000A68009FE597
S31580E110F0BCE6FFEB0000E0E33880BDE85C009FE5FD
S31580E11100B8E6FFEB0500A0E144109FE50320A0E3EC
S31580E11110A73800EB000050E30100001A40009FE58C
S31580E11120B0E6FFEB0400A0E128109FE50520A0E3EF
S31580E111309F3800EB000050E30100001A24009FE590
S31580E11140A8E6FFEB0100A0E33880BDE8F4AAE280DF
S31580E1115023ABE2807DABE28081ABE280A5ABE2802E
S31580E1116050ABE28087ABE28095ABE280F04D2DE932
S31580E111701CB08DE228D04DE20380A0E1143090E5E9
S31580E1118020200BE53F3083E23F30C3E3403083E20A
S31580E1119003D04DE057408DE23F40C4E364C090E523
S31580E111A00070A0E10120A0E3040090E50430A0E115
S31580E111B00160A0E13CFF2FE1010050E340029F1571
S31580E111C0041097150620A0111500001A34029FE538
S31580E111D084E6FFEB0050A0E30F0015E30100001A5F
S31580E111E024029FE57FE6FFEB0410D5E71C029FE52D
S31580E111F0015085E27BE6FFEB020C55E3F5FFFF1A32
S31580E112000C029FE577E6FFEB0400A0E197FFFFEB99
S31580E11210000050E30400000AF8019FE5FE11D4E5E1
S31580E11220FF21D4E56FE6FFEB730000EA000056E3A9
S31580E112300800001ABA31D4E5BB21D4E50338A0E130
S31580E11240023C83E0B921D4E5023483E0B821D4E5D8
S31580E11250023083E004308BE56FCF84E2735F84E212
S31580E11260833F84E2023083E202A08CE2025085E28F
S31580E1127024300BE50C1055E5000051E35B00000AD4
S31580E11280000056E30700000A7F3001E20F0051E3D8
S31580E11290050053130300001A0C3055E5000053E3B3
S31580E112A02C00001A2F0000EA063055E5052055E5A9
S31580E112B00338A0E1023C83E0072055E558019FE52C
S31580E112C0023483E0082055E5023083E028300BE5DF
S31580E112D0023055E5012055E50338A0E1023C83E083
S31580E112E0032055E502C483E0043055E57F2001E221
S31580E112F02C300BE5050052E30F00511310E055E564
S31580E1130018219FE514319FE50200A01180005EE37C
S31580E113100C219FE50320A01104309BE510208DE58B
S31580E1132008018DE828301BE508108DE5032086E06D
S31580E113302C301BE50C008DE50810A0E1E4009FE56B
S31580E1134003308CE027E6FFEB000056E3D1FFFF1A7E
S31580E11350018088E2030000EA7F2003E20F0053E385
S31580E1136005005213F9FFFF1A24301BE5105085E280
S31580E11370030055E1BEFFFF1A7F4F84E2024084E21B
S31580E113800430DAE57F2003E20F0053E305005213D0
S31580E113900300000A10A08AE204005AE1F7FFFF1A6F
S31580E113A0150000EA0A10DAE50B30DAE50118A0E16A
S31580E113B0031C81E00930DAE5000056E3031481E09D
S31580E113C00830DAE520201BE5031081E020301BE5BB
S31580E113D00700A0E1031081E004309BE500308DE554
S31580E113E00120A0010830A0E15FFFFFEBE8FFFFEA03
S31580E113F0000056E3D5FFFF0ADAFFFFEA1CD04BE295
S31580E11400F08DBDE8E0ABE2800BACE28009CFE28013
S31580E1141056ACE2805CACE280A6ACE280D4ABE28002
S31580E11420A8DDE280DAABE280CBACE280F04D2DE95B
S31580E114301CB08DE210D04DE20350A0E1143090E56E
S31580E1144020200BE53F3083E23F30C3E3403083E247
S31580E1145003D04DE047408DE23F40C4E3646090E5D0
S31580E114600070A0E10120A0E3040090E50430A0E152
S31580E1147001A0A0E108809BE536FF2FE120C01BE5B6
S31580E11480010050E318029F15041097150A20A01158
S31580E114900600001AFE11D4E5FF21D4E5550051E39B
S31580E114A00100001AAA0052E30300000AF4019FE555
S31580E114B0CCE5FFEB0060E0E3760000EA6F3F84E293
S31580E114C0023083E27F4F84E2022084E20340A0E19E
S31580E114D00060D4E58060D6E30C00001A0410D4E500
S31580E114E004009BE5000051E3050060E0100F6FE129
S31580E114F0A002A0E10000A003000050E30300000A7F
S31580E115007F0001E20F0051E3050050132400001A29
S31580E1151000005AE30600000A0410D4E5000051E316
S31580E115200400000A7F0001E20F0051E30500501339
S31580E115300000000A015085E2104084E2020054E195
S31580E11540E2FFFF1A0410D3E57F0001E20F0051E3C9
S31580E11550050050134B00001A0A10D3E50B20D3E5A2
S31580E115600118A0E1021C81E00920D3E50830D3E52A
S31580E11570021481E0031081E004309BE500005AE328
S31580E115800C1081E008018DE80700A0E10120A001AF
S31580E115900C20A0110530A0E1A3FFFFEB0060A0E1E4
S31580E115A03C0000EA023CA0E3083088E50A30D4E555
S31580E115B00B20D4E50338A0E1023C83E00920D4E5A1
S31580E115C00C0088E2023483E00820D4E5023083E02F
S31580E115D003A08AE000A088E50E30D4E50F20D4E5AB
S31580E115E00338A0E1023C83E00D20D4E5023483E0B8
S31580E115F00C20D4E5023083E0043088E5003097E5BD
S31580E11600042097E5013043E2070053E303F19F9716
S31580E116100F0000EA3416E1803C16E1803416E18061
S31580E116204416E1804C16E1805416E1805416E1803F
S31580E116303416E18070109FE5060000EA6C109FE5A4
S31580E11640040000EA68109FE5020000EA64109FE565
S31580E11650000000EA60109FE50530A0E1612082E2AA
S31580E11660B63B00EB2C0088E250109FE5B33B00EBE4
S31580E116700030D4E5803043E2133F6FE1A332A0E14D
S31580E116804C3088E5030000EA103083E2020053E142
S31580E11690ABFFFF1A0160E0E30600A0E11CD04BE25C
S31580E116A0F08DBDE8E0ABE280A6ACE280EFACE28013
S31580E116B0F6ACE280FDACE28006ADE2800FADE28081
S31580E116C041A4E28018482DE9143090E50CB08DE212
S31580E116D03F3083E23F30C3E3403083E203D04DE0E5
S31580E116E03F408DE23F40C4E364C090E50010A0E353
S31580E116F0040090E50120A0E30430A0E13CFF2FE166
S31580E11700010050E33C009F150600001A38009FE572
S31580E1171034E5FFEB0400A0E154FEFFEB004050E22C
S31580E117200300000A24009FE52EE5FFEB0040E0E39D
S31580E11730010000EA18009FE52AE5FFEB0400A0E13D
S31580E117400CD04BE21888BDE816ADE28034ADE2807C
S31580E1175050ADE28071ADE28013402DE90040A0E119
S31580E1176020009FE51FE5FFEB0010A0E300108DE56B
S31580E117700400A0E10120A0E10130A0E37AFEFFEBC5
S31580E1178008D08DE21080BDE890ADE28073402DE90E
S31580E117900240A0E112008DE80010A0E30120A0E163
S31580E117A00130A0E30050A0E11FFFFFEB020070E3F0
S31580E117B02900001A142095E5A4309FE5A4C09FE591
S31580E117C0023003E0A0109FE5000053E3021001E040
S31580E117D002C00CE00230A0130030A00300005CE3FD
S31580E117E001308312000051E30410A0130010A0031E
S31580E117F001C083E0FF38C2E3FF30C3E3000053E377
S31580E118000830A0130030A00303108CE02238A0E159
S31580E118100060A0E30338A0E1060053E11030A01395
S31580E118200630A001033081E0183085E5103095E57A
S31580E11830043084E5082084E530109FE5006084E586
S31580E118404C6084E52C0084E2BF3600EB0C0084E238
S31580E118501C109FE5BC3600EB0600A0E108D08DE2C6
S31580E118607080BDE8CCCCCCCCAAAAAAAAF0F0F0F0E4
S31580E1187041A4E28077AAE2807A0050E30100009AEF
S31580E1188054009FE5D7E4FFEA570050E34C009FC53B
S31580E11890FBFFFFCA48209FE5000051E3C0C2A0E1FB
S31580E118A00C2192071F0000E20130A0E300109205AF
S31580E118B01300E0010C119217003001000020911510
S31580E118C0003082050030920513008211030000008A
S31580E118D000008115000082051EFF2FE1E2ADE28066
S31580E118E0BAADE280EC46E2807A0050E30100009AEC
S31580E118F038009FE5BBE4FFEA570050E330009F855F
S31580E11900FBFFFF8A2C309FE5A022A0E1022193E72D
S31580E119101F0000E2003092E5000051E30110A0E3F0
S31580E119201100C30111008311000082E51EFF2FE142
S31580E11930E2ADE280BAADE280E046E28038402DE970
S31580E119400050A0E10140A0E10110A0E3E5FFFFEB3B
S31580E119500500A0E1FF1004E2C6FFFFEB0000A0E373
S31580E119603880BDE87A0050E308402DE91A00008A04
S31580E1197074109FE50020A0E30232D1E702C2A0E124
S31580E11980030050E11000001A5C309FE50C3083E0E3
S31580E11990042093E5010052E30900001A081093E55B
S31580E119A00100D3E502C0D3E5002091E50C30D3E513
S31580E119B01C20C2E1133082E10000A0E3003081E522
S31580E119C00880BDE824009FE5040000EA012082E268
S31580E119D07B0052E3E7FFFF1A010000EA10009FE572
S31580E119E080E4FFEB0000E0E30880BDE8ACF7E2804D
S31580E119F050AEE280E2ADE28013402DE9070051E38B
S31580E11A0001F19F97230000EA281AE180301AE180EC
S31580E11A10301AE180381AE180401AE180401AE1808B
S31580E11A20401AE180401AE180D02AC0E1050000EA4F
S31580E11A30D82AC0E1030000EAD02BC0E1010000EA28
S31580E11A40811180E0D829C1E10040A0E1F829C0E117
S31580E11A509CC094E5980090E50C20A0E10030A0E3DD
S31580E11A60033092E18C1094E501108DE80300001AB1
S31580E11A705C4800EB0010A0E3F000CDE1010000EA54
S31580E11A800D00A0E1A92C00EB00309DE5E83084E56E
S31580E11A900000A0E3000000EA0000E0E308D08DE268
S31580E11AA01080BDE80000E0E31EFF2FE110402DE944
S31580E11AB00040A0E1FAFFFFEB000050E31080BDA8F3
S31580E11AC05C3194E5000053E30200000A0400A0E1E2
S31580E11AD01040BDE813FF2FE10300A0E11080BDE8CF
S31580E11AE00000E0E31EFF2FE14C3190E513FF2FE18B
S31580E11AF004E02DE524D04DE20020A0E304108DE240
S31580E11B00B420CDE10C208DE508208DE5F5FFFFEBD6
S31580E11B1024D08DE204F09DE438402DE90130A0E344
S31580E11B20B030C1E11530A0E3043081E50030A0E3B7
S31580E11B30030052E10050A0E10140A0E1083081E5D7
S31580E11B400B00000A682190E52C1090E540309FE576
S31580E11B50021001E0013003E0062202E2023083E175
S31580E11B60542090E5083084E5020B12E301318313BA
S31580E11B70083084150500A0E10410A0E10020A0E36F
S31580E11B80D8FFFFEB000050E30C3094056831850502
S31580E11B903880BDE880FF7F0004E02DE50830A0E3D2
S31580E11BA034D04DE2B431CDE11530A0E318308DE586
S31580E11BB0022CA0E30030A0E31C308DE504108DE516
S31580E11BC00130A0E310208DE514108DE204208DE232
S31580E11BD00C308DE508308DE5C2FFFFEB34D08DE228
S31580E11BE004F09DE470402DE90D30A0E320D04DE274
S31580E11BF0B430CDE11530A0E308308DE5B438D0E1DD
S31580E11C000060A0E10338A0E10140A0E10550A0E336
S31580E11C100C308DE50600A0E104108DE20020A0E302
S31580E11C20B0FFFFEB000050E30D00001A10109DE5B8
S31580E11C30010C11E30200000A1E3C01E20E0C53E3A3
S31580E11C401100001A50309FE5013003E0000053E3B4
S31580E11C500500000A44009FE5E2E3FFEB1100E0E3C3
S31580E11C600B0000EA015055E20900004AFA0FA0E3B1
S31580E11C70C43600EB014054E2E5FFFF2A20009FE5F0
S31580E11C80D8E3FFEB1200E0E3010000EA000054E351
S31580E11C90F9FFFFDA20D08DE27080BDE88040F9FD62
S31580E11CA074AEE2808AAEE2800224A0E1032482E37C
S31580E11CB010402DE9011882E120D04DE20630A0E303
S31580E11CC0B430CDE10C108DE51D30A0E304108DE23A
S31580E11CD00020A0E30040A0E108308DE581FFFFEB25
S31580E11CE0000050E30200001A0400A0E1FA1FA0E31D
S31580E11CF0BBFFFFEB20D08DE21080BDE804E02DE54F
S31580E11D001030A0E324D04DE2B430CDE10C108DE566
S31580E11D101530A0E304108DE20020A0E308308DE5C4
S31580E11D2070FFFFEB24D08DE204F09DE43C209FE53B
S31580E11D3008402DE9003092E5020053E10400000AF3
S31580E11D40DC1093E5000051E10600000A003093E5DE
S31580E11D50F8FFFFEA0010A0E114009FE5A1E3FFEBA5
S31580E11D600000A0E30880BDE80300A0E10880BDE8AB
S31580E11D701C49E380A6AEE280F04D2DE9006052E297
S31580E11D8030D04DE20A00000A0180A0E103B0A0E173
S31580E11D90E5FFFFEB005050E20500000AE82095E5FB
S31580E11DA0081086E0020051E10300009A10019FE5E8
S31580E11DB08CE3FFEB0000A0E33F0000EA8C1095E5A1
S31580E11DC0CDFFFFEB000050E3F9FFFF1A0670A0E1BB
S31580E11DD0603195E50500A0E1030057E103A0A0216C
S31580E11DE007A0A03101005AE31230A0831130A093FD
S31580E11DF0B431CDE1403095E514108DE2000053E336
S31580E11E008C3095E510308DE5930802000130A0E332
S31580E11E101C208D051520A0E318208DE504208DE298
S31580E11E201C808D1504B08DE50CA08DE508308DE51F
S31580E11E302CFFFFEB004050E20100000A0040A0E3E6
S31580E11E40150000EA01005AE30D00009A0C30A0E388
S31580E11E50B431CDE10500A0E11D30A0E314108DE29F
S31580E11E600420A0E11C408DE518308DE51DFFFFEBD8
S31580E11E70000050E30200000A48009FE559E3FFEBCA
S31580E11E80050000EA0500A0E1FA1FA0E354FFFFEB9D
S31580E11E90000050E3E8FFFF1A0A40A0E10A0054E19E
S31580E11EA0C3FFFF1A8C3095E5047057E0048088E023
S31580E11EB093B42BE0C5FFFF1A0600A0E130D08DE296
S31580E11EC0F08DBDE8BFAEE280EBAEE28070402DE9F9
S31580E11ED00050A0E10000A0E320D04DE26401C5E519
S31580E11EE04DB9FFEB0060A0E10500A0E104108DE2B1
S31580E11EF00120A0E307FFFFEB004050E21000001A4B
S31580E11F000600A0E144B9FFEBFA0F50E30E00008A28
S31580E11F106400A0E31B3600EB683195E5000053E3EE
S31580E11F20F0FFFFAA0138A0E3303085E510309DE56A
S31580E11F30583085E5233FA0E1013003E2403085E575
S31580E11F40B448C5E10400A0E1000000EA1000E0E346
S31580E11F5020D08DE27080BDE838402DE90140A0E1D6
S31580E11F6071FFFFEB005050E20B00000A8630D5E5A9
S31580E11F70072004E20730C3E3B310A0E3032082E144
S31580E11F8048FFFFEB000050E33880BD180500A0E173
S31580E11F900410A0E13840BDE896FEFFEA0000E0E3E8
S31580E11FA03880BDE810402DE90040A0E1CBFEFFEB93
S31580E11FB0000050E31080BDA8583194E5000053E35A
S31580E11FC00200000A0400A0E11040BDE813FF2FE102
S31580E11FD00100A0E31080BDE83C3090E510402DE99A
S31580E11FE0030051E10310A021383090E5030051E16F
S31580E11FF04C1080254C3080350130A0E3483080E5B7
S31580E12000503190E50040A0E133FF2FE10030A0E3BD
S31580E12010483084E51080BDE8F04D2DE959DE4DE28A
S31580E120200230A0E33C608DE2BC33CDE10020A0E349
S31580E120300730A0E30610A0E10040A0E140308DE545
S31580E1204044208DE5A7FEFFEB005050E2B40A9F15D0
S31580E120502D00001A48108DE21020A0E3740084E27E
S31580E12060683500EB0330A0E3BC33CDE1B438D4E18D
S31580E120700400A0E10338A0E144308DE50610A0E13B
S31580E120801530A0E30520A0E140308DE595FEFFEB1C
S31580E12090000050E39902001A303094E50020A0E375
S31580E120A0020813E348309D153C108DE22338A011D8
S31580E120B0B438C4110930A0E3BC33CDE10730A0E3E5
S31580E120C040308DE5B438D4E10400A0E10338A0E1E5
S31580E120D044308DE583FEFFEB2C1A9FE50050A0E1AD
S31580E120E00400A0E1BBFFFFEB0400A0E11C1A9FE521
S31580E120F0B8FFFFEB0400A0E1FA1FA0E3B8FEFFEB17
S31580E12100000055E30200000A040A9FE5B5E2FFEB11
S31580E12110790200EA48309DE5643084E54C309DE5FE
S31580E12120683084E550309DE56C3084E554309DE53A
S31580E12130703084E5303094E5010853E31600001AE7
S31580E12140D0099FE5A7E2FFEB48309DE5233DA0E17D
S31580E121500F3003E2040053E303F19F970C0000EA9A
S31580E121609421E1807421E1807C21E1808421E180F8
S31580E121708C21E180A0399FE5060000EA9C399FE544
S31580E12180040000EA98399FE5020000EA413BA0E3BA
S31580E12190000000EA8C399FE5303084E57030D4E583
S31580E121A0883084E5BE36D4E10120A0E30F3003E236
S31580E121B0301094E51233A0E1020811E38C3084E516
S31580E121C0B636D4012333A0010F3003021233A001C6
S31580E121D0903084E5403094E5000053E30500000A41
S31580E121E0BA26D4E16C3094E5012082E2032882E0CC
S31580E121F00225A0E1120000EA2C099FE579E2FFEBD6
S31580E12200BC26D4E1BA36D4E1022BA0E1222AA0E1B0
S31580E122108C0094E5232782E0012082E2A004A0E1FC
S31580E12220920000E0B826D4E10110A0E3C227A0E144
S31580E12230833082E1073003E2023083E21133A0E1A9
S31580E12240930002E00030A0E3F02AC4E18C0094E53B
S31580E12250A0C094E5A41094E59C2083E00060A0E30F
S31580E12260913023E00070A0E3F02AC4E1F86AC4E18A
S31580E12270F06BC4E1B4089FE55AE2FFEB8C3094E55C
S31580E12280F86BC4E1020C53E3023CA0838C30848575
S31580E12290903094E5F06CC4E1020C53E3023CA083F8
S31580E122A0903084850730A0E3BC33CDE1B438D4E106
S31580E122B0F86CC4E1F06DC4E13C608DE20338A0E1E5
S31580E122C01570A0E30400A0E10610A0E10020A0E3E0
S31580E122D040708DE544308DE502FEFFEB005050E223
S31580E122E04C089F1588FFFF1A1030A0E3BC33CDE17F
S31580E122F00520A0E1023CA0E30400A0E10610A0E1F4
S31580E1230040708DE544308DE5F6FDFFEB005050E2FF
S31580E1231020089F157CFFFF1A0130A0E3302094E569
S31580E12320943084E50030E0E38630C4E5A238A0E16C
S31580E12330013023E2536F8DE2410B52E30030A0334B
S31580E1234001300322036086E2000053E33F60C6E387
S31580E123500C00001A8710D4E50400A0E1A5FDFFEB8F
S31580E12360D829C4E10050A0E1CC079FE51DE2FFEB4F
S31580E12370000055E35B00000A8710D4E5BC079FE5C2
S31580E1238018E2FFEBDC0100EAB4079FE515E2FFEB1B
S31580E123900610A0E10400A0E1FEFDFFEBC010D6E54A
S31580E123A0000050E30C00001A010051E30A00009A94
S31580E123B0D620D6E5D530D6E50228A0E1032482E110
S31580E123C0D430D6E5032082E18224A0E1223AA0E15D
S31580E123D0020B53E30030A083F02AC481013041E24D
S31580E123E0050053E303F19F970F0000EA0424E1809F
S31580E123F00C24E1801424E1802C24E1801C24E180FA
S31580E124002424E1803C379FE5060000EA38379FE5E2
S31580E12410040000EA34379FE5020000EA30379FE5A1
S31580E12420000000EA2C379FE5303084E5AF30D6E511
S31580E12430E0C0D6E5000053E36C3094058C39A011F9
S31580E124401F2B03023E3E0302A332A0012225A001F7
S31580E12450013083020120820292030300943084E5F5
S31580E12460A030D6E5E220D6E5010013E30100001AAB
S31580E12470000052E30100000AB330D6E58630C4E5B8
S31580E124808228A0E1C23FA0E1F82AC4E1A820D6E5EE
S31580E12490B87084E28228A0E1C23FA0E106E0A0E133
S31580E124A00050A0E3F02BC4E19030DEE59120DEE53B
S31580E124B00334A0E1023883E08F20DEE5DDA0D6E5B6
S31580E124C0023083E0930CC1E0015085E2902A83E0FB
S31580E124D0040055E39A3123E003E08EE2F820C7E079
S31580E124E0F0FFFF1A9AFFFFEA303094E5022813E203
S31580E124F09300000A3730A0E3B835CDE1B438D4E1B2
S31580E1250058A08DE2505084E50338A0E10520A0E192
S31580E125101580A0E30400A0E10A10A0E15C808DE5CE
S31580E1252060308DE56FFDFFEB005050E27201001ADD
S31580E12530CF708DE23330A0E35C808DE53F70C7E3F9
S31580E125400380A0E3B835CDE160508DE50830A0E3A6
S31580E1255028308DE50400A0E10130A0E30A10A0E176
S31580E125601C208DE21C708DE524308DE520308DE5D3
S31580E125705CFDFFEB005050E20200000A018058E268
S31580E12580F1FFFF2A910000EA0810A0E10400A0E132
S31580E1259093FDFFEB002097E5023CA0E1FF1C02E200
S31580E125A0223C83E1013483E1FF2802E2223483E1A4
S31580E125B05C3084E5040097E5001CA0E1FF2C00E295
S31580E125C0201C81E1021481E1FF2800E2222481E1DD
S31580E125D0602084E5232CA0E10F2002E2010052E392
S31580E125E00700000A70159FE50800003A020052E3F1
S31580E125F00600001A020913E360259F0560259F15F1
S31580E12600000000EA5C259FE5302084E5000000EAD1
S31580E12610301084E5010713E350309415302094E5BA
S31580E12620013C8313503084152C359FE5030052E13C
S31580E126306800000AE37F8DE2037087E228A59FE5C3
S31580E126403F70C7E30580A0E3018058E21300000AEA
S31580E126500630A0E3B437CDE11530A0E378308DE5DF
S31580E126604030A0E338308DE50400A0E10130A0E3FD
S31580E1267074108DE22C208DE27CA08DE52C708DE5A9
S31580E1268034308DE530308DE516FDFFEB000050E30B
S31580E126902900001A1C3097E5020C13E3E9FFFF1AC3
S31580E126A00C3097E5020C13E34A00000A543094E5B6
S31580E126B0113003E2110053E34600001A0630A0E32D
S31580E126C0B437CDE11530A0E378308DE59C349FE5D4
S31580E126D07C308DE54030A0E338308DE5592E8DE2B2
S31580E126E00130A0E3603522E50400A0E174108DE2BB
S31580E126F0042042E22C708DE534308DE5F9FCFFEB68
S31580E12700005050E20200000A64049FE535E1FFEBE8
S31580E127102E0000EA103097E5033CA0E10F3403E296
S31580E12720010453E3503094052500000A501094E5E6
S31580E1273040049FE52BE1FFEB260000EA0050A0E193
S31580E12740220000EA410B53E3502084E50100002A90
S31580E127500050A0E31F0000EAE37F8DE2037087E289
S31580E127603F70C7E30400A0E10710A0E109FDFFEB9C
S31580E12770005050E2E000001A0400A0E1B910A0E3A5
S31580E127800120A0E3C480D7E546FDFFEB005050E28F
S31580E12790D900001A0400A0E10710A0E1FDFCFFEBDF
S31580E127A0005050E2D400001AB930D7E5000053E377
S31580E127B0E6FFFF0A503094E5020018E311308313F7
S31580E127C00000001A013083E3503084E5010000EA1D
S31580E127D0000055E3C800001A542094E5503094E592
S31580E127E0023003E0302094E5503084E5022812E29D
S31580E127F00600001AE37F8DE2037087E23F70C7E34C
S31580E128000250A0E170A39FE570B39FE52A0000EA3C
S31580E12810010C13E35E00000A3730A0E3BC33CDE15F
S31580E12820B438D4E13C708DE20338A0E10020A0E326
S31580E128301560A0E30400A0E10710A0E140608DE50A
S31580E1284044308DE5A7FCFFEB002050E20200A011A9
S31580E12850AA00001A0630A0E340608DE50400A0E1FD
S31580E128600260A0E30710A0E1BC33CDE144608DE5D1
S31580E128709CFCFFEB000050E3A000001A0430A0E3CB
S31580E12880443084E5486084E5503194E50400A0E174
S31580E1289033FF2FE1485084E53D0000EAE0229FE5E1
S31580E128A0081192E7542094E5020011E10600001A2E
S31580E128B0015085E2030055E33500000A05819AE778
S31580E128C00531A0E1000058E3F3FFFF1AFF2008E29B
S31580E128D00400A0E1B710A0E314308DE5F1FCFFEB35
S31580E128E014309DE5002050E2F0FFFF1A0B3093E7AC
S31580E128F0443084E50230A0E3483084E50400A0E179
S31580E12900503194E514208DE533FF2FE114209DE5C8
S31580E12910482084E50400A0E10710A0E19DFCFFEBDF
S31580E12920000050E3E1FFFF1AA020D6E5A030D7E50D
S31580E12930030052E1DDFFFF1AAF20D6E5AF30D7E5E0
S31580E12940030052E1D9FFFF1AC020D6E5C030D7E5B2
S31580E12950030052E1D5FFFF1AE020D6E5E030D7E566
S31580E12960030052E1D1FFFF1AD40086E2D41087E258
S31580E129700420A0E3503300EB000050E3CBFFFF1AC5
S31580E12980FC319FE5502094E5083193E7033082E1FD
S31580E12990503084E5EC119FE5881084E50400A0E1E0
S31580E129A08CFDFFEB8C1094E5DC319FE500C0A0E364
S31580E129B0013003E0D4019FE5D4219FE50C0053E18A
S31580E129C0012002E0010000E00230A0130C30A001FA
S31580E129D00C0050E1013083120C0052E10420A01377
S31580E129E00C20A001020083E0FF38C1E3FF30C3E39E
S31580E129F00C0053E10830A0130C30A001032080E0E5
S31580E12A002138A0E10338A0E10C0053E11030A01396
S31580E12A100C30A0019CE094E5033082E0F03084E55F
S31580E12A200E20A0E10C30A0E1980094E5033092E11C
S31580E12A30E2C0C4E5E3C0C4E5EC1084E590008DE531
S31580E12A4094E08DE50300001A664400EB0010A0E3F4
S31580E12A50F009CDE1010000EA90008DE2B32800EBB8
S31580E12A6090309DE5B218D4E1E83084E57720D4E56D
S31580E12A70BC37D4E100108DE5F40084E214119FE5C2
S31580E12A80AE3600EB783094E5470F84E22318A0E177
S31580E12A90FF1001E200108DE52314A0E1FF1001E2B1
S31580E12AA004108DE5FF1003E208108DE57F10D4E573
S31580E12AB07420D4E50C108DE5233CA0E1D8109FE588
S31580E12AC0010080E29D3600EB7C3094E5130E84E2D2
S31580E12AD0232AA0E12338A0E1C0109FE50F2002E27E
S31580E12AE00F3003E2020080E2943600EBD80084E204
S31580E12AF0E2F7FFEB0000A0E3000000EA0500A0E1B9
S31580E12B0059DE8DE2F08DBDE806AFE28040420F00EE
S31580E12B1080841E0025AFE28040AFE280040101009F
S31580E12B200202010000030100020101006AAFE280B6
S31580E12B3086AFE280B6AFE280D4AFE280F3AFE280E7
S31580E12B4026B0E2800FB0E2800104010002040100B8
S31580E12B5003040100290401000504010000010200CB
S31580E12B6000020200000302000A010200F1FFFF00F9
S31580E12B70F1FFFF804EB0E2806AB0E2809446E28067
S31580E12B80E851E280A046E28040787D01CCCCCCCC95
S31580E12B90AAAAAAAAF0F0F0F092B0E280A8B0E28008
S31580E12BA090DAE28068209FE50630A0E3D83080E5C0
S31580E12BB0003092E5DC3080E5011083E20130A0E36C
S31580E12BC0E430C0E54C309FE53C3180E548309FE517
S31580E12BD0403180E544309FE5443180E5603190E5E0
S31580E12BE0040080E5000053E334309F0560318005C1
S31580E12BF030309FE5001082E5042093E5040083E50B
S31580E12C00003080E5042080E5000082E50000A0E355
S31580E12C101EFF2FE15CFFE280781DE1809C3CE18034
S31580E12C20043BE180FFFF00001C49E380F0452DE98C
S31580E12C3024D04DE20050A0E1D9FCFFEB000050E347
S31580E12C40050000DA0030A0E3343085E5F0019FE548
S31580E12C50E4DFFFEB0F40E0E3760000EAE4019FE585
S31580E12C60E0DFFFEB343095E5000053E30300000A33
S31580E12C70D4019FE5DBDFFFEB0040A0E36D0000EAD6
S31580E12C80543195E50500A0E133FF2FE1004050E2A4
S31580E12C90B8019F156200001A0500A0E10110A0E3CA
S31580E12CA0CCFCFFEB0130A0E3443085E50500A0E1F3
S31580E12CB08EFBFFEB004050E294019F155800001A0D
S31580E12CC0FA0FA0E38740C5E5AE3200EB0830A0E31A
S31580E12CD0B430CDE17C219FE52C3095E50500A0E17E
S31580E12CE0032002E0000052E36C319FE5AA30A003A5
S31580E12CF00C308DE504108DE21530A0E30420A0E1CF
S31580E12D0008308DE577FBFFEB000050E30800001A01
S31580E12D101030DDE5AA0053E30700001A3C719FE518
S31580E12D20307085E50040A0E1FA6FA0E33780A0E34B
S31580E12D301C0000EA0040A0E1000000EA1040E0E368
S31580E12D401C019FE5360000EA2930A0E32C2095E5B9
S31580E12D50B430CDE1FC309FE50500A0E1023003E02F
S31580E12D60302095E50C308DE5070052E10131830392
S31580E12D7004108DE20020A0E30C308D0508A08DE5DE
S31580E12D8058FBFFEB000050E31F00001AFA0FA0E3A7
S31580E12D907C3200EB10309DE5000053E30C0000BA75
S31580E12DA0016056E21C00003A0020A0E315A0A0E3F2
S31580E12DB00500A0E104108DE2B480CDE108A08DE5A7
S31580E12DC00C208DE547FBFFEB000050E3DDFFFF0ABA
S31580E12DD00D0000EA000056E30F00000A7C209FE523
S31580E12DE0301095E5583085E5233FA0E1020051E1B9
S31580E12DF0013003E2012C4212403085E50030A0E348
S31580E12E0030208515B438C5E1070000EA000050E3BB
S31580E12E100040A0E10400000A000000EA1040E0E37F
S31580E12E2040009FE56FDFFFEB020000EA38009FE597
S31580E12E3038109FE56BDFFFEB0400A0E124D08DE243
S31580E12E40F085BDE8B5B0E280CBB0E280E5B0E28066
S31580E12E5002B1E28020B1E2800080FF00AA01000099
S31580E12E600002020040B1E28063B1E28085B1E28096
S31580E12E70C755E28010402DE90040A0E10000A0E3C3
S31580E12E8065B5FFEB343094E5000053E31A00001A90
S31580E12E906531D4E5000053E31300E0130100001A25
S31580E12EA00400A0E160FFFFEB140070E30000501323
S31580E12EB01080BD186431D4E5000053E30500001AA3
S31580E12EC00400A0E153FCFFEB000050E30120A003E6
S31580E12ED00500000A030000EA0400A0E1FAFBFFEB2B
S31580E12EE0000050E3F5FFFF0A0020A0E3342084E5EB
S31580E12EF00020A0E36521C4E51080BDE80000A0E3E1
S31580E12F001080BDE810402DE987FBFFEB004050E2E1
S31580E12F100100001A0000A0E31080BDE8D4FFFFEBBA
S31580E12F20000050E3FAFFFF1AD80084E21080BDE882
S31580E12F30F8402DE94C509FE50060A0E1004095E521
S31580E12F400570A0E1050054E10B00000A38009FE519
S31580E12F50081084E2DC2094E522DFFFEB003094E583
S31580E12F60070053E10200000A20009FE50610A0E178
S31580E12F701CDFFFEB004094E5F1FFFFEA10009FE5DF
S31580E12F80F840BDE817DFFFEA1C49E38093B1E280B0
S31580E12F909AB1E28009CFE28004309FE5000093E5B3
S31580E12FA01EFF2FE15CFFE2807F402DE9F8309FE54F
S31580E12FB0F8209FE50040A0E30360A0E1003083E5CF
S31580E12FC0043083E5004082E50400A0E108108DE24B
S31580E12FD0660200EB005050E20600001A014084E2EE
S31580E12FE0030054E3F7FFFF1AC4009FE5FDDEFFEB24
S31580E12FF00000A0E32A0000EA08309DE50220C3E351
S31580E13000010052E31300001AA8209FE5010053E373
S31580E13010A4109FE5A4009FE50210A011F1DEFFEB6D
S31580E130200030E0E30010A0E300308DE50400A0E18C
S31580E130300120A0E1FF30A0E3E00100EB000050E3D6
S31580E130400000E0B3160000BA2C00A0E3B7FFFFEB67
S31580E13050004096E50F0000EA0C109DE560009FE5D3
S31580E13060E0DEFFEB0030E0E30010A0E300308DE529
S31580E130700400A0E10120A0E10C309DE5EDFFFFEA2F
S31580E130806631D4E5000053E30100000A0400A0E1C3
S31580E13090E5FEFFEB004094E5060054E1F7FFFF1AF9
S31580E130A0D2FFFFEA10D08DE27080BDE81C49E38053
S31580E130B05CFFE280DDB1E280A5B1E2809EB1E28093
S31580E130C0B0B1E280C4B1E2800000A0E31EFF2FE14F
S31580E130D0283090E5082093E518309FE5A23283E019
S31580E130E00331A0E1000093E51F2002E23002A0E176
S31580E130F0010000E21EFF2FE10AC0050838402DE9F4
S31580E131000040A0E10150A0E10100A0E12C109FE583
S31580E131109C3000EB000050E30600000A0500A0E1C8
S31580E131201C109FE5973000EB000050E30400A001FE
S31580E131300000A0133880BDE80000E0E33880BDE8F8
S31580E13140EEB1E280F5B1E280FBC001E2290051E314
S31580E1315001005C1382C3A0E110402DE901EB8C03F1
S31580E1316001C08C138140A0E101E08E03000090E56F
S31580E1317004C08E0104C08C11000052E3083080E562
S31580E131800CC080E50300001A343090E5200013E39B
S31580E13190FCFFFF0A0F0000EAFD2002E2010052E394
S31580E131A00800001A342090E5050012E30200000AC7
S31580E131B028009FE58BDEFFEB040000EA100012E3B6
S31580E131C0F7FFFF0A030000EA14009FE585DEFFEBC7
S31580E131D00000A0E31080BDE80100A0E31080BDE817
S31580E131E0FCB1E2801CB2E280F8402DE9007051E248
S31580E131F0F880BD08870052E10250A0E10020A033AB
S31580E132000060A0E10240A0310C00003A0500A0E197
S31580E13210744200EB0710A0E10040A0E10500A0E1C7
S31580E132209A4200EB000051E301408412024044E2FD
S31580E13230A420A0E1FF2002E2043062E0FF4003E245
S31580E13240024484E1003096E51B4884E3044083E54B
S31580E13250F880BDE838402DE9283090E50050A0E1BE
S31580E132600C2093E5000052E31400001A0243A0E328
S31580E132701C3094E50230C3E31C3084E5203094E5CC
S31580E132808C019FE5022083E30230C3E3202084E5BD
S31580E13290203084E553DEFFEB743194E53F34C3E3BC
S31580E132A0093483E3743184E5782194E564319FE5DB
S31580E132B0FF2402E2033082E1783184E5420000EACC
S31580E132C0010052E31F00001A0243A0E348019FE593
S31580E132D044DEFFEB1C3094E50430C3E33C019FE51B
S31580E132E01C3084E53FDEFFEB203094E530019FE53D
S31580E132F0042083E30430C3E3202084E5203084E5A1
S31580E1330038DEFFEB603194E5FF35C3E30F37C3E386
S31580E13310493583E3023783E3603184E5643194E5BB
S31580E133203F30C3E3123083E3643184E5D03194E501
S31580E133303F3883E3D03184E5E43194E53F38C3E334
S31580E13340E43184E5200000EA020052E31700001A26
S31580E133500243A0E3FC3094E50830C3E3FC3084E526
S31580E13360FC3094E5BC009FE5022783E30237C3E3A3
S31580E13370FC2084E5FC3084E51ADEFFEB5C3194E5E4
S31580E133802339A0E10339A0E1493B83E3923083E32A
S31580E133905C3184E5D83194E56E35C3E3D83184E593
S31580E133A0D83194E5013383E3D83184E5060000EA38
S31580E133B074109FE574009FE50ADEFFEB70109FE5D0
S31580E133C070009FE507DEFFEB080000EA68409FE5B5
S31580E133D0000094E562F9FFEB0110A0E3000094E5BB
S31580E133E055F9FFEB000094E50010A0E321F9FFEB2E
S31580E133F052B4FFEB44109FE50020A0E1280095E55B
S31580E1340078FFFFEB6400A0E3EA3000EB0000A0E385
S31580E134103880BDE82DB2E280499224003DB2E28057
S31580E1342050B2E28060B2E28070B2E280A656E2807B
S31580E1343080B2E280BB56E2809FB2E280784DE38043
S31580E13440801A0600F8452DE9B030D1E10070A0E19F
S31580E13450330053E30140A0E102A0A0E1288090E59A
S31580E134600100001A90029FE5C63000EB043094E536
S31580E13470000053E30360A0010300000A020013E3A6
S31580E134802332A001016003020360A013280097E5BF
S31580E13490003090E5343093E5030B13E30C00001A1A
S31580E134A0B030D4E1190053E30B00000A0010D4E5F3
S31580E134B0280097E50620A0E1083094E521FFFFEB9F
S31580E134C0000050E334029F05B010D4011200001AC7
S31580E134D0C4DDFFEB0000E0E3F885BDE8B438D7E171
S31580E134E008509AE53710A0E30120A0E30338A0E174
S31580E134F014FFFFEB0530A0E1280097E51710A0E364
S31580E135000120A0E30FFFFFEB005050E2E6FFFF1A38
S31580E13510EC019FE5B3DDFFEB0F0000EA043094E5B3
S31580E13520010013E30A00000A020013E3003098E584
S31580E1353014209315182084151820931514208415CA
S31580E13540143093051C209315203093151020841593
S31580E135500C3084E500005AE30100001A0000A0E384
S31580E13560F885BDE804209AE5013012E23700000AC9
S31580E13570442097E50C009AE508309AE528C097E55E
S31580E13580040052E3900303E000109CE50B20A003C6
S31580E135900320A013002882E102E5A0E30000A0E376
S31580E135A000409AE524E081E5283081E52C2081E51B
S31580E135B000209CE5341092E5010A11E30900000A36
S31580E135C0406092E500E084E00020A0E33652A0E18D
S31580E135D0082082E2200052E30150CEE4FAFFFF1A8E
S31580E135E0040080E2043043E2012043E2020052E338
S31580E135F00C00008A400011E30A00000A00209CE5E5
S31580E13600005084E0406092E50020A0E382E1A0E101
S31580E1361036EEA0E102E0C5E7012082E2030052E155
S31580E13620F9FFFF1A0030A0E30A0011E30400000A63
S31580E13630D0009FE56BDDFFEBCC009FE5CC109FE5ED
S31580E13640A2FFFFEA020B11E3D8FFFF1AC2FFFFEAEE
S31580E13650020012E3C0FFFF0A441097E50C009AE5E9
S31580E1366008409AE5282097E5040051E3900404E0B8
S31580E13670002092E50910A0030110A01302C5A0E382
S31580E13680001881E100E09AE524C082E5284082E5E0
S31580E136902C1082E5040053E1341092E50C00002AF7
S31580E136A0020A11E30A00000A03508EE00200D5E522
S31580E136B001C0D5E50008A0E10C0480E103C0DEE7A6
S31580E136C0043083E20C0080E103C0D5E50C0C80E197
S31580E136D0400082E50A0011E30400000A24009FE528
S31580E136E040DDFFEB28009FE528109FE577FFFFEAA5
S31580E136F0010B11E3E6FFFF1A97FFFFEA50C30000D3
S31580E13700F0B2E280B7B2E28010B3E28034B3E28015
S31580E13710CD56E2804AB3E280DE56E28038402DE93A
S31580E13720483090E50040A0E1010053E30600001A2D
S31580E137304C5090E581B3FFEB0510A0E10020A0E1BC
S31580E13740280094E53840BDE8A6FEFFEA020053E38F
S31580E137501400001A445090E5B438D0E1040055E3F2
S31580E137600250A0030050A0133710A0E30120A0E38C
S31580E137700338A0E1280090E572FEFFEB280094E58E
S31580E137800610A0E30120A0E30530A0E16DFEFFEB8A
S31580E13790000050E33880BD1814009FE514109FE5C2
S31580E137A03840BDE80FDDFFEA0C009FE53840BDE813
S31580E137B00CDDFFEA61B3E280F056E28080B3E2801D
S31580E137C017CEA0E3900C0CE0F34D2DE950619FE517
S31580E137D00040A0E108008CE200108DE544519FE5B0
S31580E137E0000086E040119FE50CA086E00280A0E122
S31580E137F003B0A0E10472A0E1503300EB2C319FE5E8
S31580E13800072085E0010054E34C318AE520319FE5CC
S31580E1381050318AE528208AE518319FE518219F05F0
S31580E1382054318AE5102085050700000A020054E339
S31580E1383008219F05202085050300000A000054E346
S31580E13840FC209FE50020850504228517072085E079
S31580E13850F0109FE50C4082E50B00A0E104208DE5A8
S31580E1386025FEFFEB04209DE5075085E0010070E32E
S31580E13870040082E5172EA01394622210C8109F15CA
S31580E138805811821528009DE5C0109FE51AFEFFEBD1
S31580E13890BC109FE5010070E3173EA01394632310EB
S31580E138A0B0209F155C21831500309DE5A8209FE51A
S31580E138B00370E0E1173EA0E3946323E0072002E092
S31580E138C0542083E5000058E3382083E2080085E54B
S31580E138D0381083E5048082150600001A010017E39B
S31580E138E078309F050200000A100017E370309F15BB
S31580E138F070309F05043082E5173EA0E3936424E0AF
S31580E139000830A0E3603184E55C309FE52C3084E5C6
S31580E139100A00A0E1A2FCFFEB0000A0E308D08DE263
S31580E13920F08DBDE82849E3807C4DE380A0B3E28059
S31580E139304434E1801C37E1805432E18000801020FC
S31580E1394000001B2000001020F5B1E280C830E18044
S31580E13950EEB1E280801A0600D030E18011080000E5
S31580E13960002D31010075190380BA8C010080FF00BA
S31580E13970F0402DE94C5099E51CD04DE20C20A0E3B6
S31580E139800060A0E10170A0E10C008DE20010A0E3EF
S31580E13990052F00EB0500A0E1421D00EB004050E25F
S31580E139A038019F150410A0110700001A022086E253
S31580E139B00500A0E10410A0E1582500EB006050E28B
S31580E139C0030000AA18019FE50610A0E185DCFFEB64
S31580E139D0040000EA0500A0E10610A0E1402500EB25
S31580E139E0000050E30100001A0000A0E3390000EA7C
S31580E139F00500A0E10610A0E1E8209FE59F2500EB08
S31580E13A00000050E3F7FFFF0A0500A0E10610A0E100
S31580E13A10D4209FE5992500EB000050E3F1FFFF1AE2
S31580E13A200500A0E10610A0E1C0209FE5932500EB0B
S31580E13A30BC409FE5000050E30030E0030700000A48
S31580E13A400330A0E300308DE50500A0E10C308DE286
S31580E13A500610A0E194209FE56B2500EB10309DE5F3
S31580E13A600500A0E10610A0E188209FE5003084E50D
S31580E13A70822500EB000050E30100A01300008715CA
S31580E13A801400001A0340A0E300408DE50500A0E1A3
S31580E13A900610A0E160209FE50C308DE25A2500EB0F
S31580E13AA0000050E30230A0030030870510309D0509
S31580E13AB0043087050600000A0500A0E10610A0E1B2
S31580E13AC038209FE56D2500EB000050E3C5FFFF0A36
S31580E13AD0004087E50100A0E31CD08DE2F080BDE8DF
S31580E13AE0A9C1E280A7B3E280B3B3E280C4B3E28046
S31580E13AF0D1B3E280784DE3809EB1E280DCB3E280AF
S31580E13B00E8B3E280F04D2DE928D04DE201A0A0E1B5
S31580E13B100280A0E184F8FFEB005050E20040E00330
S31580E13B205800000A944095E50A00A0E10410A0E15E
S31580E13B30564000EB000051E30400001A0800A0E1C2
S31580E13B400410A0E1514000EB000051E30800000AB7
S31580E13B50043088E0002064E20A3083E0023003E04A
S31580E13B602C019FE50410A0E10A2002E0013043E246
S31580E13B701CDCFFEB0070A0E315B0A0E3080057E181
S31580E13B803800002A943095E5086067E0030056E145
S31580E13B900360A021403095E50A2087E0000053E3E9
S31580E13BA090109505013042E20630830091030300CF
S31580E13BB091020200301095E506308310021801E289
S31580E13BC0000051E32010A0132310A00321C0A0130D
S31580E13BD024C0A003BC10CDE114208DE50500A0E151
S31580E13BE00C108DE20020A0E304308DE500C08DE568
S31580E13BF010B08DE5BBF7FFEB00C09DE504309DE598
S31580E13C00004050E21300001A0420A0E10500A0E183
S31580E13C100C108DE2BCC0CDE114308DE5B1F7FFEB40
S31580E13C20004050E20B00001A2630A0E3BC30CDE123
S31580E13C300231A0E314308DE50420A0E11D30A0E33C
S31580E13C400500A0E10C108DE210308DE5A5F7FFEBC4
S31580E13C50004050E20500000A38009FE5D5DBFFEB26
S31580E13C60000054E30100000A0740A0E1050000EAF4
S31580E13C700500A0E1FA1FA0E3D9F7FFEB067087E024
S31580E13C80000050E3BCFFFF0A0400A0E128D08DE2EA
S31580E13C90F08DBDE8F6B3E28053B4E280F04D2DE9D4
S31580E13CA030D04DE201B0A0E10260A0E103A0A0E145
S31580E13CB01DF8FFEB004050E20100001A0000A0E38E
S31580E13CC0480000EA901094E50BF8FFEB000050E322
S31580E13CD0F9FFFF1A0670A0E1603194E5E82094E5EA
S31580E13CE0030057E10750A0310350A0210B8085E006
S31580E13CF0020058E10300009A0810A0E1EC009FE57C
S31580E13D00B8DBFFEB190000EA000055E31700000A73
S31580E13D10010055E31830A0031930A013B431CDE189
S31580E13D20403094E51520A0E3000053E3903094E51C
S31580E13D3018208DE5930B0B0010308DE50400A0E192
S31580E13D400230A0E314108DE204208DE21CB08DE5F3
S31580E13D5004A08DE50C508DE508308DE561F7FFEB2C
S31580E13D6000B050E20300000A84009FE59DDBFFEB93
S31580E13D7000C0A0E3130000EA010055E30B00000A4E
S31580E13D800C30A0E3B431CDE10400A0E11D30A0E325
S31580E13D9014108DE20B20A0E11CB08DE518308DE585
S31580E13DA050F7FFEB000050E348009F15EEFFFF1A46
S31580E13DB00400A0E1FA1FA0E389F7FFEB000050E3DE
S31580E13DC0EAFFFF1A05C0A0E105005CE1BAFFFF1A30
S31580E13DD0903094E50C7057E093AC2AE008B0A0E10E
S31580E13DE0BCFFFF1A0600A0E130D08DE2F08DBDE880
S31580E13DF0BFAEE28065B4E280EBAEE280143090E55E
S31580E13E0010402DE9000053E30040A0E10300001AD1
S31580E13E1060009FE560109FE51420A0E371DBFFEB76
S31580E13E2058109FE50020A0E3023191E7000053E3BB
S31580E13E300900001A200094E540109FE5000050E358
S31580E13E40024181E7AC3084E5282084E50700001A49
S31580E13E50303094E5203084E51080BDE8012082E2AF
S31580E13E60200052E3EFFFFF1A0100A0E31080BDE8D6
S31580E13E700300A0E11080BDE877B4E2808DB4E280F2
S31580E13E80AC4DE38070402DE95C609FE50050A0E198
S31580E13E900040A0E3043196E7000053E30A00000AFC
S31580E13EA00500A0E1241093E5362D00EB000050E3F8
S31580E13EB00500001A30309FE5040193E7000050E3E6
S31580E13EC00500001A1200E0E37080BDE8014084E25B
S31580E13ED0200054E3EEFFFF1AF9FFFFEAAC3090E5EC
S31580E13EE0013083E2AC3080E57080BDE8AC4DE380A3
S31580E13EF0F7402DE924409DE501C0A0E1000054E3AF
S31580E13F000360A0E10130A0130330A00300308DE50A
S31580E13F108211A0E10030A0E30C20A0E10070A0E1D5
S31580E13F2020509DE5220D00EB000050E30A00001AC7
S31580E13F30000054E30800000A0230A0E320308DE55A
S31580E13F400700A0E18411A0E10620A0E10530A0E10F
S31580E13F500CD08DE2F040BDE8150D00EA0CD08DE283
S31580E13F60F080BDE807402DE900308DE510309DE514
S31580E13F7004308DE50030A0E3DCFFFFEB0CD08DE271
S31580E13F8004F09DE41F402DE902E0A0E110C08DE23E
S31580E13F9001106CE50120A0E300308DE50C10A0E175
S31580E13FA00E30A0E1EEFFFFEB14D08DE204F09DE44C
S31580E13FB007402DE900C0A0E300C08DE510C09DE576
S31580E13FC004C08DE5C9FFFFEB0CD08DE204F09DE4E2
S31580E13FD0F04D2DE900C0A0E328D04DE20CC08DE57F
S31580E13FE0D60A00EB005050E20300001A0C069FE56A
S31580E13FF0FCDAFFEB0560A0E17D0100EA400B00EB16
S31580E14000001050E20200000AF4059FE5F5DAFFEBC5
S31580E14010BF0000EA0500A0E19F10A0E310208DE239
S31580E140200530A0E3D6FFFFEB000050E3D4059F15F2
S31580E14030B400001A1230DDE51140DDE51370DDE5EF
S31580E14040044483E1C0A59FE51430DDE5BCB59FE579
S31580E14050077483E10060A0E15A30A0E30A80A0E121
S31580E140601830CDE51900CDE51A00CDE51B00CDE58B
S31580E140701C00CDE504309AE51020DDE5230852E108
S31580E140801A00001A0328A0E1220854E11700001A59
S31580E140900B0053E10D00001A0730A0E300308DE5F7
S31580E140A00500A0E118108DE20520A0E320308DE225
S31580E140B0ABFFFFEB000050E354059F159100001A1A
S31580E140C02000DDE5530050E35300A0030000A01378
S31580E140D0B830DAE1000053E30100000A070053E15A
S31580E140E00200001A18309AE5000053E10B00000A3D
S31580E140F0016086E24C0056E31CA08AE2DCFFFF1AEF
S31580E1410010059FE5B7DAFFEB1010DDE50420A0E1AD
S31580E141100730A0E100059FE5B2DAFFEB7A0000EA1D
S31580E141205C00A0E396DCFFEB1CB0A0E3960B0BE012
S31580E141300BA088E0004050E27300000A0010A0E383
S31580E141405C20A0E3182D00EBBC349FE5CC149FE501
S31580E141500B3093E7043084E50C3095E54C3084E50B
S31580E14160103095E54430C4E514309AE5483084E56D
S31580E1417004209AE50030A0E3005084E5082084E538
S31580E1418003C081E0183083E2030081E0180010E586
S31580E14190020050E16200001A0F00BCE824E084E2EC
S31580E141A00F00AEE803009CE80430A0E303008EE84C
S31580E141B04430C4E568349FE5543084E564349FE552
S31580E141C0583084E560349FE5503084E51C30A0E3C7
S31580E141D0968323E04D0C57E30C1093E5102093E58D
S31580E141E0143093E5910202E0027CA003017CA013E6
S31580E141F0020013E32030A0132030C415107084E54B
S31580E14200141084E50C2084E5013AA0134700000AE6
S31580E14210183084E50530A0E31F30C4E5010452E39C
S31580E142200030A0E30B30CDE54900008A1E30C4E5BD
S31580E142300B30A0E33F30C4E52030A0E34130C4E554
S31580E142404330C4E54030C4E54230C4E50130A0E303
S31580E142503C30C4E54430D4E50220A0E3020013E318
S31580E142603E20C4E54C00001A043013E26500001AD2
S31580E14270B8239FE5001092E5000051E38500000A2E
S31580E14280AC039FE5AC339FE5243080E50630A0E3BF
S31580E142900C2094E50030C0E5103094E5143080E5DB
S31580E142A00030A0E3F820C0E10070A0E3183094E587
S31580E142B0103080E5347080E5CFFEFFEB0400A0E1AD
S31580E142C0200100EB070054E10460A0E10E00000A42
S31580E142D00C3094E5010453E3C300009A58039FE54B
S31580E142E034DAFFEB483094E5020913E3BE00000AB5
S31580E142F00400A0E120108DE27D0200EB070050E191
S31580E1430038039FB5820000AA36DAFFEB0500A0E10B
S31580E143107D0A00EB0500A0E1720A00EB0060A0E3F4
S31580E14320B30000EA2A0E53E394FFFF1A99FFFFEAEE
S31580E14330040013E32730E0032030C4051810840518
S31580E14340B3FFFF0A5230A0E32030C4E50239A0E38F
S31580E14350AEFFFFEA1030DDE50120A0E3010053E383
S31580E143601630A003C830A0131C30C4E51730A00373
S31580E14370C530A0131D30C4E50400A0E100208DE521
S31580E143801C1084E20B308DE2420200EB000050E328
S31580E14390DDFFFF1A0B30DDE5A3FFFFEA14209AE586
S31580E143A0200012E33B20A0133F20C4154020A01338
S31580E143B04120C4150500001A100012E34420E013E1
S31580E143C03F20C4154020A0134120C4154320C415C5
S31580E143D014209AE5020C12E31220A0133E20C415A4
S31580E143E04020A0134020C4159EFFFF1A010C12E362
S31580E143F01820A0133E20C4154020A0134020C415E8
S31580E144004220C41597FFFFEA14209AE5800012E363
S31580E144100600000A6B20A0E33F20C4E57F20E0E3AD
S31580E144204120C4E52020A0E34320C4E5080000EA5A
S31580E14430400012E30600000A1420E0E33F20C4E5D1
S31580E144407F20E0E34120C4E54320C4E50320A0E3E7
S31580E144503C20C4E514209AE5020B12E30500000A2C
S31580E144603220A0E33E20C4E57F20E0E34020C4E59E
S31580E144702020A0E3050000EA010B12E37BFFFF0A9F
S31580E144803820A0E33E20C4E57F20E0E34020C4E578
S31580E144904220C4E575FFFFEA0110A0E3000053E383
S31580E144A0001082E51000000A1C30A0E3968323E029
S31580E144B0143093E5C30E13E30B00000A020813E3FD
S31580E144C06EFFFF1A0400A0E1AC0000EB000050E3B0
S31580E144D06AFFFF0A4430D4E564019FE50430C3E313
S31580E144E04430C4E5BFD9FFEB64FFFFEA1C30A0E3AB
S31580E144F0938626E0143096E5C30E13E35FFFFF0A49
S31580E14500020813E35DFFFF1A0400A0E19B0000EBC4
S31580E145105AFFFFEA303094E520209DE52336A0E17D
S31580E14520FF3003E20140A0E3143312E02C00000ADD
S31580E1453010019FE5ABD9FFEB301096E520309DE584
S31580E145402116A0E1FF1001E21411C3E11130A0E3CD
S31580E1455020108DE52118A0E11830CDE5FF1001E2AC
S31580E145600230A0E30C108DE500308DE50600A0E178
S31580E1457018108DE20420A0E10C308DE2960000EB6C
S31580E14580000050E3010000AABC009FE55DFFFFEA61
S31580E145906630A0E31830CDE500708DE50600A0E138
S31580E145A018108DE20420A0E10730A0E18A0000EB3B
S31580E145B0000050E3F3FFFFBA6630E0E31830CDE563
S31580E145C000708DE50600A0E118108DE20420A0E1DF
S31580E145D00730A0E1800000EB000050E3020000AA72
S31580E145E0E8FFFFEA64009FE57ED9FFEB0500A0E1E5
S31580E145F0C50900EB0600A0E128D08DE2F08DBDE88B
S31580E146002BB6E28047B6E28068B6E2800047E28078
S31580E146101740C80083B6E280B9B7E280D5B7E280B9
S31580E1462060FFE280B84EE180204AE1802450E1805B
S31580E146302C4EE380304EE380D6B6E280DBB6E28074
S31580E146400CB7E280A0B6E2802EB7E2806EB7E28058
S31580E1465091B7E28010402DE90040A0E1000090E5AD
S31580E14660A00900EB0400A0E11040BDE8B7DAFFEA5B
S31580E14670FF412DE9006090E51F30D0E510208DE205
S31580E14680013062E50130A0E300308DE50050A0E124
S31580E146900170A0E10600A0E10810A0E30030A0E3EC
S31580E146A0430B00EB004050E20400A0112300001A06
S31580E146B059AFFFEB0080A0E100408DE50600A0E167
S31580E146C00810A0E30020A0E30E308DE2380B00EB6A
S31580E146D0000050E31800001A2A30D5E50E20DDE50A
S31580E146E00F3003E25233A0E1010013E30D00001A1B
S31580E146F00010A0E30230A0E300308DE50600A0E1E2
S31580E147000130A0E10120A0E1290B00EB2A00D5E5EB
S31580E147100E30DDE50F0000E25300A0E1010010E27A
S31580E147200000E013050000EA0800A0E13AAFFFEBE4
S31580E14730070050E1DFFFFF3AECFFFFEA0000E0E32C
S31580E1474010D08DE2F081BDE837402DE97D1EA0E3F2
S31580E147500050A0E1C5FFFFEB004050E20F00E013FF
S31580E147600400001A343095E50500A0E104108DE2DD
S31580E1477033FF2FE10400A0E10CD08DE23080BDE86B
S31580E1478037402DE97D1EA0E30040A0E1B7FFFFEBB6
S31580E14790005050E20F00E0130D00001A343094E52A
S31580E147A004108DE20400A0E133FF2FE12E10D4E561
S31580E147B004309DE50120A0E32112A0E1121183E1FD
S31580E147C00400A0E104108DE5383094E533FF2FE154
S31580E147D00500A0E10CD08DE23080BDE8F7452DE9FA
S31580E147E0005090E5000053E30060A0E10500A0E100
S31580E147F00280A0E101A0A0E10370A0E174409FE501
S31580E148007D4EA0133E0900EB002050E20200A0118C
S31580E148101600001A000096E50610A0E30230A0E13A
S31580E14820D7FDFFEB000050E3100000BA28309DE58C
S31580E1483000308DE50500A0E10A10A0E10820A0E1A5
S31580E148400730A0E1D9FDFFEB000050E3070000BA95
S31580E148500410A0E10600A0E184FFFFEB004050E2F6
S31580E14860010000BA0500A0E1270900EB0400A0E100
S31580E148700CD08DE2F085BDE8881300007F402DE9FC
S31580E148800140A0E30F10CDE50150A0E100408DE5A8
S31580E148900E108DE20420A0E10F308DE20060A0E1F0
S31580E148A00E40CDE5CCFFFFEB000050E30E0000BAF1
S31580E148B0483096E5013A13E20300A0010A00000AB6
S31580E148C03130A0E30E30CDE52554A0E100408DE501
S31580E148D00600A0E10E108DE20420A0E10F308DE20A
S31580E148E00F50CDE5BCFFFFEBC00F00E010D08DE2AD
S31580E148F07080BDE870402DE90030A0E318D04DE22C
S31580E1490014308DE5483090E50140A0E3020A13E3D7
S31580E149100060A0E10C108DE51340CDE50700001A9B
S31580E14920010A13E30230A0130430A00100308DE5C3
S31580E1493013108DE20420A0E10C308DE21E0000EA26
S31580E14940FF1001E218508DE2041025E50420A0E174
S31580E1495000408DE513108DE20530A0E19EFFFFEB6F
S31580E14960000050E3160000BA3130A0E31330CDE504
S31580E149700D30DDE514308DE500408DE50600A0E1E2
S31580E1498013108DE20420A0E10530A0E192FFFFEB58
S31580E14990000050E30A0000BA1130A0E31330CDE500
S31580E149A00E30DDE514308DE50600A0E113108DE2D1
S31580E149B00420A0E10530A0E100408DE586FFFFEB14
S31580E149C0C00F00E018D08DE27080BDE810402DE97F
S31580E149D01E30D0E518D04DE2010053E10040A0E160
S31580E149E00F10CDE50A00000A1D30D0E518108DE2E2
S31580E149F00120A0E3013061E500208DE50F308DE2F5
S31580E14A0075FFFFEB000050E3020000BA0F30DDE5F1
S31580E14A101E30C4E50000A0E318D08DE21080BDE829
S31580E14A20F04D2DE928D04DE2023081E00C008DE594
S31580E14A300000A0E30240A0E10180A0E118308DE50D
S31580E14A4075AEFFEB020A54E32436A0210130A03390
S31580E14A5010308DE50C309DE514008DE5000093E581
S31580E14A60290800EB0C309DE50800A0E1185093E59C
S31580E14A700510A0E1853C00EB000051E38000001ABF
S31580E14A800400A0E10510A0E1803C00EB000051E3C9
S31580E14A907B00001A010854E31D00003A0838A0E1C2
S31580E14AA02338B0E10E00000A012863E22256A0E134
S31580E14AB0022AB0E1012844E2033082E00328A0E142
S31580E14AC00150851222C8B0E12368A0E10CA0A001C3
S31580E14AD01600000A22AEA0E1033AB0E101A08A12F3
S31580E14AE0120000EA0428A0E122C8B0E10CA0A001EE
S31580E14AF02468A0E10A50A0010C00000A045AA0E152
S31580E14B00255AB0E122AEA0E101A08A120350A0119C
S31580E14B10060000EA043AA0E1233AB0E124A6A0E146
S31580E14B2001A08A120160A0110360A0010650A0E1F4
S31580E14B300000A0E338AEFFEB0870A0E100B0A0E191
S31580E14B400000E0E3000054E34E00000A0B00A0E120
S31580E14B5031AEFFEB640050E31D00009A18309DE50D
S31580E14B6010109DE5030067E01E3C00EB07B068E0AE
S31580E14B70643060E21C308DE510319FE514009DE5DF
S31580E14B8003005BE10500009A23AEFFEB2015A0E16F
S31580E14B90010051E30B00A0E10110A033040000EA1B
S31580E14BA01DAEFFEB010050E30010A0210110A03300
S31580E14BB00B05A0E10B3C00EB1C109DE50020A0E17C
S31580E14BC0CC009FE507D8FFEB0000A0E312AEFFEB38
S31580E14BD000B0A0E10C009DE5271CA0E17AFFFFEB88
S31580E14BE0000050E3270000BA000055E30100000A07
S31580E14BF02030A0E3020000EA000056E30200000A4A
S31580E14C002730E0E32430CDE5010000EA00005AE3F5
S31580E14C10F6FFFF1A2738A0E12530CDE52734A0E15C
S31580E14C202630CDE50030A0E300308DE50C009DE532
S31580E14C3024108DE20420A0E32770CDE5E6FEFFEBAC
S31580E14C40000050E30F0000BA000055E3017A8712B5
S31580E14C50014A441201504512B9FFFF1A000056E39A
S31580E14C60017887120148441201604612B4FFFF1AA7
S31580E14C7000005AE3017A8712014A441201A04A12DE
S31580E14C80AFFFFFEA0000E0E328D08DE2F08DBDE8DA
S31580E14C90FEFF3F0035C1E280F7402DE9005090E507
S31580E14CA00170A0E10500A0E10260A0E10340A0E17E
S31580E14CB0130800EB000050E30B00001A20309DE55D
S31580E14CC000308DE50500A0E10430A0E10710A0E108
S31580E14CD00620A0E1A2FCFFEB004050E2010000BA11
S31580E14CE00500A0E1080800EB0400A0E10CD08DE20C
S31580E14CF0F080BDE8F0402DE914D04DE210508DE210
S31580E14D000530A0E30170A0E3023065E50140A0E152
S31580E14D1000708DE50510A0E10720A0E10F308DE25E
S31580E14D200060A0E1DBFFFFEB000050E3240000BA66
S31580E14D300F30DDE5003084E5483096E5010A13E37E
S31580E14D400D00000A3530A0E30E30CDE500708DE52B
S31580E14D500600A0E10510A0E10720A0E10F308DE279
S31580E14D60CCFFFFEB000050E3150000BA003094E57C
S31580E14D700F20DDE5023483E1003084E5483096E5B5
S31580E14D80020A13E30D00000A1530A0E30120A0E337
S31580E14D900E30CDE500208DE50600A0E10510A0E10D
S31580E14DA00F308DE2BBFFFFEB000050E3040000BA59
S31580E14DB0003094E50F20DDE5023883E1003084E5BB
S31580E14DC0000094E514D08DE2F080BDE8FF4D2DE939
S31580E14DD0005090E5000053E3D4609FE50040A0E1F8
S31580E14DE07D6EA0130500A0E10C608DE501A0A0E138
S31580E14DF002B0A0E130709DE50380A0E1C00700EB41
S31580E14E00006050E20600A0112700001A000094E538
S31580E14E100610A0E30620A0E10630A0E158FCFFEBF6
S31580E14E20000050E3200000BA000057E34230D4E5A9
S31580E14E300120A0130320A003033082E100308DE539
S31580E14E400500A0E18B11A0E10A20A0E10630A0E1F6
S31580E14E50570900EB000057E3100F6FE1A002A0E1D4
S31580E14E600000A003000050E30700000A4030D4E5CB
S31580E14E700500A0E1023083E300308DE58711A0E1F2
S31580E14E800820A0E10630A0E1490900EB0400A0E199
S31580E14E900C109DE5F5FDFFEB004050E2010000BA04
S31580E14EA00500A0E1980700EB0400A0E110D08DE2B7
S31580E14EB0F08DBDE888130000F04D2DE918D04DE264
S31580E14EC000B0A0E10C308DE510A090E53E30D0E554
S31580E14ED018708DE20150A0E10280A0E10000E0E3DC
S31580E14EE00060A0E3043067E5080056E12200002A6D
S31580E14EF00B00A0E1251CA0E1B3FEFFEB000050E32F
S31580E14F001D0000BA0500A0E10A10A0E15F3B00EBBD
S31580E14F10083066E00A1061E0030051E10340A02118
S31580E14F2000309BE50140A031083093E5000053E372
S31580E14F300100000A030054E10340A0212538A0E1E5
S31580E14F401530CDE52534A0E11630CDE50C309DE573
S31580E14F5000408DE50B00A0E10710A0E10420A0E36D
S31580E14F60063083E01750CDE597FFFFEB000050E375
S31580E14F70045085A0046086A0DAFFFFAA18D08DE2EE
S31580E14F80F08DBDE8F34D2DE9005090E50080A0E17C
S31580E14F900500A0E101A0A0E102B0A0E10370A0E1DB
S31580E14FA028609DE5560700EB004050E21900001AA3
S31580E14FB0000056E34330D8E50120A0130320A00387
S31580E14FC0033082E100308DE50500A0E10430A0E107
S31580E14FD08B11A0E10A20A0E1F50800EB004050E248
S31580E14FE00A00001A000056E30800000A4120D8E5CD
S31580E14FF00500A0E1022082E300208DE58611A0E193
S31580E150000420A0E10730A0E1E90800EB0040A0E13F
S31580E150100500A0E13C0700EB0400A0E108D08DE2A9
S31580E15020F08DBDE8F0452DE90380A0E14C3090E5B7
S31580E1503014D04DE2000053E30050A0E10160A0E10D
S31580E1504002A0A0E11400000A0010A0E30830A0E36A
S31580E1505000308DE50120A0E10130A0E1000090E57E
S31580E15060D30800EB4C1095E50A20A0E1061081E01B
S31580E150700800A0E1632900EB0010A0E31030A0E373
S31580E1508000308DE5000095E50120A0E10130A0E149
S31580E15090C70800EB0000A0E3260000EA3C70D0E5FB
S31580E150A03F20D0E5047087E2FF7007E20000E0E38D
S31580E150B00820CDE50C30CDE50D30CDE50E30CDE5E2
S31580E150C00F30CDE500005AE31A00000A264CA0E134
S31580E150D00500A0E10410A0E13BFEFFEB000050E3F8
S31580E150E01400001A014084E2044CA0E1044066E029
S31580E150F00A0054E12638A0E10A40A0210930CDE535
S31580E151002634A0E10A30CDE500408DE50500A0E139
S31580E1511008108DE20720A0E10830A0E10B60CDE523
S31580E1512097FFFFEB000050E3046086A00AA064A02D
S31580E15130048088A0E2FFFFAA14D08DE2F085BDE865
S31580E151400223A0E11F2D02E2811DA0E1052082E379
S31580E15150212882E130109FE510C080E2102080E5B1
S31580E1516000209CE5012012E20300000A011051E2D1
S31580E15170FAFFFF1A0100E0E31EFF2FE1141090E52C
S31580E15180B010C3E10200A0E11EFF2FE1102700006D
S31580E151900223A0E11F2D02E2072082E3811DA0E127
S31580E151A0143080E5211882E120309FE5102080E2ED
S31580E151B0101080E5000092E5010010E21EFF2F014C
S31580E151C0013053E2FAFFFF1A0100E0E31EFF2FE10F
S31580E151D01027000037402DE90050A0E10040A0E310
S31580E151E0081095E50420A0E104308DE2000090E509
S31580E151F0B640CDE1D1FFFFEBB430DDE1000095E5CE
S31580E15200023983E3081095E50420A0E1B430CDE1CD
S31580E15210DEFFFFEB1900A0E3662900EB000095E5D0
S31580E15220081095E50020A0E306308DE2C3FFFFEB91
S31580E15230000050E30800001AF630DDE1000053E398
S31580E15240020000BA30009FE566D6FFEB040000EA73
S31580E152500500A0E3572900EB014084E2C70054E34F
S31580E15260EDFFFF9AC80054E30100001A0C009FE5A8
S31580E152705CD6FFEB0CD08DE23080BDE851C1E28097
S31580E1528068C1E2803C3090E5F0412DE9007093E51C
S31580E15290018A87E23C5098E5083085E2036197E729
S31580E152A0003096E5000053E3120000BA4C009FE51A
S31580E152B0030000E02008A0E1044040E20410A0E100
S31580E152C0080096E5253200EB043096E5020413E307
S31580E152D0015085020050A0130231A0E33C5088E5DD
S31580E152E0003086E5043097E50020A0E3082083E5D9
S31580E152F00400A0E1F081BDE80000E0E3F081BDE8D3
S31580E153000000FF3F000050E30900001A0233A0E3EA
S31580E153105C1193E598209FE5031101E2022081E18A
S31580E153205C2183E58C2193E5032A82E38C2183E565
S31580E153301EFF2FE1010050E31EFF2F110233A0E390
S31580E15340702193E53F24C2E3122482E3702183E551
S31580E15350741193E55C209FE5FF1401E2022081E16F
S31580E15360742183E5982193E50226E0E12226E0E1B6
S31580E15370982183E59C2193E5FF2082E39C2183E5C7
S31580E15380E82193E53F2382E3E82183E5EC2193E578
S31580E153900F2082E3EC2183E5242293E53F2382E318
S31580E153A0242283E5282293E50F2082E3282283E5E0
S31580E153B01EFF2FE149922409922449003C3090E571
S31580E153C0F0412DE9000093E50250A0E1017A80E207
S31580E153D0343097E5823F83E2033190E704C093E579
S31580E153E0FF24CCE30325D2E30900001A0EC28CE345
S31580E153F085EAA0E1AECA8CE10C2083E5142083E541
S31580E154000221A0E304C083E5081083E5101083E55B
S31580E15410002083E5043090E50020A0E3042083E5C5
S31580E15420346097E570809FE5823F86E2034190E7AD
S31580E15430003094E5000053E3080000AA018058E2B9
S31580E154400300001A54009FE5E6D5FFEB6D00E0E32B
S31580E15450F081BDE80100A0E3CA2800EBF3FFFFEA93
S31580E15460043094E50500A0E1020413E301608602BD
S31580E154700060A013346087E5042094E50030A0E362
S31580E15480022402E2003084E50C0084E90C3084E5F4
S31580E15490103084E5143084E5F081BDE842420F00A6
S31580E154A084C1E2803C3090E5003093E5001093E5DD
S31580E154B0002091E50820C2E3002081E5001093E514
S31580E154C0002091E50420C2E3002081E5042093E5F4
S31580E154D0182092E5022AC2E3041093E5182081E5BB
S31580E154E0042093E5182092E50220C2E3041093E5B7
S31580E154F0182081E5013A83E20020A0E3342083E5A8
S31580E155003C2083E51EFF2FE13C3090E51520D0E578
S31580E15510001093E51430D0E5023483E1002091E573
S31580E15520403082E51230D0E51320D0E50338A0E1A2
S31580E15530023C83E11020D0E5023083E11120D0E501
S31580E15540023483E1002091E50000A0E3443082E566
S31580E155501EFF2FE170402DE94C5099E518D04DE2C0
S31580E155600010A0E30C20A0E30C008DE20E2800EBF6
S31580E155700500A0E14B1600EB004050E20400000A72
S31580E1558074009FE50410A0E196D5FFEB0000A0E34F
S31580E15590170000EA0500A0E10410A0E10520A0E3E0
S31580E155A05E1E00EB006050E250009FB50D0000BA30
S31580E155B00500A0E10610A0E1491E00EB000050E3E2
S31580E155C00B00000A0330A0E300308DE50500A0E181
S31580E155D00610A0E128209FE50C308DE28A1E00EBC3
S31580E155E010409DE51C009FE50410A0E17DD5FFEB11
S31580E155F00400A0E118D08DE27080BDE896C1E2801A
S31580E15600C2C1E280F4C1E28000C2E28070402DE94D
S31580E156104C5099E518D04DE20010A0E30C20A0E3B0
S31580E156200C008DE2E02700EB0500A0E11D1600EB02
S31580E15630004050E20400000A74009FE50410A0E1F6
S31580E1564068D5FFEB0000A0E3170000EA0500A0E1C2
S31580E156500410A0E10620A0E3301E00EB006050E2DA
S31580E1566050009FB50D0000BA0500A0E10610A0E14B
S31580E156701B1E00EB000050E30B00000A0330A0E3A1
S31580E1568000308DE50500A0E10610A0E128209FE528
S31580E156900C308DE25C1E00EB10409DE51C009FE521
S31580E156A00410A0E14FD5FFEB0400A0E118D08DE214
S31580E156B07080BDE896C1E280C2C1E280F4C1E28039
S31580E156C000C2E280F3412DE93C5090E50060A0E123
S31580E156D03800D0E5004095E509FFFFEB3830D6E5A7
S31580E156E0000053E30D00A0030200000A010053E32A
S31580E156F00100001A1000A0E3A4AEFFEB002094E5C0
S31580E15700003192E50130C3E3003182E5002094E582
S31580E15710003192E5023083E3003182E5043094E59D
S31580E157200120A0E3002083E5203A9FE5042094E56B
S31580E15730007092E5017017E20600000A013053E23B
S31580E15740F9FFFF1A080A9FE526D5FFEB040A9FE5D4
S31580E15750041A9FE5790200EA1520D6E51430D6E5EC
S31580E15760023483E1002094E5403082E51230D6E5CB
S31580E157701320D6E50338A0E1023C83E11020D6E58B
S31580E15780023083E11120D6E5023483E1002094E5FD
S31580E15790443082E5003094E5203093E50C3084E5B1
S31580E157A0003094E5403093E52324A0E11520C6E559
S31580E157B01430C6E5003094E5443093E5232CA0E12E
S31580E157C01320C6E52328A0E11220C6E51030C6E500
S31580E157D02324A0E10030E0E31120C6E50B30C5E5E6
S31580E157E00C30C5E50D30C5E50E30C5E50F30C5E5B4
S31580E157F01030C5E5003094E5103093E53C30C3E3E5
S31580E15800043083E3002094E5103082E5003094E5AE
S31580E15810103093E53860D6E5015A84E23C3003E204
S31580E15820000056E3503085E51700001A48FFFFEB8C
S31580E15830007050E224099F0524199F0524299F05BC
S31580E158400730A0011900000A45F0FFEB0700A0E14F
S31580E158500110A0E323F0FFEB0110A0E30700A0E134
S31580E1586035F0FFEB0500A0E3D22700EB0610A0E1BF
S31580E158700700A0E1FFEFFFEB1900A0E3CD2700EBE6
S31580E158800700A0E10110A0E31C0000EA010056E355
S31580E158901D00001A5CFFFFEB008050E20700001A52
S31580E158A0B8089FE5B8189FE5BC289FE50830A0E1D8
S31580E158B0CCD4FFEB0400A0E145FEFFEB120000EA49
S31580E158C027F0FFEB0800A0E10610A0E105F0FFEB71
S31580E158D00610A0E10800A0E117F0FFEB0500A0E3C8
S31580E158E0B42700EB0710A0E10800A0E1E1EFFFEBB0
S31580E158F01900A0E3AF2700EB0800A0E10610A0E1C4
S31580E15900DCEFFFEB0500A0E3AA2700EB3C889FE5EF
S31580E159100060A0E3000094E5081094E50020A0E390
S31580E1592006308DE205FEFFEB007050E2F8FFFF1ACC
S31580E15930F630DDE1000053E3080000AA080056E1F5
S31580E159400400009A24089FE5A6D4FFEB20089FE592
S31580E1595020189FE5F90100EA016086E2ECFFFFEAA3
S31580E15960C800A0E3932700EB000094E5081094E5D6
S31580E159700720A0E102308DE2F0FDFFEB000050E36D
S31580E159800200000AF0079FE596D4FFEBEC0100EAFE
S31580E15990081094E5000094E50220A0E304308DE24E
S31580E159A0E6FDFFEB000050E3D0079F15B410DD1153
S31580E159B0E201001A081094E5000094E50320A0E3D3
S31580E159C006308DE2DDFDFFEB007050E2B0079F15FA
S31580E159D0B610DD11D901001AB460DDE1000094E56D
S31580E159E0220056E3081094E50900001A0720A0E199
S31580E159F002308DE2D1FDFFEBB230DDE1000094E5CE
S31580E15A00013A83E3B230CDE1081094E50720A0E1C5
S31580E15A10310000EA000056E32600001AB630DDE1E7
S31580E15A204A0F53E32300001A0620A0E154379FE58D
S31580E15A30D6FDFFEB081094E50620A0E102308DE269
S31580E15A40000094E5BDFDFFEB081094E51E20A0E380
S31580E15A505030A0E3000094E5CCFDFFEB081094E51F
S31580E15A601F20A0E302308DE2000094E5B3FDFFEB59
S31580E15A70B230DDE1081094E5403083E3B230CDE128
S31580E15A801E20A0E35030A0E3000094E5BFFDFFEBCC
S31580E15A90081094E51F20A0E3B230DDE1000094E533
S31580E15AA0BAFDFFEB000094E5081094E51E20A0E323
S31580E15AB00630A0E1080000EA0020A0E302308DE292
S31580E15AC09EFDFFEBB230DDE1000094E5081094E540
S31580E15AD0113C83E30020A0E3B230CDE10060A0E396
S31580E15AE0AAFDFFEB2C6085E54000A0E3031AA0E365
S31580E15AF0DBD7FFEB000050E30200001A88069FE542
S31580E15B0038D4FFEB1D0000EA023CA0E32C3085E5AA
S31580E15B10811E84E20630A0E170E69FE50C1081E209
S31580E15B200320A0E1200884E5100084E50E0053E11E
S31580E15B30013083E202C4A00300C0A013020C53E348
S31580E15B400400A1E504C080E5006080E5082080E5E9
S31580E15B500C2080E5102080E5142080E500C0A0E3DC
S31580E15B60180080E2F0FFFF1A183094E534C085E52D
S31580E15B7030C085E5443085E5403085E520C085E562
S31580E15B80102094E5043094E50060A0E3102083E5DD
S31580E15B904000A0E3286085E5031AA0E3B0D7FFEBD8
S31580E15BA0000050E30200001AE4059FE50DD4FFEB07
S31580E15BB0210000EA023CA0E3D8E59FE5283085E5AF
S31580E15BC00610A0E10630A0E11CC084E20261A0E3F8
S31580E15BD0200084E5140084E5282095E5020053E160
S31580E15BE00E00002A012042E2020053E10224A003D2
S31580E15BF00020A013062C82E30400ACE5042080E5B6
S31580E15C0003219EE7082080E50C1080E5101080E5F1
S31580E15C10141080E5013083E2186080E4EDFFFFEA4D
S31580E15C200030A0E31C2094E53C3085E5383085E5FD
S31580E15C304C2085E5482085E5243085E5142094E5EA
S31580E15C40043094E50C2083E5043094E50C3093E54B
S31580E15C50043094E540259FE5002083E5043094E512
S31580E15C6038259FE5182083E5000094E5081094E542
S31580E15C700120A0E306308DE230FDFFEB000050E32A
S31580E15C802300001AB630DDE1200013E3F5FFFF0AB9
S31580E15C90000094E5081094E50120A0E306308DE24A
S31580E15CA026FDFFEB000050E31900001AB630DDE176
S31580E15CB0046013E20300001AE4049FE5C9D3FFEB15
S31580E15CC0546085E5120000EA0160A0E3546085E551
S31580E15CD0000094E5081094E50620A0E106308DE207
S31580E15CE016FDFFEB000050E30900001AB630DDE156
S31580E15CF0010913E30230A0135C3085155830851510
S31580E15D00A0049F155C6085055860850598049F050C
S31580E15D10B4D3FFEB583095E5020053E3003094E5C8
S31580E15D20002093E56A00001A0225C2E3002083E59C
S31580E15D30002094E5003092E5013583E3003082E589
S31580E15D40002094E5003092E5023683E3003082E577
S31580E15D50002094E5003092E50136C3E3003082E528
S31580E15D60002094E5003092E5023AC3E3003082E513
S31580E15D70002094E5003092E5013AC3E3003082E504
S31580E15D80002094E5003092E5023B83E3003082E532
S31580E15D90002094E5003092E5023CC3E3003082E5E1
S31580E15DA0002094E5003092E58030C3E3003082E55F
S31580E15DB0003094E5003093E56030C3E3002094E55C
S31580E15DC0003082E5002094E5003092E51030C3E3AF
S31580E15DD0003082E5002094E5003092E5083083E3E7
S31580E15DE0003082E5002094E5003092E5043083E3DB
S31580E15DF0003082E55C3095E5030053E3003094E5BD
S31580E15E00002093E50229C20302298213002083E55B
S31580E15E10002094E5043092E50231C3E3043082E563
S31580E15E20003094E5043093E5C030C3E3002094E587
S31580E15E30043082E5002094E5043092E52030C3E326
S31580E15E40043082E5002094E5043092E5023CC3E328
S31580E15E50043082E5002094E5043092E5103083E356
S31580E15E60043082E5003094E5042093E5042083E55F
S31580E15E70002094E5043092E5043083E3043082E542
S31580E15E80002094E5043092E50130C3E3043082E5F5
S31580E15E90002094E5043092E50230C3E3043082E5E4
S31580E15EA0002094E5183092E50830C3E3183082E5A6
S31580E15EB0002094E5183092E5043083E3183082E5DA
S31580E15EC0002094E5183092E5023083E3183082E5CC
S31580E15ED0740000EA0225C2E3002083E5002094E510
S31580E15EE0003092E5013583E3003082E5002094E5D8
S31580E15EF0003092E5023683E3003082E5002094E5C6
S31580E15F00003092E50136C3E3003082E5002094E576
S31580E15F10003092E5023AC3E3003082E5002094E561
S31580E15F20003092E5013AC3E3003082E5002094E552
S31580E15F30003092E5023BC3E3003082E5002094E540
S31580E15F40003092E5023CC3E3003082E5002094E52F
S31580E15F50003092E58030C3E3003082E5003094E59D
S31580E15F60003093E56030C3E3002094E5003082E5BC
S31580E15F70002094E5003092E51030C3E3003082E5FD
S31580E15F80002094E5003092E5083083E3003082E535
S31580E15F90002094E5003092E5043083E3003082E529
S31580E15FA05C3095E5030053E3003094E5002093E50A
S31580E15FB00229C20302298213002083E5002094E5A9
S31580E15FC0043092E50231C3E3043082E5003094E5A2
S31580E15FD0043093E5C030C3E3002094E5043082E5E4
S31580E15FE0002094E5043092E52030C3E3043082E575
S31580E15FF0002094E5043092E5023CC3E3043082E577
S31580E16000002094E5043092E5103083E3043082E5A4
S31580E16010003094E5042093E5042083E5002094E5AF
S31580E16020043092E5043083E3043082E5002094E590
S31580E16030043092E50130C3E3043082E5002094E543
S31580E16040043092E50230C3E3043082E5002094E532
S31580E16050183092E50830C3E3183082E5002094E5F4
S31580E16060183092E5043083E3183082E5002094E528
S31580E16070183092E5023083E3183082E5003094E50A
S31580E1608028219FE5102083E5003094E5143093E5DF
S31580E16090023B83E3002094E5143082E5003094E509
S31580E160A00C219FE5102083E5043094E5183093E5D3
S31580E160B0013583E3033C83E3042094E5183082E5EC
S31580E160C0003094E5182093E5E8309FE5033082E1DE
S31580E160D0002094E5183082E5043094E5142093E5B8
S31580E160E0043094E5142083E5002094E5103192E5AF
S31580E160F00030E0E3103182E5002094E50C1192E571
S31580E161000C3182E5002094E5001292E5003282E5C9
S31580E16110043094E5183093E5023083E3042094E576
S31580E16120183082E5043094E5183093E5023A83E34A
S31580E16130042094E50000A0E3183082E5010000EA3E
S31580E16140A8D2FFEB0000E0E308D08DE2F081BDE864
S31580E16150FFFF0000B5C3E280CFC3E2802157E28032
S31580E161600AC2E280FF56E280B1090000CB09000055
S31580E1617045C2E28066C2E2801357E28081C2E28054
S31580E16180A2C2E280CCC2E28040910000F6C2E28007
S31580E16190FF01000021C3E2808C56E68008200000E2
S31580E161A01C00200158C3E28061C3E2808BC3E28098
S31580E161B0090400000B0400000600FFFFF3412DE90E
S31580E161C00620A0E30070A0E10180A0E10D00A0E13E
S31580E161D0D8119FE50B2500EB000057E30300000A89
S31580E161E0CC019FE57FD2FFEB0100A0E36D0000EAE1
S31580E161F04000A0E362D4FFEB004050E20300001AC6
S31580E16200B0019FE577D2FFEB0400A0E1650000EAEB
S31580E162100710A0E14020A0E3E32400EBCC00A0E35B
S31580E1622057D4FFEB006050E20500001A88019FE534
S31580E162306CD2FFEB0400A0E1C4D3FFEB0600A0E142
S31580E16240580000EA3C6084E570019FE52C4086E5D4
S31580E162500470C6E54AD4FFEB64319FE5000050E364
S31580E16260000083E50050A0E1000086E50600001A03
S31580E1627050019FE55BD2FFEB0400A0E1B3D3FFEBD6
S31580E162800600A0E1B1D3FFEB450000EA38319FE596
S31580E16290203084E534319FE52C3084E530319FE54B
S31580E162A0243084E52C319FE5283084E528319FE54B
S31580E162B028219FE5303084E524119FE50730A0E170
S31580E162C0188084E5387084E50400A0E19B2800EB22
S31580E162D00700A0E10AFCFFEB0233A0E3D02193E5BE
S31580E162E0402082E3D02183E5142093E50125C2E3B2
S31580E162F0142083E5142093E5022582E3142083E5C7
S31580E16300142093E5012282E3142083E5182093E5A6
S31580E16310092082E3182083E5182093E5012C82E3A6
S31580E16320182083E5182093E5022C82E3182083E583
S31580E16330187093E50223A0E3027C17E2FBFFFF1AC4
S31580E163401C3092E5055086E2023AC3E31C3082E5D1
S31580E163500500A0E10D10A0E10620A0E3A92400EB51
S31580E163600510A0E10620A0E3100084E2A52400EB5D
S31580E16370006096E5185094E50600A0E10710A0E1DB
S31580E1638038209FE5882400EB005086E5015A85E2B6
S31580E16390045086E50150A0E3085086E50400A0E1BB
S31580E163A0042C00EB0500A0E108D08DE2F081BDE888
S31580E163B0C454E280E8C3E28006C4E28024C4E28079
S31580E163C068100000E04EE3804AC4E280C456E18072
S31580E163D0A454E180BC53E1808452E1800855E18098
S31580E163E07BC4E28074C4E28038402DE9A0309FE529
S31580E163F0000050E39C409FE50340A0114FA8FFEBCE
S31580E164000233A0E31C2093E50050A0E38020C2E3A1
S31580E164101C2083E5642193E57C109FE53F2DC2E353
S31580E16420642183E5642193E5092D82E3642183E593
S31580E1643068309FE5842093E5032282E3842083E527
S31580E164408C2093E5032882E38C2083E550309FE519
S31580E16450005083E5E33500EB010040E2033280E35F
S31580E16460023683E3003084E50C3094E53F30C3E3C4
S31580E16470013083E30C3084E528309FE5183084E5EC
S31580E164800C3094E5023183E30C3084E50500A0E12C
S31580E164903880BDE8008013200000132000C201008F
S31580E164A000001420E84EE38001001F000000A0E315
S31580E164B0CCFFFFEA0100A0E3CAFFFFEA1EFF2FE15E
S31580E164C01EFF2FE160309FE5000050E35CC09FE551
S31580E164D05C009FE50300A00158309FE510402DE95F
S31580E164E054209FE50CE0A0E10320A0010040A0E359
S31580E164F000309CE5800053E300408C05083090E550
S31580E1650000109EE5A336A0E17F3003E2030051E16E
S31580E16510F6FFFF0A14309FE5010081E2000083E582
S31580E165200200D1E7FF0000E21080BDE80000132001
S31580E16530E84EE380008013208010004880110048F7
S31580E165400000A0E3DEFFFFEA0100A0E3DCFFFFEA53
S31580E165505C209FE5000051E358309FE50210A011D1
S31580E16560022982E20310A0018C3092E5013883E3AF
S31580E165708C3082E540309FE50020A0E3000083E592
S31580E165803C2083E5003091E5013283E30120A0E1FF
S31580E16590043082E4043091E5013883E3103083E30B
S31580E165A0043081E5003092E5020713E3FCFFFF0A40
S31580E165B01EFF2FE100801320000013200010004809
S31580E165C00010A0E3E1FFFFEA0110A0E3DFFFFFEAAD
S31580E165D02C209FE52C309FE5000050E30300A001CD
S31580E165E00200A011083090E51C209FE5A336A0E1CA
S31580E165F0000092E57F3003E2030050E00100A01342
S31580E166001EFF2FE10080132000001320E84EE38077
S31580E166100000A0E3EDFFFFEA0100A0E3EBFFFFEA64
S31580E1662038402DE90040A0E10150A0E10030D4E5F9
S31580E16630000053E30800000A0A0053E30200001A4F
S31580E166400D00A0E30510A0E1C0FFFFEB0100D4E45B
S31580E166500510A0E1BDFFFFEBF3FFFFEA3880BDE85F
S31580E166600010A0E3EDFFFFEA0110A0E3EBFFFFEAF4
S31580E1667000009FE51EFF2FE1B002E38008402DE98F
S31580E166800C009FE5150000EB08009FE50840BDE89A
S31580E16690120000EAB002E380E002E38008402DE9DF
S31580E166A0043099E5010013E30400001AEFFFFFEBE4
S31580E166B0000050E30880BD1814009FE5A92700EB90
S31580E166C010309FE5000093E5000050E30880BD1897
S31580E166D0F5FFFFEA7FC4E280F04EE3801EFF2FE103
S31580E166E00C309FE5002093E52C2080E5000083E5D2
S31580E166F01EFF2FE1EC4EE38080309FE530402DE9AF
S31580E16700004093E544D04DE20C508DE2000054E325
S31580E167101800000A3C20A0E30010A0E304008DE20B
S31580E16720A12300EB0410A0E10500A0E1062300EB24
S31580E167300330A0E304308DE5103094E51C308DE51F
S31580E16740143094E520308DE5243094E524308DE5D0
S31580E16750283094E528308DE51C3094E530308DE5A0
S31580E1676004008DE2203094E52C308DE5DBE5FFEB0E
S31580E167702C4094E5E4FFFFEA44D08DE23080BDE829
S31580E16780EC4EE38038402DE938309FE50050A0E1BA
S31580E16790004093E5000054E30800000A0400A0E10C
S31580E167A00510A0E1F72200EB000050E32C409415A0
S31580E167B0F7FFFF1A10309FE5004083E53880BDE89A
S31580E167C01500E0E33880BDE8EC4EE380F04EE380EF
S31580E167D008402DE9C0FFFFEBBFFFFFEBBEFFFFEBFC
S31580E167E0BDFFFFEBBCFFFFEBBBFFFFEBBAFFFFEBB0
S31580E167F0B9FFFFEBB8FFFFEBB7FFFFEBB6FFFFEBB0
S31580E16800B5FFFFEBB4FFFFEBB3FFFFEBB2FFFFEBAF
S31580E16810B1FFFFEBB0FFFFEBAFFFFFEBAEFFFFEBAF
S31580E16820ADFFFFEBACFFFFEBABFFFFEBAAFFFFEBAF
S31580E16830A9FFFFEBA8FFFFEBA7FFFFEBA6FFFFEBAF
S31580E16840A5FFFFEBA4FFFFEBA3FFFFEBA2FFFFEBAF
S31580E16850A1FFFFEBA0FFFFEB9FFFFFEB9EFFFFEBAF
S31580E168609DFFFFEB9CFFFFEB9BFFFFEB9AFFFFEBAF
S31580E1687099FFFFEB98FFFFEB97FFFFEB96FFFFEBAF
S31580E1688095FFFFEB94FFFFEB93FFFFEB92FFFFEBAF
S31580E1689091FFFFEB78FFFFEB74FFFFEB0840BDE86C
S31580E168A0B7FFFFEA10402DE97BFFFFEB1040BDE823
S31580E168B0103090E513FF2FE110402DE976FFFFEBD5
S31580E168C01040BDE8183090E513FF2FE1010052E357
S31580E168D038402DE90240A0E11D00000A0350A0E105
S31580E168E00100003A020052E31C00001A0100A0E117
S31580E168F00A20A0E30010A0E3822600EB083099E5A8
S31580E169000040A0E1000053E11400000A960D50E337
S31580E169101400000A4B0C50E31200000A960C50E377
S31580E169201000000AE10C50E30E00000A74309FE586
S31580E16930030050E10B00000A020015E30200001A91
S31580E1694064009FE50410A0E1A6D0FFEB0100A0E37F
S31580E169503880BDE854009FE5A2D0FFEBFAFFFFEA5D
S31580E169600000A0E33880BDE8045015E20400000A87
S31580E169703C009FE50410A0E19AD0FFEB34009FE54F
S31580E16980802300EB084089E5CAFFFFEB24009FE501
S31580E169907C2300EB000055E3F0FFFF0A67D0FFEBB5
S31580E169A00D0050E3FBFFFFEA00C2010094C4E280E0
S31580E169B0B6C4E2805470E28050C3000010402DE9F5
S31580E169C035FFFFEB1040BDE81C3090E513FF2FE16A
S31580E169D010402DE930FFFFEB1040BDE8203090E517
S31580E169E013FF2FE110402DE90040A0E12AFFFFEBE4
S31580E169F0243090E50400A0E11040BDE813FF2FE1CB
S31580E16A0010402DE90040A0E123FFFFEB283090E51F
S31580E16A100400A0E11040BDE813FF2FE1F0412DE92C
S31580E16A200050A0E10100A0E10160A0E10280A0E1C7
S31580E16A300370A0E152D2FFEB004050E20500000A6C
S31580E16A400010A0E30620A0E1D72200EB051084E048
S31580E16A50058084E7047081E50400A0E1F081BDE86A
S31580E16A60302090E52C3090E504E02DE5033062E0BE
S31580E16A70040053E30430A0A30020A0E3030052E125
S31580E16A8030C090E5060000AA38E090E50CC08EE0C3
S31580E16A9082E1A0E131EEA0E102E0CCE7012082E2F1
S31580E16AA0F5FFFFEA03308CE0303080E504F09DE4C9
S31580E16AB0003090E5003093E5010051E30230C303F5
S31580E16AC0013083030500000A020051E30330C3036A
S31580E16AD00200000A000051E30130C3030230830360
S31580E16AE0800012E30338C3E30228A0130200001AF0
S31580E16AF0400012E30128A0130020A003033082E1C5
S31580E16B00002090E5003082E51EFF2FE1003090E520
S31580E16B10000053E31EFF2F110223A0E3603192E5CB
S31580E16B20923CC3E34930C3E3603182E5603192E56B
S31580E16B30923C83E3493083E3603182E51EFF2FE1B6
S31580E16B40010050E3F8452DE90040A0E10300009AF9
S31580E16B500410A0E174019FE522D0FFEB060000EA74
S31580E16B600260A0E168219FE5020056E10400009AF7
S31580E16B7060019FE50610A0E11AD0FFEB0060A0E37B
S31580E16B80500000EA01C0A0E10370A0E10000A0E3AB
S31580E16B903C10A0E30420A0E10C30A0E19EFFFFEBD6
S31580E16BA0005050E20200001A2C019FE50DD0FFEB68
S31580E16BB0F1FFFFEA24319FE5000095E5043193E793
S31580E16BC0143085E50030A0E3030050E11C3085E513
S31580E16BD0186085E5207085E50500A0030600A01311
S31580E16BE06AA9FFEB003095E50243A0E3000053E399
S31580E16BF02020A0034020A0131C3094E50230C3E19D
S31580E16C001C3084E50500A0E1BFFFFFEB188095E528
S31580E16C1032A6FFEB8810A0E10560A0E100A0A0E12B
S31580E16C20F03300EB010040E2FF0050E30050A03179
S31580E16C30FF50A023017085E20A00A0E18710A0E160
S31580E16C40E83300EB1C0086E5003194E5080050E16D
S31580E16C50FF3FC3E30330C3E3023183E3003184E5DD
S31580E16C60000194E50750A011FF0FC0E30300C0E3E4
S31580E16C70020C80E3050080E1000184E5002194E5D2
S31580E16C800233A0E3020C12E3FBFFFF1A002193E536
S31580E16C90012C82E3002183E5002193E50221C2E311
S31580E16CA0002183E538309FE55220A0E3002083E58B
S31580E16CB0242093E5012082E3242083E5242093E5C3
S31580E16CC0010012E3FCFFFF0A0600A0E1F885BDE8BA
S31580E16CD0D6C4E2804059730710C5E2805CC5E28084
S31580E16CE0F846E2800000122018D1FFEA143090E5E0
S31580E16CF0003093E5203083E3142090E5003082E58F
S31580E16D001EFF2FE10000A0E31EFF2FE11EFF2FE112
S31580E16D10F0412DE9382080E50170A0E10040A0E155
S31580E16D200110A0E3140080E20320A0E15FFFFFEB06
S31580E16D3028819FE50760A0E1000056E33F00000A55
S31580E16D40020A56E30050A0E30630A031023AA023BE
S31580E16D50305084E52C3084E5142094E50C3082E5CE
S31580E16D60143094E5043093E5010C13E31500000A31
S31580E16D70200013E30400000A143094E51C1093E527
S31580E16D800400A0E135FFFFEB010000EA400013E3D8
S31580E16D900300000A143094E51C1093E50400A0E199
S31580E16DA02EFFFFEB2C2094E5303094E5030052E191
S31580E16DB01100000A143094E51C1093E50400A0E16B
S31580E16DC026FFFFEB0C0000EA400013E30600000A11
S31580E16DD0143094E51C1093E50400A0E11FFFFFEB5E
S31580E16DE00530A0E10350A0E1DCFFFFEA080055E1B0
S31580E16DF0013085E2FAFFFF9A050000EA2C2094E54E
S31580E16E00303094E5030052E10100000A50009FE52D
S31580E16E1074CFFFEB305094E5000055E3020000AA01
S31580E16E2040009FE56FCFFFEB0A0000EA383094E53A
S31580E16E30066065E0053083E0383084E5BDFFFFEA32
S31580E16E40143094E5003093E50338C3E3142094E5E8
S31580E16E500750A0E1003082E50500A0E1F081BDE8C0
S31580E16E608096980087C5E2809EC5E280F0412DE953
S31580E16E70342080E50160A0E10040A0E10010A0E3BC
S31580E16E80140080E20320A0E108FFFFEB48719FE553
S31580E16E900680A0E1000058E34700000A020A58E3B1
S31580E16EA00030A0E30820A031022AA023303084E517
S31580E16EB02C2084E5141094E50C2081E52C1094E5D2
S31580E16EC0302094E5020051E12300000A142094E584
S31580E16ED0042092E5040012E31500000A300094E5EF
S31580E16EE02C2094E50010A0E3022060E0040052E348
S31580E16EF00420A0A301C0A0E1020051E1060000AA9E
S31580E16F0034E094E500E08EE00150DEE781E1A0E146
S31580E16F1015CE8CE1011081E2F6FFFFEA022080E0E6
S31580E16F20302084E5142094E518C082E50320A0E1B1
S31580E16F30030000EA070053E1012083E29C009F857C
S31580E16F401100008A0230A0E1DBFFFFEA070053E18E
S31580E16F50012083E20500008A0230A0E1142094E555
S31580E16F60042092E5010C12E3F7FFFF0A010000EA33
S31580E16F706C009FE5040000EA2C2094E5303094E52E
S31580E16F80030052E10100000A58009FE515CFFFEBAF
S31580E16F90305094E5000055E3020000AA48009FE5E1
S31580E16FA010CFFFEB0A0000EA343094E5088065E013
S31580E16FB0053083E0343084E5B5FFFFEA143094E5AB
S31580E16FC0003093E50338C3E3142094E50650A0E14D
S31580E16FD0003082E50500A0E1F081BDE88096980069
S31580E16FE0BFC5E280DBC5E28001C6E2809EC5E28064
S31580E16FF073402DE90050A0E10240A0E10100A0E14B
S31580E17000143095E5C0109FE5101083E5143095E5C1
S31580E17010FF0052E30C2083E5283095E50300009AD2
S31580E17020030010E30100001A3F1012E20400000A97
S31580E17030FF1003E20420A0E10130A0E335A6FFEBD7
S31580E17040090000EAFF3003E200108DE50310A0E1BC
S31580E170500130A0E373A6FFEB2800D5E549A7FFEB56
S31580E17060000050E364009F050C00000A60609FE524
S31580E17070143095E50C3093E5000053E30400000AF3
S31580E170800100A0E3BF2100EB016056E2F7FFFF2A92
S31580E17090050000EA000056E30300001A34009FE58C
S31580E170A034109FE5CFCEFFEB1540E0E3143095E554
S31580E170B00020A0E32800D5E5102083E5E4A6FFEBD8
S31580E170C00400A0E108D08DE27080BDE801000100F6
S31580E170D019C6E2808096980040C6E2807F55E280BC
S31580E170E0F7452DE90050A0E10170A0E10240A0E161
S31580E170F0143090E524119FE5141083E5143090E572
S31580E17100FF0052E30C2083E53F6002E20300009A30
S31580E17110030017E30100001A000056E32000000A8D
S31580E1712024A3B0E10400000A0700A0E12410D5E51C
S31580E171300A23A0E10030A0E3F6A5FFEB000056E3C9
S31580E171402000000AD8809FE5143095E50C3093E560
S31580E17150000053E30400000A0100A0E3892100EB6B
S31580E17160018058E2F7FFFF2A050000EA000058E3B4
S31580E171700300001AAC109FE5AC009FE599CEFFEBCA
S31580E171801D0000EA0030A0E300308DE52410D5E54E
S31580E171900700A0E10A20A0E10630A0E119A6FFEBF5
S31580E171A0080000EA2410D0E50630A0E10700A0E15E
S31580E171B000608DE51BA6FFEB2400D5E5F1A6FFEB8C
S31580E171C0000050E30C00000A54609FE5143095E519
S31580E171D00C3093E5000053E30400000A0100A0E3CC
S31580E171E0682100EB016056E2F7FFFF2A030000EA1F
S31580E171F0000056E3DEFFFF0A000000EA1540E0E307
S31580E17200143095E50020A0E32400D5E5142083E53C
S31580E172108FA6FFEB0400A0E10CD08DE2F085BDE8FE
S31580E1722001000100809698009555E28066C6E2806D
S31580E17230F8402DE90040A0E10160A0E1140080E280
S31580E172400010A0E30270A0E10320A0E117FEFFEBAE
S31580E17250000094E5000050E30800A0030B00A013B2
S31580E1726022A7FFEBFF0050E3280084E50400001A23
S31580E172707C109FE57C009FE55ACEFFEB0F00E0E3B3
S31580E17280F880BDE872A6FFEB0050A0E3000056E36C
S31580E172900800000A020A56E3051087E00620A031BD
S31580E172A00400A0E1022AA02350FFFFEB005085E015
S31580E172B0066060E0F4FFFFEA143094E5003093E580
S31580E172C00338C3E3142094E5003082E5283094E561
S31580E172D0FF0053E30400000A000094E5000050E358
S31580E172E00800A0030B00A01355A7FFEB0500A0E162
S31580E172F0F880BDE8BA55E2808EC6E280F8402DE995
S31580E173000040A0E10160A0E1140080E20110A0E369
S31580E173100270A0E10320A0E1E4FDFFEB000094E52B
S31580E17320000050E30700A0030A00A013EFA6FFEBDD
S31580E17330FF0050E3240084E51B00000A44A6FFEB2E
S31580E173400050A0E3000056E30800000A020A56E373
S31580E17350051087E00620A0310400A0E1022AA023DF
S31580E173605EFFFFEB005085E0066060E0F4FFFFEA38
S31580E17370143094E5003093E50338C3E3142094E5B3
S31580E17380003082E5243094E5FF0053E30400000AEF
S31580E17390000094E5000050E30700A0030A00A01373
S31580E173A027A7FFEB0500A0E1F880BDE80F00E0E349
S31580E173B0F880BDE8F0412DE9070011E318609DE50D
S31580E173C03200001A010016E30050A0E10380A0E13B
S31580E173D00270A0E10140A0E10000000A42FEFFEB5D
S31580E173E0002097E20120A013003098E20130A0133B
S31580E173F0030012E10300000A98009FE5F9CDFFEB57
S31580E174000000A0E3180000EA000052E3A411A0E125
S31580E174100A00000A020C51E30500A0E10720A0E181
S31580E174200630A0E10100003A030017E30100000AFB
S31580E174308DFEFFEB0C0000EA7CFFFFEB0A0000EA21
S31580E17440000053E30000E0030700000A020C51E369
S31580E174500500A0E10820A0E10630A0E10100003AA4
S31580E17460A5FFFFEB000000EA28FEFFEB020016E332
S31580E174700400000A143095E5003093E52030C3E33B
S31580E17480142095E5003082E5C00F00E0F081BDE88B
S31580E174900000E0E3F081BDE8A4C6E28068329FE5C2
S31580E174A0242090E5001093E510402DE95CE29FE50C
S31580E174B01C0090E501E00EE0541092E5044090E571
S31580E174C0000051E3181092E550C0A00340C0A0131C
S31580E174D004E78EE1000051E3004090E5021BA00342
S31580E174E00010A01304EC8EE10C1081E101108EE115
S31580E174F0001083E5101093E5581092E55CC092E5A3
S31580E175000111A0E18C1081E160C092E50C1081E16E
S31580E1751028C090E58C1181E124C090E58C1581E14C
S31580E1752020C090E58C1981E108C090E50C1A81E1D3
S31580E1753064C092E58C1A81E11CC090E58C1B81E1E7
S31580E1754018C090E50C1C81E114C090E58C1D81E1A9
S31580E1755010C090E50C1F81E10CC090E58C1F81E1A4
S31580E17560101083E5141093E50111C1E3141083E54E
S31580E175703C1093E5FFC401E2401090E501108CE1F7
S31580E175803C1083E5401093E528C092E5FF1401E2C3
S31580E175900C1681E138C092E50C1081E1401083E55B
S31580E175A0441093E52CC092E5FF1401E20C1681E1CB
S31580E175B030C092E50C1081E1441083E5281092E514
S31580E175C02CC092E548E093E501C08CE0301092E56D
S31580E175D0344092E501C08CE0FFE40EE284E68EE180
S31580E175E004108CE001108EE1481083E54C1093E5A0
S31580E175F03CC092E5FF1EC1E30F10C1E30C1081E1AF
S31580E176004C1083E5501093E544C092E5FF1EC1E33B
S31580E176100F10C1E30C1081E1501083E5F0109FE576
S31580E1762054C093E50C1001E048C090E58C1081E1EF
S31580E176304CC090E50C1081E144C090E50C1781E1E6
S31580E1764040C092E58C1781E1541083E54C1090E5BA
S31580E176503CC092E5000051E338E09205404092E576
S31580E17660441092E50EE08C0004C08E000CC08410BC
S31580E1767001E08CE058C093E57F1DCCE33F10C1E388
S31580E1768001108EE1581083E5A41093E51CC092E5C4
S31580E17690211BA0E1011BA0E18C1581E120C092E5CF
S31580E176A00C1081E1A41083E5201092E550C090E5AD
S31580E176B001106CE0501080E5B80093E5FF0EC0E361
S31580E176C00F00C0E3011080E1B81083E50213A0E367
S31580E176D0000191E5010180E3000181E5000191E589
S31580E176E00101C0E3000181E5BC1093E5242092E528
S31580E176F07F1FC1E30310C1E3821081E1011C81E3B5
S31580E17700011081E3BC1083E51080BDE80000012013
S31580E1771086370000002000F8F04D2DE94ADF4DE282
S31580E177204A3F8DE20020A0E3042123E5142090E581
S31580E177300C208DE5102090E510208DE50210A0E16A
S31580E177400080A0E1F8219FE50C009DE52A1000EB81
S31580E1775024309DE5000053E30200000A032083E222
S31580E177600230A0B14331A0E1D8219FE508308DE513
S31580E17770D83092E5040013E3FCFFFF0A0070A0E332
S31580E177800760A0E107A0A0E108309DE5030057E18D
S31580E17790690000AA0050A0E300C0A0E300C08DE527
S31580E177A00C009DE510109DE594219FE5073085E06D
S31580E177B014C08DE5B41500EB000055E32200000A04
S31580E177C0010055E314C09DE51200001AEF3000E296
S31580E177D0032043E2FD0012E3FFB000E20100000A6C
S31580E177E023005BE30400001A203098E50160A0E302
S31580E177F0844093E5024084E3030000EA290053E3F1
S31580E17800203098050C60A0018440930534319FE5D2
S31580E17810DC4083E50D0000EA2C319FE5030050E171
S31580E178200F00000A010056E34A3F8D0205308300CE
S31580E178300E0143050800000A000056E328308D0258
S31580E178400530830002004305030000EA00A0A0E1C1
S31580E17850F4309FE5030050E11200000A015085E211
S31580E17860CCFFFFEA010056E31100001A1D40DDE579
S31580E178701C30DDE50448A0E1034484E1203098E54D
S31580E17880803093E5034384E1B8309FE50B4084E1A2
S31580E17890D04083E5D82093E5010012E3FCFFFF0A9F
S31580E178A00A00A0E1C31F00EB015085E2057087E085
S31580E178B0B4FFFFEA000056E3FAFFFF1A024045E211
S31580E178C080C09FE54401A0E128108DE20630A0E169
S31580E178D0000053E1050000AA042091E4013083E22F
S31580E178E020208DE5FF3003E2D4208CE5F7FFFFEA27
S31580E178F0032014E20600000A0030A0E34A0F8DE27D
S31580E17900083120E53F1F00EB38309FE520209DE5DB
S31580E17910D42083E5203098E5803093E503338BE10D
S31580E17920044483E11C309FE5D04083E5D82093E58C
S31580E17930010012E3FCFFFF0AD8FFFFEA4ADF8DE28E
S31580E17940F08DBDE8C9C6E28000000120FF0F00008E
S31580E1795014209FE5681090E5043092E50339C3E38E
S31580E17960013783E1043082E51EFF2FE1000001202B
S31580E1797038402DE920509FE50100A0E3044095E5DC
S31580E179808C1F00EB0349C4E3014984E30100A0E3D2
S31580E17990881F00EB044085E53880BDE800000120C2
S31580E179A070402DE90050A0E10140A0E10260A0E134
S31580E179B0EEFFFFEB000055E30200000A010055E30C
S31580E179C00400001A014484E318309FE53200A0E305
S31580E179D0A84083E56B1F00EB240096E5DBFFFFEB18
S31580E179E00000A0E37080BDE800000120F8452DE9A4
S31580E179F0AC409FE50170A0E1A83094E5A80084E55C
S31580E17A003200A0E30260A0E15E1F00EB0050A0E33C
S31580E17A100DA4A0E3060055E12000000A0C3094E5B0
S31580E17A206400A0E30984A0E30CA084E5551F00EB84
S31580E17A300C3094E56400A0E30C8084E5511F00EBF3
S31580E17A400C3094E50134A0E30C3084E56400A0E3D6
S31580E17A504C1F00EB0C3094E51934A0E30C3084E53F
S31580E17A606400A0E3471F00EB0C3094E56400A0E3DB
S31580E17A700C8084E5431F00EB0C3094E56400A0E3C1
S31580E17A80FF34C3E3053187E70C3094E52D34A0E379
S31580E17A900C3084E53B1F00EB015085E2DCFFFFEA19
S31580E17AA0F885BDE80000012008402DE90233A0E316
S31580E17AB0083093E51800A0E3FF2003E22314A0E158
S31580E17AC02336A0E1033003E20F1001E2920000E0E9
S31580E17AD01113A0E1433000EB0880BDE8F0452DE9C4
S31580E17AE014D04DE20060A0E10150A0E1311500EB38
S31580E17AF0010070E3C0039F050600000A0600A0E1CD
S31580E17B000010A0E30120A0E3041500EB007050E231
S31580E17B100300001AA4039FE532CCFFEB0100A0E34A
S31580E17B20E30000EA10208DE20080A0E30C7085E599
S31580E17B30088022E50600A0E10710A0E1FB1400EB36
S31580E17B40004050E278039F05F2FFFF0A0410A0E1AE
S31580E17B50104085E56C239FE50C308DE20600A0E1BF
S31580E17B6024A095E5240F00EB0410A0E158239FE5BE
S31580E17B700830A0E100008AE50600A0E124A095E5B1
S31580E17B80AD1400EB243095E50710A0E13C239FE599
S31580E17B9014008AE5144093E50600A0E1010054E370
S31580E17BA000808DE50700001A0430A0E1B61400EBF1
S31580E17BB0000050E3040085E50800001A10039FE504
S31580E17BC008CCFFEBB90000EA0130A0E3AE1400EB8C
S31580E17BD0000050E3040085E5F8029F05CDFFFF0A2A
S31580E17BE00040A0E300408DE50600A0E10710A0E19A
S31580E17BF0E4229FE50130A0E3A31400EB040050E109
S31580E17C00080085E5D4029F05C2FFFF0A7540C5E5F8
S31580E17C107440C5E50710A0E1C4229FE50430A0E1E8
S31580E17C200600A0E1841400EB0710A0E1B4229FE5F1
S31580E17C300430A0E1188095E56C0085E50600A0E1B9
S31580E17C407D1400EB0710A0E19C229FE50430A0E1C2
S31580E17C50000088E50600A0E1188095E5761400EB42
S31580E17C600710A0E184229FE50430A0E1040088E5C5
S31580E17C700600A0E1188095E56F1400EB0710A0E1FE
S31580E17C806C229FE50430A0E1100088E50600A0E1C2
S31580E17C90188095E5681400EB0710A0E154229FE572
S31580E17CA00430A0E1140088E50600A0E1188095E59E
S31580E17CB0611400EB0710A0E13C229FE50430A0E1CE
S31580E17CC0180088E50600A0E1188095E55A1400EBD6
S31580E17CD00710A0E124229FE50430A0E11C0088E59D
S31580E17CE00600A0E11C8095E5531400EB0710A0E1A6
S31580E17CF00C229FE50430A0E1000088E50600A0E1C2
S31580E17D001C8095E54C1400EB0710A0E1F4219FE57A
S31580E17D100430A0E1040088E50600A0E11C8095E539
S31580E17D20451400EB0710A0E1DC219FE50430A0E1DA
S31580E17D30080088E50600A0E11C8095E53E1400EB8D
S31580E17D400710A0E1C4219FE50430A0E10C0088E59D
S31580E17D500600A0E11C8095E5371400EB0710A0E151
S31580E17D60AC219FE50430A0E1100088E50600A0E1A2
S31580E17D701C8095E5301400EB0710A0E194219FE586
S31580E17D800430A0E1140088E50600A0E11C8095E5B9
S31580E17D90291400EB0710A0E17C219FE50430A0E1E6
S31580E17DA0180088E50600A0E11C8095E5221400EB29
S31580E17DB00710A0E164219FE50430A0E11C0088E57D
S31580E17DC00600A0E11C8095E51B1400EB0710A0E1FD
S31580E17DD04C219FE50430A0E12C0088E50600A0E176
S31580E17DE01C8095E5141400EB0710A0E134219FE592
S31580E17DF00430A0E1200088E50600A0E11C8095E53D
S31580E17E000D1400EB0710A0E11C219FE50430A0E1F1
S31580E17E10240088E50600A0E11C8095E5061400EBC8
S31580E17E200710A0E104219FE50430A0E1280088E560
S31580E17E300600A0E11C8095E5FF1300EB0710A0E1A9
S31580E17E40EC209FE50430A0E1400088E50600A0E152
S31580E17E501C8095E5F81300EB0710A0E1D4209FE59F
S31580E17E600430A0E1440088E50600A0E11C8095E5A8
S31580E17E70F11300EB0710A0E1BC209FE50430A0E1FF
S31580E17E80480088E50600A0E11C8095E5EA1300EB51
S31580E17E900710A0E1A4209FE50430A0E11C5095E500
S31580E17EA04C0088E50600A0E1E31300EB500085E590
S31580E17EB00400A0E114D08DE2F085BDE8D9C6E28068
S31580E17EC0FAC6E28018C7E28043C7E2804EC7E28005
S31580E17ED057C7E28062C7E2808EC7E280B9C7E28097
S31580E17EE0C2C7E280E6C7E280F2C7E28001C8E280EB
S31580E17EF011C8E2801FC8E2802DC8E2803EC8E280D8
S31580E17F0052C8E28062C8E28071C8E2807EC8E280BF
S31580E17F108CC8E2809CC8E280ACC8E280BDC8E280C1
S31580E17F20CDC8E280DAC8E280E8C8E280FCC8E280B7
S31580E17F3010C9E28021C9E28031C9E28044C9E28088
S31580E17F404FC9E280F8402DE9105090E5146090E544
S31580E17F500040A0E1247090E50510A0E10600A0E1D3
S31580E17F6000249FE50030A0E3B31300EB0510A0E108
S31580E17F70F4239FE50030A0E3180087E50600A0E141
S31580E17F80247094E5AC1300EB0510A0E1DC239FE5BA
S31580E17F900030A0E31C0087E50600A0E1247094E5AB
S31580E17FA0A51300EB0510A0E1C4239FE50030A0E313
S31580E17FB0200087E50600A0E1247094E59E1300EB9E
S31580E17FC00510A0E1AC239FE50030A0E3240087E51E
S31580E17FD00600A0E1207094E5971300EB0510A0E17F
S31580E17FE094239FE50030A0E3000087E50600A0E149
S31580E17FF0207094E5901300EB0510A0E17C239FE5CA
S31580E180000030A0E3040087E50600A0E1207094E556
S31580E18010891300EB0510A0E164239FE50030A0E31E
S31580E18020080087E50600A0E1207094E5821300EB65
S31580E180300510A0E14C239FE50030A0E30C0087E525
S31580E180400600A0E1207094E57B1300EB0510A0E12A
S31580E1805034239FE50030A0E3100087E50600A0E128
S31580E18060207094E5741300EB0510A0E11C239FE5D5
S31580E180700030A0E3140087E50600A0E1207094E5D6
S31580E180806D1300EB0510A0E104239FE50030A0E32A
S31580E18090180087E50600A0E1207094E5661300EB01
S31580E180A00510A0E1EC229FE50030A0E31C0087E506
S31580E180B00600A0E1207094E55F1300EB0510A0E1D6
S31580E180C0D4229FE50030A0E3200087E50600A0E109
S31580E180D0207094E5581300EB0510A0E1BC229FE5E2
S31580E180E00030A0E3240087E50600A0E1207094E556
S31580E180F0511300EB0510A0E1A4229FE50030A0E337
S31580E18100280087E50600A0E1207094E54A1300EB9C
S31580E181100510A0E18C229FE50030A0E32C0087E5E5
S31580E181200600A0E1207094E5431300EB0510A0E181
S31580E1813074229FE50030A0E3300087E50600A0E1E8
S31580E18140207094E53C1300EB0510A0E15C229FE5ED
S31580E181500030A0E3340087E50600A0E1207094E5D5
S31580E18160351300EB0510A0E144229FE50030A0E342
S31580E18170380087E50600A0E1207094E52E1300EB38
S31580E181800510A0E12C229FE50030A0E3400087E5C1
S31580E181900600A0E1207094E5271300EB0510A0E12D
S31580E181A014229FE50030A0E3440087E50600A0E1C4
S31580E181B0207094E5201300EB0510A0E1FC219FE5FA
S31580E181C00030A0E3480087E50600A0E1207094E551
S31580E181D0191300EB0510A0E1E4219FE50030A0E34F
S31580E181E04C0087E50600A0E1207094E5121300EBD0
S31580E181F00510A0E1CC219FE50030A0E3500087E5A2
S31580E182000600A0E1207094E50B1300EB0510A0E1D8
S31580E18210B4219FE50030A0E3540087E50600A0E1A4
S31580E18220207094E5041300EB0510A0E19C219FE505
S31580E182300030A0E3580087E50600A0E1207094E5D0
S31580E18240FD1200EB0510A0E184219FE50030A0E35B
S31580E182505C0087E50600A0E1207094E5F61200EB6C
S31580E182600510A0E16C219FE50030A0E3600087E581
S31580E182700600A0E1207094E5EF1200EB0510A0E185
S31580E1828054219FE50030A0E3640087E50600A0E184
S31580E18290207094E5E81200EB0510A0E13C219FE512
S31580E182A00030A0E3680087E50600A0E1207094E550
S31580E182B0E11200EB0510A0E124219FE50030A0E367
S31580E182C06C0087E50600A0E1207094E5DA1200EB08
S31580E182D00510A0E10C219FE50030A0E3700087E561
S31580E182E00600A0E1207094E5D31200EB0510A0E131
S31580E182F0F4209FE50030A0E3740087E50600A0E165
S31580E18300207094E5CC1200EB0510A0E1DC209FE51E
S31580E183100030A0E3780087E50600A0E1207094E5CF
S31580E18320C51200EB0510A0E1C4209FE50030A0E373
S31580E18330800087E50600A0E1207094E5BE1200EB9F
S31580E183400510A0E1AC209FE50030A0E3204094E554
S31580E18350840087E50600A0E1B71200EB880084E59A
S31580E183600000A0E3F880BDE85EC9E2806CC9E280E6
S31580E1837078C9E28085C9E28094C9E280A7C9E280B2
S31580E18380B6C9E280C5C9E280D4C9E280E3C9E280A8
S31580E18390F2C9E2800ECAE2801ECAE2802FCAE2807A
S31580E183A040CAE2805ACAE28071CAE28088CAE28023
S31580E183B09FCAE280B2CAE280D0CAE280EACAE2809B
S31580E183C0FFCAE28013CBE28027CBE2803CCBE2801E
S31580E183D04ACBE28058CBE28066CBE2807DCBE280FD
S31580E183E08BCBE28099CBE280A7CBE280BBCBE280EC
S31580E183F0D7CBE280E4CBE280F7CBE28070402DE917
S31580E18400105090E5146090E5244090E50510A0E1D8
S31580E184100600A0E160219FE50030A0E3861200EB33
S31580E184200510A0E154219FE50030A0E3180084E522
S31580E184300600A0E1801200EB0510A0E140219FE556
S31580E184400030A0E31C0084E50600A0E17A1200EB8F
S31580E184500510A0E12C219FE50030A0E3200084E512
S31580E184600600A0E1741200EB0510A0E118219FE55A
S31580E184700030A0E3240084E50600A0E16E1200EB63
S31580E184800510A0E104219FE50030A0E3280084E502
S31580E184900600A0E1681200EB0510A0E1F0209FE55F
S31580E184A00030A0E32C0084E50600A0E1621200EB37
S31580E184B00510A0E1DC209FE50030A0E3340084E5EF
S31580E184C00600A0E15C1200EB0510A0E1C8209FE563
S31580E184D00030A0E3380084E50600A0E1561200EB07
S31580E184E00510A0E1B4209FE50030A0E33C0084E5DF
S31580E184F00600A0E1501200EB0510A0E1A0209FE567
S31580E185000030A0E3440084E50600A0E14A1200EBD6
S31580E185100510A0E18C209FE50030A0E3540084E5BE
S31580E185200600A0E1441200EB0510A0E178209FE56A
S31580E185300030A0E3580084E50600A0E13E1200EB9E
S31580E185400510A0E164209FE50030A0E35C0084E5AE
S31580E185500600A0E1381200EB0510A0E150209FE56E
S31580E185600030A0E3600084E50600A0E1321200EB72
S31580E18570640084E50000A0E37080BDE85EC9E28026
S31580E185806CC9E28078C9E28085C9E28005CCE28067
S31580E1859010CCE2801ACCE28024CCE2802FCCE2803F
S31580E185A039CCE28043CCE28052CCE28062CCE2807C
S31580E185B072CCE28083CCE280F04D2DE90010A0E31D
S31580E185C020D04DE200A0A0E15200A0E3DAE4FFEB87
S31580E185D01E00A0E3771C00EB0110A0E34F00A0E3AF
S31580E185E0D5E4FFEB4F00A0E30010A0E3A1E4FFEBAD
S31580E185F00110A0E32400A0E3E4CCFFEB0110A0E3AB
S31580E186000080A0E15400A0E3E0CCFFEB0110A0E301
S31580E186100070A0E14400A0E3DCCCFFEB0110A0E315
S31580E186200060A0E18400A0E3D8CCFFEB000057E333
S31580E18630000058130300000A000050E300005613BF
S31580E186400040A0E10100001A180B9FE5060000EA50
S31580E186507800A0E34ACBFFEB0C5B9FE5000050E39B
S31580E18660000085E50200001A000B9FE55DC9FFEB7E
S31580E18670BA0200EA244080E5188080E51C7080E536
S31580E18680286080E504A084E50243A0E31C3094E5FC
S31580E186900100A0E30135C3E31C3084E5203094E595
S31580E186A0013583E3203084E5421C00EB203094E5FC
S31580E186B00A00A0E30135C3E3203084E53D1C00EBED
S31580E186C0001095E54C2099E5142081E54C0099E56B
S31580E186D001FDFFEB000050E3940A9F15E2FFFF1ACC
S31580E186E0005095E5246095E5143096E5000053E366
S31580E186F08B00001A140095E5101095E5742A9FE524
S31580E18700CD1100EB243095E5640086E5643093E590
S31580E18710000053E30A00001A6C2194E5583A9FE57C
S31580E18720FF2102E2033082E16C3184E54C2A9FE548
S31580E187309C3194E5032002E0443A9FE5033082E1EF
S31580E18740540000EA010053E31600001A6C2194E517
S31580E18750303A9FE53F2002E2033082E16C3184E5E5
S31580E18760703194E5202A9FE5FF3DC3E33F30C3E3C3
S31580E18770553D83E3153083E3703184E59C3194E59F
S31580E18780032002E0043A9FE5033082E19C3184E5EF
S31580E18790A03194E5FF3DC3E33F30C3E3553D83E339
S31580E187A0153083E3170000EA020053E31700001A4D
S31580E187B06C2194E5D8399FE53F2002E2033082E1DE
S31580E187C06C3184E5703194E5C8299FE52339A0E1D0
S31580E187D00339A0E1022083E1702184E5A8299FE5A0
S31580E187E09C3194E5032002E094399FE5033082E1F0
S31580E187F09C3184E5A03194E52339A0E10339A0E1F8
S31580E18800553B83E3553F83E3A03184E5260000EAC7
S31580E18810030053E32100001A642194E578399FE54A
S31580E18820023003E0923583E3493983E3643184E5B9
S31580E18830703194E52339A0E10339A0E1923C83E3E9
S31580E18840493083E3703184E56C2194E54C399FE5C9
S31580E18850032102E2033082E16C3184E538399FE518
S31580E18860682194E5023003E0923683E3493A83E373
S31580E18870683184E5943194E50F3003E2943184E5FF
S31580E18880983194E52338A0E10338A0E1983184E575
S31580E188909C3194E50F36C3E39C3184E5020000EA1E
S31580E188A0FC089FE5CFC8FFEB010000EA0100A0E3E9
S31580E188B0C01B00EB244095E50500A0E1CEFEFFEB71
S31580E188C0040095E51C3094E5303084E5000050E302
S31580E188D0203094E5403084E5030100DA0110A0E31D
S31580E188E015E4FFEB040095E50110A0E3E1E3FFEB7E
S31580E188F00100A0E3AF1B00EB040095E50010A0E3C7
S31580E18900DCE3FFEB0A00A0E3AA1B00EB040095E59C
S31580E189100110A0E3D7E3FFEB0A00A0E3A51B00EB80
S31580E18920F10000EA010053E3F200001A8C00A0E3B3
S31580E189300310A0E115CCFFEB004050E264089F05EF
S31580E1894049FFFF0A204085E50500A0E1246095E521
S31580E189507BFDFFEB643094E5000053E31C30960524
S31580E189600300000A010053E30200001A1C3096E579
S31580E18970A330A0E13C3084E50273A0E3203096E5A4
S31580E1898020C095E57C3084E5783097E50C209CE540
S31580E18990FF34C3E3FE08C3E308309CE504109CE59D
S31580E189A00223A0E1832182E110309CE5012082E16E
S31580E189B0832482E114309CE5033682E1833880E1C9
S31580E189C0783087E51C3097E50100A0E30231C3E307
S31580E189D01C3087E5203097E5023183E3203087E557
S31580E189E0741B00EB203097E50A00A0E30231C3E374
S31580E189F0203087E56F1B00EB003197E50100A0E3AE
S31580E18A00013183E3003187E5743097E50231C3E3D1
S31580E18A10743087E5743097E50131C3E3743087E5D7
S31580E18A20743097E5033283E3743087E5611B00EBAD
S31580E18A30743097E50332C3E3743087E5443094E5D7
S31580E18A40020053E30130A0930200009A040053E34D
S31580E18A500230A0930330A083643086E511FCFFEBFE
S31580E18A600070A0E10710A0E13C079FE55DC8FFEB40
S31580E18A70241096E50700A0E1011081E2592C00EB74
S31580E18A80003094E5881094E57D2DA0E3013083E202
S31580E18A90930101E0920000E0522C00EB0030A0E36C
S31580E18AA0543086E54C3094E5133F6FE1A332A0E183
S31580E18AB05C3086E5503094E5133F6FE1A332A0E167
S31580E18AC0583086E51C3096E55CA094E5588094E5BF
S31580E18AD00070A0E1600094E5303086E5703094E581
S31580E18AE0383086E5683094E53C3086E5203096E599
S31580E18AF0403086E56C3094E5443086E5280086E5AD
S31580E18B002CA086E5348086E5FA6FA0E3960000E046
S31580E18B100710A0E1332C00EB0710A0E1600084E5AB
S31580E18B20960A00E02F2C00EB0710A0E15C0084E5BB
S31580E18B30960800E02B2C00EB202095E56C369FE52E
S31580E18B40001092E5580084E5001083E5181092E55F
S31580E18B50041083E51C1092E5081083E5201092E568
S31580E18B600C1083E5241092E5101083E5281092E538
S31580E18B70141083E52C1092E51C1083E5301092E504
S31580E18B80201083E5341092E5241083E5381092E5D0
S31580E18B90281083E53C1092E5001283E5401092E5CA
S31580E18BA0041283E5441092E5081283E5481092E5C4
S31580E18BB00C1283E54C1092E5101283E5501092E594
S31580E18BC0141283E5541092E5181283E5581092E564
S31580E18BD01C1283E55C1092E5201283E5601092E534
S31580E18BE0241283E5641092E5281283E5681092E504
S31580E18BF02C1283E56C1092E5301283E5741092E5D0
S31580E18C00341283E5781092E5381283E57C1092E59B
S31580E18C103C1283E5802092E5402283E50233A0E39E
S31580E18C20746093E5880094E57F6FC6E3A00050E326
S31580E18C300360C6E302028092500040928001A091D7
S31580E18C400A10A0930300009A050D50E30300008A01
S31580E18C508000A0E10510A0E3E22B00EB020000EA30
S31580E18C600510A0E3DF2B00EB400080E20233A0E3B6
S31580E18C70060080E1740083E5742093E5012182E3B7
S31580E18C80742083E528259FE5D83092E5040013E337
S31580E18C90FCFFFF0A040095E5000050E3100000DACE
S31580E18CA00110A0E324E3FFEB0110A0E3040095E5C6
S31580E18CB0F0E2FFEB0100A0E3BE1A00EB0010A0E3B7
S31580E18CC0040095E5EBE2FFEB0500A0E3B91A00EBC2
S31580E18CD0040095E50110A0E3E6E2FFEB1900A0E3CD
S31580E18CE0B41A00EB0500A0E18AFAFFEB0500A0E1EA
S31580E18CF0E9F9FFEB190100EA020053E31701001AD3
S31580E18D00683096E5000053E31500001A682194E582
S31580E18D1084349FE5023003E0493583E3923A83E385
S31580E18D20683184E56C3194E52339A0E10339A0E12A
S31580E18D30493B83E3923083E36C3184E5942194E586
S31580E18D4070349FE5FF2202E2033082E1943184E5CB
S31580E18D50243294E5FF3DC3E33C30C3E3243284E52A
S31580E18D60050000EA013043E2020053E30200009A83
S31580E18D7044049FE59BC7FFEB010000EA0100A0E305
S31580E18D808C1A00EB147095E5106095E50700A0E17B
S31580E18D900610A0E124249FE50030A0E3244095E578
S31580E18DA0251000EB0610A0E114249FE50030A0E336
S31580E18DB01C0084E50700A0E11F1000EB0610A0E18E
S31580E18DC000249FE50030A0E3200084E50700A0E1D0
S31580E18DD0191000EB0610A0E1EC239FE50030A0E33B
S31580E18DE0240084E50700A0E1131000EB0610A0E162
S31580E18DF0D8239FE50030A0E3680084E50700A0E181
S31580E18E000D1000EB0610A0E1C4239FE50030A0E33E
S31580E18E106C0084E50700A0E1071000EB0610A0E1F5
S31580E18E20B0239FE50030A0E3700084E50700A0E170
S31580E18E30011000EB0610A0E19C239FE50030A0E342
S31580E18E40480084E50700A0E1FB0F00EB0610A0E1F6
S31580E18E5088239FE50030A0E30263A0E34C0084E52C
S31580E18E600700A0E1F40F00EB1C8095E5247095E501
S31580E18E70500084E51C3096E50100A0E30135C3E3AB
S31580E18E801C3086E5203096E5013583E3203086E5A2
S31580E18E90481A00EB203096E50135C3E3203086E5BC
S31580E18EA0203097E5502098E5032062E000339FE586
S31580E18EB0502088E5B81093E5FF1EC1E30F10C1E3AA
S31580E18EC0022081E1B82083E500100FE1802081E373
S31580E18ED002F021E1002196E5012182E3002186E588
S31580E18EE0002196E50121C2E3002186E501F021E139
S31580E18EF0BC2093E5241097E5012C82E3012082E3EF
S31580E18F00812082E1BC2083E5042093E5481094E545
S31580E18F107F2DC2E3012382E1042083E5042093E5EA
S31580E18F204C1094E53E20C2E3812082E1042083E572
S31580E18F30042093E5681094E50329C2E3012782E1E1
S31580E18F40042083E5042093E56C1094E5022AC2E3CC
S31580E18F50812682E1042083E5042093E50110C2E3C2
S31580E18F60702094E5022081E1042083E5002093E5E9
S31580E18F706020C2E3202082E3002083E5A42093E5FC
S31580E18F801C1094E5202094E5812582E1A42083E5E7
S31580E18F90040095E5000050E3100000BA0110A0E35B
S31580E18FA065E2FFEB0110A0E3040095E531E2FFEB1A
S31580E18FB00A00A0E3FF1900EB0010A0E3040095E5A9
S31580E18FC02CE2FFEB0A00A0E3FA1900EB040095E539
S31580E18FD00110A0E327E2FFEB7800A0E3F51900EBAF
S31580E18FE0CC319FE5002093E50F20C2E3002083E5A5
S31580E18FF03C2093E5FF24E0E33C2083E5AC2093E548
S31580E190000820A0E3AC2083E5B02093E5040012E3D9
S31580E19010FCFFFF0A0010A0E31020A0E310008DE220
S31580E19020611900EB51FAFFEB0400A0E30020A0E117
S31580E1903010108DE26CFAFFEB240095E543FAFFEB25
S31580E190401830DDE51420DDE51C10DDE518308DE511
S31580E190500334A0E1023883E11C108DE580019FE5B0
S31580E19060011083E114208DE5DEC6FFEB3FFAFFEBCD
S31580E190700220A0E30C00A0E310108DE25AFAFFEB88
S31580E1908014109DE55C019FE5D6C6FFEB240095E5CE
S31580E190902EFAFFEB0030A0E310308DE5147095E5F4
S31580E190A0108095E50700A0E10810A0E138219FE551
S31580E190B010308DE2D00900EB10409DE5000054E3CD
S31580E190C00200000A033084E20340A0B14441A0E1FA
S31580E190D000A0A0E314B19FE50A60A0E1040056E197
S31580E190E01E0000AA0030A0E300308DE50700A0E174
S31580E190F00630A0E10810A0E1EC209FE5620F00EBCD
S31580E191000B0050E10030A0E100A0A0031100000AAD
S31580E1911000005AE30A00001A0310A0E10A00A0E168
S31580E191200520A0E10C308DE51CFAFFEB0C309DE5C6
S31580E19130110053E30600001A7800A0E39D1900EBC5
S31580E19140030000EA0100A0E30310A0E10520A0E10D
S31580E1915012FAFFEB01A08AE2016086E2DEFFFFEA16
S31580E1916020D08DE2F08DBDE893CCE280F44EE380B1
S31580E19170B1CCE280D0CCE28083CCE28040555515FB
S31580E191803F0001C040555415405555553F000100FB
S31580E19190405554554055559556550100FF0F00C031
S31580E191A049922409F7CCE28017CDE28039CDE2807D
S31580E191B0000060200000012000A7AA0A4DCDE280D0
S31580E191C06CC9E28078C9E28085C9E2806DCDE280B2
S31580E191D07ECDE2808FCDE280A1CDE280B0CDE2800E
S31580E191E0BDCDE280CDCDE280DECDE280C9C6E28032
S31580E191F0FF0F000038402DE92C329FE5004093E5D2
S31580E192000030A0E3245094E5182094E5703084E59D
S31580E19210001092E50C3085E51C3095E5033061E080
S31580E19220A330A0E10130C3E3083082E5041092E582
S31580E19230203095E5033061E0A330A0E10130C3E35E
S31580E192400C3082E5143095E5020053E33000001AD4
S31580E19250502095E52C30A0E3000052E3783085E597
S31580E192602A30A0E30120A0137C3085E52B30A0E3F2
S31580E19270803085E53610A0E3742085E50000A0E323
S31580E192800420A0E1C5F9FFEBB8F9FFEB240094E5F2
S31580E19290AEF9FFEB7C1095E50420A0E10000A0E3A8
S31580E192A0BEF9FFEBB1F9FFEB240094E5A7F9FFEBFB
S31580E192B0AEF9FFEB240094E5A4F9FFEBABF9FFEB04
S31580E192C0240094E5A1F9FFEBA8F9FFEB240094E5EE
S31580E192D09EF9FFEB801095E50420A0E10000A0E374
S31580E192E0AEF9FFEBA1F9FFEB240094E597F9FFEBEB
S31580E192F09EF9FFEB240094E594F9FFEB9BF9FFEBF4
S31580E19300240094E591F9FFEB98F9FFEB240094E5CD
S31580E193108EF9FFEB14519FE5182094E5003095E531
S31580E193201C1092E5C63DC3E3813383E1141092E5D7
S31580E193307500D4E5013483E1181092E5000050E32D
S31580E19340013683E1101092E5813683E1003085E5CF
S31580E19350A03095E5001092E5233BA0E1033BA0E137
S31580E19360813583E1041092E5013083E1A03085E522
S31580E193709C3095E5081092E5233BA0E10C2092E52F
S31580E19380033BA0E1813583E1023083E1241094E55A
S31580E193909C3085E50030A0E30C3081E5143095E51D
S31580E193A0032103E2043091E50331C3E3023083E133
S31580E193B0143085E5003095E5083083E3003085E5B6
S31580E193C0B83095E5013A83E3B83085E51000001AB7
S31580E193D0143091E5020053E30430A013AC308515D7
S31580E193E00900001A2C10A0E30420A0E16BF9FFEB41
S31580E193F00830A0E3AC3085E5B03095E5040013E3B1
S31580E19400FCFFFF0A28009FE5F6C5FFEB0130A0E3EC
S31580E194107530C4E5FA0FA0E3E61800EB5200A0E34D
S31580E194200110A0E33840BDE812E1FFEAF44EE380A3
S31580E1943000000120F3CDE28008402DE914009FE58C
S31580E19440E8C5FFEB10209FE5BC3092E5013CC3E324
S31580E19450BC3082E50880BDE800CEE28000000120D4
S31580E194600233A0E314209FE5E42083E510209FE505
S31580E19470E82083E5022082E2E82083E51EFF2FE1F2
S31580E19480D8B80555010000AA10402DE90040A0E1B9
S31580E194900410A0E120009FE5D2C5FFEB1C209FE5EB
S31580E194A00233A0E3554484E3E44083E5E82083E5A1
S31580E194B0022082E2E82083E51080BDE80ECEE280DC
S31580E194C0010000AA24209FE50030D0E5000053E3A7
S31580E194D00500000A0310D2E7010011E32030831270
S31580E194E0FF3003120130C0E4F6FFFFEA1EFF2FE1F1
S31580E194F02A57E2800230A0E150209FE500C092E544
S31580E1950000005CE30F00000A30402DE964E09CE551
S31580E1951000005EE30900000A34209FE50140A0E1F6
S31580E19520001092E50050A0E1011085E004009CE581
S31580E195300420A0E10EC0A0E13040BDE81CFF2FE190
S31580E195400000E0E33080BDE80000E0E31EFF2FE1AC
S31580E19550804FE680004FE5800010A0E10130A0E178
S31580E195600120D1E4000052E30400000A2F0052E317
S31580E195705C005213F8FFFF1A030060E01EFF2FE143
S31580E195800000E0E31EFF2FE1F8402DE9043090E58D
S31580E195900060A0E1100053E30140A0E10B00000A66
S31580E195A0200053E30400000A0C0053E34A00001A4A
S31580E195B0B451D0E10551A0E1060000EAB451D0E111
S31580E195C00630A0E3930505E04551A0E1010000EAFC
S31580E195D0B451D0E1855085E00400A0E10510A0E119
S31580E195E0802900EB1C3096E5900505E0030050E10B
S31580E195F00070A0E1044065E00C00000A0610A0E3DB
S31580E19600910703E0080096E501C083E000005CE194
S31580E1961000106380BC00D6E1002096E5000083E07F
S31580E19620B3FFFFEB000050E32B0000BA1C7086E528
S31580E19630043096E5100053E30700000A200053E367
S31580E196400200000A0C0053E32300001A060000EA38
S31580E19650003096E5040193E7F880BDE8003096E5B1
S31580E196608440A0E1B40093E1F880BDE8841084E011
S31580E19670034004E22111A0E1020054E3003096E5C3
S31580E196808110A0E10A00000A030054E30F00000AFA
S31580E19690010054E3B1009311000AA011200AA01140
S31580E196A0B100B3010230D3052006A0010302800197
S31580E196B0F880BDE80320A0E1B130B2E1B200D2E1A9
S31580E196C02334A0E10F0000E2000483E1F880BDE8E5
S31580E196D0B10093E12002A0E1F880BDE80000A0E3BB
S31580E196E0F880BDE801C040E2072080E20000A0E307
S31580E196F0A030A0E1800383E10130FCE5030080E056
S31580E1970002005CE1FF0000E2F8FFFF1A012041E27E
S31580E19710021081E2A030A0E1800383E10130F2E52D
S31580E19720030080E0010052E1FF0000E2F8FFFF1A4A
S31580E197301EFF2FE1F04D2DE9000051E31CB08DE2D3
S31580E1974008D04DE20340A0E1B651D0111830901512
S31580E1975010509005913525103F0012E300A0A0E15D
S31580E197600260A0E1B411D0E12100000A3F1081E25C
S31580E197703F10C1E3401081E20D80A0E101D04DE0D0
S31580E197803F708DE214019FE50210A0E13F70C7E3CF
S31580E1979014C5FFEBB431DAE1030054E11200003A7B
S31580E197A0013085E20500A0E10110A0E30720A0E1F8
S31580E197B020300BE54EFFFFEB010050E30100000A8C
S31580E197C008D0A0E1320000EA0600A0E10710A0E19E
S31580E197D0B421DAE18B1700EBB431DAE120501BE5F5
S31580E197E0036086E0044063E0E9FFFFEA08D0A0E198
S31580E197F00D0000EA0400A0E1FA2800EB0620A0E1D2
S31580E198000070A0E10710A0E10500A0E138FFFFEBC1
S31580E19810070050E11E00001AB431DAE1005085E01C
S31580E19820930000E0006086E0044060E0000054E3DD
S31580E198300400A0011700000AB431DAE10D70A0E15D
S31580E198403F3083E23F30C3E3403083E203D04DE0F3
S31580E198503F808DE23F80C8E30500A0E10110A0E3EF
S31580E198600820A0E122FFFFEB010050E30100000A9E
S31580E1987007D0A0E1060000EA0600A0E10810A0E119
S31580E198800420A0E15F1700EB0000A0E307D0A0E190
S31580E19890000000EA0000E0E31CD04BE2F08DBDE879
S31580E198A01ECEE280F0412DE90080A0E10150A0E1E9
S31580E198B00100A0E10820A0E30810A0E1511700EB28
S31580E198C00030A0E30520A0E10830C5E50260A0E113
S31580E198D00030D6E5012082E2DF7013E2FAFFFF1A5B
S31580E198E00830D8E5DF0013E30C00000A0640A0E16A
S31580E198F02E30A0E30130C4E4081088E20400A0E140
S31580E199000320A0E33F1700EB0470C6E50460A0E105
S31580E199100030D6E5014084E2DF0013E3FAFFFF1A67
S31580E199200020A0E30020C6E50030D5E5E50053E35D
S31580E199300020C5050200000A050053E31A30E00362
S31580E199400030C5050500A0E1F041BDE8DCFEFFEA97
S31580E19950F8402DE908319FE5003093E5000053E3B7
S31580E199600100001A0000E0E3F880BDE80170A0E1A3
S31580E199700040A0E1141093E54000A0E30250A0E18D
S31580E1998037C8FFEB006050E2F5FFFF0A0000A0E375
S31580E199900110A0E30620A0E1D5FEFFEB000050E335
S31580E199A0010000AA0040E0E3290000EA0400A0E10A
S31580E199B00610A0E14020A0E3121700EBB631D4E116
S31580E199C00700A0E1000053E3404086022030A00377
S31580E199D0244084120030A013003085E50410A0E114
S31580E199E01A20A0E3071700EB003095E5124084E2E8
S31580E199F0200053E30600001A0410A0E164009FE50D
S31580E19A000820A0E36A1600EB004090E20040E013F4
S31580E19A100F0000EA50009FE50410A0E10820A0E3D2
S31580E19A20631600EB000050E30C30A0030600000A49
S31580E19A3038009FE50410A0E10820A0E35C1600EB66
S31580E19A40000050E3D6FFFF1A1030A0E30040A0E10A
S31580E19A50003085E50600A0E1BCC5FFEB0400A0E18E
S31580E19A60F880BDE8804FE68043CEE2804CCEE2804E
S31580E19A7055CEE2800030A0E304E02DE503C080E02E
S31580E19A8001E0DCE500C092E50CE0C1E700C092E5CB
S31580E19A900CE0D1E700005EE30100001A0100A0E3DB
S31580E19AA004F09DE4023083E201C08CE20A0053E3D4
S31580E19AB000C082E5F0FFFF1A0030A0E303C080E03A
S31580E19AC00EE0DCE500C092E50CE0C1E700C092E57E
S31580E19AD00CE0D1E700005EE3EFFFFF0A023083E2AC
S31580E19AE001C08CE20C0053E300C082E5F2FFFF1A6D
S31580E19AF00030A0E303C080E01CE0DCE500C092E535
S31580E19B000CE0C1E700C092E50CE0D1E700005EE33E
S31580E19B10E1FFFF0A023083E201C08CE2040053E3F5
S31580E19B2000C082E5F2FFFF1A0000A0E304F09DE4A5
S31580E19B30F7452DE90040D3E5000051E3B6C1D011E8
S31580E19B40B4E1D0E1BF4004E202C0A003090054E3DE
S31580E19B509E2C2CE00380A0910020A0E328709DE557
S31580E19B6004208DE50060A0910850A0911400008A40
S31580E19B700C0055E10900002A000054E31200000AB6
S31580E19B800030D5E5BF3003E2040053E10C00001A52
S31580E19B90014044E2205085E2FF4004E2F3FFFFEA20
S31580E19BA0000051E30600000A0600A0E175FEFFEB26
S31580E19BB0010050E30010A0E1200000CA10019FE5FA
S31580E19BC008C4FFEB0000E0E33F0000EA0560A0E1A6
S31580E19BD0205045E20500A0E10710A0E104208DE2D6
S31580E19BE0A3FFFFEB000050E30200001A0030D5E549
S31580E19BF0400013E3F5FFFF0A04309DE50020A0E372
S31580E19C000320C7E70030D7E5E50053E30020C70529
S31580E19C100200000A050053E31A30E0030030C7056D
S31580E19C200700A0E126FEFFEB0800A0E10610A0E117
S31580E19C302020A0E3731600EB0000A0E3220000EAF7
S31580E19C40043096E5200053E388309FE5FF32E00358
S31580E19C50030050E1D8FFFFAAB631D6E1B4C1D6E11F
S31580E19C600600A0E170209FE59C0303E0B0FEFFEBD8
S31580E19C7064A09FE5000050E30A60A001D0FFFF1ACF
S31580E19C80000054E30700000A0030D6E5BF3003E266
S31580E19C90040053E1CAFFFF1A014044E2206086E2F4
S31580E19CA0FF4004E2F5FFFFEA0640A0E10A0054E145
S31580E19CB0C6FFFF9A204044E20400A0E10710A0E13C
S31580E19CC004208DE26AFFFFEBF7FFFFEA0CD08DE21D
S31580E19CD0F085BDE85ECEE280F0FF0000804FE58052
S31580E19CE078482DE9143090E514B08DE23F3083E277
S31580E19CF03F30C3E3403083E203D04DE094509FE5AB
S31580E19D003F408DE2000085E55020A0E33F40C4E37B
S31580E19D1084009FE53B1600EB0000A0E30110A0E381
S31580E19D200420A0E1F2FDFFEB010050E30300000A0D
S31580E19D300030A0E3003085E50060E0E3120000EA50
S31580E19D407F0F84E2020080E250109FE50220A0E3CB
S31580E19D50591600EB006050E2F4FFFF1A360084E208
S31580E19D603C109FE50320A0E3531600EB000050E38F
S31580E19D700500000A520084E228109FE50520A0E351
S31580E19D804D1600EB000050E3E8FFFF1A0600A0E164
S31580E19D9014D04BE27888BDE8804FE680004FE580BD
S31580E19DA071CEE2807DABE28081ABE280F04D2DE940
S31580E19DB09EDE4DE214108DE510208DE50040A0E198
S31580E19DC044108DE2A0008DE264208DE228308DE59D
S31580E19DD0DEFEFFEB003050E224308DE51C00001AF8
S31580E19DE064109DE5B020DDE5200051E3C4309D059A
S31580E19DF0B63BDD1168308D0568308D15BE3ADDE103
S31580E19E0068509DE5BC36CDE1923525E0AC60DDE577
S31580E19E10AB30DDE5CCB09D05066483E0203A9FE575
S31580E19E200668A0E1082093E52668A0E124B09D15A7
S31580E19E30AD70DDE5020056E170508DE5B467CDE1A8
S31580E19E40B677CDE10400000AF8099FE50610A0E1A6
S31580E19E5064C3FFEB0000E0E3770200EA200051E310
S31580E19E60877045000030A00378708D051C308D0524
S31580E19E700900000AB130DDE5B200DDE50610A0E1BA
S31580E19E80000483E08002A0E1562700EB877045E07D
S31580E19E90007087E01C008DE578708DE50610A0E303
S31580E19EA00030E0E34000A0E3960101E07C308DE5FF
S31580E19EB0EBC6FFEB000050E360008DE5E4FFFF0AAF
S31580E19EC00430A0E10310A0E10140D3E42F0054E384
S31580E19ED05C0054130140A0030040A013F8FFFF0A81
S31580E19EE01E0E8DE2181500EB1E0E8DE274FDFFEB62
S31580E19EF0E031DDE5000053E30800001A002A9DE524
S31580E19F00000052E3EE01000A0C308DE538399FE519
S31580E19F1008308DE50230A0E3003A8DE5180000EACD
S31580E19F201E0E8DE28BFDFFEB000050E30E0000BAC2
S31580E19F309E3E8DE2003083E0004843E5010080E209
S31580E19F401E3E8DE2000083E00030D0E508008DE51D
S31580E19F502F0053E35C005313010080E2F9FFFF0A0F
S31580E19F600130A0E30C308DE5050000EA003A9DE57D
S31580E19F70003093E20130A0130C308DE5C8389FE5BF
S31580E19F8008308DE50060A0E3C0389FE50680A0E15A
S31580E19F9006A0A0E10640A0E118308DE5000056E379
S31580E19FA00300000A0030A0E3207084E220308DE5D2
S31580E19FB0140000EA64309DE50500A0E1200053E34A
S31580E19FC0B617DD010210A01384289FE548FDFFEB5B
S31580E19FD0000050E3BA0100BA74489FE5F0FFFFEA5A
S31580E19FE00030A0E3E030CDE5203057E52C308DE53B
S31580E19FF0E50053E30900001A20309DE5207087E2F1
S31580E1A000013083E220308DE5B437DDE120209DE526
S31580E1A010204047E2A30252E1F0FFFF3A6C0000EAFA
S31580E1A0200400A0E1181047E2ADFDFFEB152057E5EE
S31580E1A0302C309DE5080012E32000000A0F2002E2A1
S31580E1A0400F0052E3EBFFFF1A400013E3E9FFFF0A3B
S31580E1A050133057E5E0C08DE218308DE500C08DE51F
S31580E1A0600430A0E160008DE20B10A0E1E0279FE5DE
S31580E1A0702CC08DE5ADFEFFEB003A9DE52CC09DE55C
S31580E1A080020053E32100001A153057E5100013E36F
S31580E1A09001808812BC079F150C10A0112A00001AB6
S31580E1A0A0E030DDE5000053E3D2FFFF0A01A08AE25A
S31580E1A0B0A4079FE5041017E50C20A0E12B0000EA38
S31580E1A0C0000053E30A00001A002A9DE5020052E3EC
S31580E1A0D07B01001A84079FE50A10A0E10820A0E130
S31580E1A0E008308DE5BFC2FFEB08309DE50340A0E176
S31580E1A0F0C70100EA003A9DE5020053E30300001A36
S31580E1A10018309DE50008A0E1200853E12B00000A04
S31580E1A1100400A0E180108DE2E1FDFFEB003A9DE5D0
S31580E1A120020053E31400001A153057E5100013E3DB
S31580E1A1308030DDE50700000A000053E3ADFFFF0A4A
S31580E1A14010079FE5018088E280108DE22F20A0E351
S31580E1A150A4C2FFEBA7FFFFEA000053E3A5FFFF0AD6
S31580E1A160F4069FE5041017E501A08AE280208DE2DE
S31580E1A1702030A0E39BC2FFEB9EFFFFEA1E0E8DE23D
S31580E1A18080108DE27F1400EB000050E30400000AAA
S31580E1A1901E0E8DE2E0108DE27A1400EB000050E3B2
S31580E1A1A094FFFF1A0C309DE5000053E30600000A98
S31580E1A1B00B30D4E5100013E34101000A020000EA06
S31580E1A1C088369FE518308DE58AFFFFEA0180A0E3B6
S31580E1A1D0750000EA64309DE5016086E2200053E384
S31580E1A1E01000001AB637DDE1030056E16AFFFF1A77
S31580E1A1F00B10A0E160008DE2E2FCFFEB60269FE5BB
S31580E1A200B657DDE10060A0E3023040E2020053E1AF
S31580E1A21078209DE500B0A0E10030A0930130A083D5
S31580E1A220902525E0080000EA70309DE5015085E241
S31580E1A2301C209DE5053063E0020056E30060A00343
S31580E1A240020053E10030A0330130A023000053E344
S31580E1A25051FFFF0A003A9DE5020053E31801001A17
S31580E1A2600A10A0E10820A0E1F0059FE55DC2FFEBC1
S31580E1A270E10000EA003A9DE5000053E30030A003E7
S31580E1A28001300812000053E36501001A007A9DE56A
S31580E1A29003A0A0E10C308DE564309DE5BA49DDE1AE
S31580E1A2A0200053E3B439DD010030A0130338A00167
S31580E1A2B00060A0E3034084E006B0A0E18C359FE531
S31580E1A2C01C308DE5B637DDE1B4C7DDE160008DE2B6
S31580E1A2D00410A0E18C259FE59C0303E014FDFFEBD0
S31580E1A2E0000050E3AA00001A78559FE520008DE52D
S31580E1A2F0B627DDE1B437DDE1920303E020209DE579
S31580E1A300A30252E19200002A0020D5E50030A0E3C5
S31580E1A310E50052E3E030CDE58800000A0B30D5E573
S31580E1A320080013E33E00001A0030D5E5000053E350
S31580E1A3305B00000A0500A0E1081085E2E8FCFFEB7E
S31580E1A340000057E35D00001A0500A0E134108DE2BC
S31580E1A35053FDFFEB000057E36000001A08009DE51E
S31580E1A36034108DE2071400EB000050E36E00001A12
S31580E1A37080408DE20400A0E10510A0E12020A0E369
S31580E1A380A01400EB000054E38100000A0C309DE547
S31580E1A390000053E38800001A18209DE508309DE50A
S31580E1A3A0000052E30A30A0A108308DE50C309DE52E
S31580E1A3B0000053E38400000A0F00B4E880C08DE218
S31580E1A3C00F00ACE80F0094E80F008CE808009DE5EB
S31580E1A3D060FCFFEB003050E218308DE5A4FFFFBA58
S31580E1A3E008209DE50030A0E30030C2E7013080E23D
S31580E1A3F0033082E00020D3E503A0A0E12F0052E301
S31580E1A4005C005213013083E2F9FFFF0A003A9DE5D1
S31580E1A410000053E30401000A000052E30080A00338
S31580E1A420010100EA0F3003E20F0053E34300001A13
S31580E1A430400012E34100000A0D30D5E5E0C08DE22F
S31580E1A4401C308DE500C08DE560008DE20410A0E151
S31580E1A45010249FE50530A0E12CC08DE5B3FDFFEB2F
S31580E1A460000057E32CC09DE5AEFFFF0A0B30D5E532
S31580E1A470100013E301608612D8039F150C10A0111A
S31580E1A4801C00001AE030DDE5000053E32B00000AF2
S31580E1A49001B08BE2C0039FE51C1095E50C20A0E19D
S31580E1A4A01E0000EA000057E33900000A0B10A0E124
S31580E1A4B00620A0E1A4039FE5CAC1FFEB340000EAD0
S31580E1A4C01C309DE50008A0E1200853E19DFFFF1ABD
S31580E1A4D078339FE5205085E21C308DE5180000EA4F
S31580E1A4E00B30D5E5100013E30500000A64039FE510
S31580E1A4F0016086E234108DE22F20A0E3B9C1FFEB43
S31580E1A5000E0000EA3430DDE5000053E30B00000A7B
S31580E1A51044039FE51C1095E501B08BE234208DE282
S31580E1A5202030A0E3AFC1FFEB040000EA08009DE51F
S31580E1A530E0108DE2931300EB000050E38BFFFF0AFE
S31580E1A540205085E220309DE5013083E220308DE5A3
S31580E1A55066FFFFEA0410A0E160008DE209FCFFEBF3
S31580E1A560010050E30040A0E10200008AF8029FE585
S31580E1A5709CC1FFEB060000EA64309DE5200053E3D1
S31580E1A580E8329FE5FF32E003030050E14CFFFF3AFA
S31580E1A590F5FFFFEA0C309DE5014023E2003A9DE5B7
S31580E1A5A0000053E30040A00301400412000054E39D
S31580E1A5B00040A0130040E003950000EA8B30DDE522
S31580E1A5C0100013E373FFFF1A3D0000EA64309DE556
S31580E1A5D01C5094E5200053E3B431D401B627DDE184
S31580E1A5E00338A00124308D0514309DE5B477DDE193
S31580E1A5F0050053E1BA61D4E10100003A0040A0E3ED
S31580E1A600830000EA28309DE5000053E30400000A58
S31580E1A61014309DE528109DE5013083E0030055E186
S31580E1A6200350A021920707E024309DE53C429FE557
S31580E1A630036086E00780A0E114309DE5030058E1E0
S31580E1A6400D00008A0610A0E160008DE2CDFBFFEBF4
S31580E1A650010050E30060A0E1E7FFFF9A64309DE5E9
S31580E1A660200053E30430A011FF32E003030050E100
S31580E1A670E1FFFF2A078088E0EEFFFFEA088067E0D6
S31580E1A680055068E0088053E00840A0012500000AF3
S31580E1A690070055E1D8A19FE50540A0310740A021FB
S31580E1A6A060008DE20610A0E10A20A0E10430A0E17D
S31580E1A6B01FFCFFEB000050E30300000AB4019FE5B5
S31580E1A6C048C1FFEB0040E0E3510000EA055064E059
S31580E1A6D0044068E010009DE508108AE00420A0E1CE
S31580E1A6E0C81300EB000055E34900000A10309DE5F0
S31580E1A6F00610A0E1043083E060008DE210308DE544
S31580E1A700A0FBFFEB010050E30060A0E14000009A6E
S31580E1A71064309DE5200053E350319FE5FF32E0034D
S31580E1A720030050E13A00002A40819FE507A0A0E1BD
S31580E1A73006B0A0E105005AE160008DE20F00002A33
S31580E1A7400610A0E18FFBFFEB013040E2060053E10A
S31580E1A7501200001A010050E32D00009A64309DE555
S31580E1A760200053E30830A011FF32E003030050E1FB
S31580E1A7702700002A07A08AE00060A0E1ECFFFFEA5B
S31580E1A7800B10A0E110209DE50530A0E1E8FBFFEB91
S31580E1A790000050E3054084001D00000AC6FFFFEA81
S31580E1A7A060008DE20B10A0E110209DE50A30A0E16A
S31580E1A7B0DFFBFFEB000050E3BFFFFF1A10309DE5A2
S31580E1A7C060008DE20A3083E00610A0E110308DE56D
S31580E1A7D06CFBFFEB0A4084E005506AE0010050E340
S31580E1A7E00200008A80009FE5FEC0FFEB080000EAD8
S31580E1A7F064309DE5200053E30830A011FF32E00389
S31580E1A800030050E1F6FFFF2A07A0A0E100B0A0E136
S31580E1A810D8FFFFEA60009DE54CC2FFEB0400A0E1B2
S31580E1A820050000EA0080A0E308A0A0E10130A0E3F2
S31580E1A8300070A0E30C308DE596FEFFEA9EDE8DE2A8
S31580E1A840F08DBDE8004FE5809FCEE280A8DDE28015
S31580E1A850FFFF0000004FE380D2CEE280E4CEE280CB
S31580E1A860F2CEE280EDFFFF0F004FE4805ECEE28024
S31580E1A870F0FF0000804FE5800BCFE28007402DE9B5
S31580E1A88002C0A0E101E0A0E100308DE50010A0E387
S31580E1A8900E20A0E10C30A0E143FDFFEB0CD08DE270
S31580E1A8A004F09DE410402DE904419FE570D04DE22E
S31580E1A8B0003094E5000053E3F8009F052C00000A80
S31580E1A8C0F4009FE5C7C0FFEB003094E5003093E5E7
S31580E1A8D0013043E2070053E303F19F97150000EA55
S31580E1A8E000A9E18010A9E18018A9E18020A9E18091
S31580E1A8F028A9E18030A9E18038A9E18008A9E18031
S31580E1A900B8009FE50C0000EAB4009FE50A0000EA82
S31580E1A910B0009FE5080000EAAC009FE5060000EA8A
S31580E1A920A8009FE5040000EAA4009FE5020000EA92
S31580E1A930A0009FE5000000EA9C009FE5A9C0FFEB2F
S31580E1A940003094E594009FE5041093E5A5C0FFEB04
S31580E1A950000094E5C3D7FFEB30008DE214108DE261
S31580E1A96004208DE2F9FBFFEB004050E20300000A90
S31580E1A9706C009FE59BC0FFEB0140A0E3090000EA84
S31580E1A9801B108DE20B20A0E308008DE21D1300EB86
S31580E1A99050009FE526108DE208208DE21340CDE53B
S31580E1A9A02B40CDE58FC0FFEB0400A0E170D08DE2B6
S31580E1A9B01080BDE8804FE68022CFE28035CFE2800D
S31580E1A9C02DA9E28031A9E28036A9E2803BA9E28025
S31580E1A9D041A9E28045A9E2800678E28042CFE28021
S31580E1A9E04ACFE28059CFE28071CFE2800010A0E3C6
S31580E1A9F00120A0E10130A0E39FFFFFEAF7402DE9C6
S31580E1AA000040A0E10170A0E130009FE50410A0E1E3
S31580E1AA100350A0E10260A0E172C0FFEB0030A0E349
S31580E1AA2000308DE50400A0E10710A0E10620A0E159
S31580E1AA300530A0E1DCFCFFEB0CD08DE2F080BDE8D7
S31580E1AA4086CFE28001C0A0E138402DE90210A0E185
S31580E1AA500C20A0E10050A0E1E7FFFFEB010070E3ED
S31580E1AA600040A0E10200001A0C009FE50510A0E17C
S31580E1AA705CC0FFEB0400A0E13880BDE892CFE280C4
S31580E1AA801EFF2FE108402DE908009FE555C0FFEB49
S31580E1AA900000E0E30880BDE805D0E2800000E0E365
S31580E1AAA01EFF2FE10000E0E31EFF2FE10000E0E35F
S31580E1AAB01EFF2FE11EFF2FE114209FE50230A0E16A
S31580E1AAC0181093E4010050E10200A0010300A011F7
S31580E1AAD01EFF2FE17C03E38010402DE918409FE5BE
S31580E1AAE0000094E5F3FFFFEB143090E533FF2FE1AF
S31580E1AAF00030A0E3003084E51080BDE8D44FE680E5
S31580E1AB000130A0E3F3412DE90270A0E100308DE54B
S31580E1AB1078209FE578309FE544D8FFEB000050E34D
S31580E1AB20010000AA0000E0E3160000EA64609FE508
S31580E1AB3058809FE50040A0E3300054E3045086E06E
S31580E1AB40F7FFFF0A000057E30300000A063094E7A7
S31580E1AB50000053E3030057110800001A043095E51D
S31580E1AB60000098E528109FE533FF2FE1000050E3D0
S31580E1AB7024309F0500209505002083050100000A09
S31580E1AB80184084E2EBFFFFEA08D08DE2F081BDE870
S31580E1AB90D84FE680844FE6807C03E380D44FE6801D
S31580E1ABA038402DE92C409FE50050A0E1000094E576
S31580E1ABB0C0FFFFEB083090E50500A0E133FF2FE110
S31580E1ABC00030A0E3003084E50050A0E1C1FFFFEB57
S31580E1ABD00500A0E13880BDE8D44FE680F8402DE954
S31580E1ABE00350A0E16C309FE50060A0E1000093E5B1
S31580E1ABF00240A0E10170A0E1AEFFFFEB0420A0E1FD
S31580E1AC000530A0E10710A0E10CC090E50600A0E1C7
S31580E1AC103CFF2FE1050050E10020E0E1A22FA0E119
S31580E1AC200020A003000055E30030A00301300212AA
S31580E1AC30000053E30040A0E10300000A18009FE50D
S31580E1AC400610A0E1E7BFFFEB0040E0E3A1FFFFEBE9
S31580E1AC500400A0E1F880BDE8D44FE68092CFE2809F
S31580E1AC60021042E2050051E3F8452DE90040E08318
S31580E1AC706500008A020052E3081093150010A003D4
S31580E1AC80040093E50260A0E120209DE50350A0E168
S31580E1AC909AFFFFEB004050E23000001A030056E3D2
S31580E1ACA0070000DA0C0095E50410A0E11020A0E38E
S31580E1ACB0941500EB040056E30070A0E10A00001A47
S31580E1ACC00D0000EA48019FE56EB6FFEB000050E318
S31580E1ACD040719F050800000A0410A0E11020A0E35E
S31580E1ACE0881500EB0070A0E1030000EA050056E359
S31580E1ACF0108095E54100000A050000EA18019FE50C
S31580E1AD0060B6FFEB008050E210019F053B00001A20
S31580E1AD10110000EA140095E50410A0E11020A0E3FB
S31580E1AD20781500EB070056E30450A01100A0A0E1DE
S31580E1AD300400001A180095E50410A0E11020A0E3B4
S31580E1AD40701500EB0050A0E1342099E57F2482E282
S31580E1AD50020057E10300009AC4009FE595BFFFEB2F
S31580E1AD600140A0E3280000EA0000A0E3AA95FFEBFA
S31580E1AD700520A0E10710A0E10A30A0E10060A0E192
S31580E1AD800800A0E194FFFFEB0050A0E10600A0E1FE
S31580E1AD90A195FFEB000055E30060A0E1EFFFFFDA4C
S31580E1ADA080009FE50510A0E10620A0E18DBFFFEBC5
S31580E1ADB0000056E30B00000A6C009FE57DBFFFEBC8
S31580E1ADC00610A0E10500A0E1862300EBFA3FA0E3AF
S31580E1ADD00010A0E354209FE5930000E01B0700EB01
S31580E1ADE04C009FE573BFFFEB48009FE571BFFFEB2A
S31580E1ADF00510A0E140009FE52DB5FFEB020000EADA
S31580E1AE0000A0A0E30A50A0E1CEFFFFEA0400A0E1A2
S31580E1AE10F885BDE85A8AE2800080008248D0E280E7
S31580E1AE2051D0E2806DD0E2809BD0E280B3D0E280E7
S31580E1AE304EC1E2808A67E28009CFE280CF65E28017
S31580E1AE40021042E2020051E31100008A020052E35D
S31580E1AE5038402DE9081093150010A003040093E50E
S31580E1AE600250A0E110209DE50340A0E123FFFFEB26
S31580E1AE70000050E30800001A040055E30C00940535
S31580E1AE801C009F1545FFFFEB000090E20100A01337
S31580E1AE903880BDE80000E0E31EFF2FE10100A0E37A
S31580E1AEA03880BDE8116BE280001090E5212CA0E1AD
S31580E1AEB0FF3801E2012C82E1232482E1FF3C01E2B9
S31580E1AEC0033482E198209FE5020053E11300001AE2
S31580E1AED0141090E5212CA0E1FF3801E2012C82E1FA
S31580E1AEE0232482E1FF3C01E2033482E10F0053E354
S31580E1AEF01700009A181090E5212CA0E1FF3801E2B5
S31580E1AF00012C82E1232482E1FF3C01E2033482E1E8
S31580E1AF10120053E30000A0330900E0231EFF2FE176
S31580E1AF2040209FE5020053E10B00001A243090E5B2
S31580E1AF30232CA0E1FF1803E2032C82E1212482E1A4
S31580E1AF40FF3C03E2033492E10000A0130600E00334
S31580E1AF501EFF2FE10900E0E31EFF2FE10800E0E399
S31580E1AF601EFF2FE1EDFE0DD01201F22F10402DE9EB
S31580E1AF70144090E524ECA0E1FFC804E2043C8EE1B4
S31580E1AF802CE483E1FFCC04E20CC48EE110005CE3A7
S31580E1AF900A00009A024091E01400002A243090E5EC
S31580E1AFA023ECA0E1FFC803E203EC8EE12CE48EE121
S31580E1AFB0FFCC03E20CC48EE10C0054E10B00008A65
S31580E1AFC008E090E5000052E32ECCA0E1FF380EE2E6
S31580E1AFD00ECC8CE123C48CE1FF3C0EE203348CE1A0
S31580E1AFE0031081E0010080A00000A0B31080BDE8DD
S31580E1AFF00000A0E31080BDE80730E0E3F0412DE9F1
S31580E1B000003082E50260A0E10420A0E30080A0E1B7
S31580E1B0100170A0E1D4FFFFEB000050E33C00000AA1
S31580E1B020003090E5044087E2235CA0E1035C85E1A2
S31580E1B030FF0803E2205485E1FF3C03E2035485E106
S31580E1B0400A30E0E3003086E5013045E2080053E36B
S31580E1B05003F19F972E0000EA7CB0E180E8B0E180C1
S31580E1B060ACB0E180E8B0E18014B1E18014B1E18077
S31580E1B07014B1E18014B1E180E8B0E1800410A0E18F
S31580E1B0800800A0E10120A0E3B7FFFFEB014084E2E5
S31580E1B090000050E31E00000A0030D0E50410A0E174
S31580E1B0A0000053E3F5FFFF1A0E0000EA0800A0E175
S31580E1B0B00410A0E10420A0E3ABFFFFEB000050E326
S31580E1B0C01300000A001090E50C4087E221CCA0E154
S31580E1B0D0FF3801E2012C8CE123C482E1FF3C01E2ED
S31580E1B0E003348CE1034084E00800A0E10710A0E18D
S31580E1B0F0042067E09CFFFFEB000050E30400000AB8
S31580E1B100034084E20340C4E3004086E50500A0E114
S31580E1B110F081BDE80900A0E3F081BDE8003051E2AD
S31580E1B12007402DE904108DE5010000AA0300E0E364
S31580E1B130060000EA030013E3FBFFFF1A04208DE219
S31580E1B140ACFFFFEB010050E3F7FFFF1A04009DE53A
S31580E1B1500CD08DE204F09DE4003051E207402DE908
S31580E1B16004108DE5010000AA0300E0E3060000EA91
S31580E1B170030013E3FBFFFF1A04208DE29DFFFFEB43
S31580E1B180030050E3F7FFFF1A04009DE50CD08DE242
S31580E1B19004F09DE40030A0E3030051E173402DE922
S31580E1B1A00060A0E10250A0E104308DE5030000BA21
S31580E1B1B0D9FFFFEB000050E304008DE5200000BAE3
S31580E1B1C004409DE50600A0E10410A0E104208DE2A3
S31580E1B1D088FFFFEB020050E30900000A090050E313
S31580E1B1E01000000A010050E3F4FFFF1A000055E366
S31580E1B1F0003095150400A0E10130831200308515F9
S31580E1B2000F0000EA000055E3ECFFFF0A003095E508
S31580E1B210013043E2000053E3003085E5E7FFFFAA12
S31580E1B22004009DE5060000EA04009DE5000050E388
S31580E1B2300000E0A3020000AA000055E308007003C5
S31580E1B2400000E00308D08DE27080BDE8F8402DE98A
S31580E1B2500040A0E10200A0E10150A0E10270A0E17E
S31580E1B2606E1000EB016080E2055066E0055084E0F7
S31580E1B270050054E10700008A0400A0E10710A0E17F
S31580E1B2800620A0E10C1100EB000050E30300000A68
S31580E1B290014084E2F5FFFFEA0000A0E3F880BDE823
S31580E1B2A00400A0E1F880BDE8F8402DE90050A0E176
S31580E1B2B00160A0E10270A0E1FAFEFFEB004050E2FE
S31580E1B2C00B00001A04E095E52ECCA0E1FF380EE2F2
S31580E1B2D00ECC8CE123C48CE1FF3C0EE203248CE1AD
S31580E1B2E0070052E10400008A0600A0E10510A0E112
S31580E1B2F0DF1000EB0400A0E1F880BDE80200E0E3A6
S31580E1B300F880BDE837402DE90050A0E10140A0E199
S31580E1B3100500A0E10410A0E104208DE235FFFFEBFA
S31580E1B320030050E30A00000A090050E304409DE56A
S31580E1B3300300001A000054E30400A0B10A00E0A370
S31580E1B340040000EA040050E3F0FFFF0A0000E0E3B6
S31580E1B350000000EA0400A0E10CD08DE23080BDE877
S31580E1B3600CC090E52C2CA0E1FF380CE20C2C82E19C
S31580E1B370232482E1FF3C0CE2033482E1011083E085
S31580E1B380010080E01EFF2FE1F84C2DE90050A0E19D
S31580E1B3900170A0E10260A0E10340A0E1C1FEFFEB04
S31580E1B3A0000050E3F88CBD18103095E523ECA0E160
S31580E1B3B0FFC803E203EC8EE1FF1C03E22CE48EE19D
S31580E1B3C001C48EE107128CE001C085E004209CE592
S31580E1B3D0013095E7021CA0E1FFEC02E2221C81E14B
S31580E1B3E00E1481E1FF2802E2221481E1032CA0E11F
S31580E1B3F0FFEC03E2232C82E10E2482E1FF3803E2B3
S31580E1B40023B482E101A080E1F0A0C6E108309CE5A9
S31580E1B4100CC09CE50C1CA0E1FF2C0CE22C1C81E10C
S31580E1B420021481E1FF280CE2222481E1031CA0E1E0
S31580E1B430FFCC03E2231C81E10C1481E1FF3803E2B6
S31580E1B440237481E1026080E1F060C4E1F88CBDE8BB
S31580E1B450103090E5704C2DE923ECA0E103EC8EE110
S31580E1B460FF2803E222E48EE1FF3C03E203E48EE17E
S31580E1B4700060A0E306328EE0033080E00C1093E5B5
S31580E1B480082093E5013CA0E1213C83E1FFCC01E288
S31580E1B4900CC483E1FF1801E221348CE1021CA0E1B6
S31580E1B4A0221C81E1FFCC02E20C1481E1FF2802E259
S31580E1B4B0225481E10040A0E303A084E105B0A0E14C
S31580E1B4C00B309AE101608612E9FFFF1A0600A0E1DE
S31580E1B4D0708CBDE8F34D2DE90350A0E10070A0E149
S31580E1B4E00140A0E10280A0E16EFEFFEB000050E3A7
S31580E1B4F008608D020400260501A085022700001A56
S31580E1B50004309DE5000054E3000053A31E0000BA19
S31580E1B510010053E31600001A0700A0E1041084E25B
S31580E1B5200A20A0E190FEFFEB00B050E21000000A95
S31580E1B5300810A0E10520A0E15F1000EB000050E3D8
S31580E1B5400B00001A0530DBE7000053E31200000A26
S31580E1B5500800A0E14010A0E30520A0E17D1000EB0A
S31580E1B560000050E30200001A0530DBE7400053E3B8
S31580E1B5700900000A0410A0E10700A0E10620A0E18D
S31580E1B58003FFFFEB0040A0E1DCFFFFEA000053E3AD
S31580E1B5900400A0A10000E0B3000000EA0400A0E1FD
S31580E1B5A008D08DE2F08DBDE8F8402DE90050A0E1AC
S31580E1B5B00160A0E10240A0E1087090E539FEFFEB71
S31580E1B5C0000050E31400001A0500A0E10610A0E196
S31580E1B5D0D1FEFFEB000050E30F0000BA07CCA0E1FB
S31580E1B5E0FF3807E227CC8CE1FF1C07E223C48CE11C
S31580E1B5F001348CE1061083E0015085E0000054E3DC
S31580E1B600045085E20200000A0500A0E1830F00EB09
S31580E1B610000084E50500A0E1F880BDE8000054E380
S31580E1B620000084150000A0130400A001F880BDE8A5
S31580E1B63010402DE90040A0E1B7FEFFEB001050E29B
S31580E1B6401080BDB80400A0E11040BDE82CFFFFEA00
S31580E1B65010402DE90040A0E1BEFEFFEB001050E274
S31580E1B6601080BDB80400A0E11040BDE824FFFFEAE8
S31580E1B67070402DE90040A0E10160A0E10250A0E127
S31580E1B680B4FEFFEB000050E3030000AA000055E39F
S31580E1B690000085150000A0E37080BDE808E094E530
S31580E1B6A0000055E32ECCA0E1FF380EE20ECC8CE112
S31580E1B6B023C48CE1FFEC0EE20E348CE1030086E0DC
S31580E1B6C0000084E07080BD08042090E5221CA0E1A2
S31580E1B6D0FF3802E2021C81E1231481E1FF3C02E2B0
S31580E1B6E0033481E1003085E57080BDE8F04D2DE9D8
S31580E1B6F020409DE50060A0E10280A0E10370A0E129
S31580E1B700CAFFFFEB000050E30050A0E11D0000BA44
S31580E1B7100600A0E10510A0E10420A0E1D3FFFFEB44
S31580E1B72000A050E21600000A08C09AE50600A0E1F2
S31580E1B7302C1CA0E1FF380CE20C1C81E1231481E191
S31580E1B740FFCC0CE20C1481E104FFFFEB00B0A0E139
S31580E1B750320F00EB070050E10500001A0B00A0E173
S31580E1B7600810A0E10720A0E1D30F00EB000050E331
S31580E1B7700800000A0600A0E10510A0E1B3FFFFEB97
S31580E1B780DFFFFFEA0C50E0E3000054E3005084154C
S31580E1B7900000A0E3F08DBDE80A00A0E1F08DBDE8F0
S31580E1B7A0F7402DE90060A0E10200A0E10370A0E18D
S31580E1B7B00150A0E10240A0E1180F00EB00708DE599
S31580E1B7C00510A0E10420A0E10030A0E10600A0E19F
S31580E1B7D0C5FFFFEB0CD08DE2F080BDE807402DE997
S31580E1B7E010C09DE500C08DE5BFFFFFEB000050E393
S31580E1B7F00C0080120CD08DE204F09DE4F7402DE937
S31580E1B8000060A0E10200A0E10370A0E10150A0E1A7
S31580E1B8100240A0E1010F00EB00708DE50510A0E18B
S31580E1B8200420A0E10030A0E10600A0E1EAFFFFEB01
S31580E1B8300CD08DE2F080BDE873402DE90150A0E1A6
S31580E1B84034109FE50060A0E10240A0E10B0000EB2F
S31580E1B85000C0A0E3001050E20C00A0B1040000BAE1
S31580E1B86000C08DE50600A0E10520A0E10430A0E15D
S31580E1B870D9FFFFEB08D08DE27080BDE8ED99E280DB
S31580E1B880F0412DE90070A0E10100A0E10150A0E1C5
S31580E1B890E20E00EB0060A0E10700A0E181FDFFEB95
S31580E1B8A0000050E3F081BD180030D5E5066085E003
S31580E1B8B02F0053E31000000A2F10A0E30500A0E15A
S31580E1B8C0CB0E00EB0510A0E1000050E30080A01153
S31580E1B8D00680A0010700A0E1082065E0D5FFFFEB27
S31580E1B8E0001050E21C00000A0700A0E1E3FFFFEB35
S31580E1B8F00850A0E10040A0E1000000EA0040A0E19C
S31580E1B9000030D5E5000053E31500000A0580A0E18B
S31580E1B9100130D5E42F0053E3FBFFFF0A000053E338
S31580E1B9200F00000A2F10A0E30800A0E1B00E00EBA3
S31580E1B9300410A0E10820A0E1000050E30050A0112E
S31580E1B9400650A0010700A0E1053068E0E0FEFFEBCC
S31580E1B950004050E2E9FFFFAA010000EA0400E0E3CB
S31580E1B960F081BDE80400A0E1F081BDE8F7452DE96D
S31580E1B9700080A0E10160A0E10250A0E10370A0E1B6
S31580E1B98048FDFFEB000050E32300001A000055E379
S31580E1B99008A08DA204002AA50C40E0A31D0000BAF0
S31580E1B9A0060050E10030A0C30130A0D3000050E38F
S31580E1B9B00030A0B3000053E30010A0E10E00000ABE
S31580E1B9C004309DE5050053E10140A001060051E107
S31580E1B9D00500001A000057E300308715030055E1A2
S31580E1B9E00400A0D10000E0C30B0000EA0800A0E15A
S31580E1B9F00A20A0E1E6FDFFEBE8FFFFEA010070E344
S31580E1BA000300E0A3040000AA040071E30100A01191
S31580E1BA100A00E003000000EA0000E0E30CD08DE2DA
S31580E1BA20F085BDE807402DE90020A0E304308DE2F2
S31580E1BA30CDFFFFEB000050E304009D050000000A06
S31580E1BA400C00E0A30CD08DE204F09DE4F0412DE9F9
S31580E1BA500040A0E10200A0E10150A0E10270A0E176
S31580E1BA606E0E00EB0060A0E1018080E2060055E108
S31580E1BA700B0000BA0700A0E10410A0E10820A0E1D4
S31580E1BA800D0F00EB000050E30C00000A0400A0E17A
S31580E1BA900010A0E30520A0E12E0F00EB000050E3AB
S31580E1BAA00100001A0000A0E3F081BDE8004064E0F7
S31580E1BAB00440E0E1045085E0014080E2EAFFFFEAEC
S31580E1BAC00100A0E3F081BDE813402DE90240A0E149
S31580E1BAD004308DE228209FE547FFFFEB000050E32D
S31580E1BAE004009D050400000A04109DE50420A0E100
S31580E1BAF0D5FFFFEB100F6FE1A002A0E108D08DE248
S31580E1BB001080BDE843C7E280F8402DE90050A0E10E
S31580E1BB100170A0E10260A0E1E2FCFFEB002050E2CF
S31580E1BB200500A0010710A0010F00001A98FDFFEBA8
S31580E1BB30000050E30040A0E10D0000BA0500A0E15D
S31580E1BB400410A0E10620A0E1DEFFFFEB010070E337
S31580E1BB50F880BDB8000050E30500000A0500A0E1C9
S31580E1BB600410A0E10020A0E3EFFFFFEA0200A0E1DC
S31580E1BB70F880BDE80400A0E1F880BDE8103090E5EA
S31580E1BB8010402DE923CCA0E1FFE803E203CC8CE170
S31580E1BB902EC48CE1FFEC03E20EE48CE127005EE348
S31580E1BBA02600009A084090E50E1081E024CCA0E1C1
S31580E1BBB0FF3804E204CC8CE123C48CE1FF3C04E24F
S31580E1BBC003348CE1010053E11C00003A0C1090E54E
S31580E1BBD0023083E021CCA0E101CC8CE1FFE801E2F7
S31580E1BBE02EC48CE1FF1C01E201C48CE103005CE11F
S31580E1BBF01200003A041090E520E090E5212CA0E1C6
S31580E1BC00FF3801E2012C82E1FF0C01E2232482E18B
S31580E1BC102E1CA0E1003482E10E1C81E1FF280EE2B8
S31580E1BC20FF0C0EE2221481E1002481E10C0082E026
S31580E1BC30000053E10000A0230100A0331080BDE89D
S31580E1BC400100A0E31080BDE8F8402DE9206090E591
S31580E1BC500C5090E5264CA0E1FFE806E2064C84E133
S31580E1BC602E4484E1FFCC06E20CE484E1254CA0E19C
S31580E1BC70FFC805E2054C84E12C4484E1FFCC05E272
S31580E1BC800CC484E10CC08EE0000052E30CC080E07D
S31580E1BC90150000BA026081E00C0056E11200008ACC
S31580E1BCA0045090E5037062E0254CA0E1FFE805E2EF
S31580E1BCB0054C84E12E4484E1FFEC05E20EE484E167
S31580E1BCC007708CE00EE080E00E0057E10800008A04
S31580E1BCD00CC061E0030081E00C2062E00610A0E187
S31580E1BCE0630E00EB0000A0E3F880BDE80300E0E32B
S31580E1BCF0F880BDE80200E0E3F880BDE870402DE918
S31580E1BD000260A0E10350A0E10222A0E10332A0E1BA
S31580E1BD100040A0E1CBFFFFEB000050E37080BD184F
S31580E1BD20083094E5052066E023CCA0E1FF1803E224
S31580E1BD3003CC8CE121C48CE1FF1C03E20222A0E169
S31580E1BD4001148CE1011082E0013CA0E1FFCC01E22B
S31580E1BD50213C83E10C3483E1FF1801E20CC094E5D8
S31580E1BD60211483E1081084E52C1CA0E1FF380CE264
S31580E1BD700C1C81E1231481E1FF3C0CE2033481E177
S31580E1BD80033082E0032CA0E1FF1C03E2232C82E155
S31580E1BD90012482E1FF3803E2233482E10C3084E539
S31580E1BDA07080BDE870402DE90040A0E10250A0E13D
S31580E1BDB00360A0E1A3FFFFEB000050E37080BD18B4
S31580E1BDC024E094E5062065E02ECCA0E1FF180EE2A2
S31580E1BDD00ECC8CE121C48CE1FF1C0EE201148CE1D6
S31580E1BDE0011082E0013CA0E1FFCC01E2213C83E14C
S31580E1BDF00C3483E1FF1801E20CC094E5211483E160
S31580E1BE00241084E52C1CA0E1FF380CE20C1C81E1B6
S31580E1BE10231481E1FF3C0CE2033481E1033082E0CB
S31580E1BE20032CA0E1FF1C03E2232C82E1012482E1C1
S31580E1BE30FF3803E2233482E10C3084E57080BDE88B
S31580E1BE40F0412DE90050A0E1100090E5287082E2F2
S31580E1BE50038087E00360A0E1203CA0E10140A0E10E
S31580E1BE60003C83E1FF1800E2213483E1FF1C00E21C
S31580E1BE70011483E1011085E0280084E2FC0D00EBEA
S31580E1BE80082095E50A33A0E3103084E5223CA0E161
S31580E1BE90FF1802E2023C83E1213483E1FF1C02E2E6
S31580E1BEA0011483E10620A0E1070084E0011085E02A
S31580E1BEB0EF0D00EB073CA0E1FF2C07E2273C83E195
S31580E1BEC0023483E1FF7807E2277483E1063CA0E14F
S31580E1BED0FF2C06E2263C83E1023483E10C2095E5E2
S31580E1BEE0FF6806E2266483E1223CA0E1200095E535
S31580E1BEF0FF1802E2023C83E1213483E1FF1C02E286
S31580E1BF00011483E1203CA0E1FF2800E2003C83E1CB
S31580E1BF10223483E1FF2C00E2022483E1011085E0F3
S31580E1BF20087084E5246084E5080084E0D00D00EBA8
S31580E1BF30082CA0E1201095E5FF3C08E2282C82E15F
S31580E1BF40032482E1FF3808E2233482E1212CA0E157
S31580E1BF50012C82E10C3084E5FF3801E2232482E181
S31580E1BF60FF3C01E2033482E1032CA0E1232C82E150
S31580E1BF70FF1C03E2012482E1FF3803E2233482E1FC
S31580E1BF80203084E5F081BDE8F04D2DE90240A0E165
S31580E1BF900050A0E10380A0E15FFCFFEB00A050E24E
S31580E1BFA00A40A0B16A0000BA0C2095E50400A0E140
S31580E1BFB0223CA0E1FF6802E2023C83E1263483E190
S31580E1BFC0FF6C02E2066483E1140D00EB203095E517
S31580E1BFD0066085E0231CA0E1FF2803E2031C81E1E2
S31580E1BFE0221481E1FF3C03E20420A0E1031481E114
S31580E1BFF00070A0E10600A0E193FCFFEB002050E297
S31580E1C000024066102A00001A203095E501B087E2E9
S31580E1C010237CA0E1FF0803E2037C87E1207487E1CA
S31580E1C0200C0095E5FF3C03E2037487E1203CA0E147
S31580E1C030FF1800E2003C83E1213483E1FF1C00E24A
S31580E1C040011483E1071081E00500A0E1011085E09C
S31580E1C0500B30A0E1FBFEFFEB000050E30040A011B6
S31580E1C0601300001A201095E5070086E0212CA0E157
S31580E1C070FF3801E2012C82E1232482E1FF3C01E2E7
S31580E1C080033482E103308BE0032CA0E1FF1C03E261
S31580E1C090232C82E1012482E1FF3803E2233482E129
S31580E1C0A00410A0E1203085E50B20A0E1550D00EBE1
S31580E1C0B00740A0E1000054E3250000BA082095E599
S31580E1C0C00500A0E1223CA0E1FF1802E2023C83E107
S31580E1C0D0213483E1FF1C02E2011483E101108AE04D
S31580E1C0E020309DE5011085E0001083E5033088E28C
S31580E1C0F00330C3E30020A0E30C3083E228FFFFEBAB
S31580E1C100000050E31100001A20309DE5FF2C04E287
S31580E1C110001093E50334A0E3003081E5043CA0E11F
S31580E1C120243C83E1023483E1FF4804E2244483E151
S31580E1C130083CA0E1283C83E1FF2C08E2023483E15C
S31580E1C140FF8808E2288483E1084081E5048081E56F
S31580E1C1500040A0E10400A0E1F08DBDE838402DE982
S31580E1C1600050A0E14FFBFFEB000050E33880BD18A3
S31580E1C170142095E5223CA0E1FF4802E2023C83E1FE
S31580E1C180243483E1FF4C02E2044483E1100054E36A
S31580E1C1900F00009A243095E50500A0E1232CA0E16B
S31580E1C1A0FF1803E2032C82E1212482E1FF3C03E2D2
S31580E1C1B01010A0E3032482E16FFEFFEB000050E361
S31580E1C1C00500001A110054E31134A01314308515CB
S31580E1C1D03880BDE80900E0E33880BDE80B00E0E3A4
S31580E1C1E03880BDE8F34D2DE928509DE50270A0E148
S31580E1C1F000A0A0E10380A0E12C609DE5D6FFFFEBE6
S31580E1C200002050E20200A0112E00001A0A00A0E1EF
S31580E1C21004208DE58DFCFFEB10109AE504209DE569
S31580E1C220213CA0E1FF4801E2013C83E1243483E142
S31580E1C230FF4C01E2044483E10130A0E3004284E063
S31580E1C24004B08AE00A00A0E10B10A0E1AAFEFFEBB0
S31580E1C250000050E31B00001A083CA0E1FF2C08E235
S31580E1C260283C83E1023483E1071CA0E1FF8808E2F0
S31580E1C270288483E1273C81E1FF1C07E2011483E105
S31580E1C280FF7807E2273481E1082080E1F4208AE122
S31580E1C290063CA0E1FF2C06E2263C83E1023483E101
S31580E1C2A0051CA0E1FF6806E2266483E1253C81E185
S31580E1C2B0FF1C05E2011483E1FF5805E2253481E1A3
S31580E1C2C0062080E1F820CBE108D08DE2F08DBDE853
S31580E1C2D0F0412DE90070A0E10150A0E1104090E528
S31580E1C2E09DFFFFEB006050E21000001A0700A0E11D
S31580E1C2F056FCFFEB000055E10E0000AA04CCA0E15C
S31580E1C300FF2804E224CC8CE122C48CE1FF2C04E2F8
S31580E1C31002248CE1051282E00700A0E1011087E0AA
S31580E1C3200630A0E10120A0E3F041BDE872FEFFEA1C
S31580E1C3300600A0E1F081BDE80000E0E3F081BDE820
S31580E1C340FF412DE928409DE50050A0E10170A0E183
S31580E1C3500260A0E10380A0E17FFFFFEB000050E3F4
S31580E1C3602D00001A0710A0E10500A0E10620A0E15A
S31580E1C3700C308DE209FDFFEB0CC09DE5000050E33A
S31580E1C3800010A0E108008DE50C00A0011100000A73
S31580E1C39003208CE2033084E20500A0E10C1081E207
S31580E1C3A00320C2E30330C3E37DFEFFEB000050E3ED
S31580E1C3B00800001A043CA0E1FF2C04E2243C83E15E
S31580E1C3C0023483E1FF2804E2223483E108209DE5FB
S31580E1C3D0043082E50A0000EA010070E30600001AF3
S31580E1C3E008308DE200308DE50500A0E10710A0E17F
S31580E1C3F00620A0E10430A0E1E2FEFFEB000050E37D
S31580E1C4000500001A08009DE50810A0E10C0080E215
S31580E1C4100420A0E17B0C00EB0000A0E310D08DE2CC
S31580E1C420F081BDE8F7402DE90050A0E10170A0E17F
S31580E1C4300260A0E148FFFFEB004050E20400A0115A
S31580E1C4400E00001A0710A0E10620A0E10500A0E198
S31580E1C45004308DE2D1FCFFEB04209DE5001050E233
S31580E1C4600200A0010500000A032082E20320C2E364
S31580E1C4700500A0E10C2082E20430A0E148FEFFEB5A
S31580E1C4800CD08DE2F080BDE8F34D2DE90050A0E1BE
S31580E1C4900140A0E10270A0E10360A0E12EFFFFEB85
S31580E1C4A0000050E33600001A0500A0E10410A0E187
S31580E1C4B00720A0E10630A0E105FCFFEB000050E398
S31580E1C4C00100E0A32E0000AA010070E32C00001A0F
S31580E1C4D00500A0E10410A0E104208DE2C5FAFFEB9E
S31580E1C4E004809DE50500A0E10810A0E104208DE22D
S31580E1C4F0C0FAFFEB030040E2010050E3F7FFFF9A49
S31580E1C500082095E504B086E2223CA0E1FF4802E2FC
S31580E1C510023C83E1243483E1FF4C02E2044483E17B
S31580E1C520044088E004A085E003B0CBE30A10A0E1F3
S31580E1C5300500A0E10020A0E308308BE218FEFFEBC6
S31580E1C540001050E20100A0110D00001A0134A0E3B1
S31580E1C550043085E704408AE20B20A0E10400A0E1F3
S31580E1C560110C00EB0400A0E10710A0E10620A0E198
S31580E1C570240C00EB0BA08AE00234A0E30800A0E1E2
S31580E1C58004308AE508D08DE2F08DBDE870402DE972
S31580E1C5900060A0E10200A0E10150A0E10240A0E13B
S31580E1C5A09E0B00EB0510A0E10420A0E10030A0E1A4
S31580E1C5B00600A0E17040BDE8B2FFFFEAF0412DE957
S31580E1C5C00070A0E10150A0E1E3FEFFEB006050E2E4
S31580E1C5D01200001A0700A0E10510A0E1BC0000EB03
S31580E1C5E0002050E20F0000BA084097E50700A0E17D
S31580E1C5F024ECA0E1FFC804E204EC8EE12CE48EE1B8
S31580E1C600FFCC04E20CC48EE105108CE0011087E0DA
S31580E1C610022065E00630A0E1F041BDE8E0FDFFEAF9
S31580E1C6200600A0E1F081BDE80200A0E1F081BDE86D
S31580E1C630FF4D2DE90070A0E10160A0E10240A0E19B
S31580E1C640048090E517FAFFEB005050E20500A01157
S31580E1C6508600001A0700A0E17CFBFFEB141097E54A
S31580E1C660212CA0E1FF3801E2012C82E1232482E141
S31580E1C670FF3C01E2033482E1100053E3010080E2F2
S31580E1C68000A2A0E10800009A241097E5212CA0E100
S31580E1C690FF3801E2012C82E1232482E1FF3C01E2C1
S31580E1C6A0033482E10C308DE50A0000EA10B08DE2B8
S31580E1C6B004502BE50700A0E10C109DE50B20A0E1DD
S31580E1C6C04CFAFFEB090050E3F9FFFF1A0C009DE5F8
S31580E1C6D0000050E3650000BA0C309DE50700A0E15B
S31580E1C6E00320A0E10A10A0E104308DE522FDFFEBF5
S31580E1C6F004309DE5000050E31700001A0700A0E131
S31580E1C7000610A0E10420A0E1E6FAFFEB003050E25A
S31580E1C7105300001A0C009DE51124A0E3001CA0E162
S31580E1C720142086E5201C81E1FF2C00E2021481E1E0
S31580E1C730FF2800E2222481E1242086E5042CA0E181
S31580E1C740242C82E1FF1C04E2012482E1FF4804E219
S31580E1C750244482E1044086E5410000EA200097E531
S31580E1C76028B083E2201CA0E1FF2800E2001C81E1E1
S31580E1C770221481E1FF0C00E2002481E102B08BE02A
S31580E1C7800AB08BE00B0054E1370000BA085CA0E107
S31580E1C790285C85E1FF2808E2222485E1FF5C08E246
S31580E1C7A0055482E1055087E00B2086E0020057E1DF
S31580E1C7B0050056310400002A0B2085E0041086E04E
S31580E1C7C0010052E10100009A270000EA0650A0E14B
S31580E1C7D00700A0E10510A0E10A20A0E197FDFFEBAB
S31580E1C7E00510A0E10B20A0E10600A0E1A00B00EB83
S31580E1C7F080309FE5003086E5043CA0E1FF2C04E231
S31580E1C800243C83E11C1097E5023483E1FF4804E28E
S31580E1C810244483E11134A0E3212CA0E1143086E5A0
S31580E1C8200132A0E3012C82E1183086E5FF3801E28E
S31580E1C830232482E1FF3C01E2033482E1032CA0E17F
S31580E1C840232C82E1FF1C03E2012482E1FF3803E22B
S31580E1C850233482E1044086E51C3086E50000A0E3CE
S31580E1C860020000EA0300A0E1000000EA0200E0E342
S31580E1C87010D08DE2F08DBDE8D00DFEED000050E3E5
S31580E1C880090000CA0A00000A0D0070E30A00009A56
S31580E1C8902C309FE5000060E2000193E724309FE5BC
S31580E1C8A0000050E30300A0011EFF2FE118009FE581
S31580E1C8B01EFF2FE114009FE51EFF2FE104009FE597
S31580E1C8C01EFF2FE1AC46E280F2D0E280D1D0E28059
S31580E1C8D0E7D0E28037402DE90030A0E308408DE2E1
S31580E1C8E00050A0E1043024E504309DE5000051E3E9
S31580E1C8F0000053A3040000BA0500A0E10420A0E1F2
S31580E1C90023FAFFEB0010A0E1F6FFFFEA0100A0E1C8
S31580E1C9100CD08DE23080BDE804E02DE538E09FE57E
S31580E1C92000C0A0E10030A0E30C2060E0010052E10C
S31580E1C930070000AA0120DCE4232422E08220A0E192
S31580E1C940B2209EE1033422E00338A0E12338A0E15E
S31580E1C950F4FFFFEA0300A0E104F09DE4F451E280F4
S31580E1C960030011E330402DE90B00000A000052E399
S31580E1C9700900000AB8C09FE50130D1E4012052E206
S31580E1C980003023E0FF3003E203319CE7200423E01B
S31580E1C9900100000A030011E3F6FFFF1A03C002E279
S31580E1C9A0041041E22221A0E184309FE50150A0E11B
S31580E1C9B00240A0E1000054E30F00000A04E0B5E57F
S31580E1C9C0014044E20E0020E0FFE000E20EE193E761
S31580E1C9D020042EE0FFE000E20EE193E720042EE062
S31580E1C9E0FFE000E20EE193E720042EE0FFE000E2C3
S31580E1C9F00EE193E720042EE0EDFFFFEA00005CE321
S31580E1CA000221A0E13080BD08032082E2022081E09C
S31580E1CA101C109FE50130F2E501C05CE2003023E0C5
S31580E1CA20FF3003E2033191E7200423E0F8FFFF1AA8
S31580E1CA303080BDE88442E28008402DE90000E0E1F3
S31580E1CA40C6FFFFEB0000E0E10880BDE8F9FFFFEA01
S31580E1CA50FF4D2DE90060A0E10170A0E10280A0E137
S31580E1CA6000A0A0E33CB0A0E30600A0E10710A0E1AE
S31580E1CA700B20A0E1CC1C00EB0040A0E10150A0E13D
S31580E1CA80053094E10500000ADC309FE50A30D3E702
S31580E1CA900C308DE5000053E30A00001A020000EA3B
S31580E1CAA00AB05BE201A08AE2EEFFFF1A00808DE523
S31580E1CAB00620A0E10730A0E1B0009FE549B8FFEB91
S31580E1CAC010D08DE2F08DBDE800A0A0E10010A0E3DA
S31580E1CAD00100A0E30B20A0E1BA1C00EB010050E2CB
S31580E1CAE00010C1E2060000E0071001E0013090E1AC
S31580E1CAF00060A0030E00000A0A30A0E3906387E09D
S31580E1CB0001204BE2937127E00100A0E30010A0E34E
S31580E1CB10AC1C00EB0B20A0E1060090E00710A1E041
S31580E1CB20A11C00EB090050E30060A0E101A0848232
S31580E1CB300A60408238009FE50A10A0E129B8FFEB40
S31580E1CB40000056E30200000A28009FE50610A0E1F6
S31580E1CB5024B8FFEB0820A0E11C009FE50C109DE5C1
S31580E1CB6010D08DE2F04DBDE81EB8FFEA415DE2806E
S31580E1CB70C2D1E280CFD1E280D3D1E280D8D1E28046
S31580E1CB80F04D2DE958D04DE278509DE50340A0E186
S31580E1CB90920503E00080A0E1400053E301A0A0E11B
S31580E1CBA00260A0E10300009A4000A0E30210A0E148
S31580E1CBB00C1C00EB0050A0E1000055E30300001AD5
S31580E1CBC01000A0E30610A0E1061C00EB0050A0E1F6
S31580E1CBD08630A0E104308DE5013083E208308DE5D1
S31580E1CBE0000054E34900000A2C019FE50810A0E10A
S31580E1CBF0FCB7FFEB040055E10570A0310470A0217C
S31580E1CC000AC0A0E100B0A0E307005BE11300000ADF
S31580E1CC10040056E314108DE200209C050B21810768
S31580E1CC200600000A020056E30020DC15B020DC0194
S31580E1CC308B00A001FF200212B02081010B20C117D9
S31580E1CC40D8009FE504109DE50CC08DE5E5B7FFEBC7
S31580E1CC500CC09DE501B08BE206C08CE0E9FFFFEAFE
S31580E1CC6096070BE00BA08AE0050057E10B00002A4E
S31580E1CC700020A0E308309DE5030052E10500002A8B
S31580E1CC809C009FE50C208DE5CAB7FFEB0C209DE566
S31580E1CC90012082E2F6FFFFEA015045E2F1FFFFEA79
S31580E1CCA014108DE27C309FE50120A0E12EC0A0E347
S31580E1CCB0020061E00B0050E10700002A0100D2E4A6
S31580E1CCC000E0D3E797001EE30100000A800010E34D
S31580E1CCD0F6FFFF0A01C042E5F4FFFFEA58308DE234
S31580E1CCE00B2083E00000A0E3440042E538009FE5A5
S31580E1CCF0BCB7FFEBDDB7FFEB0B8088E0044067E074
S31580E1CD00000050E3B5FFFF0A0000E0E3000000EA1F
S31580E1CD100400A0E158D08DE2F08DBDE80E74E2808A
S31580E1CD20E0D1E28020DCE2802A57E280E6D1E2802F
S31580E1CD30F34D2DE9D040C0E10080A0E1010055E14D
S31580E1CD400160A0E10070A0E30020A0330030A033B1
S31580E1CD500800003A0500A0E104108DE5A11B00EB77
S31580E1CD6004C09DE50020A0E3024054E09C0001E080
S31580E1CD700030A0E10150C5E001A0A0E300B0A0E34E
S31580E1CD80010056E30010D7E20110A0A30010A0B382
S31580E1CD90050057E1040056010010A023011001327D
S31580E1CDA0000051E30400000A066096E00770A7E000
S31580E1CDB00AA09AE00BB0ABE0F0FFFFEA070055E18D
S31580E1CDC0060054010300003A064054E00750C5E0EE
S31580E1CDD00A2092E00B30A3E0ABB0B0E16AA0A0E11B
S31580E1CDE0A770B0E16660A0E10B109AE1F2FFFF1A4D
S31580E1CDF00400A0E1F020C8E108D08DE2F08DBDE825
S31580E1CE0037402DE90350A0E104308DE218409DE5DD
S31580E1CE1079FAFFEB000050E30030E0030300000AFB
S31580E1CE2004309DE5050053E10B30E0B30030A0A36B
S31580E1CE30003084E50CD08DE23080BDE813402DE9E9
S31580E1CE400340A0E104308DE26BFAFFEB000050E392
S31580E1CE500A00000A04309DE5030053E30700009AC7
S31580E1CE60002090E5223CA0E1FF0802E2023C83E15A
S31580E1CE70203483E1FF0C02E2000483E1000000EA52
S31580E1CE800400A0E108D08DE21080BDE813402DE9D1
S31580E1CE900340A0E104308DE257FAFFEB000050E356
S31580E1CEA00C00000A04309DE5030053E30900009A73
S31580E1CEB0230154E10700002A042190E7223CA0E106
S31580E1CEC0FF0802E2023C83E1203483E1FF0C02E2C7
S31580E1CED0000483E1000000EA10009DE508D08DE2C0
S31580E1CEE01080BDE808402DE928209FE50030A0E3C9
S31580E1CEF041FAFFEB000050E30400000A18109FE5B9
S31580E1CF00200900EB100F6FE1A002A0E10880BDE8E7
S31580E1CF100100A0E30880BDE8749AE2806F9AE2801E
S31580E1CF2004309FE5022193E7F6FAFFEAD041E280F9
S31580E1CF30F3412DE90070A0E10180A0E10250A0E17A
S31580E1CF400A60A0E30840A0E10410A0E10700A0E1A7
S31580E1CF500520A0E18EF8FFEB003095E5010053E373
S31580E1CF600040A0E1F7FFFFCA0410A0E13C209FE565
S31580E1CF7004308DE20080A0E10700A0E11EFAFFEB1C
S31580E1CF802C109FE5FF0800EB000050E30100000A4A
S31580E1CF90016056E2EAFFFF1A003095E5010053E3AE
S31580E1CFA00400A0010000E01308D08DE2F081BDE825
S31580E1CFB0749AE2806F9AE2804C2099E508402DE9E7
S31580E1CFC0000052E30300001A28009FE505B7FFEB56
S31580E1CFD00000E0E30880BDE84C2099E5030012E318
S31580E1CFE0F8FFFF1A4C0099E5AEF7FFEB000050E33E
S31580E1CFF0F4FFFF1A0880BDE8F5D1E28008402DE90B
S31580E1D000ECFFFFEB0000A0E30880BDE830402DE9AE
S31580E1D01014D04DE220409DE500C0A0E30350A0E19D
S31580E1D02010308DE204C023E500308DE50431A0E1C6
S31580E1D03072FFFFEB00E0A0E10C009DE5000050E30C
S31580E1D0400030A0010B00001A040053E1090000AA98
S31580E1D05003C19EE72C1CA0E1FF280CE20C1C81E1B8
S31580E1D060221481E1FF2C0CE2022481E1032185E790
S31580E1D070013083E2F3FFFFEA14D08DE23080BDE830
S31580E1D08007402DE904308DE2DBF9FFEB000090E209
S31580E1D0900100A0130CD08DE204F09DE470402DE9EF
S31580E1D0A00150A0E12C109FE50060A0E10240A0E1E3
S31580E1D0B0F2F9FFEB001050E2040000BA0600A0E1AD
S31580E1D0C00520A0E10430A0E17040BDE85AFFFFEA07
S31580E1D0D00400A0E17080BDE87CD2E28037402DE992
S31580E1D0E00140A0E128109FE50050A0E1E3F9FFEBC4
S31580E1D0F0001050E20000A0B3030000BA0500A0E1F1
S31580E1D1000420A0E104308DE2BBF9FFEB0CD08DE287
S31580E1D1103080BDE87CD2E28010009FE508402DE9B1
S31580E1D120A4B6FFEB1D00E0E390C6FFEBFEFFFFEA4E
S31580E1D130F9D5E280002090E5003091E5000092E5A6
S31580E1D140001093E58F0800EA70402DE90140A0E1E7
S31580E1D1500050A0E1000091E50260A0E1FBB7FFEBA2
S31580E1D160040094E5F9B7FFEB0030A0E3083084E5ED
S31580E1D1700C3084E51430A0E3930602E0001095E5D7
S31580E1D1800030E0E3023081E7083095E5013043E2A3
S31580E1D190083085E57080BDE8F0412DE90040A0E3E7
S31580E1D1A00080A0E10170A0E1046042E20450A0E1C8
S31580E1D1B0070055E1090000AA0410B6E5000051E335
S31580E1D1C00400000A0800A0E16E0800EB000050E3CD
S31580E1D1D00140A00300008605015085E2F3FFFFEAE6
S31580E1D1E00400A0E1F081BDE808402DE9073D00E2B9
S31580E1D1F0400053E30700000A800053E30B00001A66
S31580E1D2000100A0E10210A0E1370900EB000090E205
S31580E1D2100100A0130880BDE80100A0E10210A0E1B1
S31580E1D220580800EB100F6FE1A002A0E10880BDE88D
S31580E1D2300310A0E108009FE56AB6FFEB0000A0E3DA
S31580E1D2400880BDE823D6E280000051E30400001A9D
S31580E1D2509C309FE51620A0E3002083E50100A0E154
S31580E1D2601EFF2FE1003091E5000053E31E00001A16
S31580E1D27070402DE90160A0E1014080E30350A0E325
S31580E1D280950503E0040053E10600003A0400A0E1BD
S31580E1D2900510A0E17D1A00EB000051E30800001AB9
S31580E1D2A0024084E2F4FFFFEA0400A0E10510A0E178
S31580E1D2B0761A00EB000051E3F3FFFF0A025085E2A4
S31580E1D2C0EEFFFFEA0030A0E3044086E5083086E51C
S31580E1D2D0010084E21410A0E3ACB9FFEB000086E51F
S31580E1D2E0000090E20100A0137080BDE80000A0E399
S31580E1D2F01EFF2FE1DC4FE680000050E3F8402DE988
S31580E1D3000040A0110150A0131470A0130E00001A62
S31580E1D31054309FE51620A0E3002083E5F880BDE840
S31580E1D320970503E0002094E5036082E0033092E70D
S31580E1D330000053E3030000DA040096E583B7FFEBD0
S31580E1D340080096E581B7FFEB015085E2043094E56C
S31580E1D350030055E1F1FFFF9A000094E57BB7FFEB0F
S31580E1D3600030A0E3003084E5F880BDE8DC4FE6805C
S31580E1D370F8452DE90140A0E10080A0E10260A0E14D
S31580E1D3800370A0E1250800EB014084E21450A0E39C
S31580E1D390940505E000A0A0E1043097E5030054E19F
S31580E1D3A01300002A003097E5052083E0053093E7F6
S31580E1D3B0000053E30B0000DA041092E50800A0E1D7
S31580E1D3C00A20A0E1FA0700EB000050E30500001A0D
S31580E1D3D0003097E50400A0E1055083E0045085E242
S31580E1D3E0005086E5F885BDE8014084E2145085E287
S31580E1D3F0E8FFFFEA10309FE50320A0E30000A0E309
S31580E1D400002083E5000086E5F885BDE8DC4FE6800F
S31580E1D410F04D2DE920D04DE220C08DE20F000CE9E0
S31580E1D42010309DE504308DE50300A0E144609DE583
S31580E1D43048409DE514709DE5F80700EB04309DE5D5
S31580E1D44000B083E004309DE503005BE101307B15AC
S31580E1D45000028310FAFFFF1A041094E50B1A00EB21
S31580E1D4601480A0E3003094E5000051E301A0A0110F
S31580E1D47001A0A0039A0808E0085093E7082083E01A
S31580E1D480000055E3B100000A010075E30A30A0010E
S31580E1D4900030A0130A0055E108308DE54500001AF9
S31580E1D4A00B00A0E1041092E5B60700EB00B050E274
S31580E1D4B04000001A40309DE5000057E3013043E229
S31580E1D4C0133F6FE1A332A0E10030A003000053E3F4
S31580E1D4D03200000A0CC094E500005CE30C00000A0F
S31580E1D4E0000094E50710A0E1080080E0040080E2F6
S31580E1D4F00220A0E34C309DE53CFF2FE1000050E3A4
S31580E1D500E0339F150120A0130020831500B0861516
S31580E1D510F000001A003094E5083083E00CC093E512
S31580E1D52000005CE30A00000A04009DE50710A0E123
S31580E1D5300220A0E34C309DE53CFF2FE1000050E363
S31580E1D540A0339F151620A013002083150030A01369
S31580E1D5501000001A003094E5083083E0080093E576
S31580E1D560FAB6FFEB0700A0E100B094E5BE0700EB59
S31580E1D570003094E508B08BE0083083E008008BE565
S31580E1D580083093E5000053E30400001A54239FE535
S31580E1D5900C10A0E3001082E5003086E5CD0000EABC
S31580E1D5A0003094E5010075E3088083E0048088E239
S31580E1D5B0008086E5C800001A041094E50A00A0E11F
S31580E1D5C0021041E2B11900EB0A80A0E1015081E24B
S31580E1D5D0050058E1043094950880658003306590B4
S31580E1D5E0038088900A0058E15A00000A14B0A0E34B
S31580E1D5F0980B0BE0003094E50B2083E00B3093E74A
S31580E1D6000A0053E14C00001A04009DE5041092E5FE
S31580E1D6105C0700EB003050E20C308DE54600001AE5
S31580E1D62040309DE5000057E3013043E2133F6FE16F
S31580E1D630A332A0E10030A003000053E33500000AE5
S31580E1D6400CC094E500005CE30C00000A000094E560
S31580E1D6500710A0E10B0080E0040080E20220A0E355
S31580E1D6604C309DE53CFF2FE1000050E374329F157D
S31580E1D6700120A013002083150C309D152200001A8D
S31580E1D680003094E50B3083E00CC093E500005CE369
S31580E1D6900A00000A04009DE50710A0E10220A0E34C
S31580E1D6A04C309DE53CFF2FE1000050E334329F157D
S31580E1D6B01620A013002083150030A0131200001A53
S31580E1D6C0003094E50B3083E0080093E59FB6FFEBED
S31580E1D6D0003094E50700A0E10B3083E00C308DE566
S31580E1D6E0610700EB0C309DE5080083E5003094E5A9
S31580E1D6F00B3083E0083093E5000053E30500001A20
S31580E1D700E0219FE50C10A0E3001082E5003086E57C
S31580E1D7100030A0E3060000EA003094E5010078E3FA
S31580E1D7200B3083E0043083E2003086E50830A0E107
S31580E1D7300100000A0350A0E1670000EA003094E5A9
S31580E1D7400B3093E7000053E3A0FFFF1A010000EAE4
S31580E1D7500A80A0E108508DE540309DE5010053E364
S31580E1D7600320A0135600001A082094E5043094E5BE
S31580E1D770030052E10100001A0C20A0E3500000EA08
S31580E1D78008309DE51450A0E3000053E30830A00182
S31580E1D790930505E00380A0E1003094E504009DE572
S31580E1D7A005A083E705B083E02F0700EB04008BE556
S31580E1D7B00700A0E100B094E52B0700EB05B08BE014
S31580E1D7C008008BE5000094E5050080E0043090E5F3
S31580E1D7D0000053E3E7FFFF0A083090E5000053E3DA
S31580E1D7E0E4FFFF0A083094E5040080E2013083E239
S31580E1D7F0083084E5D9B9FFEB000094E5050080E0C7
S31580E1D800040080E2AEBBFFEB0CC094E500005CE374
S31580E1D8101100000A000094E50710A0E1050080E010
S31580E1D820040080E20020A0E34C309DE53CFF2FE13F
S31580E1D830000050E30800000A001094E50820A0E10A
S31580E1D840051081E00400A0E1041081E23DFEFFEBDA
S31580E1D85090309FE540209DE51A0000EA003094E58E
S31580E1D860053083E00CC093E500005CE30E00000A1E
S31580E1D87004009DE50710A0E10020A0E34C309DE582
S31580E1D8803CFF2FE1000050E30700000A001094E519
S31580E1D8900820A0E1051081E00400A0E1041081E206
S31580E1D8A028FEFFEB1620A0E3050000EA001094E5D0
S31580E1D8B0055081E0045085E2005086E50150A0E301
S31580E1D8C0050000EA1C309FE50050A0E3002083E5D7
S31580E1D8D0005086E5000000EA0050A0E30500A0E1E3
S31580E1D8E020D08DE2F08DBDE8DC4FE680F0412DE978
S31580E1D8F028D04DE20150A0E114308DE228008DE977
S31580E1D9000040A0E328308DE218008DE500408DE5EA
S31580E1D9100C408DE50080A0E10270A0E10F0013E9E3
S31580E1D920BAFEFFEB006050E20320A0031800000A74
S31580E1D9300CC095E500005CE30700000A0120A0E346
S31580E1D94014009DE50410A0E10730A0E13CFF2FE142
S31580E1D950000050E30120A0130D00001A003095E588
S31580E1D9601410A0E3963121E00CC091E500005CE360
S31580E1D9700B00000A0800A0E10010A0E30120A0E36B
S31580E1D9800730A0E13CFF2FE1000050E30400000AEC
S31580E1D9901620A0E324309FE50000A0E3002083E584
S31580E1D9A0040000EA0500A0E114109DE50620A0E14F
S31580E1D9B0E4FDFFEB0100A0E328D08DE2F081BDE834
S31580E1D9C0DC4FE680F04D2DE91CB08DE220D04DE2B2
S31580E1D9D00260A0E1042090E5000053E30221A0E18A
S31580E1D9E00A2082E20720C2E302D04DE00080A0E176
S31580E1D9F020100BE504409BE528D00BE52C300BE5A8
S31580E1DA001620A0036F00000A0050A0E3103006E262
S31580E1DA1001A0A0E324500BE534300BE5043098E512
S31580E1DA2003005AE15800008A1420A0E39A0202E03A
S31580E1DA30001098E5027081E0022091E7000052E350
S31580E1DA40203006C201C0A0C330300BC54C0000DADD
S31580E1DA5008309BE503005CE11C0000AA34301BE53D
S31580E1DA60000053E30300001A30301BE5000053E366
S31580E1DA701400000A0A0000EA0C309BE50600A0E1EA
S31580E1DA800C2193E7041097E538C00BE5D5FDFFEB54
S31580E1DA9038C01BE5000050E3F2FFFF0A0120A0E356
S31580E1DAA00B0000EA0C309BE50600A0E10C2193E730
S31580E1DAB0081097E538C00BE5CAFDFFEB38C01BE5DA
S31580E1DAC0000050E3F4FFFF1A01C08CE2DFFFFFEABA
S31580E1DAD00020A0E308309BE5012022E2000053E329
S31580E1DAE00020A0D3012002C2000052E32400001AE4
S31580E1DAF0080016E30300000A042097E50020D2E53A
S31580E1DB002E0052E31E00000A013085E230300BE53B
S31580E1DB1028301BE5042087E2052183E7040097E5A9
S31580E1DB203E0600EB24301BE5025083E220301BE504
S31580E1DB30000053E30830971501304312005085E029
S31580E1DB400300001A080097E5340600EB005085E0F3
S31580E1DB50080000EA0120F3E5000052E30500000A2F
S31580E1DB6020101BE55C0052E3010052110150851241
S31580E1DB7002508502F6FFFFEA023085E230501BE56E
S31580E1DB8024300BE501A08AE2A3FFFFEA0420A0E3AB
S31580E1DB9030319FE528001BE50510A0E1B10500EBDA
S31580E1DBA024301BE5000054E3012083E20900000AEA
S31580E1DBB0020054E10800002A0C019FE50410A0E16F
S31580E1DBC008B4FFEB0C20A0E300319FE50000E0E321
S31580E1DBD0002083E5390000EA0240A0E12C301BE514
S31580E1DBE0006093E5000056E30800000A0600A0E124
S31580E1DBF00010A0E30420A0E16B0600EB28201BE5E2
S31580E1DC000000A0E33DC0A0E35CE0A0E30B0000EAF6
S31580E1DC100100A0E30410A0E15CB7FFEB2C301BE52B
S31580E1DC20000050E30060A0E1000083E5F2FFFF1A07
S31580E1DC30E3FFFFEA20105BE5010080E20010C3E527
S31580E1DC40050050E11A00000A003092E50280A0E169
S31580E1DC50001093E5011041E201A0F1E5013086E291
S31580E1DC6000005AE30360A01101A04315F9FFFF1AF2
S31580E1DC7000C0C6E5001098E5042082E2048091E5C3
S31580E1DC800010D8E5016083E2000051E3E8FFFF0A76
S31580E1DC9020701BE55C0051E30700511100E0C305EC
S31580E1DCA00630A0010110D8E40010C3E5013083E21B
S31580E1DCB0F2FFFFEA0030A0E30400A0E10030C6E510
S31580E1DCC01CD04BE2F08DBDE834D1E1804FD6E280C5
S31580E1DCD0DC4FE680F04D2DE91CB08DE238D04DE287
S31580E1DCE008709BE5000050E30741A0E10AC084E2A9
S31580E1DCF007C0CCE30CD04DE010C08DE238C00BE517
S31580E1DD008500000A0080A0E10200A0E13C100BE55D
S31580E1DD100360A0E10250A0E199B5FFEB3C101BE561
S31580E1DD2000A050E2E4329F050C20A0030020830589
S31580E1DD300A40A001B200000A0520A0E1310600EB0D
S31580E1DD40000057E30300000A38001BE50C109BE551
S31580E1DD500420A0E12B0600EB04309BE5010013E3F0
S31580E1DD600400001A003098E5000053E30100000A40
S31580E1DD700800A0E15FFDFFEB003098E5000053E38A
S31580E1DD800300000A05308AE00A40A0E13C300BE559
S31580E1DD90190000EAA501A0E1400080E2020C50E30F
S31580E1DDA0020CA0230810A0E126FDFFEB004050E223
S31580E1DDB0F3FFFF1A0A00A0E1E4B4FFEB900000EA6A
S31580E1DDC0230053E30400A0111100001A0130D4E4CA
S31580E1DDD0000053E306005311FBFFFF1A0450A0E154
S31580E1DDE03C301BE5030055E17000002A0030D5E5A3
S31580E1DDF0000053E36D00000A0540A0E10030D4E560
S31580E1DE00200053E309005313ECFFFF1A015084E22B
S31580E1DE10F8FFFFEA0030A0E10120D0E4000052E300
S31580E1DE203D0052130110A0130010A003060052E139
S31580E1DE300010A00301100112000051E3F4FFFF1A64
S31580E1DE40000052E30300A0E10B00000A0110D3E5D4
S31580E1DE50000051E30400000A060052E10600511178
S31580E1DE600110A0030010A0131400001A3D0052E334
S31580E1DE700020A003013083020020C0050020A0E33A
S31580E1DE80020057E1015083E20020C3E50400001A55
S31580E1DE900400A0E10810A0E104209BE592FEFFEBDF
S31580E1DEA0CEFFFFEA0400A0E10710A0E138201BE5E0
S31580E1DEB0B8FCFFEB000050E3C8FFFF0AF3FFFFEA7F
S31580E1DEC001C083E20010C3E50C30A0E10C10A0E1B3
S31580E1DED00350A0E10120D5E4000052E3060052118F
S31580E1DEE00100A0130000A0030700000A5C0052E3D2
S31580E1DEF00200001A0120D3E5000052E30530A011AB
S31580E1DF000120D3E40120C1E4F0FFFFEA0000C1E58E
S31580E1DF100000D4E5000050E30400001AEC309FE5F0
S31580E1DF201620A0E3002083E50040A0E1340000EA6A
S31580E1DF30000057E31400001A0130A0E300308DE5BC
S31580E1DF4030304BE208018DE904309BE50C308DE5FC
S31580E1DF501C304BE228C00BE52C400BE50F0013E9A2
S31580E1DF6040C00BE529FDFFEB30301BE540C01BE5EA
S31580E1DF70000053E399FFFF1A0410A0E10C20A0E111
S31580E1DF808C009FE517B3FFEB94FFFFEA0400A0E165
S31580E1DF900710A0E138201BE540C00BE57DFCFFEBD7
S31580E1DFA040C01BE5000050E38CFFFF0AE1FFFFEA7A
S31580E1DFB00A00A0E165B4FFEB38301BE50050A0E331
S31580E1DFC0044043E2070055E10C0000AA0400B4E5F1
S31580E1DFD0000050E30700000A0810A0E104209BE559
S31580E1DFE041FEFFEB001094E5000050E324009F051D
S31580E1DFF024009F15FBB2FFEB015085E2F0FFFFEABB
S31580E1E0000140A0E30400A0E11CD04BE2F08DBDE825
S31580E1E010DC4FE6807FD6E280B0D6E280E7D6E2804A
S31580E1E020F8402DE90050A0E10160A0E10140A0E3C4
S31580E1E0301470A0E3043095E5030054E10B00008AF7
S31580E1E040970403E0002095E5030082E0033092E740
S31580E1E050000053E3030000DA040080E236FF2FE19B
S31580E1E060000050E3F880BD18014084E2F0FFFFEA4A
S31580E1E0700000A0E3F880BDE81C109FE50030A0E138
S31580E1E0800300A0E10020D0E5013083E20220D1E760
S31580E1E090200012E3F9FFFF1A1EFF2FE12A57E280E3
S31580E1E0A010402DE9F3FFFFEB0040A0E1DB0400EB3C
S31580E1E0B0000050E30E00000A013040E238009FE59F
S31580E1E0C0033084E0040053E10320A0E10200002A4A
S31580E1E0D00030A0E30130C2E5050000EA0010D2E598
S31580E1E0E0013043E20110D0E7200011E3F4FFFF1A8B
S31580E1E0F0F6FFFFEA0400A0E11080BDE82A57E2803E
S31580E1E100F34D2DE9005090E5010055E30500001A35
S31580E1E1100C3090E5000053E3081080050C20800563
S31580E1E1200300A0015C00000A0070A0E105C0A0E147
S31580E1E13000E0A0E3026081E005005EE11000000AF4
S31580E1E140084097E50C3097E5020053E10100540160
S31580E1E1503600000A060054E13800000A044083E0F4
S31580E1E160040051E1087087E201408EE2844180003B
S31580E1E17002308300043084053600000A04E0A0E121
S31580E1E180ECFFFFEA0030A0E3014045E204005EE1F6
S31580E1E1900E00002A8EE180E001808CE208A09EE5F7
S31580E1E1A08CC180E00CB09EE514609CE510709CE526
S31580E1E1B004608DE50A608BE0060057E12800000ADD
S31580E1E1C004609DE5077086E007005AE12400000AB5
S31580E1E1D0000053E30100A0132F00001A070055E366
S31580E1E1E0853180901300008A010074E30900000AFA
S31580E1E1F008C013E40C0051E110C083350CC093359F
S31580E1E20014C0833501404432F6FFFF3A844180E011
S31580E1E210101084E5142084E5083090E5015085E20C
S31580E1E220030051E1081080350C208035005080E5EF
S31580E1E2300000A0E3180000EA0000E0E3160000EA2F
S31580E1E2408E3180E00CC093E5066062E002C08CE02E
S31580E1E250086083E50CC083E50EC0A0E10130A0E350
S31580E1E260C8FFFFEA04209DE50B6082E00C608EE545
S31580E1E270040058E108C08CE20500002A10209CE5E4
S31580E1E28008208CE514209CE5018088E20C208CE551
S31580E1E290F6FFFFEA004080E5010083E208D08DE2E7
S31580E1E2A0F08DBDE80030A0E30120A0E3083080E5F1
S31580E1E2B00C3080E50C0080E8583080E55C3080E504
S31580E1E2C0502080E5543080E51EFF2FE18BFFFFEA89
S31580E1E2D0F0412DE90030A0E3505090E501E0A0E166
S31580E1E2E00070A0E1021081E00340A0E103C0A0E15B
S31580E1E2F0050053E10360A0E10700000A58C097E5F5
S31580E1E3005C4097E5087087E204408CE0040051E1C7
S31580E1E3100E005C9101308382F4FFFF8A050053E1B0
S31580E1E3202900000A0CC06EE0047061E01CCF6FE149
S31580E1E330177F6FE1ACC2A0E1A772A0E10C8017E084
S31580E1E3408331A0E103308010012045120B00000AE1
S31580E1E350020056E1083083E20500002A581093E571
S31580E1E360501083E55C1093E5016086E2541083E505
S31580E1E370F6FFFFEA502080E50000A0E3F081BDE8EA
S31580E1E38000005CE303308010581083150200001A08
S31580E1E390000057E30400000A033080E05C1093E557
S31580E1E3A0012062E05C2083E5F2FFFFEA03C080E0C2
S31580E1E3B058309CE5042061E00EE063E05CE08CE5AA
S31580E1E3C0500080E2F041BDE84CFFFFEA0000E0E367
S31580E1E3D0F081BDE8500080E248FFFFEA10402DE978
S31580E1E3E000E090E50030A0E3022081E00E0053E1F9
S31580E1E3F00D00000A084090E50CC090E50CC084E071
S31580E1E4000C0051E10500002A020054E10300002AD4
S31580E1E4100E0053E10300A0310000E0231080BDE847
S31580E1E420013083E2080080E2EFFFFFEA0000E0E3EB
S31580E1E4301080BDE8FF4D2DE9005090E50270A0E126
S31580E1E44001B045E2502080E20080A0E10160A0E1D8
S31580E1E450855180E000C067E204208DE500005BE342
S31580E1E4602E0000BA044095E500A095E5060054E14A
S31580E1E4702C00003A000053E304408A000A00000AB7
S31580E1E4800A4084E0030054E10440669003406680DC
S31580E1E49003005AE10500003A220000EA0B0080E21F
S31580E1E4A0804198E7060054E11E00003A044066E0A8
S31580E1E4B00C4004E004005AE10020A0830120A093EF
S31580E1E4C0000054E30020A003000052E31500000A97
S31580E1E4D004009DE50410A0E10620A0E10CC08DE5D5
S31580E1E4E008308DE5BCFFFFEB08309DE50CC09DE56E
S31580E1E4F0000050E3E8FFFFAA012047E2066082E0E0
S31580E1E500002067E204009DE50410A0E1062002E018
S31580E1E510FAFEFFEB000050E30400A0A1040000AA8C
S31580E1E5200000A0E3020000EA01B04BE2085045E2B8
S31580E1E530C9FFFFEA10D08DE2F08DBDE870402DE98C
S31580E1E5400160A0E10350A0E1B9FFFFEB004050E29A
S31580E1E5500300001A10009FE50610A0E10520A0E166
S31580E1E560A0B1FFEB0400A0E17080BDE818D7E2809E
S31580E1E5700030A0E3F0FFFFEA1EFF2FE1040040E256
S31580E1E58004E02DE50430D0E50520D0E507E0D0E5CF
S31580E1E590022483E10630D0E5011051E20E3483E1B5
S31580E1E5A0033882E10430A0E5F5FFFF1A04F09DE42B
S31580E1E5B0F04D2DE928399FE500A091E5002090E511
S31580E1E5C003308AE008C090E5023083E00C2090E5D4
S31580E1E5D0045090E50C2022E00CC090E5052002E095
S31580E1E5E00C2022E0023083E0F8C89FE5042091E523
S31580E1E5F030D04DE200208DE50CC082E00C2090E524
S31580E1E600E33C85E002C08CE0082090E508E090E5F7
S31580E1E610052022E0032002E00E2022E002C08CE009
S31580E1E620082091E504208DE504E09DE5B8289FE585
S31580E1E6306CCA83E002208EE008E090E5AC489FE575
S31580E1E6400E2082E005E023E00CE00EE005E02EE01E
S31580E1E6500EE082E00C2091E5EEE78CE008208DE586
S31580E1E660044082E003202CE00E2002E0054084E0B5
S31580E1E670032022E0022084E0104091E50C408DE504
S31580E1E6800C609DE568489FE562258EE0044086E062
S31580E1E690033084E00C402EE0024004E00C4024E0AC
S31580E1E6A0043083E0144091E510408DE510609DE5EE
S31580E1E6B040489FE5E33C82E0044086E00CC084E08C
S31580E1E6C00E4022E0034004E00E4024E004C08CE0EA
S31580E1E6D0184091E514408DE514609DE518489FE565
S31580E1E6E06CCA83E0044086E00EE084E0024023E0E9
S31580E1E6F00C4004E0024024E01C8091E504E08EE0D9
S31580E1E700F8479FE5EEE78CE0044088E0022084E06C
S31580E1E71003402CE00E4004E0034024E0042082E044
S31580E1E720204091E518408DE518609DE5D0479FE54D
S31580E1E73062258EE0044086E0033084E00C402EE0E2
S31580E1E740024004E00C4024E0043083E0244091E57B
S31580E1E7501C408DE51C609DE5A8479FE5E33C82E092
S31580E1E760044086E00CC084E00E4022E0034004E0F1
S31580E1E7700E4024E004C08CE0284091E520408DE500
S31580E1E780294B44E24F4044E26CCA83E00EE084E0E8
S31580E1E790024023E00C4004E0024024E004E08EE005
S31580E1E7A02C4091E524408DE524609DE558479FE521
S31580E1E7B0EEE78CE0044086E0022084E003402CE032
S31580E1E7C00E4004E0034024E0306091E5042082E0DD
S31580E1E7D038479FE562258EE0044086E0033084E099
S31580E1E7E00C402EE0024004E00C4024E0043083E05B
S31580E1E7F0344091E528408DE528709DE510479FE5F9
S31580E1E800E33C82E0044087E00CC084E00E4022E0F5
S31580E1E810034004E00E4024E0387091E504C08CE0CA
S31580E1E820F0469FE56CCA83E0044087E00EE084E031
S31580E1E830024023E00C4004E0024024E004E08EE064
S31580E1E8403C4091E5D0169FE5EEE78CE0011084E04F
S31580E1E850022081E003102CE00E1001E0031021E09C
S31580E1E86000B09DE5012082E0B0169FE562258EE04D
S31580E1E87001108BE0033081E00E1022E00C1001E004
S31580E1E8800E1021E014B09DE5013083E090169FE5FE
S31580E1E890E33D82E001108BE00CC081E0021023E0D1
S31580E1E8A00E1001E0021021E024B09DE501C08CE06C
S31580E1E8B070169FE5ECCB83E001108BE00EE081E002
S31580E1E8C003102CE0021001E0031021E001108EE03C
S31580E1E8D054E69FE561198CE00EE08AE002208EE045
S31580E1E8E00CE021E003E00EE00CE02EE010B09DE5C7
S31580E1E8F00E2082E034E69FE5622681E00EE08BE041
S31580E1E90003308EE001E022E00CE00EE001E02EE053
S31580E1E91020B09DE50E3083E014E69FE5E33D82E09D
S31580E1E9200EE08BE00CC08EE002E023E001E00EE039
S31580E1E93002E02EE00EC08CE0F8E59FE5ECCB83E0CB
S31580E1E9400EE084E001108EE003E02CE002E00EE0D0
S31580E1E95003E02EE00CB09DE50E1081E0D8E59FE561
S31580E1E96061198CE00EE08BE002208EE00CE021E084
S31580E1E97003E00EE00CE02EE01CB09DE50E2082E087
S31580E1E980B8E59FE5622681E00EE08BE003308EE01C
S31580E1E99001E022E00CE00EE001E02EE00E3083E0C3
S31580E1E9A09CE59FE5E33D82E00EE087E00CC08EE0EA
S31580E1E9B002E023E001E00EE002E02EE008B09DE512
S31580E1E9C00EC08CE07CE59FE5ECCB83E00EE08BE04E
S31580E1E9D001108EE003E02CE002E00EE003E02EE0A1
S31580E1E9E018B09DE50E1081E05CE59FE561198CE04C
S31580E1E9F00EE08BE002208EE00CE021E003E00EE009
S31580E1EA000CE02EE028B09DE50E2082E03CE59FE516
S31580E1EA10622681E00EE08BE003308EE001E022E0C9
S31580E1EA200CE00EE001E02EE004B09DE50E3083E0DF
S31580E1EA301CE59FE5E33D82E00EE08BE00CC08EE0D5
S31580E1EA4002E023E001E00EE002E02EE00EC08CE081
S31580E1EA5000E59FE5ECCB83E00EE088E001108EE0F7
S31580E1EA6003E02CE002E00EE003E02EE00E1081E010
S31580E1EA7061E98CE00C102EE02C108DE5D8149FE531
S31580E1EA8010B09DE5011086E0022081E02C109DE525
S31580E1EA90031001E00C1021E0012082E0BC149FE527
S31580E1EAA062268EE001108BE02CB09DE5033081E09B
S31580E1EAB002B02BE00B3083E0A4149FE518B09DE50E
S31580E1EAC0633E82E001108BE00CC081E00E1022E013
S31580E1EAD0031021E024B09DE501C08CE084149FE51C
S31580E1EAE0ECCA83E001108BE00EE081E0021023E0C6
S31580E1EAF00C1021E001E08EE06C149FE56EE88CE07D
S31580E1EB00011087E0022081E003102CE00E1021E065
S31580E1EB10012082E054B49FE500109DE5E2248EE079
S31580E1EB200BB081E00C102EE0021021E003308BE087
S31580E1EB30013083E00CB09DE534149FE5633E82E0CD
S31580E1EB4001108BE00CC081E00E1022E0031021E081
S31580E1EB5001C08CE0EC1A83E018C49FE520B09DE506
S31580E1EB600CC088E00EE08CE002C023E001C02CE01E
S31580E1EB700CE08EE06EC881E0FCE39FE50EE08BE081
S31580E1EB8002208EE003E021E00CE02EE00E2082E020
S31580E1EB90E2E48CE028B09DE5E0239FE502208BE06E
S31580E1EBA0033082E001202CE00E2022E0023083E077
S31580E1EBB0CC239FE5633E8EE002208AE0011082E06D
S31580E1EBC00C202EE0032022E008B09DE5021081E0D2
S31580E1EBD0B0239FE5E11A83E002208BE00CC082E05E
S31580E1EBE00E2023E0012022E014B09DE502C08CE0F6
S31580E1EBF094239FE56CC881E002208BE00EE082E001
S31580E1EC00032021E00C2022E01CB09DE502E08EE0AD
S31580E1EC1078239FE5EEE48CE002208BE0033082E00E
S31580E1EC2001202CE00E2022E0023083E0632E8EE08C
S31580E1EC305C339FE504B09DE5033086E0011083E017
S31580E1EC400C302EE0023023E0031081E044339FE56F
S31580E1EC50E11A82E0033084E00CC083E00E3022E0EA
S31580E1EC60013023E003C08CE02C339FE56CC881E062
S31580E1EC7003308BE00EE083E0023021E00C3023E0CC
S31580E1EC8003E08EE014339FE5EEE48CE003308AE026
S31580E1EC90023083E00120E0E102208EE100A39FE5DE
S31580E1ECA00C2022E00AA088E0023083E0633D8EE01A
S31580E1ECB001108AE00CA0E0E10AA083E1E4229FE56D
S31580E1ECC00EA02AE0022087E00A1081E0611B83E042
S31580E1ECD00CC082E00E20E0E1022081E1032022E007
S31580E1ECE002C08CE0C0729FE510209DE5ECC881E012
S31580E1ECF0077082E00EE087E00370E0E107708CE167
S31580E1ED00A8229FE5017027E0022086E007E08EE0F9
S31580E1ED10EEE58CE0033082E00120E0E102208EE145
S31580E1ED200C2022E0023083E084A29FE508209DE565
S31580E1ED30633D8EE00AA082E001108AE00CA0E0E16A
S31580E1ED4020609DE50AA083E168229FE50EA02AE086
S31580E1ED50022086E00A1081E0611B83E00CC082E03C
S31580E1ED600E20E0E1022081E1032022E002C08CE076
S31580E1ED7044729FE500209DE5ECC881E0077082E062
S31580E1ED800EE087E00370E0E107708CE118609DE5B5
S31580E1ED9028229FE5017027E0022086E007E08EE0E9
S31580E1EDA0EEE58CE0033082E00120E0E102208EE1B5
S31580E1EDB00CA29FE50C2022E00AA084E0023083E0E9
S31580E1EDC0633D8EE001108AE00CA0E0E114409DE510
S31580E1EDD00AA083E1EC219FE50EA02AE0022084E0EF
S31580E1EDE00A1081E0611B83E00CC082E00E20E0E145
S31580E1EDF0022081E1032022E002C08CE0C8719FE518
S31580E1EE0028209DE5ECC881E0077082E00EE087E08E
S31580E1EE100370E0E107708CE1017027E00C409DE52D
S31580E1EE20A8219FE507E08EE0EEE58CE0022084E014
S31580E1EE300140E0E104408EE10C4024E0033082E0D1
S31580E1EE408CA19FE524209DE5043083E0633D8EE03F
S31580E1EE500AA082E00C20E0E1022083E10E2022E09C
S31580E1EE6001108AE0021081E068219FE5611B83E061
S31580E1EE7002208BE00C2082E00EC0E0E10CC081E153
S31580E1EE8003C02CE00CC082E04C719FE51C209DE51F
S31580E1EE90ECC881E0077082E00E7087E0002090E5A3
S31580E1EEA003E0E0E10EE08CE1023083E001E02EE078
S31580E1EEB00EE087E0003080E505308CE0EEE583E02A
S31580E1EEC0083090E504E080E503C08CE00C3090E505
S31580E1EED008C080E5031081E00C1080E530D08DE23A
S31580E1EEE0F08DBDE878A46AD756B7C7E8DB702024F1
S31580E1EEF0EECEBDC1AF0F7CF52AC68747134630A853
S31580E1EF00019546FDD8988069AFF7448BBED75C8979
S31580E1EF102211906B937198FD8E4379A62108B449AD
S31580E1EF2062251EF640B340C0515A5E26AAC7B6E9AD
S31580E1EF305D102FD65314440281E6A1D8C8FBD3E7EE
S31580E1EF40E6CDE121D60737C3870DD5F4ED145A45D1
S31580E1EF5005E9E3A9F8A3EFFCD9026F678A4C2A8D0C
S31580E1EF604239FAFF81F6718722619D6D0C38E5FDA4
S31580E1EF7044EABEA4A9CFDE4B604BBBF670BCBFBEF4
S31580E1EF80C67E9B28FA27A1EA8530EFD4051D880441
S31580E1EF9039D0D4D9E599DBE6F87CA21F6556ACC4B5
S31580E1EFA0442229F497FF2A43A72394AB39A093FC03
S31580E1EFB0C3595B6592CC0C8F7DF4EFFFD15D84857F
S31580E1EFC04F7EA86FE0E62CFE144301A3A111084E03
S31580E1EFD0827E53F735F23ABDBBD2D72A91D386EBFF
S31580E1EFE0F0412DE9104090E50050A0E1823184E0C6
S31580E1EFF0040053E1103080E514309035A441A0E15E
S31580E1F0000130833214308035143090E53F4014E28C
S31580E1F010A23E83E00170A0E10260A0E1143080E5C8
S31580E1F0200F00000A180084E2404064E2040052E1E5
S31580E1F030000085E01F00003A0420A0E1188085E207
S31580E1F0408B0100EB0800A0E11010A0E34AFDFFEB85
S31580E1F0500500A0E10810A0E154FDFFEB047087E014
S31580E1F060066064E00680A0E1184085E2061068E06B
S31580E1F0703F0058E3011087E00A00009A4020A0E3B0
S31580E1F0800400A0E17A0100EB0400A0E11010A0E306
S31580E1F09039FDFFEB0500A0E10410A0E143FDFFEBA4
S31580E1F0A0408048E2F0FFFFEA3F10C6E30400A0E1BA
S31580E1F0B0011087E03F2006E2F041BDE86C0100EAFD
S31580E1F0C0103091E570402DE9A331A0E13F3003E2B4
S31580E1F0D00140A0E1032084E00060A0E17F00E0E35D
S31580E1F0E01800C2E5031081E03F2063E2191081E256
S31580E1F0F0070052E30100A0E1185084E20010A0E38A
S31580E1F100372063820900008A270100EB0500A0E130
S31580E1F1101010A0E318FDFFEB0400A0E10510A0E1CB
S31580E1F12022FDFFEB0500A0E10010A0E33820A0E37B
S31580E1F1301D0100EB0500A0E10E10A0E30EFDFFEB43
S31580E1F140103094E5503084E5143094E5543084E50C
S31580E1F1500400A0E10510A0E114FDFFEB0400A0E1AD
S31580E1F1600410A0E304FDFFEB0410A0E10600A0E19A
S31580E1F1701020A0E33E0100EB0400A0E10010A0E333
S31580E1F1805820A0E37040BDE8070100EA10402DE970
S31580E1F19001C0A0E100E0A0E10240A0E140009FE5DE
S31580E1F1A040109FE540209FE540309FE558D04DE2F5
S31580E1F1B00F008DE80030A0E30E10A0E10D00A0E184
S31580E1F1C00C20A0E110308DE514308DE583FFFFEB57
S31580E1F1D00400A0E10D10A0E1B8FFFFEB58D08DE26D
S31580E1F1E01080BDE80123456789ABCDEFFEDCBA9897
S31580E1F1F07654321073402DE9004050E20400A001BC
S31580E1F2001600000A0460A0E30050A0E3000054E287
S31580E1F2100200000A04108DE20A20A0E3390400EB23
S31580E1F220FF0000E2000054E3055480E10300000A98
S31580E1F23004409DE50030D4E5000053E301408412AB
S31580E1F240016056E2F0FFFF1A053CA0E1FF0C05E202
S31580E1F250253C83E1003483E1FF0805E2200483E174
S31580E1F26008D08DE27080BDE8000052E301005113C1
S31580E1F2701EFF2F91F34D2DE901A0A0E10060A0E1F1
S31580E1F280010041E20310A0E30280A0E10370A0E166
S31580E1F290541200EB0040A0E3844084E0014084E224
S31580E1F2A0000054E1FBFFFF3A980404E0980A0AE083
S31580E1F2B00430A0E10350A0E1052064E002B086E0DD
S31580E1F2C0055086E00B00A0E10510A0E104308DE554
S31580E1F2D000208DE537FF2FE10C009DE8000050E32B
S31580E1F2E0030000CA083083E00A0053E1F0FFFF3AE9
S31580E1F2F00B0000EA081082E0011086E000C0D5E547
S31580E1F3000000DBE501C0CBE401005BE10100C5E47F
S31580E1F310F9FFFF1A040052E10250A0E1E5FFFF2A5E
S31580E1F320EFFFFFEA040068E00310A0E32D1200EB93
S31580E1F330004050E2DDFFFF1A08D08DE2F08DBDE896
S31580E1F340000090E5001091E50E0000EA012040E220
S31580E1F3500130D1E40130E2E5000053E3FBFFFF1A1F
S31580E1F3601EFF2FE101C040E2022081E0020051E16F
S31580E1F3701EFF2F010130D1E40130ECE5000053E3BB
S31580E1F380F9FFFF1A1EFF2FE1010040E20120F0E5BF
S31580E1F3900130D1E4023063E0FF3013E20100001A6C
S31580E1F3A0000052E3F8FFFF1A030CA0E1400CA0E154
S31580E1F3B01EFF2FE1010040E2022081E0020051E1DF
S31580E1F3C00700000A01C0F0E50130D1E40C3063E0CA
S31580E1F3D0FF3013E20300001A00005CE3F6FFFF1A38
S31580E1F3E0000000EA0030A0E3030CA0E1400CA0E1BC
S31580E1F3F01EFF2FE1FF1001E20020A0E10130D0E401
S31580E1F400010053E10300000A000053E3F9FFFF1A0C
S31580E1F4100300A0E11EFF2FE10200A0E11EFF2FE124
S31580E1F4200030A0E10320A0E10010D2E5013083E2C3
S31580E1F430000051E3FAFFFF1A020060E01EFF2FE1B0
S31580E1F4400020A0E1011080E0010052E10230A0E15C
S31580E1F4500300000A00C0D3E5012082E200005CE3FC
S31580E1F460F8FFFF1A030060E01EFF2FE1001050E273
S31580E1F4700900000A38402DE90150A0E1E7FFFFEBE2
S31580E1F480010080E2BEAFFFEB004050E20400000ADB
S31580E1F4900510A0E1ACFFFFEB010000EA0100A0E16D
S31580E1F4A01EFF2FE10400A0E13880BDE80030A0E135
S31580E1F4B010402DE9034060E001C0D3E400005CE345
S31580E1F4C00600000A012041E201E0F2E500005EE388
S31580E1F4D00200000A0E005CE1FAFFFF1AF4FFFFEA80
S31580E1F4E00400A0E11080BDE804E02DE500E0A0E1A4
S31580E1F4F00130D0E4000053E30700000A012041E235
S31580E1F50001C0F2E500005CE3F7FFFF0A0C0053E17E
S31580E1F510FAFFFF1A0E00A0E104F09DE40300A0E1EA
S31580E1F52004F09DE4F8402DE9004050E20170A0E14D
S31580E1F53070509FE50200001A004095E5000054E313
S31580E1F5401600000A0400A0E10710A0E1D6FFFFEB58
S31580E1F5500030D4E7006084E0000053E30200001A43
S31580E1F560003085E50300A0E1F880BDE80600A0E172
S31580E1F5700710A0E1DBFFFFEB000050E30400000A87
S31580E1F5800020D0E5000052E30020A0130020C01542
S31580E1F59001008012000085E50600A0E1F880BDE863
S31580E1F5A00400A0E1F880BDE8E04FE680033010E298
S31580E1F5B004E02DE50030A0110D00001A05C0A0E39E
S31580E1F5C0FFE001E201C05CE203348E11FCFFFF1A29
S31580E1F5D000E0A0E102C06EE00CC080E003005CE3E5
S31580E1F5E004308E84FAFFFF8A0330C2E3033080E081
S31580E1F5F0032002E2022083E0020053E10110C314FA
S31580E1F600FCFFFF1A04F09DE4000051E11EFF2F018B
S31580E1F610013080E1030013E304E02DE501C0A001A0
S31580E1F62004E040020A00001A02306CE0033081E017
S31580E1F630030053E304309C840430AE85F9FFFF8AEE
S31580E1F64003C0C2E30C3080E00C1081E0032002E2CB
S31580E1F650000000EA0030A0E1013043E2022081E0CF
S31580E1F660020051E101C0D11401C0E315FBFFFF1A8D
S31580E1F67004F09DE4000051E11EFF2F01010050E1FD
S31580E1F680023081E0012040920400008A030051E1CA
S31580E1F69001C0D11401C0E215FBFFFF1A1EFF2FE165
S31580E1F6A0021080E0022063E0020073E101C073157D
S31580E1F6B001C06115FBFFFF1A1EFF2FE101C040E289
S31580E1F6C0022081E0020051E10500000A0130FCE5FB
S31580E1F6D00000D1E5000053E01EFF2F11011081E209
S31580E1F6E0F7FFFFEA0000A0E31EFF2FE1F8452DE9D1
S31580E1F6F00060A0E10100A0E101A0A0E147FFFFEBEE
S31580E1F700007050E20600A0E11100000A43FFFFEB22
S31580E1F7100080A0E10050A0E1084065E0070055E1E6
S31580E1F720044086E0080000BA0400A0E10A10A0E1E6
S31580E1F7300720A0E1E0FFFFEB015045E2000050E346
S31580E1F740F4FFFF1A0400A0E1F885BDE80000A0E31C
S31580E1F750F885BDE8F885BDE8022080E0FF1001E28A
S31580E1F760020050E10500000A0030A0E101C0D3E4C7
S31580E1F77001005CE11EFF2F010300A0E1F7FFFFEA34
S31580E1F7800000A0E31EFF2FE170402DE920609FE598
S31580E1F7900040A0E1060054E10450A0310650A021CA
S31580E1F7A00500A0E14C83FFEB054054E0F8FFFF1A2A
S31580E1F7B07080BDE88096980010402DE90040A0E178
S31580E1F7C0000054E30300000AFA0FA0E3EDFFFFEB2C
S31580E1F7D0014044E2F9FFFFEA1080BDE870402DE97F
S31580E1F7E02122A0E12154A0E10F2002E20F5005E29F
S31580E1F7F02146A0E1053082E004E083E006C0A0E393
S31580E1F8000F3001E29C3E23E0CDC0A0E39C0306E0FD
S31580E1F8100AE0A0E3A665A0E19E0601E0033061E08F
S31580E1F820841184E0021081E0052185E0022081E0F7
S31580E1F830303083E2062092E00030C0E5013080027C
S31580E1F8401E00000A9C0203E0A335A0E19E0301E0CD
S31580E1F850022061E0851083E0302082E2043091E18C
S31580E1F8600120C0E5023080021400000A0D20A0E3E9
S31580E1F870910202E0A233A0E19E0302E0043193E02B
S31580E1F880011062E0301081E20210C0E503308002AF
S31580E1F8900A00000A930C0CE0ACC5A0E19C0E0EE0D8
S31580E1F8A000005CE303306EE0303083E20330C0E594
S31580E1F8B030C08C12043080020530801204C0C0153D
S31580E1F8C00300A0E17080BDE8F34D2DE90040A0E1A1
S31580E1F8D008808DE2F82068E1D0A0CDE128219FE57E
S31580E1F8E00030A0E303005BE102005A010400008AD4
S31580E1F8F00400A0E10A10A0E1B7FFFFEB08D08DE29A
S31580E1F900F08DBDE80B60A0E10070A0E3073096E1E1
S31580E1F9100900001A0A00A0E1F0109FE5DB1000EB78
S31580E1F9200A00A0E10150A0E1E0109FE5AD1000EBF7
S31580E1F9300010A0E3F000CDE1030000EA0800A0E1B9
S31580E1F940C8109FE5F9F4FFEB0050A0E125A2A0E104
S31580E1F9502504A0E10F0000E20FA00AE225C6A0E19E
S31580E1F96000108AE00C3081E00F5005E20610A0E33A
S31580E1F970935121E0CD30A0E393010EE00A20A0E38C
S31580E1F980AEE5A0E1920E05E0054084E2011065E076
S31580E1F990301081E2051044E58C118CE00AA081E00B
S31580E1F9A0001180E001A08AE00EE08AE0930E01E09A
S31580E1F9B0A115A0E192010AE0800081E00D10A0E3AB
S31580E1F9C0900101E00EE06AE0A113A0E10CC181E0C3
S31580E1F9D09C0303E030E08EE2A335A0E104E044E558
S31580E1F9E092010EE0930202E000006EE00CC062E05C
S31580E1F9F0300080E230C08CE2030044E502C044E599
S31580E1FA00303083E2013044E5B2FFFFEA9F860100B0
S31580E1FA10A086010070402DE9000051E380509FE50A
S31580E1FA200150A0110040A0E10310A0E10500A0E192
S31580E1FA300260A0E181FEFFEB10309DE5100013E34B
S31580E1FA402020A0030400001A016046E2013086E22C
S31580E1FA50030050E10120C4B4FAFFFFBA012044E279
S31580E1FA600530A0E1031065E0000051E10110D3B457
S31580E1FA700110E2B5FAFFFFBA000050E3004084A02E
S31580E1FA800430A0E12010A0E3062063E0022084E0B8
S31580E1FA90000052E10110C3C4FAFFFFCA0300A0E1EE
S31580E1FAA07080BDE853D7E280F04D2DE958D04DE224
S31580E1FAB078A09DE584709DE50A105AE20110A013B5
S31580E1FAC0100017E30050A0E127B301E0200007E230
S31580E1FAD00170C713028017E27C409DE504008DE545
S31580E1FAE00E00000A000052E30000D3E2040000AAFF
S31580E1FAF0002072E20030E3E2014044E22D80A0E39F
S31580E1FB00060000EA040017E3014044122B80A013AB
S31580E1FB100200001A088017E2014044122080A013F7
S31580E1FB2000005BE30600000A10005AE3014044123C
S31580E1FB300300001A031092E1024044E20200000A47
S31580E1FB40070000EA030092E10300001A3030A0E3E7
S31580E1FB501430CDE50160A0E3200000EA000051E326
S31580E1FB601A00000A10005AE30310A0130410A00340
S31580E1FB7001C04AE20060A0E308108DE514108DE231
S31580E1FB80016086E2060081E0FF1002E20C1001E0EE
S31580E1FB900CC08DE554C19FE50110DCE704C09DE50D
S31580E1FBA001108CE1011040E50200A0E10310A0E123
S31580E1FBB008209DE57C1000EB0CC09DE50020A0E1CE
S31580E1FBC00130A0E1031092E1EBFFFF1A030000EAA6
S31580E1FBD014608DE20600A0E13AFFFFEB006066E08B
S31580E1FBE080309DE5030056E10630A0A1040063E084
S31580E1FBF0110017E30020A0010510A00120C0A00399
S31580E1FC000600001A012052E201C0C154FCFFFF5AEE
S31580E1FC10C02FC0E1010040E2025085E0000062E0D1
S31580E1FC20000058E30080C5150150851200005BE3B2
S31580E1FC300700000A10005AE33020A0E30020C5E562
S31580E1FC4004209D0501508512582082030120C505B7
S31580E1FC5002508502100017E30B00001A010017E33A
S31580E1FC6030C0A01320C0A0030020A0E10510A0E1D0
S31580E1FC70012052E201C0C154FCFFFF5AC02FC0E10E
S31580E1FC80010040E2025085E0000062E03020A0E31E
S31580E1FC90013043E2030056E10120C5D4FBFFFFDAE0
S31580E1FCA0012045E20630A0E1013053E214108D5285
S31580E1FCB00110D3570110E255FAFFFF5A000056E3CF
S31580E1FCC0065085A00030A0E10520A0E12010A0E348
S31580E1FCD0013053E20110C254FCFFFF5A000050E3A9
S31580E1FCE0000085A0000085B258D08DE2F08DBDE898
S31580E1FCF0105DE280F04D2DE90160A0E158D04DE242
S31580E1FD000050A0E118008DE50030D6E5000053E310
S31580E1FD107501000A250053E30040A0030030C515B4
S31580E1FD203601001A0130F6E52B0053E30E00000A96
S31580E1FD300500008A200053E30D00000A230053E307
S31580E1FD400D00001A404084E3F5FFFFEA2D0053E3FE
S31580E1FD500300000A300053E30700001A014084E300
S31580E1FD60EFFFFFEA104084E3EDFFFFEA044084E31E
S31580E1FD70EBFFFFEA084084E3E9FFFFEA301043E264
S31580E1FD80090051E30610A0910070A0930AC0A093E8
S31580E1FD900700008A0160A0E10130D1E4300043E24E
S31580E1FDA0090050E30C00008A9C3727E0307047E277
S31580E1FDB0F7FFFFEA2A0053E30070E0130600001A1A
S31580E1FDC0007092E5043082E2000057E3016086E24A
S31580E1FDD0007067B2104084B30320A0E10030D6E51D
S31580E1FDE02E0053E30610A0110080E0131C00001AD8
S31580E1FDF00130D6E5011086E2300043E2090050E3A6
S31580E1FE000100A0910080A0930AE0A0930900008AF6
S31580E1FE100030D0E50010A0E130C043E209005CE3A8
S31580E1FE20010080E29E38289030804892F7FFFF9A61
S31580E1FE300230A0E1060000EA2A0053E30700001A37
S31580E1FE40008092E5021086E2000058E3043082E207
S31580E1FE50010000BA0320A0E1010000EA0320A0E14D
S31580E1FE600080A0E30030D1E5680053E374005313CA
S31580E1FE70DFC003E20100A0030000A0134C005CE3B5
S31580E1FE80010080035A005CE301008003000050E337
S31580E1FE900160A0010030E0030600000A6C0053E334
S31580E1FEA0016081E20300001A0100D1E56C0050E3B4
S31580E1FEB0026081024C30A0030010D6E56E0051E36A
S31580E1FEC0C600000A0C00008A630051E31800000AAC
S31580E1FED00400008A250051E3C700000A580051E377
S31580E1FEE0C800000ACB0000EA640051E3C700000ABB
S31580E1FEF0690051E3C500000AC60000EA730051E3D8
S31580E1FF001C00000A0400008A6F0051E3CC00000A5D
S31580E1FF10700051E31F00000ABE0000EA750051E35C
S31580E1FF20C500000A780051E320408403B500000A49
S31580E1FF30B80000EA100014E32030A0030300001AA1
S31580E1FF40017047E2000057E30130C5C4FBFFFFCAF9
S31580E1FF50043082E2002092E50020C5E5015085E289
S31580E1FF602020A0E3017047E2000057E3A00000DA19
S31580E1FF700120C5E4FAFFFFEA04A082E200408DE5B4
S31580E1FF800500A0E1001092E50830A0E10720A0E19C
S31580E1FF909FFEFFEBD00000EA043082E21C308DE563
S31580E1FFA0003092E514308DE50130D6E54D0053E31E
S31580E1FFB00800000A0200008A490053E31F00000A94
S31580E1FFC0700000EA690053E31B00000A6D0053E309
S31580E1FFD06C00001A404084E32413A0E1011021E281
S31580E1FFE018C39FE530308DE20020A0E3011001E2E5
S31580E1FFF03AE0A0E314009DE50200D0E720A2DCE729
S31580E200000F0000E20000DCE70100C3E5050052E3F1
S31580E200100000A00301000112000050E3012082E209
S31580E2002000A0C3E502E0C3150230830203308312E7
S31580E20030060052E3EEFFFF1A230000EA404084E323
S31580E200400230D6E5360053E32600001A2413A0E1F7
S31580E20050011021E2A4029FE530308DE20020A0E388
S31580E20060011001E23AE0A0E314C09DE582C0DCE73C
S31580E200702CA2D0E70FC00CE20CC0D0E701C0C3E5EA
S31580E2008014C09DE500A0C3E582C08CE001C0DCE53A
S31580E200902CA2D0E70FC00CE20CC0D0E703C0C3E5C8
S31580E200A0070052E300C0A00301C0011200005CE336
S31580E200B0012082E202A0C3E504E0C3150430830294
S31580E200C005308312080052E3E6FFFF1A0020A0E320
S31580E200D04040C4E30020C3E50500A0E100408DE591
S31580E200E030108DE2230000EA340053E34040C4132B
S31580E200F02400001A30A08DE200B0A0E30AC0A0E19D
S31580E201002C208DE214309DE50200A0E10B10D3E7AE
S31580E2011024C08DE520208DE5AFFDFFEB20209DE517
S31580E2012024C09DE501104AE2000062E00030A0E1D1
S31580E20130013053E202E0D32701E0E125FBFFFF2A0B
S31580E2014003005BE300A08AE02E30A01301B08BE2CD
S31580E201500030CA1501A08A1204005BE3E8FFFF1AA9
S31580E201600030A0E34040C4E30500A0E10C10A0E12A
S31580E201700030CAE500408DE50720A0E10830A0E125
S31580E2018023FEFFEB0A0000EA010077E31030A0E3EA
S31580E2019020408413214084030870A00388018DE8FF
S31580E201A00C408DE50500A0E114209DE50030A0E33A
S31580E201B03CFEFFEB0050A0E10630A0E10360A0E147
S31580E201C00120D6E538119FE5013083E20220D1E7AE
S31580E201D0070012E3F8FFFF1A1C209DE5400000EAC3
S31580E201E018109DE5043082E2002092E5051061E078
S31580E201F0001082E50320A0E1390000EA0010C5E59F
S31580E20200015085E2360000EA1010A0E30D0000EA14
S31580E20210024084E3080000EA2530A0E30030C5E529
S31580E202200030D6E5000053E30130C5150150850262
S31580E202300250851201604602290000EA0A10A0E314
S31580E20240000000EA0810A0E34C0053E30720820294
S31580E202500720C20308A08202D020C2011A00000A47
S31580E202606C0053E304A082E20300001A020014E366
S31580E20270002092E51300001A030000EA2000C3E39F
S31580E202805A0050E3002092E50100001A0030A0E314
S31580E202900D0000EA740053E30A00000A680053E3A3
S31580E202A0023004E20500001A000053E30228A0E1CE
S31580E202B02228A0014228A0110200001AF2FFFFEADA
S31580E202C0000053E3F0FFFF0AC23FA0E182018DE81E
S31580E202D00C408DE50500A0E1F2FDFFEB0050A0E1C8
S31580E202E00A20A0E1016086E286FEFFEA0030C5E5EB
S31580E202F018309DE5050063E058D08DE2F08DBDE8CB
S31580E20300305DE2802A57E28030402DE90030D0E548
S31580E20310A4409FE5300053E30C00001A01C0D0E50B
S31580E20320013080E278005CE30500001A02C0D0E585
S31580E203300CC0D4E744001CE3023080121020A013E4
S31580E203401B00001A000052E30820A003180000EA0E
S31580E20350000052E30A20A00300C0A0E10000A0E36F
S31580E203600C50A0E10130DCE403E0D4E744001EE374
S31580E203700200001A000051E30B00001A3080BDE84B
S31580E2038004001EE3303043120300001A02001EE32B
S31580E2039020304312FF300312373043E2020053E14A
S31580E203A0F3FFFF2A923020E0ECFFFFEA005081E57E
S31580E203B03080BDE80300A0E1E6FFFFEA2A57E2804B
S31580E203C00030A0E3F7402DE9003082E50040A0E16D
S31580E203D00170A0E10250A0E110FCFFEB006050E268
S31580E203E00100001A1500E0E3100000EA0400A0E133
S31580E203F004108DE20720A0E1C2FFFFEB04309DE509
S31580E20400040053E1F6FFFF0A0020D3E5000052E341
S31580E204100400000A033064E0013083E2030056E11F
S31580E204200A005203EEFFFF1A000085E50000A0E312
S31580E204300CD08DE2F080BDE808402DE900C0D0E521
S31580E204402D005CE30100000A0840BDE8ADFFFFEA4B
S31580E20450010080E2ABFFFFEB000060E20880BDE8CE
S31580E20460F04D2DE90030D0E501C0A0E1300053E344
S31580E20470C0E09FE50C00001A0110D0E5013080E271
S31580E20480780051E30500001A0210D0E50110DEE79C
S31580E20490440011E3023080121020A0132300001AD8
S31580E204A0000052E30820A003200000EA000052E3A5
S31580E204B00A20A0030030A0E10010A0E30000A0E340
S31580E204C00260A0E10070A0E30380A0E10140D3E4F2
S31580E204D00450DEE7440015E30200001A00005CE304
S31580E204E01000001AF08DBDE8040015E33040441296
S31580E204F00300001A020015E320404412FF40041272
S31580E20500374044E2C45FA0E1070055E106005401AA
S31580E20510F1FFFF2A90A28BE092B12BE00A0094E0F1
S31580E205200B10A5E0E7FFFFEA00808CE5F08DBDE8E1
S31580E205300300A0E1DEFFFFEA2A57E280ECFDFFEA54
S31580E205400E002DE903402DE90C109DE510208DE289
S31580E2055004208DE5E6FDFFEB08D08DE204E09DE424
S31580E205600CD08DE21EFF2FE10F002DE907402DE929
S31580E2057010009DE514108DE204108DE5ACA9FFEB29
S31580E205800A00A0E37FA9FFEB18009FE57DFCFFEB65
S31580E205900000A0E30010A0E10020A0E10030A0E18D
S31580E205A07B85FFEBFEFFFFEAA086010070402DE926
S31580E205B044409FE50030A0E31530C4E50050A0E159
S31580E205C0144084E20500A0E10A10A0E3AF0D00EB3F
S31580E205D00460A0E10500A0E1301081E2011046E46A
S31580E205E00A10A0E37F0D00EB005050E20640A01116
S31580E205F0F3FFFF1A0400A0E17080BDE8E44FE680D5
S31580E2060030209FE50030A0E3003082E528209FE598
S31580E20610003082E524209FE5003082E520209FE5B8
S31580E20620003082E51C309FE51C209FE53F30C3E326
S31580E20630003082E51EFF2FE15456E680FC4FE680CD
S31580E206400450E6800850E6805350E6801050E680FB
S31580E20650FF4D2DE9A8809FE504008DE5006098E5D1
S31580E2066001B0A0E102A0A0E10600A0E194109FE51E
S31580E2067094209FE5FF0500EB013CA0E30670A0E332
S31580E206800820A0E384109FE5B03086E1004086E052
S31580E206900460A0E3B630C4E10050A0E1B220C4E138
S31580E206A0020084E00470C4E50720A0E10560C4E5A9
S31580E206B0D4FBFFEB04C09DE510108DE208C021E576
S31580E206C00620A0E10E0084E2CEFBFFEB0B10A0E158
S31580E206D00720A0E1120084E2CAFBFFEB10108DE254
S31580E206E004A021E50620A0E1180084E2C5FBFFEB29
S31580E206F0000098E51C1085E2CB0300EB10D08DE27A
S31580E20700F08DBDE81050E680B203E3800608000073
S31580E207107856E68070402DE974309FE574609FE5F7
S31580E2072074009FE5001096E5002093E5000090E5D1
S31580E20730012022E0000012E10350A0E15C409FE547
S31580E207400B00000A58309FE5003093E5000053E342
S31580E207500400001A4C009FE522A9FFEB003096E5E3
S31580E20760003084E5050000EA003084E538009FE544
S31580E20770010000EA34009FE5001084E519A9FFEB49
S31580E20780000095E5002094E524109FE57040BDE8E1
S31580E20790AEFFFFEA306EE680FC4FE680246EE680AE
S31580E207A00450E680786EE68082D7E280ADD7E2803A
S31580E207B0D8D7E280FE6DE68068309FE5003093E52B
S31580E207C0000053E31EFF2F0110402DE90000A0E355
S31580E207D0117FFFEB50209FE550109FE5003092E5B8
S31580E207E0003063E0010053E11080BD9840409FE510
S31580E207F0003094E5013083E2040053E3003084E57F
S31580E20800050000DA2C009FE5EAA8FFEB0030A0E3C2
S31580E20810003084E51040BDE8450400EA1040BDE8BA
S31580E20820000082E5BAFFFFEAFC4FE6800050E680F0
S31580E20830881300000C50E68003D8E2801B0052E366
S31580E20840F04D2DE90260A0E118D04DE2040000CA25
S31580E208500210A0E1DC019FE51C20A0E3E1A8FFEB0A
S31580E20860720000EAB020D1E10140A0E12234A0E1A9
S31580E20870023483E10338A0E1010853E36B00001AF6
S31580E20880B220D1E12234A0E1023483E10338A0E14F
S31580E20890020353E36500001A0470D1E5060057E3CC
S31580E208A06200001A0550D1E5040055E35F00001AA4
S31580E208B084B19FE500309BE5000053E35B00000ACC
S31580E208C0188081E20520A0E100A0A0E10810A0E165
S31580E208D014008DE24BFBFFEB00309BE514209DE597
S31580E208E0030052E15100001AB620D4E12234A0E19D
S31580E208F0023483E10338A0E12338A0E1010053E327
S31580E209000200000A020053E31E00000A470000EAE2
S31580E2091006108AE20A00A0E120219FE57F0500EB2E
S31580E20920086084E2022CA0E3B620C4E10610A0E1CE
S31580E209300720A0E10C008DE5120084E20E4084E2FD
S31580E2094030FBFFEB0410A0E10520A0E10800A0E166
S31580E209502CFBFFEB0720A0E10600A0E1E0109FE57B
S31580E2096028FBFFEB0B10A0E10400A0E10520A0E14B
S31580E2097024FBFFEB0C309DE50A00A0E11C1083E22C
S31580E20980290300EB290000EAB8709FE5003097E57D
S31580E20990000053E32500000A14008DE20E1084E283
S31580E209A00420A0E317FBFFEB9C309FE514A09DE5B6
S31580E209B0003093E503005AE11C00001A8C509FE553
S31580E209C0088084E2000095E5000050E30200000A18
S31580E209D00810A0E10620A0E30AFBFFEB310400EB5E
S31580E209E00010A0E300608DE564609FE50130A0E140
S31580E209F00A20A0E100C0A0E10400A0E154409FE506
S31580E20A003CFF2FE10810A0E10620A0E3000096E576
S31580E20A10FCFAFFEB000096E5001094E5020300EB9A
S31580E20A200030A0E3003087E5003084E5003085E5DC
S31580E20A3018D08DE2F08DBDE82ED8E280306EE68069
S31580E20A40060800007856E680FC4FE6800450E68091
S31580E20A505456E680286EE6800850E680F34D2DE90E
S31580E20A6028609DE5EB0056E30020A0830120A09359
S31580E20A70430053E30230A00101308213440051E384
S31580E20A800310A00101108313000051E3BB00001A9A
S31580E20A900030D0E50430C3E3013043E2010053E3A2
S31580E20AA0B600008A0130D0E5010053E3B300001AB4
S31580E20AB00230D0E5060053E3B000001A0040A0E120
S31580E20AC00420A0E304008DE2041084E2CDFAFFEB79
S31580E20AD0B0329FE504209DE5003093E5030052E1C4
S31580E20AE0A600001A145084E204008DE20510A0E10B
S31580E20AF00420A0E3C3FAFFEB04309DE5000053E354
S31580E20B000300000A80029FE50510A0E10420A0E32D
S31580E20B10BCFAFFEB74329FE50620A0E3001093E572
S31580E20B206C029FE5061081E2B6FAFFEB6C5084E236
S31580E20B30101084E20420A0E358029FE5B1FAFFEBAD
S31580E20B400500A0E135FAFFEB000050E30300000A5E
S31580E20B5044029FE50510A0E18020A0E39F0500EB1B
S31580E20B6034129FE50030D1E5000053E30100000A2C
S31580E20B7028029FE5B09DFFEB0420A0E304008DE20E
S31580E20B80EC1084E29FFAFFEB14329FE504209DE5A8
S31580E20B90030052E10600000A0000A0E30010A0E193
S31580E20BA0C40300EB9F00A0E3F0B7FFEB520300EB38
S31580E20BB0720000EAEC819FE5F04084E2066084E020
S31580E20BC008A0A0E1060054E1F2FFFF2A0030D4E556
S31580E20BD0FF0053E3EFFFFF0A000053E30170840254
S31580E20BE06400000A0120D4E5027082E2077084E0A4
S31580E20BF0060057E15F00008A0030A0E3B030C8E12A
S31580E20C000030D4E50250A0E10C0053E31E00000A56
S31580E20C100600008A030053E31100000A060053E34C
S31580E20C201100000A010053E35200001A060000EAAE
S31580E20C30110053E33100000A280053E33C00000A26
S31580E20C400D0053E34B00001A1C0000EA58319FE581
S31580E20C50003093E5000053E34C019F054500001AFE
S31580E20C60050000EA44019FE5000000EA40019FE5B5
S31580E20C70003090E5000053E33E00001A021084E261
S31580E20C800420A0E35FFAFFEB3A0000EA24B19FE595
S31580E20C900030DBE5000053E33600001A1F0052E322
S31580E20CA0040000DA10019FE510119FE52030A0E3F1
S31580E20CB0CCA7FFEB1F50A0E3F8009FE5280000EAEF
S31580E20CC0020052E3B220D4012234A001023483012D
S31580E20CD00800000A040052E32600001A021094E596
S31580E20CE0012CA0E1FF3C01E2212C82E1032482E196
S31580E20CF0FF3801E2233482E1B030CAE11D0000EA26
S31580E20D00BCB09FE50030DBE5000053E31900001A32
S31580E20D103F0052E3040000DA9C009FE5A4109FE5C1
S31580E20D204030A0E3AFA7FFEB3F50A0E390009FE502
S31580E20D300B0000EA90B09FE50030DBE5000053E36C
S31580E20D400C00001A1F0052E3040000DA68009FE5F7
S31580E20D5078109FE52030A0E3A2A7FFEB1F50A0E327
S31580E20D6064009FE5021084E20520A0E125FAFFEB0C
S31580E20D700030A0E30530CBE70740A0E190FFFFEA31
S31580E20D8008D08DE2F08DBDE85C56E6808056E6803E
S31580E20D90046EE6800C6FE680306EE6808C6EE680CE
S31580E20DA048D0E28063825363FC6DE680246EE680FF
S31580E20DB0786EE680206EE680346EE68042D8E28007
S31580E20DC07AD8E280529D098184D8E280546EE680A8
S31580E20DD08ED8E280F04D2DE99E00A0E320D04DE250
S31580E20DE062B7FFEBD8319FE5D8719FE5001093E5B6
S31580E20DF0D4019FE5011081E2001083E579A7FFEB3C
S31580E20E00004097E50010A0E30400A0E1BC219FE545
S31580E20E10E5F9FFEB022BA0E3B4119FE50400A0E124
S31580E20E20140400EB00B0A0E30130A0E30650A0E397
S31580E20E30A0A19FE50080E0E3004084E01C30C4E5A9
S31580E20E401D30C4E50060A0E11E50C4E51FB0C4E5D4
S31580E20E500B00A0E1707DFFEBFA1FA0E3610B00EBD4
S31580E20E6020108DE210B021E50420A0E30008A0E185
S31580E20E70203CA0E1200483E1B402C4E1280084E2BC
S31580E20E80E0F9FFEB20108DE20CB021E52C0084E244
S31580E20E900420A0E3DBF9FFEB20108DE208B021E528
S31580E20EA0300084E20420A0E3D6F9FFEB20108DE245
S31580E20EB004B021E5340084E20420A0E3D1F9FFEB1B
S31580E20EC014C19FE50520A0E10C10A0E1380084E280
S31580E20ED00CC08DE5CBF9FFEB880084E2FC109FE540
S31580E20EE08020A0E3BD0400EB0CC09DE56330A0E367
S31580E20EF07D20E0E30831C4E50921C4E50B31C4E590
S31580E20F005320A0E30330DCE50A21C4E50220DCE5D8
S31580E20F100338A0E1023C83E10520DCE50450A0E150
S31580E20F20023083E10420DCE5421F84E2023483E17D
S31580E20F300C81E5E50B00A0E1015085E2055061E018
S31580E20F4000308AE5347DFFEB00309AE50A10A0E1B5
S31580E20F50033080E0030CA0E1232C80E1FF0C03E266
S31580E20F60000482E1FF3803E2233480E10420A0E337
S31580E20F70200084E200308AE5A2F9FFEBEC3085E2DC
S31580E20F804320A0E300308DE50400A0E14430A0E3F5
S31580E20F900810A0E1240400EB44109FE544009FE59D
S31580E20FA0C40200EB40009FE5B60200EB421F85E2F9
S31580E20FB0000097E5061081E09B0100EB20D08DE2F0
S31580E20FC0F08DBDE85856E680286EE6809ED8E280AF
S31580E20FD0EE050000B203E3805C56E6807856E68052
S31580E20FE08C6EE680F00FE280B80B00005C0AE2804D
S31580E20FF008402DE92C309FE5003093E5040053E369
S31580E21000030000DA20009FE5EAA6FFEB0840BDE890
S31580E21010470200EA14009FE514109FE5A50200EB63
S31580E210200840BDE86AFFFFEA5856E680B2D8E28019
S31580E2103088130000F00FE2800000E0E31EFF2FE15C
S31580E2104010402DE94C009FE58E9DFFEB48309FE5F1
S31580E21050001093E5000051E30900000A000050E326
S31580E210600340A0E10200001A28009FE5001094E503
S31580E21070060000EAC3F8FFEB000050E31080BD08EB
S31580E21080F8FFFFEA000050E31080BD0804009FE508
S31580E210901040BDE8689CFFEAD9D8E2806856E680CF
S31580E210A073402DE90040A0E1016041E2055081E212
S31580E210B0000054E20300000A04108DE21020A0E34F
S31580E210C090FCFFEBFF0000E2000054E30100E6E55E
S31580E210D00300000A04409DE50030D4E5000053E3B6
S31580E210E001408412050056E1F0FFFF1A08D08DE236
S31580E210F07080BDE810402DE90140A0E1619DFFEBE3
S31580E211000410A0E1E5FFFFEB0020D4E5010012E345
S31580E211100C00001A0130D4E50210D4E5033082E1F6
S31580E211200320D4E5013083E1022083E10430D4E573
S31580E21130033082E10520D4E5023093E10100A01379
S31580E211400000A0031080BDE80000A0E31080BDE8A7
S31580E2115010402DE918D04DE20120A0E10040A0E147
S31580E2116018109FE504008DE2F4FCFFEB0400A0E199
S31580E2117004108DE2309CFFEB18D08DE21080BDE842
S31580E21180E0D8E28010402DE93CE09FE50240A0E114
S31580E2119038209FE5000051E320D04DE200C0A0E177
S31580E211A00130A0E10D00A0E10210A0010E10A01115
S31580E211B00C20A0E1E1FCFFEB0D00A0E10410A0E130
S31580E211C0CBFFFFEB20D08DE21080BDE8E4D8E28051
S31580E211D0EDD8E28010309FE5003093E5000053E3DE
S31580E211E0380093150000E0031EFF2FE16856E68083
S31580E211F0F0402DE92CD04DE20040A0E10170A0E163
S31580E212000100A0E10250A0E10210A0E10D20A0E1E0
S31580E21210DBFFFFEB0D00A0E178119FE50620A0E35E
S31580E2122025F9FFEB000050E31A00000A106084E221
S31580E212300600A0E15C119FE50620A0E31EF9FFEB24
S31580E21240000050E30E00000A0600A0E10D10A0E1C6
S31580E212500620A0E318F9FFEB000050E30800000A3D
S31580E212600410A0E130019FE55EA6FFEB0610A0E147
S31580E2127028019FE55BA6FFEB24019FE50D10A0E127
S31580E2128058A6FFEB0600A0E10D10A0E10620A0E340
S31580E21290DCF8FFEB0D0000EA10C0D4E501001CE3A8
S31580E212A00A00001A1130D4E51220D4E503308CE12D
S31580E212B013C0D4E5023083E10CC083E11430D4E577
S31580E212C01520D4E503308CE1023093E11F00001A49
S31580E212D0303094E5000053E30100001A0000A0E3F9
S31580E212E02A0000EABC309FE5000055E3B8109FE58E
S31580E212F00520A0E10310A00108008DE28FFCFFEB40
S31580E2130008008DE2DF9CFFEB000050E3F2FFFF1A5C
S31580E213101020D4E5010012E30A00001A1130D4E568
S31580E213201210D4E5033082E11320D4E5013083E163
S31580E21330022083E11430D4E5033082E11520D4E53E
S31580E21340023093E10E00001A0000E0E30F0000EAAB
S31580E2135058309FE5000055E354109FE5106084E223
S31580E213600310A00108008DE20720A0E10530A0E18C
S31580E2137072FCFFEB08008DE20610A0E173FFFFEB43
S31580E21380D2FFFFEA303094E50400A0E133FF2FE19B
S31580E213902CD08DE2F080BDE8CA54E28012D9E28098
S31580E213A03BD9E2805BD9E28007D9E280FAD8E28053
S31580E213B0EDD8E280E4D8E28038402DE964509FE5BA
S31580E213C00040A0E115F8FFEB002095E5000052E32E
S31580E213D00230A0110400001A4C309FE5004085E5FA
S31580E213E0004083E515FFFFEB040000EA341093E545
S31580E213F0020051E10130A011FBFFFF1A344083E580
S31580E2140028209FE5003095E5343084E5003092E58A
S31580E214100000A0E3011083E21C0084E5001082E56F
S31580E21420383084E53880BDE87456E6806856E680D2
S31580E214306456E680F0412DE974619FE574519FE53B
S31580E214400030A0E30040A0E14000A0E3003085E563
S31580E21450003086E5C5B5FFEB5C019FE5899CFFEB35
S31580E214600680A0E1001050E20200000A4C019FE5EE
S31580E214708020A0E3590300EB44319FE544219FE5B8
S31580E21480020053E10500000A0400A0E1B00700EB88
S31580E21490000050E330019FB50B0000AA090000EA84
S31580E214A028219FE5030052E10500000A0400A0E13D
S31580E214B0E0FEFFEB000050E314019FB5020000AAB4
S31580E214C0000000EA0C019FE5C6A5FFEB004095E52A
S31580E214D0000054E30500001AFC009FE5B5A5FFEB8A
S31580E214E03F00E0E3A1B5FFEB0460A0E12E0000EA55
S31580E214F0E8009FE5639CFFEB0060A0E30070A0E15B
S31580E215004100A0E399B5FFEB383094E5000053E360
S31580E215100100000AC8009FE5A6A5FFEBC4009FE58F
S31580E215200410A0E1AFA5FFEB000057E30700000A35
S31580E215300400A0E10710A0E192F7FFEB000050E380
S31580E215400200001AA0009FE5004088E599A5FFEB1E
S31580E215500400A0E12010A0E3A5F7FFEB000050E332
S31580E215600100000A84009FE592A5FFEB0400A0E15A
S31580E215707C109FE5382094E51CFFFFEB000050E3EA
S31580E215800100000A6C009FE58AA5FFEB344094E5F2
S31580E21590003095E5016086E2030054E1D9FFFF1A47
S31580E215A0A6FEFFEB0A00A0E376A5FFEB0600A0E12C
S31580E215B0F081BDE86856E6807456E68048D0E280DF
S31580E215C08C6EE6805433E2803810E2807BD9E2800A
S31580E215D03810E2809CD9E280BBD9E28006DBE280E9
S31580E215E0D7D9E280E0D9E280966AE280E3D9E280E6
S31580E215F0ECD9E2807BC4E28014DAE28010402DE905
S31580E2160020409FE5000094E5000050E31080BD088D
S31580E216102C3090E533FF2FE1003094E50120A0E302
S31580E216201C2083E51080BDE86856E6802C309FE575
S31580E2163004E02DE500E0A0E1000093E5000050E340
S31580E216400400000A0120A0E124C090E50E10A0E18A
S31580E2165004E09DE41CFF2FE10000E0E304F09DE45A
S31580E216606856E68018309FE5000093E5000050E377
S31580E216700100000A283090E513FF2FE10000E0E345
S31580E216801EFF2FE16856E68038402DE90050A0E142
S31580E2169060009FE5FB9BFFEB000050E31000001A21
S31580E216A054409FE5003094E5000053E33880BD085E
S31580E216B0000055E344509FE500308515343093E5CC
S31580E216C0003084E55DFEFFEB002095E5003094E591
S31580E216D0030052E128309F050120A0030020830504
S31580E216E03880BDE81C109FE526F7FFEB000050E34B
S31580E216F0EAFFFF1A3880BDE839DAE2806856E6808A
S31580E217006056E680846EE680CC65E280F7402DE91D
S31580E21710C0409FE5003094E5000053E30200001AE2
S31580E21720B4009FE523A5FFEB270000EAAC309FE5F6
S31580E217300070A0E1005093E50360A0E1A0009FE580
S31580E21740381095E50D20A0E18DFEFFEB000050E319
S31580E217500300000A100085E20D10A0E10620A0E356
S31580E21760A8F7FFEB345095E5003096E5030055E1A6
S31580E21770F1FFFF1A005094E558609FE5001094E56A
S31580E2178060009FE517A5FFEB000094E50710A0E156
S31580E21790202090E532FF2FE1000050E3050000BAF9
S31580E217A030309FE50220A0E3003093E50000A0E31D
S31580E217B01C2083E5050000EA0000A0E3B1FFFFEB11
S31580E217C0003096E5030055E1EBFFFF1A0000E0E307
S31580E217D00CD08DE2F080BDE86856E68006DBE280DA
S31580E217E07456E6807BC4E28043DAE280F8402DE9F3
S31580E217F088509FE5003095E5000053E3F880BD0808
S31580E21800899AFFEB78409FE578609FE5003094E522
S31580E21810000053E30070A0E10200000A003096E582
S31580E21820000053E10300000A5C009FE5959BFFEB15
S31580E21830007086E5000084E5003094E5000053E31D
S31580E218400070951534609F150600001AF840BDE8D1
S31580E21850FAFDFFEA003096E5343093E5003086E51E
S31580E21860030057E1F8FFFF0A000095E5001094E5D2
S31580E21870C4F6FFEB000050E3F5FFFF1AF880BDE8FF
S31580E218806856E6807056E6806C56E680D9D8E28065
S31580E2189010309FE5000093E50C309FE5000050E3B1
S31580E218A00300A0011EFF2FE16856E6804EDAE28051
S31580E218B008309FE50120A0E3002083E51EFF2FE1AB
S31580E218C08856E6801EFF2FE11C209FE51C309FE5AF
S31580E218D0003082E518209FE5003082E514309FE5EE
S31580E218E00020A0E3002083E51EFF2FE1086EE6805C
S31580E218F0C418E2807C6EE680146EE68008402DE9AC
S31580E2190024009FE5D8A9FFEB000050E30300001A0C
S31580E2191018309FE50220A0E3002083E50880BDE839
S31580E219200300A0E30840BDE89F0500EA56DAE280BC
S31580E219308856E68038402DE908019FE5519BFFEB0A
S31580E2194004419FE5005050E21300000AFC109FE537
S31580E219508CF6FFEB000050E30F00000A0500A0E1E1
S31580E21960EC109FE587F6FFEB000050E32B00000AC0
S31580E219700500A0E1DC109FE582F6FFEB000050E374
S31580E219800100A0032500000A0010A0E30500A0E103
S31580E219900120A0E15BFAFFEB200000EA003094E54B
S31580E219A0013083E2003084E513FFFFEBA8309FE548
S31580E219B0000093E5100F6FE1A002A0E131FFFFEB9B
S31580E219C0000099E550FFFFEB90309FE5002093E51C
S31580E219D0000052E31700000A0000A0E3000083E55E
S31580E219E07C309FE5003093E5000053E10F00000A6A
S31580E219F070309FE570209FE5002083E5867AFFEBD5
S31580E21A0068309FE568209FE5000083E564309FE5C6
S31580E21A10002083E560209FE560309FE5070000EACD
S31580E21A20003094E5000053E1DBFFFF3AF2FEFFEB84
S31580E21A300320A0E3000000EA0120A0E340309FE516
S31580E21A40002083E53880BDE85FDAE280186EE680C2
S31580E21A500266E280CC65E28068DAE2808456E680DD
S31580E21A60846EE6800C6EE680146EE680B018E280C4
S31580E21A70106EE68010270000806EE680C418E28051
S31580E21A80086EE6808856E680000050E30C309FE5DB
S31580E21A900C209F0500208305000083151EFF2FE1A1
S31580E21AA0086EE680C418E28004309FE5000093E584
S31580E21AB01EFF2FE17C6EE6803C309FE5000050E31E
S31580E21AC0000083051EFF2F0110402DE90040A0E1B2
S31580E21AD00000A0E3001083E54F7AFFEB1C309FE520
S31580E21AE0FA1FA0E3000083E5910400E03D0800EBE5
S31580E21AF00C309FE5000083E51080BDE8146EE68039
S31580E21B00106EE680806EE6800030A0E3000051E34E
S31580E21B10B220D0C0011041C2023083C0FAFFFFCAB0
S31580E21B200308A0E12338A0E1203883E0233883E06C
S31580E21B300308A0E12008A0E11EFF2FE108402DE97D
S31580E21B40F0FFFFEB10309FE5010080E2003003E01A
S31580E21B50130F6FE1A002A0E10880BDE8FEFF00005E
S31580E21B607F402DE9A0329FE50D0051E3000083E539
S31580E21B7098329FE5001083E5A100009A90329FE5B6
S31580E21B8090229FE5B0E0D3E18CC29FE52E34A0E1BE
S31580E21B900EE483E184329FE50EE8A0E1B050D3E122
S31580E21BA02EE8A0E12534A0E1055483E10558A0E1C1
S31580E21BB002005EE12558A0E10E60A0110C60A00152
S31580E21BC0020055E1BC20D0E10C50A0012234A0E114
S31580E21BD0023483E10338A0E144229FE52338A0E181
S31580E21BE0020053E10700008AB421D0E1164080E288
S31580E21BF02234A0E1023483E10338A0E12338A0E174
S31580E21C00162041E2140000EA810C53E30E40801272
S31580E21C100E2041121000001A110051E37800009A5A
S31580E21C200EEAA0E12E0A5CE17500000ABEC0D0E1B0
S31580E21C30B021D0E12C34A0E10CC483E10C3AA0E1DE
S31580E21C4023CAA0E12234A0E1023483E10338A0E191
S31580E21C502338A0E1124080E2122041E206EAA0E1C6
S31580E21C60B4119FE52EEAA0E101005EE10400000ADC
S31580E21C7001005CE105CAA0012CCAA0010E005CE16C
S31580E21C805F00001A020B53E30050A0E10500000A50
S31580E21C9090119FE5010053E15900001A0410A0E17A
S31580E21CA0E5FAFFEB560000EA1B0052E35400009A85
S31580E21CB0B210D4E12134A0E1013483E10338A0E11A
S31580E21CC02368A0E1060052E14D0000BA0030D4E577
S31580E21CD0F02003E2400052E34900001A0F3003E2AB
S31580E21CE0050053E34600008A0400A0E10A10A0E35F
S31580E21CF091FFFFEB000050E34100000A0420A0E3DD
S31580E21D000C008DE2101084E23EF6FFEB18319FE57F
S31580E21D100C209DE5003093E5000053E30300521169
S31580E21D200130A0130030A003012092E20120A0132B
S31580E21D30030012E13200001A0C1084E20420A0E3D0
S31580E21D400C008DE22FF6FFEBB610D4E10C209DE578
S31580E21D502134A0E1013483E10339B0E12800001A9D
S31580E21D600930D4E5010053E30E00001A1430D4E5BD
S31580E21D70050053E30600001A1530D4E5010053E36B
S31580E21D801F00001A181084E2A0009FE595A3FFEBDE
S31580E21D901B0000EA0500A0E10410A0E10620A0E114
S31580E21DA0CE0200EB160000EA110053E31400001A9B
S31580E21DB0B631D4E1B401D4E1B8C1D4E12314A0E1CF
S31580E21DC0031481E12034A0E1003483E12C04A0E114
S31580E21DD00C0480E10008A0E12008A0E1080040E2CE
S31580E21DE000008DE548009FE50118A0E10338A0E1F7
S31580E21DF000C090E52118A0E11C0084E22338A0E12E
S31580E21E003CFF2FE110D08DE27080BDE8046EE68063
S31580E21E10886EE680B803E380FFFF0000FF0F0000D4
S31580E21E20B003E380E905000006080000306EE68034
S31580E21E306DDAE280086EE68030309FE5B020D3E14D
S31580E21E402234A0E1023483E10338A0E120209FE539
S31580E21E50010873E32338A0110230A001033AA0E11E
S31580E21E60230A52E10E00A0031200A0131EFF2FE107
S31580E21E70B803E380FF0F0000F8402DE990309FE53C
S31580E21E800260A0E1B020D3E188709FE52234A0E130
S31580E21E90023483E10338A0E1010873E30050A0E154
S31580E21EA00620A0E32348A0110740A001D5F5FFEB69
S31580E21EB064109FE50620A0E3060085E2D1F5FFEBFC
S31580E21EC0043AA0E12332A0E12318A0E1070051E120
S31580E21ED00628A0E10400001A223CA0E1222483E144
S31580E21EE0BC20C5E10E00A0E3F880BDE8233CA0E17A
S31580E21EF0013483E1BE30C5E1223CA0E18100A0E36A
S31580E21F00222483E1BC00C5E1B021C5E11200A0E351
S31580E21F10F880BDE8B803E380FF0F00007856E680DC
S31580E21F2038402DE90050A0E10240A0E10620A0E37E
S31580E21F30B4F5FFEB0620A0E3060085E258109FE5A4
S31580E21F40B0F5FFEBBC20D5E12234A0E1023483E197
S31580E21F500338A0E12338A0E1810C53E30428A0E111
S31580E21F600400001A223CA0E1222483E1B021C5E1EB
S31580E21F701200A0E33880BDE820109FE5010053E11E
S31580E21F80223CA0E1222483E10E00A083BC20C5810D
S31580E21F90B421C5911600A0933880BDE87856E680D4
S31580E21FA0EA05000013402DE904108DE508108DE264
S31580E21FB0082021E54530A0E368209FE50030C0E5B2
S31580E21FC00040A0E1053BA0E30000A0E30100C4E5F8
S31580E21FD0B230C4E1003092E5BA00C4E101C083E2E6
S31580E21FE00338A0E100C082E5232CA0E1233482E11C
S31580E21FF0B430C4E14030A0E3B630C4E10030E0E37F
S31580E220000830C4E50C0084E20420A0E37DF5FFEB12
S31580E22010100084E204108DE20420A0E379F5FFEB60
S31580E2202008D08DE21080BDE8746EE680F0412DE93D
S31580E2203018509DE50270A0E1010015E30020A0138F
S31580E220400380A0E1053080101C20C3157C309FE51B
S31580E220500558A0E1002093E52568A0E1075785E2CF
S31580E220600040A0E1CEFFFFEB253CA0E1255483E1D1
S31580E220701130A0E30930C4E5B250C4E10400A0E126
S31580E220800A10A0E39FFEFFEB0838A0E12324A0E13B
S31580E22090233C82E10728A0E1B431C4E12234A0E105
S31580E220A0222C83E1083086E20338A0E1B621C4E13E
S31580E220B0232CA0E1233482E1B831C4E10030A0E3ED
S31580E220C0BA31C4E10000E0E1BA00C4E1F081BDE8E2
S31580E220D0306EE680F34D2DE90050A0E1DC009FE50D
S31580E220E0007090E5000057E30000E0033100000A4B
S31580E220F0000051E30160A0E102B0A0E10380A0E12B
S31580E2210000A0A0E10060E003B4509F050200000A4F
S31580E22110AC209FE5010076E30250A0010510A0E124
S31580E22120022BA0E30700A0E152FFFFEB28309DE5FA
S31580E2213000308DE50610A0E10830A0E10B20A0E199
S31580E221400040A0E1000087E0B7FFFFEB74109FE557
S31580E221500500A0E10620A0E357F5FFEB28309DE5D8
S31580E221601C4084E2031084E0000050E30E00001A73
S31580E2217054309FE50140A0E3006083E54C309FE563
S31580E22180005083E548309FE5001083E544309FE5C3
S31580E22190004083E5A078FFEB3C309FE5000083E5D5
S31580E221A05BF9FFEB0400A0E1020000EA00009AE599
S31580E221B01DFDFFEB0000A0E308D08DE2F08DBDE8C7
S31580E221C0286EE680B203E380FE6DE680FC4FE68011
S31580E221D05456E6800850E6800C50E6800050E68051
S31580E221E00030D1E5220053E3011081020120420250
S31580E221F0011041E2012042E2000052E3020000CAFD
S31580E222000030A0E30030C0E51EFF2FE10130F1E5AA
S31580E22210000053E322005313F8FFFF0A0130C0E4C3
S31580E22220F3FFFFEA000052E308402DE90100000ACD
S31580E22230020052E30200001A0C009FE58020A0E330
S31580E22240E6FFFFEB0000A0E30880BDE88C6EE68047
S31580E22250003CA0E107402DE9203C83E1FF2800E233
S31580E22260FF0C00E2000483E1222480E12204A0E163
S31580E22270FF0000E200008DE52238A0E1FF0002E2E5
S31580E2228004008DE5222CA0E10100A0E1FF3003E20B
S31580E2229008109FE5A9F8FFEB0CD08DE204F09DE4EF
S31580E222A08ADAE28008402DE9003050E20E00000A28
S31580E222B00030D3E5303043E2090053E330009F85B6
S31580E222C00400008A0010A0E30A20A0E30DF8FFEBE9
S31580E222D00008A0E12008A0E12034A0E1000483E127
S31580E222E00008A0E12008A0E10880BDE804009FE59F
S31580E222F00880BDE8FF0F00000FFF000008402DE9CF
S31580E22300E098FFEB0840BDE8E5FFFFEA38402DE9BB
S31580E22310C597FFEBA4409FE5003094E5000053E1CA
S31580E223200050A0E11C00000A94009FE5D598FFEBDF
S31580E22330AFF3FFEB8C309FE5000083E588009FE5F5
S31580E22340D098FFEBAAF3FFEB80309FE5000083E5B0
S31580E223507C009FE5CB98FFEBA5F3FFEB74309FE51E
S31580E22360000083E570009FE5C698FFEBA0F3FFEBE4
S31580E2237068309FE5000083E564009FE5DEFFFFEBC2
S31580E2238060309FE5B000C3E15C009FE5DAFFFFEBDA
S31580E2239058309FE5005084E5B000C3E150309FE5B8
S31580E223A0001093E5000051E33880BD0844009FE5C4
S31580E223B0101081E20620A0E33840BDE891F4FFEAFE
S31580E223C01C6EE680CC82E280306EE680A882E28075
S31580E223D0786EE680B282E280246EE680D382E28004
S31580E223E08056E68096DAE280B003E38097DAE2808E
S31580E223F0B803E3806856E6807856E6805C309FE5EF
S31580E22400002093E5000052E31300000A10402DE914
S31580E224100340A0E148309FE548209FE53F30C3E393
S31580E2242044009FE544109FE5003082E5063C83E266
S31580E224300020A0E3023180E7012082E2010052E13E
S31580E22440063C83E2FAFFFF1A6CF8FFEB1DFDFFEB19
S31580E224500030A0E3003084E51040BDE8AAFFFFEA41
S31580E22460AC03E380516FE680286EE6808C56E68088
S31580E22470DC050000F34D2DE9AC329FE5AC729FE5B9
S31580E22480AC629FE50120A0E30050A0E30040A0E11A
S31580E224909D00A0E3002083E5008099E5005087E572
S31580E224A0005086E5B1B1FFEBD3FFFFEB52FCFFEBC9
S31580E224B0CDFCFFEB0800A0E193FCFFEB00708DE51D
S31580E224C004608DE5050050E168829FA505A0A0A184
S31580E224D00F0000AA48FCFFEB830000EAB5F8FFEBA9
S31580E224E0003096E5000053E35900001A44329FE536
S31580E224F0003093E5020053E36100000A030053E3F0
S31580E225007800000A010053E34500001A00209DE5A9
S31580E22510003082E500A088E57BFFFFEB0D0054E307
S31580E2252004F19F97330000EAA025E280F825E28055
S31580E22530F825E2807825E280A025E2806025E280A7
S31580E22540F825E280F825E280A025E2808C25E280EB
S31580E22550F825E2808C25E2807825E280A025E2805B
S31580E22560D4319FE5003093E5000053E30600001A7C
S31580E22570C8019FE5190000EAC4319FE5003093E582
S31580E22580000053E3BC019F051400000AB8319FE5C1
S31580E22590003093E5000053E3B0019F050F00000A87
S31580E225A0AC019FE5AC119FE50620A0E342F4FFEB88
S31580E225B0000050E30F00001A05FBFFEB010070E319
S31580E225C00010A0E10400000A000050E30500001AB2
S31580E225D084019FE577A1FFEB040000EA7C019FE599
S31580E225E074A1FFEBBAFFFFEA74019FE57DA1FFEBE1
S31580E225F0CFFCFFEB080000EA04209DE50130A0E372
S31580E22600003082E55C319FE5030054E3005083E5C8
S31580E226103700001A0400A0E1630200EB48619FE5FF
S31580E2262048B19FE50EFCFFEB90A1FFEB007050E214
S31580E22630A9FFFF0A38319FE50020A0E3002083E569
S31580E22640A0FCFFEBECFBFFEB28019FE559A1FFEB3A
S31580E22650250000EA0700A0E16F77FFEB00309BE5FB
S31580E22660000063E010319FE5003093E5030050E11E
S31580E226709DFFFF9A003096E5007086E533FF2FE1F5
S31580E2268099FFFFEADC509FE58EFCFFEB001095E5B3
S31580E22690000051E30900000A0120A0E1DC009FE589
S31580E226A050A1FFEB001095E5D4009FE50097FFEB84
S31580E226B0D0309FE5D0009FE5001093E5FC96FFEBD6
S31580E226C0090054E30100000ACBFBFFEB030000EABA
S31580E226D0B8309FE50120A0E3003093E51C2083E536
S31580E226E0000095E50E0000EA76FCFFEB0000E0E3F1
S31580E226F00B0000EA050054E30100001A2C0000EB0F
S31580E22700C5FFFFEA000054E3C3FFFF1A80309FE56E
S31580E22710004083E530309FE5004083E5ACF9FFEB8E
S31580E22720BDFFFFEA08D08DE2F08DBDE8186EE68047
S31580E227308456E6800C6EE6808856E680949D098112
S31580E227409CDAE2808056E680BFDAE280306EE6800E
S31580E22750DEDAE2807856E680D154E2801ADBE280E5
S31580E22760FBDAE28038DBE2802C6EE680146EE6806D
S31580E22770106EE680FC4FE68058DBE280806EE68073
S31580E2278060DBE280CF65E28098F7E28083DBE280FD
S31580E227906856E6805856E68008402DE996FBFFEBC0
S31580E227A008309FE50320A0E3002083E50880BDE8AA
S31580E227B08856E680F8402DE934FCFFEBEC509FE545
S31580E227C0EC409FE50170A0E30010A0E1E4009FE504
S31580E227D004A1FFEBE0009FE5E0109FE5B5FCFFEB8F
S31580E227E0DC309FE5002095E5002083E5000094E556
S31580E227F0D0109FE5022BA0E39EFDFFEB004094E51F
S31580E22800C4309FE5001095E5002093E50050A0E3F3
S31580E22810004084E00060A0E10400A0E1E0FDFFEB7F
S31580E22820073BA0E3B230C4E10970C4E50400A0E14D
S31580E228300A10A0E3B3FCFFEB0830A0E31430C4E552
S31580E2284088309FE51550C4E5B020D3E1B651C4E1A6
S31580E22850071082E0B010C3E12234A0E1023483E1C2
S31580E22860BA31C4E1B851C4E10410A0E31C6086E247
S31580E228700000E0E1BA00C4E1140084E2A1FCFFEBCF
S31580E228804C309FE5006083E548309FE5007083E544
S31580E228900000E0E1B601C4E10500A0E1DE76FFEBEF
S31580E228A034309FE5000083E5F840BDE898F7FFEA1B
S31580E228B0949D0981286EE6808CDBE28010270000F9
S31580E228C09827E280FC4FE680FE6DE680306EE680F9
S31580E228D0989D09810850E6800C50E6800050E6809B
S31580E228E0F7452DE91430D1E50140A0E1000053E33C
S31580E228F02400000A080053E32D00001A0260A0E1DA
S31580E22900061080E2022BA0E30070A0E183FDFFEBDC
S31580E229100050A0E30C8084E20810A0E1BA50C4E142
S31580E22920B650C4E10420A0E300A0A0E1100084E256
S31580E2293034F3FFEB0420A0E30800A0E178109FE5E2
S31580E2294030F3FFEB0400A0E10A10A0E36DFCFFEB9D
S31580E22950141046E21450C4E5B651C4E1A110A0E1D8
S31580E229600000E0E1BA00C4E1140084E265FCFFEB1A
S31580E2297006108AE00000E0E1B601C4E10700A0E1CA
S31580E2298029FBFFEB0A0000EA0420A0E304008DE2C3
S31580E229900C1081E21BF3FFEB20309FE504209DE5DE
S31580E229A0003093E5030052E114309F050220A00334
S31580E229B0002083050CD08DE2F085BDE8306EE6809E
S31580E229C0949D09818856E68080319FE573402DE9A2
S31580E229D0006093E517FDFFEB74319FE5003093E5E8
S31580E229E0013043E21C0080E2005086E0060053E3B9
S31580E229F003F19F97490000EA142AE280B02AE28036
S31580E22A00D82AE280FC2AE280B02AE280B02AE280FA
S31580E22A10142AE280013CA0E3024085E2B03086E1FE
S31580E22A2030119FE50400A0E147F2FFEB24019FE528
S31580E22A307AF2FFEB20119FE5010080E2004084E01C
S31580E22A400400A0E140F2FFEB060084E20C119FE570
S31580E22A503DF2FFEB08319FE5FA1FA0E3000093E524
S31580E22A60600400EB0E4084E2F8109FE50020A0E1CE
S31580E22A700400A0E1B1F6FFEB0400A0E167F2FFEB10
S31580E22A80E4309FE50020A0E3B030D3E1DC109FE59F
S31580E22A9000208DE5010080E2004084E00400A0E1B0
S31580E22AA0A6F6FFEB000084E0000065E01C0000EA89
S31580E22AB0013BA0E3B03086E1B4309FE50400A0E3B9
S31580E22AC0003093E50338A0E1232CA0E1233482E1B0
S31580E22AD0B230C5E1120000EA053CA0E3B03086E1FF
S31580E22AE0033CA0E3B230C5E1040085E284109FE5B1
S31580E22AF015F2FFEB1300A0E3090000EA053CA0E330
S31580E22B00B03086E1023CA0E3B230C5E1040085E262
S31580E22B1064109FE50CF2FFEB1700A0E3000000EAE9
S31580E22B200000A0E354309FE500008DE5001093E5B8
S31580E22B304C309FE54C009FE5002093E548309FE5C9
S31580E22B40003093E562FDFFEB08D08DE27080BDE850
S31580E22B50286EE680B49D0981C99D09819DDBE2806C
S31580E22B6091DCE280C803E380CFD1E280C403E380D4
S31580E22B70A3DBE280A89D0981B1DBE280C0DBE28053
S31580E22B80B09D0981B89D09810C6FE680AC9D098173
S31580E22B9024239FE5F8452DE9002092E520609DE516
S31580E22BA0020051E1F885BD1810839FE5002098E583
S31580E22BB0010052E30500000A04139FE5062042E283
S31580E22BC0001091E5010053E101005213F885BD88BA
S31580E22BD0010056E3F885BD98B010D0E10370A0E11C
S31580E22BE02134A0E1011483E10118A0E12118A0E1DA
S31580E22BF0050051E30040A0E1025046E2022080E275
S31580E22C009200000A060051E30200000A030051E343
S31580E22C10F885BD18160000EA0530A0E3003088E5A5
S31580E22C209C329FE50260A0E1007083E594729FE5A5
S31580E22C30064060E2063084E0050053E10A00002A9D
S31580E22C4084129FE50600A0E1CEF1FFEB001050E290
S31580E22C500300001A080086E20A20A0E3A9F5FFEB4A
S31580E22C60B000C7E1016086E2F1FFFFEAF845BDE820
S31580E22C7054FFFFEA010055E3F885BD98B250D0E1F2
S31580E22C8048A29FE52534A0E1055483E10558A0E1F9
S31580E22C902558A0E1000055E300508AE50C00001AB1
S31580E22CA02C229FE5003092E5013083E2003082E516
S31580E22CB020229FE50C329FE5B010D3E1003092E509
S31580E22CC0013883E0003082E50C329FE5005083E5EF
S31580E22CD00E0000EA010045E20A10A0E3EB0300EBF6
S31580E22CE0000051E30200001A2300A0E3A59FFFEB58
S31580E22CF0060000EA0500A0E1E0119FE5E30300EBB0
S31580E22D00000051E30100001AD4019FE5A99FFFEB81
S31580E22D10003098E5052043E2010053E301005213B7
S31580E22D20C0219FE51000008A90319FE50210A0E362
S31580E22D30001083E588319FE594119FE5007083E575
S31580E22D400030A0E3003081E588119FE5003082E51E
S31580E22D50003081E500109AE5010051E30200000AA5
S31580E22D6084019FE59F9FFFEB510000EA00309AE5E0
S31580E22D70002092E5020053E1F885BD0864219FE5D3
S31580E22D8068119FE5003082E564319FE50A20A0E381
S31580E22D90002083E55C319FE528519FE5000093E5BD
S31580E22DA044FBFFEB24319FE528119FE5003093E554
S31580E22DB0000091E5B020D5E1013043E2920323E0C1
S31580E22DC034219FE5046046E2000092E5041084E245
S31580E22DD028419FE5000083E00620A0E1067083E0BB
S31580E22DE008F2FFEB003094E5070053E1007084358A
S31580E22DF0F4FEFFEBB030D5E1030056E1F885BD285D
S31580E22E00FC509FE5000095E58375FFEB000050E3FB
S31580E22E10000085E50900000AE8009FE5659FFFEB73
S31580E22E20001095E5000094E56E0300EBFA3FA0E31F
S31580E22E300010A0E3D0209FE5930000E003E7FFEBDC
S31580E22E40C8009FE55B9FFFEB0220A0E3130000EA48
S31580E22E50B220D0E1041084E22234A0E1022483E1AC
S31580E22E600228A0E12228A0E1A4009FE55D9FFFEB76
S31580E22E70B220D4E12234A0E1023483E10338A0E136
S31580E22E802338A0E1013043E2010053E30600008AE1
S31580E22E9080009FE5479FFFEBD7F9FFEB0320A0E396
S31580E22EA074309FE5002083E5F885BDE86C009FE5F8
S31580E22EB0409FFFEBF845BDE89DFAFFEAAC9D0981AC
S31580E22EC0B49D0981B89D0981CC03E380D3DBE2809E
S31580E22ED0A89D0981A49D09814C9E0981A09D0981B5
S31580E22EE08A0200001EDCE280509E0981DBDBE28002
S31580E22EF0242FE280BC03E380C803E38098F7E28074
S31580E22F002C6EE6809C9D09811ADCE2804EC1E280CD
S31580E22F1022DCE28029DCE28041DCE2808856E680BF
S31580E22F2009DCE28060209FE508402DE9003092E5E9
S31580E22F30013083E2003082E550209FE5002092E571
S31580E22F40020053E1040000DA44009FE544109FE565
S31580E22F50249FFFEB0840BDE875FAFFEA38009FE55B
S31580E22F60149FFFEB34309FE534109FE5000093E534
S31580E22F70D0FAFFEB2C309FE5003093E5060053E371
S31580E22F800880BD080840BDE88EFEFFEAA09D098163
S31580E22F90BC03E38052DCE28067DCE2807CDCE280B8
S31580E22FA0C803E380242FE280B49D0981F3412DE9B1
S31580E22FB090029FE5B395FFEB000050E30400000A20
S31580E22FC00010A0E30A20A0E31AF5FFEB78329FE532
S31580E22FD0B000C3E174029FE5AA95FFEB70629FE5BC
S31580E22FE0000050E30300000A0010A0E30A20A0E3F9
S31580E22FF010F5FFEB000086E5001096E5FA0F51E347
S31580E230000400002A4C029FE5F69EFFEB40329FE5E4
S31580E23010FA2FA0E3002083E53C529FE53C329FE510
S31580E230200070D5E538829FE5003093E5000057E3EE
S31580E23030003088E52C429FE51500001A28329FE58C
S31580E23040001093E52108A0E1FF2001E22134A0E10E
S31580E23050FF0000E2211CA0E100008DE504108DE571
S31580E23060FF3003E204129FE504029FE533F5FFEBAE
S31580E230700400A0E1F8119FE58020A0E3B8F0FFEB21
S31580E230800410A0E1EC019FE57F70C4E5D59EFFEBDD
S31580E23090130000EA0500A0E13A10A0E3D4F0FFEBCA
S31580E230A0007050E20500001A0400A0E10510A0E1DC
S31580E230B08020A0E3AAF0FFEB7F70C4E5080000EA77
S31580E230C00500A0E14AF0FFEB011087E28020A0E351
S31580E230D0000088E50400A0E1A1F0FFEB0030A0E368
S31580E230E07F30C4E578419FE57C519FE588119FE575
S31580E230F00530A0E184019FE50420A0E1B99EFFEBC3
S31580E231007C119FE5003091E5000053E30B00000A55
S31580E2311070319FE500C093E500005CE30700000A9A
S31580E23120000095E5003094E50C0000E00C3003E009
S31580E23130030050E10100000A4C019FE5A99EFFEBE6
S31580E231400A00A0E344419FE58E9EFFEB14119FE5C2
S31580E231503C019FE5A39EFFEBB010D4E1000051E372
S31580E231600700000A8114A0E128019FE59D9EFFEBFE
S31580E23170B000D4E120219FE58004A0E1C01FA0E158
S31580E2318032E6FFEB0A00A0E37E9EFFEB0C319FE581
S31580E231900C019FE5001093E5929EFFEB04019FE50B
S31580E231A0849EFFEB00319FE50120A0E30000A0E3CF
S31580E231B0002083E59874FFEBF0309FE5F0109FE501
S31580E231C00040A0E3000083E5E8309FE5000096E555
S31580E231D0002093E5E0309FE5002083E535FAFFEBBA
S31580E231E0D8009FE527FAFFEBD4309FE54520A0E3A0
S31580E231F0002083E5CC309FE50400A0E1004083E532
S31580E232008574FFEB031BA0E3A00200EBB8309FE5D9
S31580E232100620A0E3B4009FE5011B81E2001083E56E
S31580E23220AC309FE50410A0E1004083E5DEF0FFEBE1
S31580E23230A0309FE5022CA0E3B020C3E108D08DE266
S31580E23240F041BDE8DFFDFFEA7FDCE280C403E38094
S31580E232508DDCE280C803E38099DCE2808C6EE680D6
S31580E232608056E680B09D0981C99D0981306EE680EF
S31580E23270CFDCE280BC9D0981E4DCE2803DDDE28058
S31580E2328010DDE280786EE680246EE68042DDE280C2
S31580E23290FC6DE68061DDE28071DDE280A8DDE280C0
S31580E232A098F7E28088DDE2809DDDE280B49D098147
S31580E232B09C9D0981242FE280C003E380BC03E380E6
S31580E232C0902BE280B89D0981A09D0981AC9D098100
S31580E232D00C6FE680A89D0981CC03E38000FEDF8047
S31580E232E00EB0A0E10010A0E314009FE5001080E597
S31580E232F00010A0E30C009FE5001080E50BE0A0E162
S31580E233000EF0A0E11C0000082000000808402DE92C
S31580E233105F75FFEB0000A0E30880BDE8003099E529
S31580E2332008209FE5082083E50000A0E31EFF2FE149
S31580E233300001008010402DE90113A0E30201A0E321
S31580E233400940A0E184B2FFEB340084E50000A0E30B
S31580E233501080BDE80000A0E300109FE596CBFFEA6F
S31580E233600000302010402DE90020A0E30140A0E1DA
S31580E233703AF4FFEB002094E50030D2E54D0053E3CA
S31580E233800E00000A0400008A470053E30800000AA0
S31580E233904B0053E30C00000A1080BDE86B0053E358
S31580E233A00900000A6D0053E30400000A670053E354
S31580E233B01080BD180115A0E1201B81E10005A0E186
S31580E233C00115A0E1201B81E10005A0E1012082E256
S31580E233D00115A0E1201B81E1002084E50005A0E142
S31580E233E01080BDE80000A0E370402DE90010A0E166
S31580E233F0B0209FE50030A0E1F4C2FFEB004050E24E
S31580E234000500001A0410A0E10420A0E198009FE5DF
S31580E23410F49DFFEB0100A0E37080BDE80C6094E5CB
S31580E2342088509FE50600A0E1181094E5006085E5E6
S31580E23430EC0100EB083094E50020A0E3083085E556
S31580E2344002C0A0E10230A0E1B400C5E10008A0E13B
S31580E234502008A0E1000053E1080000AA031185E0FC
S31580E234600C2081E5181094E5012082E0021983E2BE
S31580E234700C1081E201C0C5E7013083E2F4FFFFEA86
S31580E234802C309FE5542094E5142083E5582094E57A
S31580E23490182083E5502094E5102083E50C4083E5EF
S31580E234A00600A0E17080BDE800B4C4040B8CE28023
S31580E234B0A49E0981A43E0A8108402DE90A0A80E297
S31580E234C001E0A0E114C090E50210A0E10C0090E5D5
S31580E234D00320A0E10E30A0E13CFF2FE1000050E3A3
S31580E234E00880BD0808009FE5BE9DFFEB0100A0E3D2
S31580E234F00880BDE856DEE280F04D2DE90920A0E3A2
S31580E2350038D04DE20140A0E1D4139FE528008DE555
S31580E23510A7EFFFEB008050E20300000AC4039FE5B9
S31580E23520B09DFFEB0180A0E3EA0000EA28009DE57A
S31580E235303A10A0E3AEEFFFEB000050E30200001A80
S31580E23540A4039FE5A79DFFEBE20000EA0030A0E33B
S31580E235500420A0E194739FE5F021CDE101B080E201
S31580E2356008A0A0E10130A0E300005BE30600001AB8
S31580E23570010053E30A80A011D600001A28109DE5C7
S31580E235806C039FE5979DFFEBD20000EA0020DBE526
S31580E23590000052E33B005213F4FFFF0A34B08DE59C
S31580E235A00030DBE52D0053E30500001A01C08BE213
S31580E235B00020E0E30030E0E334C08DE5F820CDE1A1
S31580E235C00F0000EA0B00A0E134108DE264FFFFEB0E
S31580E235D0F800CDE10020A0E10130A0E114039FE5EF
S31580E235E00010A0E3010053E1000052010400008ACA
S31580E235F004039FE500B0A0E37A9DFFEB0B40A0E1D8
S31580E236001E0000EA34009DE50030D0E5400053E339
S31580E236100500001A010080E238108DE2040021E5FF
S31580E236204FFFFFEBF801CDE1020000EA0020E0E384
S31580E236300030E0E3F821CDE134609DE50030D6E567
S31580E23640280053E31650A0130060A0131800001A56
S31580E23650016086E20600A0E12910A0E334608DE5F0
S31580E2366063EFFFEB000050E30040A0E134008DE51C
S31580E236700400001A84029FE55A9DFFEB04B0A0E1A4
S31580E236800150A0E35B0000EA005066E0015085E26B
S31580E23690010055E30140801234408D150400001A82
S31580E236A05C029FE50040A0E34E9DFFEB04B0A0E103
S31580E236B0500000EA4C129FE534009DE50220A0E32B
S31580E236C03BEFFFEB000050E334309D050030A01362
S31580E236D00230830234308D0534B09DE50130A0039B
S31580E236E00010DBE524308DE52C0051E30B00001A57
S31580E236F0D820CDE10010E0E3010053E10000E0E3F1
S31580E237000000520101B08B1234B08D151300001AFD
S31580E23710F4019FE5339DFFEB0040A0E3D6FFFFEA8D
S31580E237203B0051E3000051130140A0030040A01387
S31580E237300700001AD820CDE10010E0E30000E0E3C4
S31580E23740010053E100005201D021CD01F820CD01E4
S31580E23750020000EAB4019FE5229DFFEBC6FFFFEA85
S31580E23760202085E20200A0E12C208DE5049FFFEB7C
S31580E237702C209DE5004050E20200001A90019FE570
S31580E23780189DFFEBBDFFFFEA0010A0E386EFFFEB9B
S31580E23790D820CDE1200084E2F820C4E1D821CDE131
S31580E237A0000056E3F021C4E124309DE5183084E53B
S31580E237B0000084E50400000A0610A0E1012045E24B
S31580E237C0E7EEFFEB0030A0E3050000EAD821CDE189
S31580E237D040119FE5F020CDE1D820CDE157F3FFEB14
S31580E237E00130A0E30430C4E5003094E5053083E09F
S31580E237F00050A0E3015043E5000054E30150850305
S31580E23800010015E35CFFFF1AD021C4E10010E0E37A
S31580E238100000E0E3010053E1000052010750A0E11D
S31580E23820004087E50900001A00005AE30020A00361
S31580E238300030A0030400000A043017E5D800C3E193
S31580E23840D021C3E1002092E00130A3E0F021C4E17F
S31580E23850000094E5C0109FE50620A0E3D4EEFFEBDE
S31580E23860000050E30500001A101094E5AC009FE5D5
S31580E238708F92FFEBA8009FE5081094E58C92FFEB10
S31580E23880000094E59C109FE50320A0E3C8EEFFEBE1
S31580E23890000050E30500001A101094E588009FE5C9
S31580E238A08392FFEB84009FE5081094E58092FFEB1C
S31580E238B0003095E5D001CDE1D820C3E1047087E2FE
S31580E238C0020050E00310C1E0F001CDE101A08AE2FE
S31580E238D00030A0E323FFFFEA0800A0E138D08DE2C2
S31580E238E0F08DBDE8A0DFE280577FE280E37EE28072
S31580E238F0549E0981AADEE280FF0F00009F7CE2806F
S31580E23900C07CE280E67CE280FC7CE280FF7CE28036
S31580E23910307DE280637DE280727DE280847DE2803A
S31580E239208B7DE280997DE280A57DE280A97DE28041
S31580E23930B47DE280F8452DE968A09FE50050A0E1DC
S31580E239400160A0E10270A0E10380A0E10040A0E373
S31580E23950060054E10E00000A04319AE70510A0E160
S31580E23960000093E587EEFFEB000050E30600001AC5
S31580E2397030309FE5041193E7103091E5003087E51A
S31580E23980083091E5003088E5F885BDE8014084E2BB
S31580E23990EEFFFFEA0510A0E10C009FE5919CFFEBAC
S31580E239A00000E0E3F885BDE8549E0981C8DEE28046
S31580E239B0F34D2DE90380A0E180309FE500E0A0E1B0
S31580E239C00250A0E10040A0E30060A0E10070A0E325
S31580E239D0010054E11300000A04C193E7D0A1CCE1CF
S31580E239E007005BE106005A010C00001AD820CCE100
S31580E239F04C009FE5F060CDE100109CE5799CFFEB01
S31580E23A0038309FE50000A0E3043193E7102093E588
S31580E23A10083093E5002085E5003088E5050000EA78
S31580E23A20014084E2E9FFFFEA18009FE50E10A0E17B
S31580E23A306C9CFFEB0000E0E308D08DE2F08DBDE800
S31580E23A40549E0981DFDEE28003DFE2809C309FE5DF
S31580E23A5073402DE90050A0E3001093E50060A0E1F9
S31580E23A600D20A0E188009FE504308DE200508DE5CF
S31580E23A7004508DE5AEFFFFEB010070E30040A0E16C
S31580E23A800200001A6C009FE5569CFFEB140000EAE8
S31580E23A900500A0E10510A0E10530A0E158209FE5F0
S31580E23AA04AC1FFEB005050E250009F050600000A33
S31580E23AB050C095E506009DE80630A0E13CFF2FE187
S31580E23AC0004050E20400000A34009FE534109FE58E
S31580E23AD0449CFFEB0040E0E3010000EA0500A0E140
S31580E23AE0DBC2FFEB0400A0E108D08DE27080BDE886
S31580E23AF0500BE3801BDFE28020DFE28000B4C40467
S31580E23B0043DFE2805FDFE280F555E2809C309FE52D
S31580E23B1073402DE90050A0E3001093E50060A0E138
S31580E23B200D20A0E188009FE504308DE200508DE50E
S31580E23B3004508DE57EFFFFEB010070E30040A0E1DB
S31580E23B400200001A6C009FE5269CFFEB140000EA57
S31580E23B500500A0E10510A0E10530A0E158209FE52F
S31580E23B601AC1FFEB005050E250009F050600000AA2
S31580E23B7050C095E506009DE80630A0E13CFF2FE1C6
S31580E23B80004050E20400000A34009FE534109FE5CD
S31580E23B90149CFFEB0040E0E3010000EA0500A0E1AF
S31580E23BA0ABC2FFEB0400A0E108D08DE27080BDE8F5
S31580E23BB0500BE380A57DE28020DFE28000B4C4047E
S31580E23BC043DFE2805FDFE2809856E2800010A0E188
S31580E23BD008402DE908009FE5029CFFEB0000A0E388
S31580E23BE00880BDE8F1DFE280012051E21EFF2F016D
S31580E23BF02300003A010050E11A00009A020011E126
S31580E23C001B00000A113F6FE1102F6FE1022043E0B3
S31580E23C100130A0E31112A0E11332A0E10020A0E37B
S31580E23C20010050E10100402003208221A10050E101
S31580E23C30A1004020A3208221210150E121014020E0
S31580E23C4023218221A10150E1A1014020A3218221E9
S31580E23C50000050E32332B0112112A011EFFFFF1AC8
S31580E23C600200A0E11EFF2FE10100A0030000A013E5
S31580E23C701EFF2FE1112F6FE11F2062E23002A0E1E9
S31580E23C801EFF2FE1000050E30000E013630000EA2C
S31580E23C90000051E3FAFFFF0A03402DE9D1FFFFEB73
S31580E23CA00640BDE8920003E0031041E01EFF2FE1EB
S31580E23CB0000051E33000000A01C020E000106142BA
S31580E23CC0012051E21F00000A0030B0E1003060427C
S31580E23CD0010053E11E00009A020011E12000000A71
S31580E23CE0112F6FE1130F6FE1000042E00120A0E3A4
S31580E23CF01110A0E11220A0E10000A0E3010053E14F
S31580E23D000130432002008021A10053E1A13043200B
S31580E23D10A2008021210153E1213143202201802129
S31580E23D20A10153E1A1314320A2018021000053E3A6
S31580E23D302222B0112112A011EFFFFF1A00005CE3EC
S31580E23D40000060421EFF2FE100003CE1000060427D
S31580E23D501EFF2FE10000A033CC0FA00101008003FB
S31580E23D601EFF2FE1112F6FE11F2062E200005CE36C
S31580E23D703302A0E1000060421EFF2FE1000050E323
S31580E23D800201E0C30201A0B3240000EA000051E38D
S31580E23D90F9FFFF0A03402DE9C6FFFFEB0640BDE8C7
S31580E23DA0920003E0031041E01EFF2FE1203052E251
S31580E23DB020C062E23002A0413103A051110C804161
S31580E23DC03112A0E11EFF2FE1203052E220C062E2F2
S31580E23DD01112A0411013A051301C81411002A0E1C2
S31580E23DE01EFF2FE1000053E3000052030400001A95
S31580E23DF0000051E3000050030010E0130000E013DE
S31580E23E00060000EA08D04DE200602DE9160000EBDC
S31580E23E1004E09DE508D08DE20C00BDE81EFF2FE1AF
S31580E23E2002402DE90800A0E367FFFFEB0280BDE8D0
S31580E23E30F0412DE90280A0E10360A0E10040A0E12B
S31580E23E400150A0E1170000EB980103E0903623E0F1
S31580E23E50986087E0077083E018309DE5064054E07D
S31580E23E600750C5E0F040C3E1F081BDE8F8432DE9B3
S31580E23E700250A0E10340A0E10060A0E10170A0E170
S31580E23E805F0000EB20309DE5900404E0908589E0B8
S31580E23E90954124E0086056E0099084E00970C7E025
S31580E23EA0F060C3E1F883BDE8000051E3F84F2DE905
S31580E23EB003C0A0E102E0A0E10070A0A10160A0A1A0
S31580E23EC000A0A0A3040000AA000070E20010E1E2D4
S31580E23ED00070A0E10160A0E100A0E0E3000053E30E
S31580E23EE0040000AA002072E20030E3E20AA0E0E1E8
S31580E23EF002E0A0E103C0A0E106005CE107005E010A
S31580E23F000E00A0E10C10A0E10740A0E10650A0E17E
S31580E23F100000A0830010A0833400008A000051E3F1
S31580E23F20107F6F01117F6F1120708702000056E3C8
S31580E23F30143F6F0120308302163F6F11077063E0F2
S31580E23F400720A0E19FFFFFEB07B0A0E1010056E169
S31580E23F50000054010080A0E10190A0E10000A033BE
S31580E23F600010A0330500003A084054E00100A0E3C7
S31580E23F700010A0E30720A0E10950C6E091FFFFEB25
S31580E23F80000057E31900000AA990B0E16880A0E139
S31580E23F90090055E1080054010600003A084054E061
S31580E23FA00950C5E0044094E00550A5E0014094E262
S31580E23FB00050A5E2010000EA044094E00550A5E045
S31580E23FC0017057E2F1FFFF1A006094E00170A5E00C
S31580E23FD00B20A0E10400A0E10510A0E172FFFFEB57
S31580E23FE00B20A0E177FFFFEB000056E00110C7E06F
S31580E23FF000005AE3F88FBD08000070E20010E1E2AB
S31580E24000F88FBDE8010053E100005201F8432DE943
S31580E240100040A0E10150A0E13700008A000053E3AE
S31580E24020126F6F01136F6F1120608602000051E3F9
S31580E24030101F6F0120108102111F6F11066061E06F
S31580E240400200A0E10310A0E10620A0E15DFFFFEB04
S31580E240500670A0E1010055E1000054010080A0E174
S31580E240600190A0E10000A0330010A0330500003AE1
S31580E24070084054E00100A0E30010A0E30620A0E19E
S31580E240800950C5E04FFFFFEB000056E3F883BD0819
S31580E24090A990B0E16880A0E1090055E108005401E9
S31580E240A00600003A084054E00950C5E0044094E036
S31580E240B00550A5E0014094E20050A5E2010000EA45
S31580E240C0044094E00550A5E0016056E2F1FFFF1A54
S31580E240D0008094E00190A5E00720A0E10400A0E141
S31580E240E00510A0E130FFFFEB0720A0E135FFFFEBF3
S31580E240F0000058E00110C9E0F883BDE80000A0E3C3
S30D80E241000010A0E3F883BDE89C
S31580E241089060E2809860E2809F60E280A660E280CA
S31580E24118AD60E280B460E280BB60E280C260E28049
S31580E24128C960E280D060E280D760E280DF60E280C8
S31580E24138E760E280EF60E280F760E280FF60E2803B
S31580E241480761E2800F61E2801661E2801D61E280AA
S31580E241582461E2802B61E2803261E2803961E28029
S31580E241684061E2804761E2804E61E2805661E280A8
S31580E241785D61E2806561E2806D61E2807561E2801F
S31580E2418842A7E28057A7E2806AA7E2807AA7E2801E
S31580E2419884A7E28090A7E2809AA7E280BAA7E28023
S31580E241A86AD5E280042FE18000000000000000006A
S31580E241B8000000000000000000000000000000008F
S31580E241C800000000C018E08084D2E2808BD2E280D0
S31580E241D8A0D2E280B1D2E280C2D2E280D3D2E280B9
S31580E241E8E8D2E280FED2E28012D3E28026D3E2806F
S31580E241F83BD3E2804FD3E28062D3E28079D3E28016
S31580E242088CD3E280A5D3E280B8D3E280CCD3E280B5
S31580E24218DFD3E280F1D3E28006D4E2801BD4E28067
S31580E2422831D4E28046D4E2805AD4E28067D4E2800E
S31580E242387CD4E28090D4E280A5D4E280BAD4E280CB
S31580E24248CDD4E280DCD4E280F0D4E28004D5E28088
S31580E242581BD5E2802ED5E28042D5E28055D5E28032
S31580E242686ED5E28086D5E2809AD5E280A4D5E280D0
S31580E24278B9D5E280CED5E280E3D5E28000000000BF
S31580E24288963007772C610EEEBA51099919C46D07F3
S31580E242988FF46A7035A563E9A395649E3288DB0E4E
S31580E242A8A4B8DC791EE9D5E088D9D2972B4CB60931
S31580E242B8BD7CB17E072DB8E7911DBF906410B71D0E
S31580E242C8F220B06A4871B9F3DE41BE847DD4DA1A47
S31580E242D8EBE4DD6D51B5D4F4C785D38356986C1378
S31580E242E8C0A86B647AF962FDECC9658A4F5C0114F1
S31580E242F8D96C0663633D0FFAF50D088DC8206E3BCF
S31580E243085E10694CE44160D5727167A2D1E4033CE0
S31580E2431847D4044BFD850DD26BB50AA5FAA8B53507
S31580E243286C98B242D6C9BBDB40F9BCACE36CD832F6
S31580E24338755CDF45CF0DD6DC593DD1ABAC30D9269D
S31580E243483A00DE518051D7C81661D0BFB5F4B421A0
S31580E2435823C4B3569995BACF0FA5BDB89EB802289D
S31580E243680888055FB2D90CC624E90BB1877C6F2F22
S31580E24378114C6858AB1D61C13D2D66B69041DC761D
S31580E243880671DB01BC20D2982A10D5EF8985B171F6
S31580E243981FB5B606A5E4BF9F33D4B8E8A2C90778A5
S31580E243A834F9000F8EA8099618980EE1BB0D6A7F3C
S31580E243B82D3D6D08976C6491015C63E6F4516B6BF5
S31580E243C862616C1CD83065854E0062F2ED95066CAA
S31580E243D87BA5011BC1F4088257C40FF5C6D9B0651F
S31580E243E850E9B712EAB8BE8B7C88B9FCDF1DDD627C
S31580E243F8492DDA15F37CD38C654CD4FB5861B24DE2
S31580E24408CE51B53A7400BCA3E230BBD441A5DF4AAB
S31580E24418D795D83D6DC4D1A4FBF4D6D36AE969436E
S31580E24428FCD96E34468867ADD0B860DA732D044419
S31580E24438E51D03335F4C0AAAC97C0DDD3C71055044
S31580E24448AA41022710100BBE86200CC925B56857EB
S31580E24458B3856F2009D466B99FE461CE0EF9DE5E34
S31580E2446898C9D9292298D0B0B4A8D7C7173DB359E5
S31580E24478810DB42E3B5CBDB7AD6CBAC02083B8ED76
S31580E24488B6B3BF9A0CE2B6039AD2B1743947D5EA83
S31580E24498AF77D29D1526DB048316DC73120B63E3B2
S31580E244A8843B64943E6A6D0DA85A6A7A0BCF0EE411
S31580E244B89DFF099327AE000AB19E077D44930FF0CC
S31580E244C8D2A3088768F2011EFEC206695D5762F7C3
S31580E244D8CB67658071366C19E7066B6E761BD4FE00
S31580E244E8E02BD3895A7ADA10CC4ADD676FDFB9F9DD
S31580E244F8F9EFBE8E43BEB717D58EB060E8A3D6D69F
S31580E245087E93D1A1C4C2D83852F2DF4FF167BBD1CC
S31580E245186757BCA6DD06B53F4B36B248DA2B0DD8CF
S31580E245284C1B0AAFF64A0336607A0441C3EF60DF72
S31580E2453855DF67A8EF8E6E3179BE69468CB361CB5B
S31580E245481A8366BCA0D26F2536E2685295770CCC80
S31580E2455803470BBBB91602222F260555BE3BBAC5C1
S31580E24568280BBDB2925AB42B046AB35CA7FFD7C2B2
S31580E2457831CFD0B58B9ED92C1DAEDE5BB0C2649BA3
S31580E2458826F263EC9CA36A750A936D02A906099CD6
S31580E245983F360EEB8567077213570005824ABF9549
S31580E245A8147AB8E2AE2BB17B381BB60C9B8ED292CC
S31580E245B80DBED5E5B7EFDC7C21DFDB0BD4D2D38623
S31580E245C842E2D4F1F8B3DD686E83DA1FCD16BE8196
S31580E245D85B26B9F6E177B06F7747B718E65A088867
S31580E245E8706A0FFFCA3B06665C0B0111FF9E658FF8
S31580E245F869AE62F8D3FF6B6145CF6C1678E20AA0A2
S31580E24608EED20DD75483044EC2B30339612667A727
S31580E24618F71660D04D476949DB776E3E4A6AD1AE76
S31580E24628DC5AD6D9660BDF40F03BD83753AEBCA905
S31580E24638C59EBBDE7FCFB247E9FFB5301CF2BDBD72
S31580E246488AC2BACA3093B353A6A3B4240536D0BA7B
S31580E246589306D7CD2957DE54BF67D9232E7A66B318
S31580E24668B84A61C4021B685D942B6F2A37BE0BB4C5
S31580E24678A18E0CC31BDF055A8DEF022D00000000C8
S31580E246883800000028000000480000000200000010
S31580E2469801000000000000000000000000010000A8
S31580E246A8000200000000000002D1E28013D1E2801D
S31580E246B822D1E28032D1E28044D1E2800000000059
S31580E246C854D1E28065D1E28077D1E28088D1E280F6
S31580E246D89BD1E280B0D1E280000017200400172047
S31580E246E80800172014001720180017201C0017202E
S31580E246F80000122000801220FDB7E28001661F00CA
S31580E2470800000000008000000400000002000000B3
S31580E247180000000007B8E28004661F00000000007F
S31580E24728000001000800000002000000000000000E
S31580E2473811B8E28001441F00000000000000010079
S31580E247480800000002000000000000001CB8E280B9
S31580E2475800481F0000000000000001008000000001
S31580E24768020000000000000026B8E28000041F0074
S31580E2477800000000000001000800000002000000BE
S31580E24788000000002FB8E28001451F00000000000B
S31580E247980000010010000000020000000000000096
S31580E247A83AB8E28001461F000000000000000100DE
S31580E247B820000000020000000000000045B8E28008
S31580E247C801471F00000000000000010040000000D1
S31580E247D802000000000000004FB8E2801620C20006
S31580E247E800000000000001004000000022000000F6
S31580E247F8000000005AB8E2801720C20000000000DC
S31580E248080000010080000000A2080000000000000D
S31580E2481862B8E2801820C2000000000000000100B1
S31580E2482800010000A2080000000000006BB8E280E8
S31580E248381826C20000000000000001000001000006
S31580E24848220000000000000077B8E2801202010030
S31580E2485800000000000001000800000002000000DD
S31580E248680000000081B8E280130201000000000027
S31580E2487800000100100000000200000000000000B5
S31580E248888BB8E280140201000000000000000100FB
S31580E2489820000000020000000000000095B8E280D7
S31580E248A8150201000000000000000100400000003F
S31580E248B802000000000000009FB8E28016020100B4
S31580E248C800000000000001008000000002000000F5
S31580E248D800000000A9B8E280182001000003000069
S31580E248E80000040040000000020000000000000012
S31580E248F8B4B8E2801820010001030000000001003C
S31580E24908000100000200000000000000BFB8E2805B
S31580E2491818200100004D000000000400400000005D
S31580E249280200000000000000CAB8E28018200100F8
S31580E24938014D0000000001000001000002000000B5
S31580E2494800000000D5B8E2808D25BF000000000097
S31580E2495800000100080000000200000000000000DC
S31580E24968E1B8E2808E25BF00000000000000010069
S31580E24978100000000200000000000000EDB8E280AE
S31580E249884125BF0000000000000001002000000071
S31580E249980200000000000000F9B8E2804A25BF0064
S31580E249A80000000000000100400000000200000054
S31580E249B80000000005B9E2800125BF000000000082
S31580E249C80000010001000000020000000000000073
S31580E249D810B9E2800225BF00000000000000010055
S31580E249E80200000002000000000000001BB9E2801D
S31580E249F80325BF000000000000000100040000005B
S31580E24A08020000000000000026B9E2800425BF000B
S31580E24A18000000000000010008000000020000001B
S31580E24A280000000031B9E28010202000000000007A
S31580E24A380080000002000000020000000000000082
S31580E24A4838B9E280112020000000000000800000D2
S31580E24A580400000002000000000000003FB9E28086
S31580E24A68122020000000000000000100040000007F
S31580E24A78020000000000000046B9E2801320200010
S31580E24A8800000000000001000800000002000000AB
S31580E24A98000000004DB9E28000000000000000003E
S31580E24AA80000010010000000020000000000000083
S31580E24AB854B9E280152020000000000000000100C1
S31580E24AC82000000002000000000000005BB9E280DE
S31580E24AD816202000000000000000010040000000CF
S31580E24AE8020000000000000062B9E2801720200080
S31580E24AF800000000000001008000000002000000C3
S31580E24B080000000069B9E280182020000000000059
S31580E24B1800000400400000000200000000000000DF
S31580E24B2871B9E28011402000000000000000010017
S31580E24B3802000000020000000000000079B9E2806D
S31580E24B481440200000000000000001001000000070
S31580E24B58020000000000000081B9E28015402000D2
S31580E24B6800000000000001002000000002000000B2
S31580E24B780000000089B9E28014802000000000006D
S31580E24B8800000100100000000200000000000000A2
S31580E24B9891B9E28015802000000000000000010043
S31580E24BA820000000020000000000000099B9E280BF
S31580E24BB81130EF0000000000000001000200000052
S31580E24BC80200000000000000A0B9E2801230EF0087
S31580E24BD8000000000000010004000000020000005E
S31580E24BE800000000A7B9E2801330EF000000000061
S31580E24BF8000001000800000002000000000000003A
S31580E24C08AEB9E2801430EF00000000000000010037
S31580E24C18100000000200000000000000B5B9E28042
S31580E24C281530EF00000000000000010020000000BF
S31580E24C380200000000000000BCB9E2801630EF00F6
S31580E24C4800000000000001004000000002000000B1
S31580E24C5800000000C3B9E2801730EF0000000000D0
S31580E24C680000010080000000020000000000000051
S31580E24C78CAB9E2801740EF00000000000000010098
S31580E24C8880000000A218000000000000D3B9E2808C
S31580E24C981640EF00000000000000010080000000DE
S31580E24CA8A238000000000000DCB9E2801840EF007C
S31580E24CB8000000000000010000010000A2180000C8
S31580E24CC800000000E4B9E2801740C8000000000056
S31580E24CD80000010080000000821800000000000049
S31580E24CE8EDB9E2801740C80000000000000001002C
S31580E24CF8800000008238000053000000F6B9E280A6
S31580E24D081840C80000000000000001000001000011
S31580E24D188218000000000000FFB9E2801940EF0027
S31580E24D2800000000000001000002000002B000005E
S31580E24D380000000008BAE2801940C80000000000BE
S31580E24D48000001000002000082B8000000000000B6
S31580E24D5811BAE2801770200000000000000001000E
S31580E24D6880000000F2180200000000001BBAE28010
S31580E24D781870200000000000000001000001000019
S31580E24D88F21802000000000026BAE28017701C00C2
S31580E24D98000000000000010080000000F218020016
S31580E24DA8000000002FBAE2801740200000000000D1
S31580E24DB80000010080000000A21800000000000048
S31580E24DC839BAE280184020000000000000000100A5
S31580E24DD800010000A21800000000000044BAE28048
S31580E24DE81740680000000000000001008000000013
S31580E24DF8F21800000000000051BAE280184068000C
S31580E24E08000000000000010000010000F218000026
S31580E24E18000000005FBAE2801740A10000000000AF
S31580E24E280000010080000000F21800000000000087
S31580E24E3867BAE2801840A100000000000000010085
S31580E24E4800010000F21800000000000070BAE2805B
S31580E24E581732F80000000000000001008000000020
S31580E24E68F2180000000000007CBAE28016405E007C
S31580E24E78000000000000010040000000F218000077
S31580E24E880000000085BAE28017405E00000000005C
S31580E24E980000010080000000F21800000000000017
S31580E24EA88EBAE28018405E00000000000000010031
S31580E24EB800010000F21800000000000098BAE280C3
S31580E24EC817400B000000000000000100800000008F
S31580E24ED8F218000000000000A1BAE28018400B0038
S31580E24EE8000000000000010000010000F218000046
S31580E24EF800000000ABBAE2801722520000000000F0
S31580E24F0800000100800000008238000000000000F6
S31580E24F18B6BAE280182152000000000000000100C3
S31580E24F28000100008238000000000000C2BAE28078
S31580E24F3816701C000000000000000100400000001E
S31580E24F480200000000000000A077E2805B92E28027
S31580E24F589A77E2809577E280000000000000000000
S31580E24F6848A4E2800100000055A4E2805BA4E280C6
S31580E24F780200000061A4E28065A4E28003000000EA
S31580E24F886FA4E28069A4E2800400000073A4E28050
S31580E24F9878A4E2800C0000007DA4E28082A4E2800C
S31580E24FA80E00000087A4E28092A4E2800500000059
S31580E24FB89DA4E280A2A4E28006000000A7A4E28083
S31580E24FC8AEA4E2800F000000BAA4E280C0A4E28028
S31580E24FD807000000C8A4E280D0A4E28007000000AF
S31580E24FE8D8A4E280D0A4E28008000000DCA4E280B3
S31580E24FF8E1A4E28009000000FD97E280EAA4E2806B
S31580E250080A000000F1A4E280F7A4E2800B00000027
S31580E25018FDA4E28005A5E2801000000012A5E280E8
S31580E250281BA5E2801100000024A5E2802AA5E28081
S31580E250381400000030A5E28036A5E2801500000063
S31580E250483CA5E28041A5E280130000004FA5E280FC
S31580E2505857A5E280FFFFFFFFA8DDE280A8DDE280B8
S31580E2506800000000D2A1E280D7A1E280020000001F
S31580E25078E4A1E280EAA1E28001000000FBA1E280ED
S31580E2508800A2E2800300000010A2E28015A2E2807C
S31580E250980400000025A2E28029A2E280FFFFFFFF4A
S31580E250A8A8DDE280A8DDE2800000000000000000C2
S31580E250B8EFA3E28005000000FAA3E28000A4E28082
S31580E250C80200000006A4E2800DA4E2801600000039
S31580E250D814A4E28018A4E2801700000021A4E280EA
S31580E250E827A4E280120000002EA4E28034A4E280A3
S31580E250F8110000003AA4E28041A4E280FFFFFFFFAC
S31580E25108A8DDE280A8DDE2800D00000038A2E28018
S31580E2511841A2E28007000000008CE28053A2E2808E
S31580E251280500000064A2E2806DA2E2800800000029
S31580E2513876A2E2807EA2E280020000008FA2E2806E
S31580E2514896A2E2800E000000A3A2E280B1A2E280EB
S31580E2515809000000D0A2E280D9A2E2800A0000001B
S31580E25168EDA2E280F6A2E2800000000000000000E4
S31580E2517810A3E280040000001EA3E28024A3E2805A
S31580E251880C00000035A3E2803FA3E2800F00000016
S31580E2519856A3E2805FA3E280030000006366E280B2
S31580E251A878A3E2800600000086A3E2808DA3E280EF
S31580E251B80100000094A3E2809FA3E2800B00000036
S31580E251C8B2A3E280BBA3E28010000000CDA3E28016
S31580E251D8D6A3E280FFFFFFFFA8DDE280A8DDE280BA
S31580E251E80800000004000000010000000000211011
S31580E251F8422063308440A550C660E77008812991D1
S31580E252084AA16BB18CC1ADD1CEE1EFF13112100278
S31580E2521873325222B5529442F772D6623993188320
S31580E252287BB35AA3BDD39CC3FFF3DEE36224433444
S31580E2523820040114E664C774A44485546AA54BB570
S31580E2524828850995EEE5CFF5ACC58DD55336722618
S31580E2525811163006D776F6669556B4465BB77AA7C0
S31580E2526819973887DFF7FEE79DD7BCC7C448E55864
S31580E252788668A7784008611802282338CCC9EDD910
S31580E252888EE9AFF9488969990AA92BB9F55AD44AB8
S31580E25298B77A966A711A500A333A122AFDDBDCCB60
S31580E252A8BFFB9EEB799B588B3BBB1AABA66C877C84
S31580E252B8E44CC55C222C033C600C411CAEED8FFDB0
S31580E252C8ECCDCDDD2AAD0BBD688D499D977EB66E58
S31580E252D8D55EF44E133E322E511E700E9FFFBEEF00
S31580E252E8DDDFFCCF1BBF3AAF599F788F8891A981C2
S31580E252F8CAB1EBA10CD12DC14EF16FE18010A100AC
S31580E25308C230E3200450254046706760B98398939B
S31580E25318FBA3DAB33DC31CD37FE35EF3B1029012FB
S31580E25328F322D2323542145277625672EAB5CBA567
S31580E25338A89589856EF54FE52CD50DC5E234C3244B
S31580E25348A01481046674476424540544DBA7FAB73B
S31580E253589987B8975FE77EF71DC73CD7D326F2369B
S31580E253689106B01657667676154634564CD96DC987
S31580E253780EF92FE9C899E9898AB9ABA944586548EB
S31580E2538806782768C018E1088238A3287DCB5CDBDB
S31580E253983FEB1EFBF98BD89BBBAB9ABB754A545A3B
S31580E253A8376A167AF10AD01AB32A923A2EFD0FEDA7
S31580E253B86CDD4DCDAABD8BADE89DC98D267C076C8B
S31580E253C8645C454CA23C832CE01CC10C1FEF3EFF7B
S31580E253D85DCF7CDF9BAFBABFD98FF89F176E367EDB
S31580E253E8554E745E932EB23ED10EF01E6D74647085
S31580E253F8617274733D6D746470617274733D7370B7
S31580E2540869302E303A3232304B4030783028554245
S31580E254184F4F54292C344B4030783337303030284C
S31580E25428454E56292C344B40307833383030302844
S31580E25438454E56424B292C36344B403078333930F8
S31580E25448303028445442292C313630304B4030783B
S31580E254583439303030284B45524E454C292C33303E
S31580E25468304B403078314439303030284C4F474FD2
S31580E25478292C313936304B4030783232343030303C
S31580E2548828524F4F544653292C3330304B4030788C
S31580E2549834304530303028434F4E464947292C33FD
S31580E254A83734304B403078343539303030284150D3
S31580E254B8502900005A0001E00000000000557BB543
S31580E254C87DF70000000000000000000000000000F8
S31580E254D801FFFFFFFFFFFFFFFFFF04FFFFFFFFFF65
S31580E254E8FFFEFFFFFF02616B33395F736F66745F9E
S31580E254F87265736574006664745F66697875705FF1
S31580E255086D656D6F72795F62616E6B73006E6574DD
S31580E25518626F6F745F636F6D6D6F6E00646F5F6DE0
S31580E25528656D5F6D770073617665656E7600736526
S31580E25538745F64656661756C745F656E7600656EC8
S31580E25548765F696D706F7274006D6F645F6D656D9D
S31580E2555800646F5F6D6D636F707300646F5F656E15
S31580E25568765F6578706F727400646F5F656E765F7A
S31580E25578696D706F727400616B5F7370695F777261
S31580E255886974655F696E7465726E616C00616B5F82
S31580E255987370695F726561645F696E7465726E6104
S31580E255A86C00726561645F656E76626B5F73706567
S31580E255B86300616B5F7370695F7772697465006DAA
S31580E255C86D635F73746172745F696E697400736424
S31580E255D85F6C6F676F5F757067726164655F6669D6
S31580E255E86C655F7061727474696F6E7300726561FF
S31580E255F8645F6C6F676F5F646174610073645F7523
S31580E256087067726164655F66696C655F70617274A2
S31580E2561874696F6E7300696D6167655F73657475CA
S31580E25628705F6C69626664740070617274697469C9
S31580E256386F6E5F737472696E675F706172736500AD
S31580E25648706172746974696F6E735F6D7464706128
S31580E256587274735F70617273650075706772616484
S31580E25668655F706172746974696F6E735F75706411
S31580E2567861746500646F5F73645F75706772616495
S31580E2568865006D746470617274735F696E697400C3
S31580E25698726561645F6474625F6461746100616BA0
S31580E256A85F6D6D635F73645F73797374656D5F63F2
S31580E256B86C6B00616B5F6D6D635F626F6172645F75
S31580E256C8696E697400616B5F6D6D635F7265616453
S31580E256D85F6461746100616B5F6D6D635F77726948
S31580E256E874655F6461746100616B5F6D6D635F733E
S31580E256F865745F696F7300676D61635F7068795F10
S31580E257086770696F5F726573657400676D61635F01
S31580E257187068795F696E697400736D635F696E69D3
S31580E257287400080808080808080808282828282885
S31580E257380808080808080808080808080808080879
S31580E257480808A01010101010101010101010101069
S31580E257581010040404040404040404041010101051
S31580E25768101010414141414141010101010101010C
S31580E25778010101010101010101010101011010107C
S31580E2578810101042424242424202020202020202DF
S31580E25798020202020202020202020202021010104F
S31580E257A81008000000000000000000000000000071
S31580E257B80000000000000000000000000000000079
S31580E257C80000A010101010101010101010101010F9
S31580E257D81010101010101010101010101010101059
S31580E257E8101001010101010101010101010101011B
S31580E257F8010101010101010101100101010101011A
S31580E258080102020202020202020202020202020209
S31580E2581802020202020202020210020202020202EA
S31580E258280202626F6F74617267733D636F6E736F44
S31580E258386C653D74747953414B302C313135323055
S31580E25848306E3820726F6F743D2F6465762F6D7473
S31580E2585864626C6F636B3420726F6F74667374798B
S31580E2586870653D7961666666733220696E69743DF4
S31580E258782F7362696E2F696E6974206D656D3D3628
S31580E25888344D206D656D73697A653D36344D0062B7
S31580E258986F6F7464656C61793D31006261756472BB
S31580E258A86174653D313135323030006970616464E6
S31580E258B8723D3139322E3136382E312E39390073EE
S31580E258C8657276657269703D3139322E3136382E97
S31580E258D8312E31006E65746D61736B3D3235352ECE
S31580E258E83235352E3235352E30006D656D3D6D6536
S31580E258F86D3D36344D006D656D73697A653D6D65CE
S31580E259086D73697A653D36344D006D74645F726F86
S31580E259186F743D2F6465762F6D7464626C6F636B0A
S31580E259283600726F6F746673747970653D737175DC
S31580E2593861736866730073665F687A3D38303030C3
S31580E259483030303000666474636F6E74726F6C6187
S31580E259586464723D30783831333030303030006DBF
S31580E25968746470617274733D6D7464706172747319
S31580E259783D737069302E303A3232304B403078306F
S31580E259882855424F4F54292C344B403078333730A0
S31580E25998303028454E56292C344B403078333830CF
S31580E259A8303028454E56424B292C36344B40307897
S31580E259B8333930303028445442292C313630304B12
S31580E259C84030783439303030284B45524E454C2970
S31580E259D82C3330304B403078314439303030284CB3
S31580E259E84F474F292C313936304B40307832323472
S31580E259F830303028524F4F544653292C3330304B6F
S31580E25A0840307834304530303028434F4E46494727
S31580E25A18292C333734304B4030783435393030308E
S31580E25A28284150502900615F75626F6F745F666CBA
S31580E25A386167733D307830006B65726E656C5F6F57
S31580E25A4866667365743D3078306B65726E656C5FD9
S31580E25A58616464723D307830006B65726E656C5F46
S31580E25A6873697A653D307830006474625F6F666622
S31580E25A787365743D307830006474625F73697A6501
S31580E25A883D307830006474625F616464723D307878
S31580E25A9830006C6F6164616464723D3078383030AE
S31580E25AA83038303030006664745F686967683D30E4
S31580E25AB878464646464646464600636F6E736F6C40
S31580E25AC8653D74747953414B302C313135323030FF
S31580E25AD86E3800657468616464723D30303A353593
S31580E25AE83A37623A62353A37643A663700696E69B6
S31580E25AF8743D2F7362696E2F696E697400626F6F87
S31580E25B0874617267733D636F6E736F6C653D7474AF
S31580E25B187953414B302C3131353230306E38207200
S31580E25B286F6F743D247B6D74645F726F6F747D20D2
S31580E25B38726F6F746673747970653D247B726F6F6A
S31580E25B48746673747970657D20696E69743D247BA9
S31580E25B58696E69747D2000726561645F6B65726ED9
S31580E25B68656C3D73662070726F626520303A3020CC
S31580E25B78247B73665F687A7D20303B207366207269
S31580E25B8865616420247B6C6F6164616464727D20E4
S31580E25B98247B6B65726E656C5F6F66667365747D12
S31580E25BA820247B6B65726E656C5F73697A657D00AE
S31580E25BB8726561645F6474623D73662070726F6257
S31580E25BC86520303A3020247B73665F687A7D2030A0
S31580E25BD83B207366207265616420247B6664746305
S31580E25BE86F6E74726F6C616464727D20247B6474F8
S31580E25BF8625F616464727D20247B6474625F736928
S31580E25C087A657D3B666474206164647220247B666F
S31580E25C186474636F6E74726F6C616464727D0062C1
S31580E25C286F6F745F6E6F726D616C3D656E762073B1
S31580E25C38657420626F6F746172677320636F6E73C7
S31580E25C486F6C653D74747953414B302C3131353202
S31580E25C5830306E3820726F6F743D247B6D74645F6A
S31580E25C68726F6F747D20726F6F7466737479706504
S31580E25C783D247B726F6F746673747970657D206973
S31580E25C886E69743D247B696E69747D20247B6D74AC
S31580E25C986470617274737D20247B6D656D7D2024CA
S31580E25CA87B6D656D73697A657D3B2072756E207250
S31580E25CB86561645F6B65726E656C3B20626F6F745B
S31580E25CC86D20247B6C6F6164616464727D202D2013
S31580E25CD8247B666474636F6E74726F6C61646472DB
S31580E25CE87D00626F6F74636D643D72756E20626F5C
S31580E25CF86F745F6E6F726D616C007672616D3D3145
S31580E25D08324D0000002C20003031323334353637BC
S31580E25D18383941424344454661726F630073647819
S31580E25D2862696D00082008003031323334353637FF
S31580E25D38383961626364656600455054474D4B4223
S31580E25D4855473A206661696C7572652061742025CB
S31580E25D58733A25642F25732829210A00616B5F6DC2
S31580E25D686F64756C655F72657365742E6300425500
S31580E25D7847210064656661756C745F697372282968
S31580E25D883A202063616C6C656420666F72204952A2
S31580E25D98512025642C20496E746572727570742060
S31580E25DA85374617475732050520A000A0A25730A7D
S31580E25DB80A006261756472617465004452414D3AC3
S31580E25DC82020006C6F61642D656E7669726F6E6DE8
S31580E25DD8656E74002A2A2A206661696C6564202ABF
S31580E25DE82A2A0A006C6F6164207365745F6465664B
S31580E25DF861756C745F656E760A006D746470617243
S31580E25E08747300666474636F6E74726F6C616464D3
S31580E25E187200726561645F6474625F646174612052
S31580E25E286572726F722E67642D3E6664745F626C09
S31580E25E386F623A307825780A004E65743A202020D7
S31580E25E48002866616B652072756E20666F722074B3
S31580E25E58726163696E6729006D616368696400557A
S31580E25E6873696E67206D6163686964203078256C32
S31580E25E78782066726F6D20656E7669726F6E6D6573
S31580E25E886E740A000A5374617274696E67206B6570
S31580E25E98726E656C202E2E2E25730A0A00626F6F4B
S31580E25EA87461726773007573696E673A2046445403
S31580E25EB80A00464454206372656174696F6E20668F
S31580E25EC861696C6564212068616E67696E672E2EEA
S31580E25ED82E00526573657474696E67204350552047
S31580E25EE82E2E2E0A006F6666007063203A205B3C8F
S31580E25EF82530386C783E5D092020206C72203A2065
S31580E25F085B3C2530386C783E5D0A7370203A2025F2
S31580E25F1830386C7820206970203A202530386C78C1
S31580E25F2809206670203A202530386C780A0072316A
S31580E25F38303A202530386C7820207239203A20256C
S31580E25F4830386C7809207238203A202530386C78D7
S31580E25F580A007237203A202530386C78202072364B
S31580E25F68203A202530386C7809207235203A202567
S31580E25F7830386C7820207234203A202530386C7894
S31580E25F880A007233203A202530386C782020723223
S31580E25F98203A202530386C7809207231203A20253B
S31580E25FA830386C7820207230203A202530386C7868
S31580E25FB80A00466C6167733A202563256325632563
S31580E25FC86300202049525173202573202046495187
S31580E25FD87320257320204D6F646520257325730A07
S31580E25FE800756E646566696E656420696E7374723F
S31580E25FF8756374696F6E0A00736F6674776172652A
S31580E2600820696E746572727570740A00707265665C
S31580E26018657463682061626F72740A006461746190
S31580E260282061626F72740A0A202020204D4159420B
S31580E260384520796F752073686F756C642072656127
S31580E260486420646F632F524541444D452E61726DDB
S31580E260582D756E616C69676E65642D6163636573C0
S31580E260687365730A0A006E6F7420757365640A0035
S31580E260786661737420696E74657272757074207263
S31580E260886571756573740A00555345525F323600F9
S31580E260984649515F3236004952515F32360053568D
S31580E260A8435F323600554B345F323600554B355FA7
S31580E260B8323600554B365F323600554B375F3236CD
S31580E260C800554B385F323600554B395F32360055CC
S31580E260D84B31305F323600554B31315F32360055BF
S31580E260E84B31325F323600554B31335F32360055AB
S31580E260F84B31345F323600554B31355F3236005597
S31580E261085345525F3332004649515F333200495232
S31580E26118515F3332005356435F333200554B345F17
S31580E26128333200554B355F333200554B365F333267
S31580E26138004142545F333200554B385F3332005563
S31580E261484B395F333200554B31305F333200554E2F
S31580E26158445F333200554B31325F333200554B312F
S31580E26168335F333200554B31345F33320053595300
S31580E261785F333200726573657474696E67202E2E9A
S31580E261882E0A002323205374617274696E67206134
S31580E2619870706C69636174696F6E2061742030789F
S31580E261A82530386C58202E2E2E0A00232320417063
S31580E261B8706C69636174696F6E207465726D696EFD
S31580E261C8617465642C207263203D203078256C5892
S31580E261D80A00726573657400506572666F726D2027
S31580E261E85245534554206F6620746865204350555E
S31580E261F800676F007374617274206170706C696392
S31580E262086174696F6E206174206164647265737308
S31580E26218202761646472270061646472205B61721C
S31580E2622867202E2E2E5D0A202020202D2073746171
S31580E262387274206170706C69636174696F6E2061D3
S31580E26248742061646472657373202761646472275B
S31580E262580A20202020202070617373696E672027C8
S31580E262686172672720617320617267756D656E74E6
S31580E26278730076657269667900232320426F6F74AC
S31580E26288696E67206B65726E656C2066726F6D20CB
S31580E262984C656761637920496D6167652061742021
S31580E262A82530386C78202E2E2E0A00426164204DE5
S31580E262B861676963204E756D6265720A0042616440
S31580E262C82048656164657220436865636B73756DA2
S31580E262D80A00202020566572696679696E672043CE
S31580E262E86865636B73756D202E2E2E20004261647D
S31580E262F82044617461204352430A00556E73757077
S31580E26308706F7274656420417263686974656374D8
S31580E2631875726520307825780A0057726F6E672025
S31580E26328496D616765205479706520666F722025AC
S31580E263387320636F6D6D616E640A0057726F6E6764
S31580E2634820496D61676520466F726D617420666F5C
S31580E263587220257320636F6D6D616E640A00455203
S31580E26368524F523A2063616E277420676574206BB8
S31580E2637865726E656C20696D616765210A004552B2
S31580E26388524F523A20756E6B6E6F776E20696D61E9
S31580E26398676520666F726D61742074797065210A0B
S31580E263A800436F756C64206E6F742066696E642034
S31580E263B86B65726E656C20656E74727920706F6932
S31580E263C86E74210A0052616D6469736B20696D612E
S31580E263D8676520697320636F7272757074206F7255
S31580E263E820696E76616C69640A00436F756C642015
S31580E263F86E6F742066696E6420612076616C69646A
S31580E264082064657669636520747265650A00202072
S31580E2641820584950202573202E2E2E200020202019
S31580E264284C6F6164696E67202573202E2E2E2000BC
S31580E264382020206B65726E656C206C6F6164656482
S31580E264482061742030782530386C782C20656E642B
S31580E26458203D2030782530386C780A00556E696D93
S31580E26468706C656D656E74656420636F6D70726558
S31580E264787373696F6E20747970652025640A006982
S31580E264886D616765732E6F732E7374617274203DC6
S31580E26498203078256C582C20696D616765732E6F7C
S31580E264A8732E656E64203D203078256C780A006903
S31580E264B86D616765732E6F732E6C6F6164203D2004
S31580E264C83078256C782C206C6F61645F656E642009
S31580E264D83D203078256C780A005741524E494E471E
S31580E264E83A206C656761637920666F726D617420A4
S31580E264F86D756C746920636F6D706F6E656E7420EE
S31580E26508696D616765206F7665727772697474659D
S31580E265186E0A004552524F523A206E657720666F70
S31580E26528726D617420696D616765206F76657277D1
S31580E2653872697474656E202D206D75737420524568
S31580E265485345542074686520626F61726420746F63
S31580E26558207265636F7665720A00696E6974726421
S31580E265685F737461727400696E697472645F656E72
S31580E2657864004552524F523A20626F6F74696E6771
S31580E26588206F73202725732720282564292069739D
S31580E26598206E6F7420737570706F727465640A000A
S31580E265A8737562636F6D6D616E64206E6F7420734E
S31580E265B87570706F727465640A006175746F73744E
S31580E265C8617274006E6F0066696C6573697A6500DC
S31580E265D8547279696E6720746F206578656375741D
S31580E265E865206120636F6D6D616E64206F757420BE
S31580E265F86F66206F726465720A0079657300417509
S31580E26608746F6D6174696320626F6F74206F662040
S31580E26618696D61676520617420616464722030788F
S31580E266282530386C58202E2E2E0A00626F6F746DD4
S31580E2663800626F6F74206170706C69636174696FF0
S31580E266486E20696D6167652066726F6D206D656D16
S31580E266586F7279006C6F61646F730072616D6469E1
S31580E26668736B00636D646C696E6500626474007056
S31580E266787265700066616B650075736167653A205D
S31580E26688666174696E666F203C696E74657266616E
S31580E2669863653E205B3C6465765B3A706172745DE5
S31580E266A83E5D0A000A2A2A20556E61626C6520746C
S31580E266B86F207573652025732025643A25642066E4
S31580E266C86F7220666174696E666F202A2A0A00668E
S31580E266D86174696E666F007072696E7420696E663F
S31580E266E86F726D6174696F6E2061626F7574206610
S31580E266F8696C6573797374656D003C696E746572ED
S31580E26708666163653E205B3C6465765B3A7061727E
S31580E26718745D3E5D0A202020202D207072696E7499
S31580E2672820696E666F726D6174696F6E2061626FE1
S31580E2673875742066696C6573797374656D206672A3
S31580E267486F6D202764657627206F6E2027696E74C1
S31580E2675865726661636527006661746C73006C694D
S31580E2676873742066696C657320696E20612064693A
S31580E26778726563746F7279202864656661756C7474
S31580E26788202F29003C696E746572666163653E20D6
S31580E267985B3C6465765B3A706172745D3E5D205BF4
S31580E267A86469726563746F72795D0A202020202D90
S31580E267B8206C6973742066696C65732066726F6D86
S31580E267C8202764657627206F6E2027696E74657246
S31580E267D8666163652720696E206120276469726530
S31580E267E863746F727927006661746C6F6164006C9A
S31580E267F86F61642062696E6172792066696C652070
S31580E2680866726F6D206120646F732066696C65734A
S31580E26818797374656D003C696E74657266616365E9
S31580E268283E205B3C6465765B3A706172745D3E5D80
S31580E2683820203C616464723E203C66696C656E61C8
S31580E268486D653E205B6279746573205B706F735DFC
S31580E268585D0A202020202D204C6F61642062696EBB
S31580E268686172792066696C65202766696C656E61F6
S31580E268786D65272066726F6D202764657627206F9F
S31580E268886E2027696E74657266616365270A2020C1
S31580E2689820202020746F20616464726573732027D8
S31580E268A861646472272066726F6D20646F732066F6
S31580E268B8696C6573797374656D2E0A2020202020B1
S31580E268C82027706F732720676976657320746865F9
S31580E268D82066696C6520706F736974696F6E20745F
S31580E268E86F207374617274206C6F6164696E67205D
S31580E268F866726F6D2E0A2020202020204966202786
S31580E26908706F7327206973206F6D69747465642C60
S31580E26918203020697320757365642E2027706F7323
S31580E269282720726571756972657320276279746545
S31580E2693873272E0A20202020202027627974657307
S31580E2694827206769766573207468652073697A6536
S31580E2695820746F206C6F61642E20496620276279E5
S31580E26968746573272069732030206F72206F6D6992
S31580E26978747465642C0A202020202020746865209F
S31580E269886C6F61642073746F7073206F6E20656EAE
S31580E2699864206F662066696C652E0A202020202096
S31580E269A8204966206569746865722027706F732747
S31580E269B8206F722027627974657327206172652059
S31580E269C86E6F7420616C69676E656420746F0A20E5
S31580E269D82020202020415243485F444D415F4D4963
S31580E269E84E414C49474E207468656E2061206D6938
S31580E269F873616C69676E6564206275666665722026
S31580E26A087761726E696E672077696C6C0A202020DE
S31580E26A182020206265207072696E74656420616EDA
S31580E26A286420706572666F726D616E6365207769E0
S31580E26A386C6C2073756666657220666F7220746800
S31580E26A4865206C6F61642E005468652061646472A7
S31580E26A58657373206F66207468652066647420693E
S31580E26A687320696E76616C696420284E554C4C2990
S31580E26A782E0A006C6962666474206664745F636871
S31580E26A8865636B5F68656164657228293A20257358
S31580E26A9800202D20746F6F206F6C642C20666474DE
S31580E26AA8202564203C20256400202D20746F6F20E9
S31580E26AB86E65772C20666474202564203E202564E2
S31580E26AC800222C2022002A2030782570205B30781C
S31580E26AD8253038785D003C00307825303878257363
S31580E26AE8005B0025303278257300666474616464DD
S31580E26AF872002F2A204E554C4C20706F696E746551
S31580E26B0872206572726F72202A2F002D6300546894
S31580E26B18652061646472657373206F662074686544
S31580E26B282066647420697320252330386C780A00DD
S31580E26B384E6577206C656E677468202564203C20F4
S31580E26B486578697374696E67206C656E67746820A8
S31580E26B5825642C2069676E6F72696E672E0A006CEF
S31580E26B686962666474206664745F6F70656E5F6975
S31580E26B786E746F28293A2025730A004E6F204644A0
S31580E26B8854206D656D6F7279206164647265737382
S31580E26B9820636F6E666967757265642E20506C65D0
S31580E26BA861736520636F6E6669677572650A746874
S31580E26BB865204644542061646472657373207669FD
S31580E26BC86120226664742061646472203C61646434
S31580E26BD8726573733E2220636F6D6D616E642E0AF1
S31580E26BE841626F7274696E67210A006D6F004E6545
S31580E26BF877206C656E6774682030782558203C204B
S31580E26C086578697374696E67206C656E67746820E7
S31580E26C18307825582C2061626F7274696E672E0A05
S31580E26C28006D6B006C6962666474206664745F707A
S31580E26C386174685F6F666673657428292072657405
S31580E26C4875726E65642025730A006C69626664747F
S31580E26C58206664745F6164645F7375626E6F64658F
S31580E26C6828293A2025730A00536F7272792C2049B3
S31580E26C7820636F756C64206E6F7420636F6E7665C1
S31580E26C88727420222573220A00556E6578706563D0
S31580E26C98746564206368617261637465722027250E
S31580E26CA863270A006C6962666474206664745F733B
S31580E26CB8657470726F7028293A2025730A006C69A8
S31580E26CC862666474206E6F6465206E6F7420666F88
S31580E26CD8756E640A00307825303858006572726FAE
S31580E26CE8723A20756E7072696E7461626C6520762E
S31580E26CF8616C75650A0030782570006C6962666435
S31580E26D0874206664745F67657470726F7028293A56
S31580E26D182025730A0025732025730A0025732573B7
S31580E26D28207B0A004E657374656420746F6F2064F5
S31580E26D386565702C2061626F7274696E672E0A00CF
S31580E26D4825737D3B0A00257325733B0A0025732547
S31580E26D5873203D200025732F2A204E4F50202A2F5C
S31580E26D680A00556E6B6E6F776E2074616720307895
S31580E26D78253038580A006C696266647420666474E1
S31580E26D885F64656C70726F7028293A202025730AD1
S31580E26D98006C6962666474206664745F64656C5FBD
S31580E26DA86E6F646528293A202025730A006D61672B
S31580E26DB869633A090909307825780A00746F74613B
S31580E26DC86C73697A653A09093078257820282564CA
S31580E26DD8290A006F66665F64745F7374727563749A
S31580E26DE83A0909307825780A006F66665F64745FC7
S31580E26DF8737472696E67733A0909307825780A007E
S31580E26E086F66665F6D656D5F7273766D61703A09FE
S31580E26E1809307825780A0076657273696F6E3A0961
S31580E26E280925640A006C6173745F636F6D705F76BF
S31580E26E38657273696F6E3A0925640A00626F6F74C8
S31580E26E485F63707569645F706879733A093078252B
S31580E26E58780A0073697A655F64745F737472696EBF
S31580E26E6867733A09307825780A0073697A655F64C8
S31580E26E78745F7374727563743A0909307825780A8F
S31580E26E88006E756D626572206D656D5F7273763AB6
S31580E26E980909307825780A00626F6F007273006993
S31580E26EA86E64657809092020207374617274090911
S31580E26EB82020202073697A650A002D2D2D2D2D2D0F
S31580E26EC82D2D2D2D2D2D2D2D2D2D2D2D2D2D2D2D82
S31580E26ED82D2D2D2D2D2D2D2D2D2D2D2D2D2D2D2D72
S31580E26EE82D2D2D2D2D2D2D2D2D2D0A006C696266C9
S31580E26EF86474206664745F6765745F6D656D5F72DE
S31580E26F08737628293A202025730A00202020202516
S31580E26F187809253038782530387809253038782543
S31580E26F283038780A006C6962666474206664745FD5
S31580E26F386164645F6D656D5F72737628293A202095
S31580E26F4825730A006C6962666474206664745F6499
S31580E26F58656C5F6D656D5F72737628293A202025A8
S31580E26F68730A00666C617474656E6564206465761E
S31580E26F786963652074726565207574696C6974796C
S31580E26F8820636F6D6D616E6473003F00616C696149
S31580E26F987320666F72202768656C70270068656C57
S31580E26FA870007072696E7420636F6D6D616E6420B5
S31580E26FB86465736372697074696F6E2F75736167DE
S31580E26FC865000A092D207072696E7420627269659D
S31580E26FD866206465736372697074696F6E206F6622
S31580E26FE820616C6C20636F6D6D616E64730A68658F
S31580E26FF86C7020636F6D6D616E64202E2E2E0A0989
S31580E270082D207072696E742064657461696C65643A
S31580E27018207573616765206F662027636F6D6D6182
S31580E270286E642700232320546F74616C2053697A37
S31580E27038652020202020203D203078253038782091
S31580E270483D2025642042797465730A002323205300
S31580E2705877697463682062617564726174652074A5
S31580E270686F2025642062707320616E642070726579
S31580E27078737320454E544552202E2E2E0A006C6F8D
S31580E2708861647900232320526561647920666F7290
S31580E270982062696E6172792028796D6F64656D29DF
S31580E270A820646F776E6C6F616420746F2030782508
S31580E270B830386C58206174202564206270732E2ED5
S31580E270C82E0A006C6F61647800232320526561641E
S31580E270D87920666F722062696E6172792028786D8E
S31580E270E86F64656D2920646F776E6C6F6164207456
S31580E270F86F2030782530386C5820617420256420DA
S31580E271086270732E2E2E0A002323205265616479DB
S31580E2711820666F722062696E61727920286B657269
S31580E271286D69742920646F776E6C6F616420746F01
S31580E271382030782530386C582061742025642062A6
S31580E2714870732E2E2E0A0023232042696E6172798D
S31580E2715820286B65726D69742920646F776E6C6F0F
S31580E2716861642061626F727465640A002323205326
S31580E271787461727420416464722020202020203D4C
S31580E271882030782530386C580A00232320537769D3
S31580E2719874636820626175647261746520746F20B5
S31580E271A825642062707320616E64207072657373E1
S31580E271B820455343202E2E2E0A00217370695F667E
S31580E271C86C6173685F70726F62652829206661698F
S31580E271D86C6564006364683A25732C206C696E6515
S31580E271E83A25640A00217370695F666C6173685F29
S31580E271F8726561642829206661696C6564007361D9
S31580E272087665656E763B72657365743B00202020F1
S31580E27218202D2073662065726173652075626F6FB3
S31580E272287420656E76006C6F61642062696E617245
S31580E27238792066696C65206F7665722073657269F6
S31580E27248616C206C696E652028796D6F64656D2046
S31580E272586D6F646529005B206F6666205D205B2022
S31580E2726862617564205D0A202020202D206C6F6182
S31580E27278642062696E6172792066696C65206F76D0
S31580E2728865722073657269616C206C696E652077B8
S31580E27298697468206F666673657420276F666627E9
S31580E272A820616E642062617564726174652027620A
S31580E272B861756427006C6F61642062696E617279B8
S31580E272C82066696C65206F7665722073657269617E
S31580E272D86C206C696E652028786D6F64656D206DAB
S31580E272E86F646529006C6F616462006C6F6164200B
S31580E272F862696E6172792066696C65206F766572FD
S31580E273082073657269616C206C696E6520286B658D
S31580E27318726D6974206D6F646529004261736520B8
S31580E27328416464726573733A2030782530386C78B4
S31580E273380A002A2A204572722025732C2061646409
S31580E2734872657373206265796F6E642075626F6F9A
S31580E27358742072616E6765202A2A0A0062797465EA
S31580E273680068616C66776F726400257320617420A9
S31580E2737830782530386C7820282523302A6C78298D
S31580E2738820213D2025732061742030782530386CA1
S31580E273987820282523302A6C78290A00546F74616C
S31580E273A86C206F6620256C642025732873292077E4
S31580E273B8657265207468652073616D650A005A6531
S31580E273C8726F206C656E677468203F3F3F0A0043A0
S31580E273D86F707920746F20466C6173682E2E2E202A
S31580E273E800435243333220666F72202530386C78F8
S31580E273F8202E2E2E202530386C78203D3D3E2025C5
S31580E2740830386C780A002530386C783A0020253096
S31580E2741838780020253034780020253032780020EC
S31580E274283F20006C6F6F7000696E66696E6974657D
S31580E27438206C6F6F70206F6E2061646472657373FF
S31580E274482072616E6765005B2E622C202E772C2077
S31580E274582E6C5D2061646472657373206E756D62ED
S31580E2746865725F6F665F6F626A6563747300626195
S31580E274787365007072696E74206F7220736574200A
S31580E2748861646472657373206F6666736574000AF5
S31580E27498202020202D207072696E742061646472C7
S31580E274A8657373206F666673657420666F72206D86
S31580E274B8656D6F727920636F6D6D616E64730A6252
S31580E274C8617365206F66660A202020202D20736509
S31580E274D8742061646472657373206F66667365741B
S31580E274E820666F72206D656D6F727920636F6D6D40
S31580E274F8616E647320746F20276F666627006372F5
S31580E2750863333200636865636B73756D2063616CA0
S31580E2751863756C6174696F6E0061646472657373B6
S31580E2752820636F756E74205B616464725D0A2020E5
S31580E2753820202D20636F6D70757465204352433326
S31580E275483220636865636B73756D205B73617665FC
S31580E2755820617420616464725D00636D70006D659C
S31580E275686D6F727920636F6D70617265005B2E62F2
S31580E275782C202E772C202E6C5D206164647231205B
S31580E27588616464723220636F756E74006370006D35
S31580E27598656D6F727920636F7079005B2E622C203D
S31580E275A82E772C202E6C5D20736F7572636520743E
S31580E275B8617267657420636F756E74006D77006DAE
S31580E275C8656D6F7279207772697465202866696C51
S31580E275D86C29005B2E622C202E772C202E6C5D2067
S31580E275E8616464726573732076616C7565205B632A
S31580E275F86F756E745D006E6D006D656D6F72792064
S31580E276086D6F646966792028636F6E7374616E74D0
S31580E27618206164647265737329005B2E622C202E66
S31580E27628772C202E6C5D2061646472657373006DBD
S31580E276386D006D656D6F7279206D6F64696679200C
S31580E27648286175746F2D696E6372656D656E74698E
S31580E276586E67206164647265737329006D656D6F08
S31580E27668727920646973706C6179005B2E622C2072
S31580E276782E772C202E6C5D2061646472657373208C
S31580E276885B23206F66206F626A656374735D004F61
S31580E276984B004552524F52004E6F204D4D43206467
S31580E276A8657669636520617661696C61626C650A93
S31580E276B80072657363616E006E6F206D6D63206420
S31580E276C8657669636520617420736C6F74202578AA
S31580E276D80A00676574206D6D63207479706520652C
S31580E276E872726F72210A0064657600237061727421
S31580E276F85F6E756D2073686F756C646E2774206231
S31580E2770865206C6172676572207468616E20256493
S31580E277180A004361726420646F65736E277420730E
S31580E277287570706F727420706172745F7377697442
S31580E2773863680A0073776974636820746F2070617E
S31580E2774872746974696F6E73202325642C2025739D
S31580E277580A006D6D632564206973206375727265AC
S31580E277686E74206465766963650A006D6D63256467
S31580E277782870617274202564292069732063757282
S31580E2778872656E74206465766963650A00726561FE
S31580E2779864007772697465006572617365000A4D83
S31580E277A84D432025733A2064657620232025642C70
S31580E277B820626C6F636B20232025642C20636F75AF
S31580E277C86E74202564202E2E2E20004572726F72EA
S31580E277D83A206361726420697320777269746520DE
S31580E277E870726F746563746564210A002564206229
S31580E277F86C6F636B732025733A2025730A004D4DAF
S31580E278084300596573004E6F006364683A4D4D4391
S31580E278182064657669636520617661696C61626C0C
S31580E27828653A637572725F6465766963653D2564F8
S31580E278380A0066696E64204D4D4320646576696305
S31580E278486520617661696C61626C650A0044657679
S31580E278586963653A2025730A004D616E75666163D0
S31580E2786874757265722049443A2025780A004F4534
S31580E278784D3A2025780A004E616D653A20256325C2
S31580E2788863256325632563200A005472616E20535B
S31580E27898706565643A2025640A00526420426C6FFA
S31580E278A8636B204C656E3A2025640A002573207640
S31580E278B8657273696F6E2025642E25640A004869AD
S31580E278C867682043617061636974793A2025730A2F
S31580E278D80043617061636974793A20004275732066
S31580E278E857696474683A2025642D6269740A004D82
S31580E278F84D43207375622073797374656D00726582
S31580E279086164206164647220626C6B2320636E74A6
S31580E279180A6D6D632077726974652061646472208A
S31580E27928626C6B2320636E740A6D6D632065726187
S31580E27938736520626C6B2320636E740A6D6D6320B7
S31580E2794872657363616E0A6D6D632070617274200D
S31580E279582D206C6973747320617661696C61626CDF
S31580E279686520706172746974696F6E206F6E2063C8
S31580E27978757272656E74206D6D632064657669636F
S31580E27988650A6D6D6320646576205B6465765D2045
S31580E279985B706172745D202D2073686F77206F72D9
S31580E279A8207365742063757272656E74206D6D637B
S31580E279B820646576696365205B706172746974694F
S31580E279C86F6E5D0A6D6D63206C697374202D206C11
S31580E279D86973747320617661696C61626C6520642F
S31580E279E86576696365730A006D6D63696E666F00B5
S31580E279F8646973706C6179204D4D4320696E666F58
S31580E27A08002D20646973706C617920696E666F20D7
S31580E27A186F66207468652063757272656E74204D30
S31580E27A284D432064657669636500256C6C756700ED
S31580E27A38256C6C756D00256C6C756B00256C6C75A8
S31580E27A48006E6F72006F6E656E616E6400257325D7
S31580E27A586400446576696365202573206E6F7420B9
S31580E27A68666F756E64210A0025733A206F666673BF
S31580E27A786574202530386C6C78206265796F6E641F
S31580E27A8820666C6173682073697A65202530386C64
S31580E27A986C780A00257325643A2070617274697479
S31580E27AA8696F6E20282573292073697A6520746F39
S31580E27AB86F206269670A0025733A20706172746979
S31580E27AC874696F6E696E672065786365656473202D
S31580E27AD8666C6173682073697A650A002573256422
S31580E27AE83A20706172746974696F6E2028257329E9
S31580E27AF8207374617274206F6666736574616C69EB
S31580E27B08676E6D656E7420696E636F727265637493
S31580E27B180A00257325643A20706172746974696F04
S31580E27B286E20282573292073697A6520616C6967D6
S31580E27B386E6D656E7420696E636F72726563740AC0
S31580E27B4800257325643A20706172746974696F6E70
S31580E27B582028257329207374617274206F66667390
S31580E27B68657420616C69676E6D656E7420696E6393
S31580E27B786F72726563740A00696E636F72726563A7
S31580E27B887420646576696365207479706520696EA8
S31580E27B982025730A00696E636F7272656374206466
S31580E27BA86576696365206E756D62657220696E2099
S31580E27BB825730A00696E76616C69642070617274F5
S31580E27BC86974696F6E206E756D62657220256420B0
S31580E27BD8666F7220646576696365202573256420FD
S31580E27BE8282573290A006E6F207061727469746938
S31580E27BF86F6E206E756D62657220737065636966F5
S31580E27C086965640A00756E65787065637465642073
S31580E27C18747261696C696E672063686172616374A4
S31580E27C28657220272563270A006E6F20737563685D
S31580E27C382064657669636520257325640A006E6F1C
S31580E27C48207375636820706172746974696F6E0AED
S31580E27C58006D74646465766E756D006D74646465D2
S31580E27C68766E616D6500257325642C2564006361F3
S31580E27C786E6E6F7420616464207365636F6E6420D0
S31580E27C88706172746974696F6E206174206F66665A
S31580E27C9873657420300A00706172746974696F6EF4
S31580E27CA82073697A6520746F6F20736D616C6C20BE
S31580E27CB828256C6C78290A006E6F20636C6F73696D
S31580E27CC86E67202920666F756E6420696E20706102
S31580E27CD872746974696F6E206E616D650A00656D8E
S31580E27CE870747920706172746974696F6E206E61DE
S31580E27CF86D650A00726F006E6F20706172746974C6
S31580E27D08696F6E7320616C6C6F77656420616674E7
S31580E27D18657220612066696C6C2D7570207061725F
S31580E27D28746974696F6E0A00756E657870656374D6
S31580E27D38656420636861726163746572202725636E
S31580E27D48272061742074686520656E64206F6620DA
S31580E27D58706172746974696F6E0A006F7574206FE8
S31580E27D6866206D656D6F72790A0030782530386CD9
S31580E27D786C784030782530386C6C78004B45524EBA
S31580E27D88454C006B65726E656C5F6F66667365748B
S31580E27D98006B65726E656C5F73697A6500445442FE
S31580E27DA8006474625F6F6666736574006474625FAA
S31580E27DB873697A65006E6F20706172746974696F2F
S31580E27DC86E7320666F7220646576696365202573B3
S31580E27DD8256420282573290A00756E65787065639F
S31580E27DE874656420636861726163746572202725AD
S31580E27DF863272061742074686520656E64206F66E7
S31580E27E08206465766963650A00696E76616C696481
S31580E27E18206D7464206465766963652027252E2A39
S31580E27E2873270A006E6F72303D737069302E3000A8
S31580E27E386D7464696473006364683A25732C20639D
S31580E27E48757272656E745F706172746974696F6EE9
S31580E27E5820210A006D746469647320746F6F206CE4
S31580E27E686F6E6720283E202564290A006D74647047
S31580E27E7861727473207661726961626C65206E6F75
S31580E27E8874207365742C20736565202768656C7029
S31580E27E98206D74647061727473270A006D746470FD
S31580E27EA86172747320746F6F206C6F6E6720283EE0
S31580E27EB8202564290A006D74646964733A20696EC0
S31580E27EC8636F7272656374203C6465762D6E756D38
S31580E27ED83E0A006D74646964733A206E6F203C6D65
S31580E27EE874642D69643E206964656E746966696541
S31580E27EF8720A00646576696365206964202573255C
S31580E27F0864207265646566696E65642C20706C654A
S31580E27F1861736520636F7272656374206D746469D8
S31580E27F286473207661726961626C650A00636F7553
S31580E27F386C64206E6F7420696E697469616C6973AA
S31580E27F486520646576696365206C6973740A006D79
S31580E27F5874647061727473207661726961626C6549
S31580E27F6820646F65736E27742073746172742077E8
S31580E27F7869746820276D746470617274733D270A28
S31580E27F880064657669636520257325642072656475
S31580E27F986566696E65642C20706C656173652063BD
S31580E27FA86F7272656374206D746470617274732023
S31580E27FB87661726961626C650A006D746470617279
S31580E27FC874735F696E69743A206E6F2076616C6944
S31580E27FD86420706172746974696F6E730A006E6F79
S31580E27FE820706172746974696F6E20696420737037
S31580E27FF8656369666965640A007061727469746941
S31580E280086F6E206368616E67656420746F2025737E
S31580E2801825642C25640A0064656661756C7400645F
S31580E28028656C616C6C000A646576696365202573A4
S31580E280382564203C25733E2C20232070617274735C
S31580E28048203D2025640A0020233A206E616D650969
S31580E280580973697A6509096F666673657409096DD4
S31580E2806861736B5F666C6167730A002532643A20D6
S31580E28078252D32307330782530386C6C7809307833
S31580E280882530386C6C780925640A006E6F20706139
S31580E2809872746974696F6E7320646566696E656405
S31580E280A80A000A616374697665207061727469741C
S31580E280B8696F6E3A20257325642C2564202D202845
S31580E280C82573292030782530386C6C78204020302A
S31580E280D8782530386C6C780A00636F756C64206E2C
S31580E280E86F74206765742063757272656E7420702A
S31580E280F86172746974696F6E20696E666F0A0A00C6
S31580E2810861646400746F6F206C6F6E672070617251
S31580E28118746974696F6E2064657363726970746971
S31580E281286F6E0A0025733A2573282573292573000D
S31580E2813867656E657261746564206D746470617278
S31580E28148747320746F6F206C6F6E672C2072657300
S31580E28158657474696E6720746F206E756C6C0A003C
S31580E2816864656C0064656C6574655F706172746978
S31580E2817874696F6E3A20646576696365203D202569
S31580E281887325642C20706172746974696F6E202518
S31580E2819864203D20282573292030782530386C6C78
S31580E281A8784030782530386C6C780A00637572725C
S31580E281B8656E7420706172746974696F6E20646525
S31580E281C86C657465642C20726573657474696E6710
S31580E281D82063757272656E7420746F20300A00703F
S31580E281E86172746974696F6E202573206E6F74206C
S31580E281F8666F756E640A006E6F20737563682064B5
S31580E28208657669636520257320646566696E65644B
S31580E2821820696E206D74646964732076617269611F
S31580E28228626C650A00646566696E6520666C617370
S31580E28238682F6E616E6420706172746974696F6E9C
S31580E282487300636870617274006368616E67652043
S31580E2825861637469766520706172746974696F6E38
S31580E2826800706172742D69640A202020202D2063B3
S31580E2827868616E676520616374697665207061728C
S31580E28288746974696F6E2028652E672E2070617214
S31580E28298742D6964203D206E616E64302C3129002C
S31580E282A8676174657761796970006E65746D61730B
S31580E282B86B00686F73746E616D6500726F6F747050
S31580E282C86174680069706164647200736572766568
S31580E282D872697000646E73697000646F6D61696E4D
S31580E282E80070696E67206661696C65643B20686FB9
S31580E282F87374202573206973206E6F7420616C69AC
S31580E2830876650A00686F7374202573206973206125
S31580E283186C6976650A0070696E670073656E6420BB
S31580E2832849434D50204543484F5F52455155455341
S31580E283385420746F206E6574776F726B20686F73E2
S31580E28348740070696E6741646472657373007466FB
S31580E283587470626F6F7400626F6F7420696D6167A3
S31580E283686520766961206E6574776F726B207573A6
S31580E28378696E6720544654502070726F746F636FCB
S31580E283886C005B6C6F6164416464726573735D20D3
S31580E283985B5B686F73744950616464723A5D626F5D
S31580E283A86F7466696C656E616D655D00626F6F7428
S31580E283B87000626F6F7420696D61676520766961A6
S31580E283C8206E6574776F726B207573696E6720426B
S31580E283D84F4F54502F544654502070726F746F63C7
S31580E283E86F6C0025733D25730A002323204572723C
S31580E283F86F723A2063616E6E6F74206578706F7201
S31580E284087420656E7669726F6E6D656E740A000A9F
S31580E28418456E7669726F6E6D656E742073697A657C
S31580E284283A2025642F256C642062797465730A0084
S31580E284382323204572726F723A2022257322206E98
S31580E284486F7420646566696E65640A002323205723
S31580E2845861726E696E673A2064656661756C746985
S31580E284686E6720746F207465787420666F726D61AA
S31580E28478740A00232320496E666F3A20696E707506
S31580E284887420646174612073697A65203D20257A57
S31580E2849875203D203078257A580A002323204572B4
S31580E284A8726F723A20626164204352432C20696D6E
S31580E284B8706F7274206661696C65640A004552520F
S31580E284C84F523A20456E7669726F6E6D656E74208C
S31580E284D8696D706F7274206661696C65643A20654D
S31580E284E872726E6F203D2025640A0A6174202573B4
S31580E284F83A25642F257328290A00636D645F6E76B0
S31580E28508656469742E630023232025733A206F6E8F
S31580E285186C79206F6E65206F6620222D62222C2070
S31580E28528222D6322206F7220222D742220616C6CA8
S31580E285386F7765640A002323205761726E696E67D6
S31580E285483A20496E70757420646174612065786337
S31580E2855865656473202564206279746573202D20AD
S31580E285687472756E63617465640A002323205265AA
S31580E2857873657474696E6720746F20646566617565
S31580E285886C7420656E7669726F6E6D656E740A00BC
S31580E285982323204572726F723A20696C6C65676133
S31580E285A86C2063686172616374657220273D27690E
S31580E285B86E207661726961626C65206E616D652096
S31580E285C8222573220A0023232043616E2774206DB5
S31580E285D8616C6C6F632025642062797465730A0026
S31580E285E82323204572726F7220696E73657274698D
S31580E285F86E672022257322207661726961626C65D4
S31580E286082C206572726E6F3D25640A007365746507
S31580E286186E7600256C78004552524F523A20436175
S31580E286286E6E6F74206578706F727420656E766987
S31580E28638726F6E6D656E743A206572726E6F203DEA
S31580E286482025640A0A61742025733A25642F2573E6
S31580E2865828290A00257A5800656E765F6275662053
S31580E286685B25642062797465735D20746F6F20730D
S31580E286786D616C6C20666F722076616C7565206FB1
S31580E286886620222573220A0072756E0072756E2044
S31580E28698636F6D6D616E647320696E20616E2065AD
S31580E286A86E7669726F6E6D656E74207661726961D7
S31580E286B8626C6500766172205B2E2E2E5D0A202022
S31580E286C820202D2072756E2074686520636F6D6D2B
S31580E286D8616E647320696E2074686520656E76695A
S31580E286E8726F6E6D656E74207661726961626C65B1
S31580E286F82873292027766172270073657420656E50
S31580E287087669726F6E6D656E742076617269616282
S31580E287186C6573005B2D665D206E616D65207661A2
S31580E287286C7565202E2E2E0A202020202D205B6651
S31580E287386F726369626C795D2073657420656E76A3
S31580E2874869726F6E6D656E74207661726961626C4C
S31580E287586520276E616D652720746F202776616CA8
S31580E287687565202E2E2E270A736574656E76205BD4
S31580E287782D665D206E616D650A202020202D205BA6
S31580E28788666F726369626C795D2064656C6574652F
S31580E2879820656E7669726F6E6D656E74207661722B
S31580E287A86961626C6520276E616D65270070726902
S31580E287B86E74656E76007072696E7420656E76691F
S31580E287C8726F6E6D656E74207661726961626C65D0
S31580E287D873005B2D615D0A202020202D207072694E
S31580E287E86E74205B616C6C5D2076616C7565732056
S31580E287F86F6620616C6C20656E7669726F6E6D65E8
S31580E288086E74207661726961626C65730A707269E8
S31580E288186E74656E76206E616D65202E2E2E0A2028
S31580E288282020202D207072696E742076616C7565C1
S31580E28838206F6620656E7669726F6E6D656E7420DE
S31580E288487661726961626C6520276E616D65270063
S31580E28858656E7669726F6E6D656E742068616E6438
S31580E288686C696E6720636F6D6D616E6473006465B3
S31580E288786C657465006578706F727400696D706F87
S31580E288887274007072696E740073617665007361E2
S31580E288987665656E76007361766520656E76697251
S31580E288A86F6E6D656E74207661726961626C6573EE
S31580E288B820746F2070657273697374656E74207341
S31580E288C8746F72616765005B25733A25645D20661D
S31580E288D861696C65640A005B25735D2025642025E1
S31580E288E864200A0070726F67726573735F77696472
S31580E288F87468203D2025642077203D2025642077F2
S31580E289086569676874733D25642C746F74616C203D
S31580E289183D2025640A00544142415F555047524101
S31580E2892844452E494D470073645F7570726164658C
S31580E289385F696D61676500307834303030005B2579
S31580E28948733A25645D6E6F742066696E642075700D
S31580E28958726164652066696C65206E616D653A252B
S31580E28968730A006C6F61642066696C65206661696A
S31580E289786C6564203A25730A00233C7570677261D8
S31580E2898864655F62696E5F76657273696F6E3D0074
S31580E2899866696C65206572726F723A25730A00752C
S31580E289A870726164655F696D6167655F76657273CA
S31580E289B8696F6E0075706761726465207665727339
S31580E289C8696F6E3A2573206375722076657273696C
S31580E289D86F6E3A25730A0066696C652076657273EE
S31580E289E8696F6E203A25730A00307831303030303C
S31580E289F83030000A23203C2D20746869732069731D
S31580E28A0820656E64206F6620696D61676520706196
S31580E28A18727474696F6E0A004C4F474F2E726762A2
S31580E28A2800253078005B25733A25645D2073645FA0
S31580E28A38757067726164655F66696C655F7061723D
S31580E28A487474696F6E73206661696C65640A006C1A
S31580E28A5863646C6F6164616464720046425F42413A
S31580E28A6853453A2030782530386C580A00736620A8
S31580E28A7870726F6265005B25733A25645D202573A3
S31580E28A883A20696D67652066696C652073697A65DF
S31580E28A9828256429203E20656E7620706172746985
S31580E28AA874696F6E73282564290A000A45726173B0
S31580E28AB8653A2573206164647265733A25642C701D
S31580E28AC86172746974696F6E2073697A653A25642E
S31580E28AD820696D6167652066696C652073697A6568
S31580E28AE83A25640A00736620657261736520307878
S31580E28AF825782030782578007366207772697465E0
S31580E28B0820307825782030782578203078257800C6
S31580E28B180A7061727474696F6E20757064617465C7
S31580E28B282066696E6973680A00E69BB4E696B0E5E4
S31580E28B38AE8CE68890EFBC8CE5B086E59CA8256489
S31580E28B48E7A792E5908EE9878DE590AF2E2E2E0ADD
S31580E28B5800696D676167653A257320256420256417
S31580E28B680A007573722E7371736834007573722E88
S31580E28B786A6666733200726F6F742E7371736834C5
S31580E28B880063616C6C7565735F6C6F676F662E7276
S31580E28B9867620075496D616765004556425F434283
S31580E28BA844525F414B33373630455F56312E302E4D
S31580E28BB8312E64746200656E765F616B3337363068
S31580E28BC8655F6E6F722E696D6700752D626F6F7461
S31580E28BD82E62696E0073645F7570677261646500A0
S31580E28BE8757067726164652066696C652066726F06
S31580E28BF86D206120646F732066696C65737973741E
S31580E28C08656D004661696C656420746F20696E697A
S31580E28C187469616C697A652053504920666C617320
S31580E28C28682061742025753A25750A002564202511
S31580E28C38733A202564207469636B732C202564203B
S31580E28C484B69422F732025642E25303364204D628A
S31580E28C5870730A005772697474656E00526561644E
S31580E28C68004E6F2053504920666C617368207365A5
S31580E28C786C65637465642E20506C656173652072D9
S31580E28C88756E206073662070726F6265270A00755A
S31580E28C987064617465004661696C656420746F20EE
S31580E28CA86D617020706879736963616C206D656D3A
S31580E28CB86F72790A006572726F723A2075706461B2
S31580E28CC87465206C656E206D6F7265207468616E5E
S31580E28CD820706172746974696F6E2073697A650A45
S31580E28CE8007370696E616E645F726561645F7061FC
S31580E28CF872746974696F6E206661696C2C206F661E
S31580E28D08667365743A307825782C20706172746956
S31580E28D1874696F6E5F73697A653A25640D0A0065D0
S31580E28D287261736520706172742073656374696FAA
S31580E28D386E206F66667365743A307825782C207073
S31580E28D486172746974696F6E5F73697A653A25646C
S31580E28D582C206661696C65640A00657261736520B8
S31580E28D68706172746974696F6E2073697A65206F4F
S31580E28D786B0D0A000A53463A20257A752062797481
S31580E28D8865732040202523782025733A2025730AA7
S31580E28D98004552524F523A20617474656D70746917
S31580E28DA86E67202573207061737420666C617368C0
S31580E28DB82073697A652028252378290A0053463A5A
S31580E28DC820257A7520627974657320402025237878
S31580E28DD8204572617365643A2025730A0043616EA1
S31580E28DE86E6F7420616C6C6F63617465206D656DFE
S31580E28DF86F72790A0053504920666C6173682074F1
S31580E28E086573743A0A007465737420457261736592
S31580E28E18206661696C65640A0074657374204572BC
S31580E28E28617365204F4B0A007465737420436865E5
S31580E28E38636B2072656164206661696C65640A00A9
S31580E28E487465737420436865636B20726561642018
S31580E28E584F4B0A00436865636B206661696C65649B
S31580E28E682061742025640A007465737420457261F2
S31580E28E78736520436865636B2072656164204F4B36
S31580E28E880A0074657374205772697465206661692D
S31580E28E986C65640A00746573742057726974652018
S31580E28EA84F4B0A0074657374206261636B20526566
S31580E28EB86164206661696C65640A0074657374200E
S31580E28EC86261636B2052656164204F4B0A00566586
S31580E28ED872696679206661696C65642061742025A9
S31580E28EE8642C20676F6F6420646174613A0A004279
S31580E28EF8616420646174613A0A002323233D3D3D1F
S31580E28F0854657374207061737365643D3D3D2323B4
S31580E28F18230A002323233D3D3D546573742066610D
S31580E28F28696C65643D3D3D2323230A0073660073BD
S31580E28F38706920666C617368207375622D737973C4
S31580E28F4874656D3A0070726F6265205B5B627573F9
S31580E28F583A5D63735D205B687A5D205B6D6F6465FD
S31580E28F685D092D20696E697420666C617368206478
S31580E28F786576696365206F6E20676976656E2053CC
S31580E28F885049206275730A090909092020616E64CD
S31580E28F9820636869702073656C6563740A736620FA
S31580E28FA8726561642061646472206F666673657453
S31580E28FB8206C656E092D207265616420606C656E31
S31580E28FC827206279746573207374617274696E6737
S31580E28FD82061740A090909092020606F666673654B
S31580E28FE8742720746F206D656D6F727920617420A5
S31580E28FF86061646472270A73662077726974652091
S31580E2900861646472206F6666736574206C656E0946
S31580E290182D20777269746520606C656E2720627987
S31580E290287465732066726F6D206D656D6F72790AED
S31580E290380909090920206174206061646472272025
S31580E29048746F20666C61736820617420606F6666EF
S31580E29058736574270A7366206572617365206F6625
S31580E2906866736574205B2B5D6C656E09092D2065D8
S31580E290787261736520606C656E27206279746573A8
S31580E290882066726F6D20606F6666736574270A095B
S31580E290980909092020602B6C656E2720726F756E30
S31580E290A86420757020606C656E2720746F20626C10
S31580E290B86F636B2073697A650A736620757064617B
S31580E290C874652061646472206F6666736574206C69
S31580E290D8656E092D20657261736520616E642077FD
S31580E290E87269746520606C656E272062797465732F
S31580E290F82066726F6D206D656D6F72790A0909094E
S31580E2910809202061742060616464722720746F206C
S31580E29118666C61736820617420606F6666736574D5
S31580E29128270A73662074657374206F66667365743E
S31580E29138206C656E09092D2072756E206120766530
S31580E291487279206261736963206465737472756388
S31580E291587469766520746573740073706920636DCB
S31580E2916864202523782073656E64206661696C6560
S31580E29178640A007370692072656164206A65646551
S31580E2918863206964206661696C65640A00666C615D
S31580E2919873682069643A30782530327825303278B7
S31580E291A8253032780A006A656465632069642063DB
S31580E291B86865636B206661696C65640A00737069C9
S31580E291C8207265616420756E6971756520696420AF
S31580E291D86661696C65640A007575696420636865A9
S31580E291E8636B206661696C0A005468652063686906
S31580E291F87020616E64206669726D7761726520613E
S31580E292087265206C65676974696D61746520616EE3
S31580E29218642077696C6C2070726F6365656420740C
S31580E292286F20746865206E65787420737465702023
S31580E292386F66206F7065726174696F6E2E0A002B95
S31580E292483836313333343235343134343100757526
S31580E2925869645F636865636B000A25730A006172F5
S31580E292686D2D616E796B61763530302D6C696E75F0
S31580E29278782D75636C696263676E75656162692D5F
S31580E292886763632E62725F7265616C2028427569D4
S31580E292986C64726F6F7420323031382E30322E37EA
S31580E292A85F56312E302E30332D6739666633333743
S31580E292B8312920342E392E340A00474E55206C64E3
S31580E292C82028474E552042696E7574696C73292049
S31580E292D8322E32392E310A007072696E74206D6FC1
S31580E292E86E69746F722C20636F6D70696C6572201B
S31580E292F8616E64206C696E6B6572207665727369DD
S31580E293086F6E002573202D2025730A0A0055736136
S31580E2931867653A0A257320002D204E6F20616464C2
S31580E293286974696F6E616C2068656C7020617661BC
S31580E29338696C61626C652E0A00252D2A732D2025BB
S31580E29348730A00556E6B6E6F776E20636F6D6D6113
S31580E293586E642027257327202D207472792027684A
S31580E29368656C702720776974686F75742061726797
S31580E29378756D656E747320666F72206C697374207E
S31580E293886F6620616C6C206B6E6F776E20636F6D93
S31580E293986D616E64730A0A000A616E796B612400F4
S31580E293A8556E6B6E6F776E20636F6D6D616E64203E
S31580E293B827257327202D20747279202768656C709B
S31580E293C8270A00737464696E007374646F75740037
S31580E293D873746465727200496E3A20202020004ECA
S31580E293E86F20696E7075742064657669636573202B
S31580E293F8617661696C61626C65210A004F75743ABF
S31580E29408202020004E6F206F757470757420646515
S31580E29418766963657320617661696C61626C6521E0
S31580E294280A004572723A202020004E6F20657272D9
S31580E294386F72206465766963657320617661696CAB
S31580E2944861626C65210A00636F6E736F6C65002ECC
S31580E2945863616C6C6261636B733A63616C6C626163
S31580E29468636B732C2E666C6167733A666C6167739D
S31580E294782C62617564726174653A6261756472615F
S31580E2948874652C626F6F7466696C653A626F6F7425
S31580E2949866696C652C6C6F6164616464723A6C6F40
S31580E294A86164616464722C737464696E3A636F6E24
S31580E294B8736F6C652C7374646F75743A636F6E73CD
S31580E294C86F6C652C7374646572723A636F6E736FD0
S31580E294D86C652C002E63616C6C6261636B730055FC
S31580E294E873696E672064656661756C7420656E76ED
S31580E294F869726F6E6D656E740A00656E765F636F0C
S31580E295086D6D6F6E2E63007265616420656E76623C
S31580E295186B20646174610A007265616420656E76A7
S31580E29528626B2064617461206661696C0A00777295
S31580E2953869746520656E76626B20646174612074F5
S31580E295486F20656E760A006572726F723A6572612D
S31580E29558736520656E7620706172746974696F6E60
S31580E29568206661696C2C20675F636F6E6669675FE8
S31580E29578656E765F73697A653A25642C2025640080
S31580E295886572726F723A777269746520656E762053
S31580E29598706172746974696F6E206661696C2C2079
S31580E295A8675F636F6E6669675F656E765F73697AB2
S31580E295B8653A25642C2025640075736520646566A2
S31580E295C875616C7420656E760A0021626164204357
S31580E295D85243006364683A25732C202168696D706A
S31580E295E86F72745F722045525220656E765F687438
S31580E295F86162210A004552524F523A2043616E6EA9
S31580E296086F7420696D706F727420656E7669726F99
S31580E296186E6D656E743A206572726E6F203D202596
S31580E29628640A0A61742025733A25642F25732829EA
S31580E296380A0021696D706F7274206661696C65646F
S31580E2964800657468616464723A6D6F2C73657269D9
S31580E29658616C233A736F2C002323205761726E69FB
S31580E296686E673A20556E6B6E6F776E20656E766999
S31580E29678726F6E6D656E74207661726961626C6511
S31580E29688207479706520272563270A0023232057CB
S31580E2969861726E696E673A20556E6B6E6F776E2071
S31580E296A8656E7669726F6E6D656E742076617269C3
S31580E296B861626C6520616363657373206D65746846
S31580E296C86F6420272563270A002E666C616773001C
S31580E296D82323204572726F723A20666C6167732023
S31580E296E87479706520636865636B206661696C75F9
S31580E296F8726520666F722022257322203C3D2022E5
S31580E297082573222028747970653A202563290A0010
S31580E297182323204572726F723A2043616E27742042
S31580E2972864656C65746520222573220A00232320EA
S31580E297384572726F723A2043616E2774206F76653E
S31580E2974872777269746520222573220A006F6C64C7
S31580E2975876616C3A202573202064656676616C3A78
S31580E297682025730A002323204572726F723A2043BA
S31580E29778616E27742063726561746520222573227F
S31580E297880A00656E765F73662E63004552524F52C3
S31580E297983A205361766520656E7669726F6E6D657D
S31580E297A86E74206265796F6E6420646566696E653B
S31580E297B820454E562053495A453A206572726E6F55
S31580E297C8203D2025640A0A61742025733A25642F90
S31580E297D8257328290A0057726974696E6720746F3F
S31580E297E82053504920666C6173682E2E2E005350A2
S31580E297F84920466C61736800236164647265737399
S31580E298082D63656C6C73002373697A652D63656C69
S31580E298186C73002F63686F73656E006664745F6944
S31580E298286E697472643A2025730A006C696E75787B
S31580E298382C696E697472642D73746172740057410F
S31580E29848524E494E473A20636F756C64206E6F7448
S31580E2985820736574206C696E75782C696E6974728A
S31580E29868642D73746172742025732E0A006C696E96
S31580E2987875782C696E697472642D656E64005741D9
S31580E29888524E494E473A20636F756C64206E6F7408
S31580E2989820736574206C696E75782C696E6974724A
S31580E298A8642D656E642025732E0A006664745F6390
S31580E298B8686F73656E3A2025730A005741524E499E
S31580E298C84E473A20636F756C64206E6F74206372BC
S31580E298D865617465202F63686F73656E2025732EC4
S31580E298E80A005741524E494E473A20636F756C6477
S31580E298F8206E6F742073657420626F6F746172670D
S31580E29908732025732E0A00556E61626C6520746F2A
S31580E29918207570646174652070726F70657274798F
S31580E299282025733A25732C206572723D25730A00C9
S31580E2993825733A206E756D2062616E6B732025649D
S31580E2994820657863656564732068617264636F64B1
S31580E299586564206C696D69742025642E205265637E
S31580E299686F6D70696C652077697468206869676865
S31580E299786572204D454D4F52595F42414E4B535F7A
S31580E299884D41583F0A002F6D656D6F7279005741D8
S31580E29998524E494E473A20636F756C64206E6F74F7
S31580E299A820637265617465202F6D656D6F72793A91
S31580E299B82025732E0A006465766963655F7479701B
S31580E299C865005741524E494E473A20636F756C643B
S31580E299D8206E6F74207365742025732025732E0A92
S31580E299E800726567002F616C6961736573006574DF
S31580E299F868616464720065746865726E657425640C
S31580E29A0800657468256461646472006C6F63616C76
S31580E29A182D6D61632D616464726573730025733A93
S31580E29A28204261642063656C6C20636F756E742076
S31580E29A38666F722025730A0072616E676573006CC1
S31580E29A48696E75782C7068616E646C650043616EC8
S31580E29A58277420736574207068616E646C6520254E
S31580E29A68753A2025730A006F6B61790073746174A5
S31580E29A7875730064697361626C6564006661696CBA
S31580E29A88006661696C2D256400496E76616C69644D
S31580E29A9820666474207374617475733A2025780A33
S31580E29AA800656469640043616E277420616464209A
S31580E29AB870726F70657274793A2025730A00436111
S31580E29AC86E277420696E63726561736520626C6F56
S31580E29AD8622073697A653A2025730A005761726E45
S31580E29AE8696E673A2064657669636520747265652E
S31580E29AF820616C696173202725732720706F696EF0
S31580E29B08747320746F20696E76616C6964206E6FF7
S31580E29B1864652025732E0A005761726E696E673A0C
S31580E29B28206465766963652074726565206E6F6404
S31580E29B3865202725732720686173206E6F2061640C
S31580E29B4864726573732E0A005761726E696E673A3C
S31580E29B5820552D426F6F7420636F6E6669677572E2
S31580E29B68656420646576696365202573206174205F
S31580E29B786164647265737320256C6C782C0A206242
S31580E29B887574207468652064657669636520747285
S31580E29B98656520686173206974206164647265739F
S31580E29BA87320256C6C782E0A0054696D656F75741E
S31580E29BB82077726974696E6720746F20466C617368
S31580E29BC8680A00466C617368206E6F74204572611C
S31580E29BD87365640A0043616E2774207772697465D7
S31580E29BE820746F2070726F74656374656420466C46
S31580E29BF861736820736563746F72730A004F757454
S31580E29C087369646520617661696C61626C65204618
S31580E29C186C6173680A00537461727420616E642F92
S31580E29C286F7220656E642061646472657373206EF8
S31580E29C386F74206F6E20736563746F7220626F75BE
S31580E29C486E646172790A00556E6B6E6F776E205616
S31580E29C58656E646F72206F6620466C6173680A006F
S31580E29C68556E6B6E6F776E2054797065206F6620BD
S31580E29C78466C6173680A0047656E6572616C204658
S31580E29C886C6173682050726F6772616D6D696E6719
S31580E29C98204572726F720A00466C61736820507250
S31580E29CA86F6772616D6D696E672041626F72746506
S31580E29CB8640A0025735B25645D204649584D453A1A
S31580E29CC82072633D25640A00666C6173682E6300C0
S31580E29CD84552524F523A2000202D206D75737420DA
S31580E29CE852455345542074686520626F61726420D8
S31580E29CF8746F207265636F7665722E0A0020202063
S31580E29D08726573657276696E6720666474206D65BE
S31580E29D186D6F727920726567696F6E3A20616464E5
S31580E29D28723D256C6C782073697A653D256C6C7812
S31580E29D380A00696D616765206973206E6F742061B8
S31580E29D4820666474006664745F6869676800466161
S31580E29D58696C6564207573696E67206664745F688A
S31580E29D686967682076616C756520666F72204465DE
S31580E29D7876696365205472656500646576696365AC
S31580E29D882074726565202D20616C6C6F63617469DD
S31580E29D986F6E206572726F720A002020204C6F61A6
S31580E29DA864696E6720446576696365205472656581
S31580E29DB820746F2025702C20656E64202570202EF5
S31580E29DC82E2E2000666474206D6F76652066616942
S31580E29DD86C656400232320466C617474656E6564E1
S31580E29DE82044657669636520547265652066726F7C
S31580E29DF86D204C656761637920496D61676520618D
S31580E29E0874202530386C780A006664742068656147
S31580E29E1864657220636865636B73756D20696E76B7
S31580E29E28616C69640066647420636865636B7375E4
S31580E29E386D20696E76616C69640075496D616765E6
S31580E29E48206973206E6F7420612066647400754998
S31580E29E586D61676520697320636F6D707265737370
S31580E29E6865640075496D616765206461746120691E
S31580E29E7873206E6F74206120666474006664742051
S31580E29E886F7665727772697474656E002020204CED
S31580E29E986F6164696E67204644542066726F6D20EE
S31580E29EA830782530386C7820746F203078253038D1
S31580E29EB86C780A004552524F523A20446964206EC1
S31580E29EC86F742066696E64206120636D646C696E66
S31580E29ED86520466C617474656E656420446576694E
S31580E29EE8636520547265650A00232320466C617493
S31580E29EF874656E6564204465766963652054726527
S31580E29F08652066726F6D206D756C746920636F6DFE
S31580E29F18706F6E656E7420496D6167652061742025
S31580E29F282530386C580A00202020426F6F74696E9B
S31580E29F3867207573696E6720746865206664742025
S31580E29F48617420307825700A006664742073697AB1
S31580E29F586520213D20696D6167652073697A6500B0
S31580E29F6825732C206C696E653A25642C2075736599
S31580E29F782075626F6F7420626F6F74617267732186
S31580E29F880A004552524F523A202F63686F73656EC4
S31580E29F98206E6F64652063726561746520666169A7
S31580E29FA86C656400626F6F746D5F6C6F7700626F69
S31580E29FB86F746D5F73697A6500626F6F746D5F6DDA
S31580E29FC8617073697A6500256420427974657320C5
S31580E29FD83D2000556E6B6E6F776E204F5300556E3F
S31580E29FE86B6E6F776E2041726368697465637475A8
S31580E29FF8726500556E6B6E6F776E20496D61676527
S31580E2A00800556E6B6E6F776E20436F6D70726573F7
S31580E2A01873696F6E002573496D616765204E616D60
S31580E2A028653A202020252E2A730A002573496D6118
S31580E2A038676520547970653A2020200025732025AB
S31580E2A0487320257320282573290A002573446174B1
S31580E2A058612053697A653A202020200025734C6F67
S31580E2A068616420416464726573733A202530387876
S31580E2A0780A002573456E74727920506F696E743A58
S31580E2A0882020253038780A002573436F6E74656E12
S31580E2A09874733A0A002573202020496D616765202A
S31580E2A0A825643A20002573202020204F6666736552
S31580E2A0B874203D2030782530386C780A002D0023CC
S31580E2A0C823204C6F6164696E6720696E69742052D9
S31580E2A0D8616D6469736B2066726F6D204C6567612A
S31580E2A0E8637920496D616765206174202530386C13
S31580E2A0F878202E2E2E0A004E6F204C696E757820B7
S31580E2A10825732052616D6469736B20496D61676559
S31580E2A1180A0057726F6E672052616D6469736B20AD
S31580E2A128496D61676520466F726D61740A00232303
S31580E2A138204C6F6164696E6720696E69742052612A
S31580E2A1486D6469736B2066726F6D206D756C746968
S31580E2A15820636F6D706F6E656E74204C65676163A0
S31580E2A1687920496D616765206174202530386C787D
S31580E2A178202E2E2E0A00696E697472645F6869679A
S31580E2A188680072616D6469736B202D20616C6C6FF7
S31580E2A198636174696F6E206572726F720A0020203D
S31580E2A1A8204C6F6164696E672052616D6469736B76
S31580E2A1B820746F202530386C782C20656E642025D3
S31580E2A1C830386C78202E2E2E20006E6F6E650075E4
S31580E2A1D86E636F6D7072657373656400627A6970B7
S31580E2A1E83200627A69703220636F6D70726573735A
S31580E2A1F8656400677A697000677A697020636F6D53
S31580E2A20870726573736564006C7A6D61006C7A6DE1
S31580E2A2186120636F6D70726573736564006C7A6FC3
S31580E2A228006C7A6F20636F6D707265737365640014
S31580E2A238616973696D61676500446176696E6369B0
S31580E2A2482041495320696D6167650046696C65738B
S31580E2A258797374656D20496D616765006669726DAB
S31580E2A26877617265004669726D7761726500666CC0
S31580E2A27861745F647400466C6174204465766963D0
S31580E2A288652054726565006B65726E656C004B6518
S31580E2A298726E656C20496D616765006B65726E6585
S31580E2A2A86C5F6E6F6C6F6164004B65726E656C2075
S31580E2A2B8496D61676520286E6F206C6F6164696E8F
S31580E2A2C86720646F6E6529006B7762696D61676581
S31580E2A2D8004B69726B776F6F6420426F6F742049A7
S31580E2A2E86D61676500696D78696D6167650046725B
S31580E2A2F865657363616C6520692E4D5820426F6F80
S31580E2A3087420496D61676500496E76616C6964207F
S31580E2A318496D616765006D756C7469004D756C741D
S31580E2A328692D46696C6520496D616765006F6D6167
S31580E2A33870696D616765005449204F4D41502053DD
S31580E2A348504C205769746820475020434800706211
S31580E2A3586C696D61676500467265657363616C6594
S31580E2A3682050424C20426F6F7420496D61676500C8
S31580E2A37852414D4469736B20496D61676500736329
S31580E2A3887269707400536372697074007374616E73
S31580E2A39864616C6F6E65005374616E64616C6F6E36
S31580E2A3A8652050726F6772616D0075626C696D6166
S31580E2A3B8676500446176696E63692055424C206917
S31580E2A3C86D616765006D7873696D61676500467270
S31580E2A3D865657363616C65204D585320426F6F746F
S31580E2A3E820496D61676500496E76616C6964204FC4
S31580E2A3F853006C696E7578004C696E7578006E6587
S31580E2A40874627364004E6574425344006F736500E8
S31580E2A418456E6561204F534500706C616E39005018
S31580E2A4286C616E2039007274656D73005254454DC5
S31580E2A4385300752D626F6F7400552D426F6F7400ED
S31580E2A448496E76616C6964204152434800616C705A
S31580E2A458686100416C7068610061726D0041524DBD
S31580E2A46800496E74656C2078383600696136340046
S31580E2A47849413634006D36386B004D36384B006DBF
S31580E2A4886963726F626C617A65004D6963726F4265
S31580E2A4986C617A65006D697073004D495053006D41
S31580E2A4A86970733634004D495053203634204269F8
S31580E2A4B874006E696F7332004E494F5320494900E2
S31580E2A4C8706F776572706300506F7765725043007C
S31580E2A4D870706300733339300049424D2053333903
S31580E2A4E83000537570657248007370617263005309
S31580E2A4F8504152430073706172633634005350415F
S31580E2A50852432036342042697400626C61636B661A
S31580E2A518696E00426C61636B66696E00617672335E
S31580E2A52832004156523332006E64733332004E44FF
S31580E2A538533332006F72316B004F70656E524953F6
S31580E2A5484320313030300073616E64626F78005335
S31580E2A558616E64626F780065726F723A6C636420CA
S31580E2A568696E69742067642D3E66625F62617365AF
S31580E2A578203D3D20300A0065726F723A72656164E9
S31580E2A5885F6C6F676F5F64617461206661696C0A8C
S31580E2A598006C63640075626F6F7420646973706CB3
S31580E2A5A86179206C6364206C6F676F210A00636C43
S31580E2A5B87300636C6561722073637265656E0025EC
S31580E2A5C82E2A7300252A73002A2A20546F6F206D5B
S31580E2A5D8616E79206172677320286D61782E2025F5
S31580E2A5E86429202A2A0A00232320436F6D6D616E2F
S31580E2A5F86420746F6F206C6F6E67210A00766572CD
S31580E2A60800626F6F7464656C617900626F6F746300
S31580E2A6186D64006B65726E656C2D6F6666736574C4
S31580E2A628006B65726E6164647200726F6F746469DE
S31580E2A638736B2D6F666673657400726F6F7461648F
S31580E2A648647200626F6F7473656375726500232343
S31580E2A658204572726F723A2053656375726520621D
S31580E2A6686F6F7420636F6D6D616E64206E6F742098
S31580E2A6787370656369666965640A00232320457297
S31580E2A688726F723A20222573222072657475726E11
S31580E2A69865642028636F6465202564290A000A4870
S31580E2A6A8697420616E79206B657920746F20737482
S31580E2A6B86F70206175746F626F6F743A20253264A9
S31580E2A6C8200A000808082030000808082532642095
S31580E2A6D8003C494E544552525550543E0A007365E1
S31580E2A6E87269616C00436B73756D0078797A4D6F28
S31580E2A6F864656D202D202573206D6F64652C202579
S31580E2A7086428534F48292F256428535458292F25DE
S31580E2A718642843414E29207061636B6574732C20EB
S31580E2A728256420726574726965730A00556E6B6E6C
S31580E2A7386F776E206572726F7200426C6F636B2000
S31580E2A74873657175656E6365206572726F720043B3
S31580E2A75852432F636865636B73756D206572726F9A
S31580E2A7687200496E76616C6964206672616D696EA3
S31580E2A778670043616E63656C6C656400456E642050
S31580E2A7886F662066696C650054696D6564206F75CD
S31580E2A7987400536F7272792C207A4D6F64656D20DE
S31580E2A7A86E6F7420617661696C61626C6520796529
S31580E2A7B8740043616E2774206163636573732066F0
S31580E2A7C8696C65002825643A2564292056656E6495
S31580E2A7D86F723A2025732050726F642E3A20257361
S31580E2A7E8205265763A2025730A004D6F64656C3A85
S31580E2A7F8202573204669726D3A2025732053657247
S31580E2A808233A2025730A0056656E646F723A2025CC
S31580E2A81873205265763A2025732050726F643A2007
S31580E2A82825730A00646576696365207479706520A4
S31580E2A838444F430A00646576696365207479706576
S31580E2A84820756E6B6E6F776E0A00556E68616E6400
S31580E2A8586C65642064657669636520747970653AA7
S31580E2A8682025690A00202020202020202020202060
S31580E2A87820547970653A200052656D6F7661626C14
S31580E2A88865200048617264204469736B0043442002
S31580E2A898524F4D004F70746963616C2044657669E6
S31580E2A8A86365005461706500232025303258202381
S31580E2A8B80020202020202020202020202043617094
S31580E2A8C861636974793A20256C642E256C64204D1F
S31580E2A8D842203D20256C642E256C64204742202840
S31580E2A8E8256C64207820256C64290A0020202020A3
S31580E2A8F820202020202020204361706163697479BA
S31580E2A9083A206E6F7420617661696C61626C650A61
S31580E2A918000A506172746974696F6E204D617020A5
S31580E2A928666F7220004944450053415441005343BF
S31580E2A93853490041544150490055534200444F43DC
S31580E2A94800554E4B4E4F574E0020646576696365D7
S31580E2A95820256420202D2D20202050617274697470
S31580E2A968696F6E20547970653A2025730A0A004425
S31580E2A9784F5300232320556E6B6E6F776E2070617E
S31580E2A98872746974696F6E207461626C650A002AF2
S31580E2A9982A204261642064657669636520737065FE
S31580E2A9A863696669636174696F6E202573202573AE
S31580E2A9B8202A2A0A002A2A20426164206465766966
S31580E2A9C86365202573202573202A2A0A0053616E3F
S31580E2A9D864626F7820686F737400626F6F746465FF
S31580E2A9E876696365002A2A204E6F206465766963F4
S31580E2A9F86520737065636966696564202A2A0A0038
S31580E2AA086175746F002A2A204261642070617274CB
S31580E2AA186974696F6E207370656369666963617468
S31580E2AA28696F6E202573202573202A2A0A002A2A2E
S31580E2AA3820426164206465766963652073697A6514
S31580E2AA48202D202573202573202A2A0A002A2A20E7
S31580E2AA584E6F20706172746974696F6E2074616278
S31580E2AA686C65202D202573202573202A2A0A005713
S31580E2AA78686F6C65204469736B002A2A20496E7672
S31580E2AA88616C696420706172746974696F6E20257D
S31580E2AA9864202A2A0A002A2A204E6F2076616C6967
S31580E2AAA86420706172746974696F6E7320666F75FB
S31580E2AAB86E64202A2A0A002A2A20496E76616C69FF
S31580E2AAC86420706172746974696F6E2074797065D6
S31580E2AAD82022252E333273222028657870656374A6
S31580E2AAE82022552D426F6F7422290A006364683AE0
S31580E2AAF8746573745F706172745F646F7320444FB8
S31580E2AB08535F504152545F4D414749435F4F4646F2
S31580E2AB18534554206661696C210A006364683A7415
S31580E2AB286573745F706172745F646F7320444F53A8
S31580E2AB385F504152545F4D414749435F4F464653C2
S31580E2AB484554206F6B210A006364683A74657374AE
S31580E2AB585F706172745F646F7320444F535F5042D3
S31580E2AB68525F4653545950455F4F464653455420A3
S31580E2AB786F6B210A004641540046415433320063E2
S31580E2AB8864683A646F7320666174210A0063646854
S31580E2AB983A646F73206661743332210A00636468AB
S31580E2ABA83A746573745F706172745F646F7320441C
S31580E2ABB84F535F5042525F4653545950455F4F4612
S31580E2ABC846534554206661696C210A0020457874AB
S31580E2ABD8640020426F6F74002A2A2043616E2774CC
S31580E2ABE8207265616420706172746974696F6E201F
S31580E2ABF87461626C65206F6E2025643A2564202A2A
S31580E2AC082A0A000A3D3D3D3D3D3D3D3D3D3D3D3DBA
S31580E2AC183D3D3D3D3D3D3D3D3D3D3D3D6D6D63208B
S31580E2AC286D62722073746172743D3D3D3D3D3D3D7A
S31580E2AC383D3D3D3D3D3D3D3D3D3D3D3D3D3D3D3DD4
S31580E2AC483D3D3D3D3D3D3D3D3D3D3D3D0A00307806
S31580E2AC58257820000A3D3D3D3D3D3D3D3D3D3D3D1E
S31580E2AC683D3D3D3D3D3D3D3D3D3D3D3D3D6D6D631E
S31580E2AC78206D62722073746F703D3D3D3D3D3D3D72
S31580E2AC883D3D3D3D3D3D3D3D3D3D3D3D3D3D3D3D84
S31580E2AC983D3D3D3D3D3D3D3D3D3D3D3D0A0062619B
S31580E2ACA864204D425220736563746F7220736967BC
S31580E2ACB86E61747572652030782530327825303247
S31580E2ACC8780A0025336409252D31306409252D312A
S31580E2ACD8306409253038782D2530327809253032A6
S31580E2ACE878257325730A006864256325640073648E
S31580E2ACF82563256400757362642563256400646F41
S31580E2AD086364256325640078782563256400636433
S31580E2AD18683A746573745F706172745F646F732086
S31580E2AD2872656164206661696C210A006364683AC7
S31580E2AD38746573745F706172745F646F7320726531
S31580E2AD486164206F6B210A006364683A7465737480
S31580E2AD585F706172745F646F7320444F535F4D42D4
S31580E2AD6852206661696C210A006364683A74657385
S31580E2AD78745F706172745F646F7320444F535F4D82
S31580E2AD884252206F6B210A005061727409537461D2
S31580E2AD98727420536563746F72094E756D205365BC
S31580E2ADA863746F7273095555494409095479706514
S31580E2ADB80A006572722C20696E766C616964206716
S31580E2ADC870696F2C206973206770692C206E6F74A6
S31580E2ADD8206F7574707574210A006572722C206909
S31580E2ADE86E766C616964206770696F210A006366B2
S31580E2ADF8672070755F656E61626C6520696E7661E3
S31580E2AE086C6964210A006366672070755F73656C96
S31580E2AE1820696E76616C6964210A006366672070D0
S31580E2AE28645F656E61626C6520696E76616C696481
S31580E2AE38210A006366672070645F73656C20696EB9
S31580E2AE4876616C6964210A00636667206770696F58
S31580E2AE5820736861726570696E20617320677069B4
S31580E2AE686F20696E76616C6964210A005374617435
S31580E2AE787573204572726F723A2030782530385869
S31580E2AE880A0054696D656F75742077616974696EB5
S31580E2AE986720636172642072656164790A004D4D48
S31580E2AEA84320446576696365202564206E6F742045
S31580E2AEB8666F756E640A004D4D433A20626C6F6325
S31580E2AEC86B206E756D626572203078256C782065A8
S31580E2AED8786365656473206D6178283078256C7847
S31580E2AEE8290A006D6D63206661696C20746F207330
S31580E2AEF8656E642073746F7020636D640A006364A0
S31580E2AF08683A4D4D435F434D445F414C4C5F5345F0
S31580E2AF184E445F43494420457272210A006364685D
S31580E2AF283A4D4D435F434D445F53454E445F4353E9
S31580E2AF384420457272210A006364683A6D6D632D16
S31580E2AF483E76657273696F6E203D3D204D4D435F57
S31580E2AF5856455253494F4E5F554E4B4E4F574E21AB
S31580E2AF680A006364683A6E6F206D6D632D3E686988
S31580E2AF7867685F6361706163697479210A006364F3
S31580E2AF88683A736420636172642C206D6D632D3E2A
S31580E2AF9863617061636974795F757365723A3078F3
S31580E2AFA8256C6C7820626C6F636B73210A0063642C
S31580E2AFB8683A4D4D435F434D445F53454C45435450
S31580E2AFC85F4341524420457272210A006364683ABB
S31580E2AFD84D4D435F434D445F5345545F424C4F4327
S31580E2AFE84B4C454E20457272210A006364683A6D7D
S31580E2AFF86D632D3E63617061636974793A30782551
S31580E2B0086C6C7820210A006364683A6D6D635F73BD
S31580E2B018656E645F6578745F637364210A0063644E
S31580E2B028683A706172745F6E756D3A25642C206D2C
S31580E2B0386D635F7365745F63617061636974792058
S31580E2B048457272210A006364683A53445F535749EA
S31580E2B0585443485F535749544348206661696C2193
S31580E2B0680A006364683A6D6D632D3E636172645F5C
S31580E2B078636170733A307825782C204D4F444520A9
S31580E2B0884853206661696C210A004D616E2025303D
S31580E2B098367820536E72202530347825303478001D
S31580E2B0A8256325632563256325632563004D4D4323
S31580E2B0B83A206E6F20636172642070726573656E82
S31580E2B0C8740A004D4D433A2064657465637420635F
S31580E2B0D86172642070726573656E740A004D4D43C1
S31580E2B0E83A2068617320696E697420646F6E652C94
S31580E2B0F82072657475726E210A004D4D433A20615D
S31580E2B1086B206D6D632064726976657220696E69FB
S31580E2B1187420457272210A004D4D433A20616B20B4
S31580E2B1286D6D632064726D6D635F676F5F69646C72
S31580E2B1386520457272210A004D4D433A20616B20A3
S31580E2B1486D6D63206D6D635F73656E645F69665F5F
S31580E2B158636F6E6420457272210A004D4D433A2030
S31580E2B168616B206D6D632073645F73656E645F6F78
S31580E2B178705F636F6E6420457272210A0025733AA6
S31580E2B18820696E6974204F4B210A0025733A20257F
S31580E2B19864002563200063645F636C6B006E6F6E88
S31580E2B1A85F72656D6F766500736420646574656346
S31580E2B1B874202573206D6F6465210A0073642064A8
S31580E2B1C86574656374206770696F206D6F64653A2C
S31580E2B1D82564210A00445442206E6F206D6D6320F7
S31580E2B1E8696E666F0A006D6D635F7770006D6D6379
S31580E2B1F85F63640073656E6420636D6420256420F2
S31580E2B2086572726F722C20737461747573203D2037
S31580E2B21825780A006572726F722072657175657338
S31580E2B2286574210A007364312073686172652070DF
S31580E2B238696E210A0073657420736432206F7065C3
S31580E2B2486E20636C6B210A00736574207364322006
S31580E2B2587265736574210A00736432207368617259
S31580E2B268652070696E210A0073643320736861729F
S31580E2B278652070696E210A0025733A20457272202C
S31580E2B2886E6F20737563682064657620696E64657F
S31580E2B298783A2564210A0025733A457272207379D1
S31580E2B2A87374656D20636C6B20636667210A00732D
S31580E2B2B8657420746865206E756D626572206F6646
S31580E2B2C820777269746520626C6F636B7320746F22
S31580E2B2D8206265207072652D657261736564206689
S31580E2B2E861696C6564210A00626C6F636B207277B0
S31580E2B2F820636F6D6D616E642025642069732066B4
S31580E2B30861696C6564210A00637263206572726F93
S31580E2B31872206F722074696D656F75742C207374F0
S31580E2B328617475732069732025780A0025733A72E9
S31580E2B3386561642064617461206661696C65642113
S31580E2B3480A0025733A7772697465206461746120AC
S31580E2B3586661696C6564210A0025733A2073642004
S31580E2B36863617264206366672062757320776964B5
S31580E2B3786520657272210A006364683A6D6D632D91
S31580E2B3883E696F737365745F666C6167206E6F2062
S31580E2B39876616C6964210A006D6D635F7364006629
S31580E2B3A86474206572723A25640A006361702D734B
S31580E2B3B8642D686967687370656564006361702D7A
S31580E2B3C87364696F2D69727100706F7765722D701B
S31580E2B3D8696E73006465746563742D6770696F005E
S31580E2B3E86E6F6E2D72656D6F7661626C65000A0AA4
S31580E2B3F843617574696F6E2120596F757220646531
S31580E2B40876696365732045726173652067726F75C5
S31580E2B4187020697320307825780A546865206572C9
S31580E2B4286173652072616E676520776F756C6420DB
S31580E2B4386265206368616E676520746F203078255F
S31580E2B4486C787E3078256C780A0A006D6D632065A3
S31580E2B45872617365206661696C65640A006D6D6305
S31580E2B468207772697465206661696C65640A00553D
S31580E2B4782D426F6F74204255472061742025733AB6
S31580E2B4882564210A006D7464636F72652E630052C7
S31580E2B498656D6F76696E67204D544420646576697A
S31580E2B4A863652023256420282573292077697468B3
S31580E2B4B82075736520636F756E742025640A006D46
S31580E2B4C8656D6F727920616C6C6F636174696F6E9A
S31580E2B4D8206572726F72207768696C65206372651F
S31580E2B4E86174696E6720706172746974696F6E736C
S31580E2B4F820666F7220222573220A006D74643A20D0
S31580E2B508706172746974696F6E202225732220696C
S31580E2B51873206F7574206F66207265616368202D6B
S31580E2B5282D2064697361626C65640A006D74643A9D
S31580E2B53820706172746974696F6E20222573222085
S31580E2B548657874656E6473206265796F6E6420745B
S31580E2B558686520656E64206F6620646576696365D2
S31580E2B5682022257322202D2D2073697A6520747214
S31580E2B578756E636174656420746F2025236C6C78BC
S31580E2B5880A006D7464706172742E63006D74643A35
S31580E2B59820706172746974696F6E20222573222025
S31580E2B5A8646F65736E2774207374617274206F6E2C
S31580E2B5B820616E20657261736520626C6F636B20B1
S31580E2B5C8626F756E64617279202D2D20666F726363
S31580E2B5D86520726561642D6F6E6C790A006D74649C
S31580E2B5E83A20706172746974696F6E2022257322BB
S31580E2B5F820646F65736E277420656E64206F6E2093
S31580E2B608616E20657261736520626C6F636B202D53
S31580E2B6182D20666F72636520726561642D6F6E6C2C
S31580E2B628790A0053463A204661696C656420746FEC
S31580E2B6382073657420757020736C6176650A005391
S31580E2B648463A204661696C656420746F20636C6152
S31580E2B658696D20535049206275733A2025640A0041
S31580E2B66853463A204661696C656420746F20676543
S31580E2B67874206964636F6465730A006572726F72B7
S31580E2B6882072656164696E67204A4544454320565F
S31580E2B698455253494F4E0A00636F6E666967207357
S31580E2B6A87069666C6173682071756164206D6F6418
S31580E2B6B865206661696C2E207472616E7366657246
S31580E2B6C820757365203120776972652E0A006E6F60
S31580E2B6D872300053463A205761726E696E67202D42
S31580E2B6E820466173682073697A65204265796F6E50
S31580E2B6F8642031364D69422061636365737369629A
S31580E2B7086C650A0053463A206661696C20746F203C
S31580E2B7187265616420737461747573207265676992
S31580E2B728737465720A00706F776572206F6E207324
S31580E2B7387069206E6F72666C61736820344220612C
S31580E2B748646472657373206D6F64652C206D75739E
S31580E2B758742073776974636820746F203342206D2E
S31580E2B7686F6465210A0053463A206661696C2074E3
S31580E2B7786F20777269746520737461747573207249
S31580E2B788656769737465720A00706F776572206F90
S31580E2B7986E20737069206E6F72666C61736820338F
S31580E2B7A8422061646472657373206D6F6465210AF1
S31580E2B7B80053463A20556E737570706F727465647D
S31580E2B7C820666C617368204944733A20006D616E25
S31580E2B7D8756620253032782C206A65646563202573
S31580E2B7E83034782C206578745F6A656465632025D1
S31580E2B7F83034780A006174323566733031300061EC
S31580E2B808743235667330343000617432356466304A
S31580E2B818343161006174323564663634310061747C
S31580E2B82832366630303400617432366466303831A6
S31580E2B8386100617432366466313631610061743230
S31580E2B848366466333231006D7832356C3332303570
S31580E2B85864006B6832356C3634006B6832356C312D
S31580E2B8683238006D7832356C313238353565007369
S31580E2B8783235736C3030346100733235736C303004
S31580E2B888386100733235736C303136610073323524
S31580E2B898736C3033326100733235736C30363461AF
S31580E2B8A800733235736C3132383030007332357327
S31580E2B8B86C313238303100733235666C31323970F8
S31580E2B8C83000733235666C31323970310073737495
S31580E2B8D83235766630343062007373743235766622
S31580E2B8E83038306200737374323576663031366258
S31580E2B8F800737374323576663033326200737374EA
S31580E2B908323577663531320073737432357766301D
S31580E2B9183130007373743235776630323000737340
S31580E2B9287432357766303430006D323570303500B2
S31580E2B9386D3235703130006D3235703230006D32AD
S31580E2B94835703430006D3235703830006D3235708E
S31580E2B9583136006D3235703332006D3235703634B9
S31580E2B968006D323570313238006D3435706531307C
S31580E2B978006D343570653830006D34357065313632
S31580E2B988006D323570653830006D32357065313626
S31580E2B9980077323578313000773235783230007751
S31580E2B9A83235783430007732357838300077323548
S31580E2B9B878313600773235783332007732357836F1
S31580E2B9C834007732357136346676007732357136B9
S31580E2B9D8346A7600773235713132380067643235C7
S31580E2B9E8713634620067643235713634630067646F
S31580E2B9F83235713132380077623235713235360016
S31580E2BA08676432357132353600786D32357168362B
S31580E2BA18346100786D323571683132386100504E62
S31580E2BA2832366636344200786D323571683634633A
S31580E2BA3800786D3235716831323863004259323571
S31580E2BA48513634415353494700425932355131329E
S31580E2BA5838415353494700464D32355136340046CC
S31580E2BA684D3235513132380044532D464D323551B7
S31580E2BA78363441005A42323556513332005A4232CE
S31580E2BA883556513634005A423235565131323800BB
S31580E2BA985854323546363442005854323546313275
S31580E2BAA83842006E6D3235713634657662006E6D77
S31580E2BAB832357131323865766200656E32350065C7
S31580E2BAC8726173653A207370695F666C6173685FE9
S31580E2BAD8636D645F7772697465206661696C0D0A65
S31580E2BAE8006765745F666561747572652074696DF1
S31580E2BAF8656F7574207374617475733A25780A0074
S31580E2BB087370695F6E616E645F6572617365207377
S31580E2BB1870696E616E64206E6F7420696E69740DE9
S31580E2BB280A00776169745F636D645F66696E6973DB
S31580E2BB3868206661696C20737461747573203D3D13
S31580E2BB48205354415455535F455F4641494C0D0A4B
S31580E2BB58006572726F723A206572617365206F66EC
S31580E2BB6866736574206D6F642065726173655F7351
S31580E2BB78697A6520213D20300D0A006572726F72FE
S31580E2BB883A206572617365206C656E206D6F6420FC
S31580E2BB9865726173655F73697A6520213D20300D30
S31580E2BBA80A006572726F723A207370695F6E616EAF
S31580E2BBB8645F6572617365206661696C2C20616475
S31580E2BBC864723A25640D0A0065726173653A207279
S31580E2BBD8656164207370695F666C6173685F636DC3
S31580E2BBE8645F7772697465206661696C0D0A0077AD
S31580E2BBF86169745F636D645F66696E69736820659F
S31580E2BC0872726F722C20706167653A25640A0065E4
S31580E2BC18726173653A207370695F666C6173685F97
S31580E2BC28636D645F72656164206661696C0D0A00A2
S31580E2BC387370695F6E616E645F726561645F6E6F11
S31580E2BC4865636320736574206E6F2065636320661F
S31580E2BC5861696C0D0A007220656363206765745FAB
S31580E2BC6866656174757265206661696C200D0A0085
S31580E2BC787220656363206572726F722073723A25E9
S31580E2BC88780D0A00636865636B5F4543435F737447
S31580E2BC9861747573206572726F722C207061676544
S31580E2BCA83A25640A006572726F723A7370696E61D8
S31580E2BCB86E645F666C6173685F726561645F7061AA
S31580E2BCC86765206D6F7265207468616E2070616742
S31580E2BCD8652073697A650D0A006572726F723A73C6
S31580E2BCE870695F6E616E645F7265616420666169C0
S31580E2BCF86C2C20706167653A25640D0A0073706959
S31580E2BD085F6E616E645F7772697465207370696E5F
S31580E2BD18616E64206E6F7420696E69740D0A0077AD
S31580E2BD28726974653A207772697465207370695F9F
S31580E2BD38666C6173685F636D645F77726974652048
S31580E2BD486661696C0D0A006661696C207374617458
S31580E2BD587573203D3D205354415455535F505F4699
S31580E2BD6841494C0D0A006572726F723A666C61736C
S31580E2BD7868203D3D204E554C4C0D0A006572726F27
S31580E2BD88723A7370695F6E616E645F7772697465C1
S31580E2BD98206661696C2C20706167653A25640D0AB4
S31580E2BDA8004E616E645F4973426164426C6F636B95
S31580E2BDB8207772697465206F6F62206661696C208C
S31580E2BDC86E416273506167653A256C640A007468ED
S31580E2BDD86520626C6F636B20256C642069732062D0
S31580E2BDE8616420626C6F636B2C206E6F206E656572
S31580E2BDF864207365740A007365745F666561747539
S31580E2BE087265206661696C2C20616E64206E6F2093
S31580E2BE187772697465200D0A005350494E414E4443
S31580E2BE280071756164206765745F666561747572B1
S31580E2BE3865206661696C200D0A00717561642073FC
S31580E2BE4865745F66656174757265206661696C2082
S31580E2BE580D0A006E616E6430006572726F723A2006
S31580E2BE686E6F742066696E64206D61746368207390
S31580E2BE7870696E616E64666C617368207370696EF0
S31580E2BE88616E64666C61736869643A25780A0074DF
S31580E2BE98686520626C6F636B2069732062616420D7
S31580E2BEA8626C6F636B203D2025640A006572726F4F
S31580E2BEB8723A206572617365206661696C2C2073BB
S31580E2BEC8657420626164626C636F6B3A2073746135
S31580E2BED872745F706F73203D2025640A0065727202
S31580E2BEE86F723A20616C6C20626C6F636B20697347
S31580E2BEF8206261642C20706C732063686B0A00652B
S31580E2BF0872726F723A206D6F7265207468616E2004
S31580E2BF18706172746974696F6E2073697A652C20B0
S31580E2BF2873617665645F73697A65203D2025642C42
S31580E2BF382077726974655F73697A653A25640A005F
S31580E2BF486572726F723A207370696E616E645F664B
S31580E2BF586C6173685F726561642C20706F733A25D1
S31580E2BF68640A006572726F723A206275665F6C6502
S31580E2BF786E206D6F642028666C6173682D3E7061F1
S31580E2BF8867655F73697A65202B20666C6173682DB5
S31580E2BF983E6F6F625F73697A652920213D20303A68
S31580E2BFA825642C2025642C2025640A006572726F2C
S31580E2BFB8723A207370696E616E642077726974650D
S31580E2BFC8206661696C2C20616E64207365742062D8
S31580E2BFD86164626C6F636B2C207772697465206E1C
S31580E2BFE865787420626C6F636B2C20706F733A2568
S31580E2BFF8640A006572726F723A206275665F6C6572
S31580E2C0086E3A25642C202028666C6173682D3E7012
S31580E2C0186167655F73697A65202B20666C617368F0
S31580E2C0282D3E6F6F625F73697A652920213D2030E4
S31580E2C0383A25642C2025640A00474435473147511E
S31580E2C04834550047443547324751345500474435DD
S31580E2C058473447513455005053553147513455008A
S31580E2C0684146533147513455414157433200504E48
S31580E2C0783236473031415753495547004D58333563
S31580E2C0884C4631474534414200474435463247516A
S31580E2C0983455420047443546314751345542004685
S31580E2C0A84D32355330314100464D32355330324187
S31580E2C0B80047443546314751355545594947004742
S31580E2C0C844354632475135554559494700585432E1
S31580E2C0D83647313042005732354E3031475600576F
S31580E2C0E832354E30324B560058543236473031412B
S31580E2C0F800585432364730324100465333354E443F
S31580E2C10830314700465333354E443032470058542F
S31580E2C118323647303245005854323647303143005A
S31580E2C1284D5833354C463247453441440020202029
S31580E2C1380D4572617365696E672C20257A752525AA
S31580E2C14820256C7520422F730070687920736F669C
S31580E2C1587477617265207265736574204F4B0A0045
S31580E2C16870687920736F6677617265207265736528
S31580E2C178742074696D656F7574210A00676D6163F1
S31580E2C1883A2074782074696D656F75740A006765FC
S31580E2C198745F6574685F72657365745F6770696F8B
S31580E2C1A8206664745F636865636B5F68656164650E
S31580E2C1B872206572723A25640A006765745F6574EF
S31580E2C1C8685F72657365745F6770696F20666474A9
S31580E2C1D86465635F6E6578745F636F6D7061746959
S31580E2C1E8626C65206572723A25640A0072657365C7
S31580E2C1F8742D6770696F73006770696F3A2025647A
S31580E2C2080A0025732C206C696E653A25642C2045D4
S31580E2C21872722C204E6F742066696E64207068791B
S31580E2C2282072657365742D6770696F732C677069A0
S31580E2C2386F5F696E6465783A2564200A0074696D71
S31580E2C248656F757420696E2077616974696E672097
S31580E2C25870687920746F2069646C65210A0063646A
S31580E2C268683A25732C7068795F776169745F696467
S31580E2C2786C6520657272210A007068792072656140
S31580E2C2886420706879206374726C20776169746956
S31580E2C2986E67204572726F720A00706879207265DD
S31580E2C2A8616420706879206964312077616974698C
S31580E2C2B86E67204572726F722C646174613D307864
S31580E2C2C825780A00706879207265616420706879D9
S31580E2C2D8206964322077616974696E672045727273
S31580E2C2E86F722C646174613D307825780A004572F4
S31580E2C2F8726F7220696E205478204465736372691E
S31580E2C30870746F7273206D656D6F727920616C6C73
S31580E2C3186F636174696F6E0A004572726F72206923
S31580E2C3286E2052782044657363726970746F7220E6
S31580E2C3384D656D6F727920616C6C6F636174696F3C
S31580E2C3486E20696E2052696E67206D6F64650A0099
S31580E2C3584E6F204C696E6B0A004C696E6B2069736E
S31580E2C3682077697468203130304D20537065656472
S31580E2C3782C2046554C4C4455504C4558206D6F649C
S31580E2C388650A004C696E6B20697320776974682048
S31580E2C39831304D2053706565642C2048414C4644C3
S31580E2C3A855504C4558206D6F6465200A004E6F20C3
S31580E2C3B866696E642070687920736D616C6C206240
S31580E2C3C86F617264210A0025732C206E6F2066697C
S31580E2C3D86E642070687920646576696365210A00EF
S31580E2C3E86F6E6C7920737570706F7274206F6E657C
S31580E2C3F8206574685F646576696365210A006D61A4
S31580E2C4086C6C6F63206574685F64657669636520C2
S31580E2C418737061636520457272210A006D616C6C86
S31580E2C4286F63206574685F646576696365206164B5
S31580E2C43861707465722073706163652045727221DA
S31580E2C4480A006572726F7220696E20676D61635F3A
S31580E2C458646576696365206D656D6F727920616C56
S31580E2C4686C6F63617461696F6E200A0025732D258E
S31580E2C4786875006574680043616E6E6F74206669DC
S31580E2C4886E6420636F6E736F6C650A0023232042A5
S31580E2C4986175647261746520256420627073206EAA
S31580E2C4A86F7420737570706F727465640A002323E3
S31580E2C4B8204261756472617465206D6179206E6F60
S31580E2C4C8742062652064656C657465640A005350FD
S31580E2C4D849206572726F723A20756E737570706FE5
S31580E2C4E872746564206275732025692E20090909AC
S31580E2C4F8537570706F727465642062757373657351
S31580E2C5082030202D20310A00535049206572726FFF
S31580E2C518723A20756E737570706F72746564206690
S31580E2C52872657175656E637920256920487A2E2051
S31580E2C5380909094D6178206672657175656E637958
S31580E2C5482069732025642F31303030303030204DE9
S31580E2C558687A0A00535049206572726F723A206D82
S31580E2C568616C6C6F63206F662053504920737472D6
S31580E2C578756374757265206661696C65640A0072B2
S31580E2C588656164207761736E27742066696E697364
S31580E2C5986865642E0A00737069206D6173746572CA
S31580E2C5A8207472616E736665722064617461206557
S31580E2C5B872726F72210A006D617374657220777286
S31580E2C5C869746520646174612074696D656F7574D8
S31580E2C5D82E0A007761697420666F722077726974B1
S31580E2C5E86520646174612066696E6973682074691E
S31580E2C5F86D656F75742E2E0A007772697465207779
S31580E2C60861736E27742066696E69736865642E0A3B
S31580E2C6180025733A206C325F636F6D6275665F7769
S31580E2C6286169745F646D615F66696E697368206665
S31580E2C63861696C6564210A0025733A2077616974B9
S31580E2C6485F666F725F7370695F636E745F746F5FE4
S31580E2C6587A65726F206661696C6564210A00257362
S31580E2C6683A207761697420666F72207370692063F5
S31580E2C6786F756E7420746F207A65726F2066616951
S31580E2C6886C6564210A0025733A206C325F616C6CB2
S31580E2C6986F63206661696C6564210A00736F7272E2
S31580E2C6A8792C206E6F7420737570706F7274206443
S31580E2C6B875706C6578206D6F6465206E6F772E0A6B
S31580E2C6C80070616E656C2D696E69742D6C69737420
S31580E2C6D800616B5F66623A206664746465635F7064
S31580E2C6E87265706172655F666474206572726F7274
S31580E2C6F80A00616B5F66623A2043616E277420673F
S31580E2C708657420646576696365206E6F64650A0080
S31580E2C718616B5F66623A2043616E2774206765744F
S31580E2C728206C63642070616E6E656C206E6F6465E2
S31580E2C73820666F722066696D640A00636F6D706148
S31580E2C7487469626C650070616E656C2D69660072EB
S31580E2C758657365742D70696E7300636F756C64209A
S31580E2C7686E6F7420676574206D6970692070616E7A
S31580E2C7786E656C2064657669636520726573657437
S31580E2C7882070696E0A00636F756C64206E6F742020
S31580E2C798676574207267622070616E6E656C20646C
S31580E2C7A865766963652072657365742070696E0A59
S31580E2C7B8007077722D6770696F00636F756C64209D
S31580E2C7C86E6F7420676574206C636420646576692D
S31580E2C7D8636520706F7765722070696E0A006C6394
S31580E2C7E8642D66622D74797065006C63642D6C6F56
S31580E2C7F8676F2D7769647468006C63642D6C6F6704
S31580E2C8086F2D686569676874006C63642D6C6F6701
S31580E2C8186F2D666D7430006C63642D6C6F676F2D57
S31580E2C828666D7431006C63642D6C6F676F2D726709
S31580E2C838622D736571006C63642D6C6F676F2D6111
S31580E2C8482D6C6F636174696F6E006C63642D616CC5
S31580E2C85861726D2D656D707479006C63642D616C9F
S31580E2C86861726D2D66756C6C006C63642D646D61A6
S31580E2C8782D6D6F6465006C63642D64756D6D792DBD
S31580E2C888736571006C63642D7267622D7365712DB1
S31580E2C89873656C006C63642D7267622D6F64642DB8
S31580E2C8A8736571006C63642D7267622D6576656E59
S31580E2C8B82D736571006C63642D7267622D7470677F
S31580E2C8C82D73656C006C63642D76706167652D6582
S31580E2C8D86E006C63642D626C616E6B2D73656C00A1
S31580E2C8E86C63642D706F732D626C616E6B2D6C65F3
S31580E2C8F876656C006C63642D6E65672D626C616E1D
S31580E2C9086B2D6C6576656C006C63642D7267622D3F
S31580E2C91862672D636F6C6F72006C63642D76682D27
S31580E2C92864656C61792D656E006C63642D76682D1D
S31580E2C93864656C61792D6379636C65006C63642DDB
S31580E2C948762D756E6974006C63642D616C6572749C
S31580E2C9582D6C696E650070616E656C2D7267622DED
S31580E2C9687365710070616E656C2D776964746800B1
S31580E2C97870616E656C2D6865696768740070616E52
S31580E2C988656C2D70636C6B2D6469760070616E657B
S31580E2C9986C2D6473692D6E756D2D6C616E65007094
S31580E2C9A8616E656C2D6473692D747864300070618C
S31580E2C9B86E656C2D6473692D747864310070616E6E
S31580E2C9C8656C2D6473692D747864320070616E6566
S31580E2C9D86C2D6473692D747864330070616E656C4E
S31580E2C9E82D6473692D747864340070616E656C2D7C
S31580E2C9F86473692D6E6F6E636F6E74696E756F752B
S31580E2CA08732D636C6B0070616E656C2D6473692D32
S31580E2CA18742D7072650070616E656C2D6473692D14
S31580E2CA28742D706F73740070616E656C2D647369B2
S31580E2CA382D74782D6761700070616E656C2D6473F4
S31580E2CA48692D6175746F696E736572742D656F741D
S31580E2CA58700070616E656C2D6473692D6874782DCB
S31580E2CA68746F2D636F756E740070616E656C2D647C
S31580E2CA7873692D6C72782D746F2D636F756E740081
S31580E2CA8870616E656C2D6473692D6274612D746F45
S31580E2CA982D636F756E740070616E656C2D64736953
S31580E2CAA82D742D77616B6575700070616E656C2D7E
S31580E2CAB86473692D7069782D6669666F2D73656E04
S31580E2CAC8642D6C6576656C0070616E656C2D647339
S31580E2CAD8692D69662D636F6C6F722D636F64696EFB
S31580E2CAE8670070616E656C2D6473692D7069782D47
S31580E2CAF8666F726D61740070616E656C2D647369C0
S31580E2CB082D7673796E632D706F6C0070616E656CCD
S31580E2CB182D6473692D6873796E632D706F6C0070FE
S31580E2CB28616E656C2D6473692D766964656F2D6DAA
S31580E2CB386F64650070616E656C2D6473692D6866D5
S31580E2CB48700070616E656C2D6473692D6862700021
S31580E2CB5870616E656C2D6473692D687361007061AE
S31580E2CB686E656C2D6473692D6D756C742D706B743E
S31580E2CB78732D656E0070616E656C2D6473692D76B2
S31580E2CB8862700070616E656C2D6473692D7666706D
S31580E2CB980070616E656C2D6473692D7673610070C1
S31580E2CBA8616E656C2D6473692D626C6C702D6D6F28
S31580E2CBB864650070616E656C2D6473692D75736545
S31580E2CBC82D6E756C6C2D706B742D626C6C7000704A
S31580E2CBD8616E656C2D6473692D76630070616E652E
S31580E2CBE86C2D6473692D636D642D7479706500703C
S31580E2CBF8616E656C2D6473692D636C6B0070616E12
S31580E2CC08656C2D746870770070616E656C2D7468DA
S31580E2CC18620070616E656C2D7468660070616E651F
S31580E2CC286C2D747670770070616E656C2D747662A1
S31580E2CC380070616E656C2D7476660070616E656CE7
S31580E2CC482D70636C6B2D706F6C0070616E656C2DE8
S31580E2CC586873796E632D706F6C0070616E656C2D8A
S31580E2CC687673796E632D706F6C0070616E656C2D6C
S31580E2CC78766F676174652D706F6C0070616E656C36
S31580E2CC882D6275732D776964746800616C6C6F6365
S31580E2CC98206C63646320696E666F2062756666657A
S31580E2CCA872206572726F720A00616C6C6F63206CB7
S31580E2CCB863646320696E666F206275666665723242
S31580E2CCC8206572726F720A006572722C20676574CB
S31580E2CCD82064746220616E64207061727365206C70
S31580E2CCE8636420706172616D65746572210A0045BC
S31580E2CCF872723A6E6F206C636420736861726570D3
S31580E2CD08696E20706172616D65746572210A00616F
S31580E2CD186C6C6F63206C6364632064736920696EEC
S31580E2CD28666F20627566666572206572726F720AD0
S31580E2CD38006173696320706C6C2069732025644D89
S31580E2CD48487A210A004572723A6E6F206D707520B4
S31580E2CD58736861726570696E20706172616D6574FF
S31580E2CD686572210A0070616E656C2D646174612D4D
S31580E2CD7877696474680070616E656C2D636F6C6F39
S31580E2CD88722D6D6F64650070616E656C2D72732DA0
S31580E2CD98706F6C61726974790070616E656C2D77FB
S31580E2CDA8722D6379636C650070616E656C2D77723E
S31580E2CDB82D6C6F770070616E656C2D646972656340
S31580E2CDC874696F6E004D50552050414E454C20494E
S31580E2CDD8442025780A006D70752070697820666F20
S31580E2CDE8726D6174203D2025780A00646973706CDF
S31580E2CDF86179206F6B210A006C63645F6469736191
S31580E2CE08626C650D0A006865617274626561742098
S31580E2CE183D2025780A004641543A204D6973616C73
S31580E2CE2869676E65642062756666657220616464A8
S31580E2CE387265737320282570290A00464154333275
S31580E2CE482020200046415431322020200046415499
S31580E2CE58313620202000496E76616C69642046412D
S31580E2CE685420656E7472790A0055AA002A2A2050DF
S31580E2CE786172746974696F6E202564206E6F74209E
S31580E2CE8876616C6964206F6E206465766963652075
S31580E2CE982564202A2A0A004572726F723A20464130
S31580E2CEA85420736563746F722073697A65206D693D
S31580E2CEB8736D61746368202866733D2568752C20D6
S31580E2CEC86465763D256C75290A002020202020207D
S31580E2CED8202020202020257325630A002025386C0F
S31580E2CEE864202020257325630A000A256420666962
S31580E2CEF86C652873292C2025642064697228732935
S31580E2CF080A0A004572726F722072656164696E6799
S31580E2CF1820636C75737465720A004E6F206375724E
S31580E2CF2872656E74206465766963650A00496E7413
S31580E2CF386572666163653A202000556E6B6E6F771F
S31580E2CF486E000A20204465766963652025643A2066
S31580E2CF58000A4E6F2076616C6964204641542066E9
S31580E2CF687320666F756E640A0046696C65737973B9
S31580E2CF7874656D3A20257320222573220A0072652C
S31580E2CF886164696E672025730A002A2A20556E61D4
S31580E2CF98626C6520746F20726561642066696C656F
S31580E2CFA8202573202A2A0A0043616E2774206C6939
S31580E2CFB873742066696C657320776974686F7574B3
S31580E2CFC820612066696C6573797374656D210A00E0
S31580E2CFD825732F25730043616E2774206C6F616415
S31580E2CFE82066696C6520776974686F75742061203C
S31580E2CFF866696C6573797374656D210A002A2A20DD
S31580E2D008556E7265636F676E697A65642066696C68
S31580E2D0186573797374656D2074797065202A2A0A36
S31580E2D028002A2A20556E61626C6520746F207772B9
S31580E2D0386974652066696C65202573202A2A0A0048
S31580E2D048626F6F7466696C65002A2A204E6F206269
S31580E2D0586F6F742066696C6520646566696E65645F
S31580E2D068202A2A0A002A2A2045727220646F206CB6
S31580E2D0786F61642061646472657373206265796F37
S31580E2D0886E642075626F6F742072616E6765202A9E
S31580E2D0982A0A002564206279746573207265616460
S31580E2D0A820696E20256C75206D7300202800256422
S31580E2D0B8206279746573207772697474656E206903
S31580E2D0C86E20256C75206D73003C76616C696420F0
S31580E2D0D86F66667365742F6C656E6774683E003C2E
S31580E2D0E86E6F206572726F723E003C756E6B6E6F04
S31580E2D0F8776E206572726F723E004644545F45527F
S31580E2D108525F4E4F54464F554E44004644545F450F
S31580E2D11852525F455849535453004644545F4552E8
S31580E2D128525F4E4F5350414345004644545F455201
S31580E2D138525F4241444F4646534554004644545F03
S31580E2D1484552525F42414450415448004644545FF6
S31580E2D1584552525F424144535441544500464454F1
S31580E2D1685F4552525F5452554E43415445440046B8
S31580E2D17844545F4552525F4241444D4147494300D8
S31580E2D1884644545F4552525F42414456455253495A
S31580E2D1984F4E004644545F4552525F42414453548F
S31580E2D1A852554354555245004644545F4552525F60
S31580E2D1B84241444C41594F555400256C6C75204286
S31580E2D1C879746573257300256C75002E256C640069
S31580E2D1D820256369422573002025302A780020209D
S31580E2D1E8202025730A00252E2A732564004E6F2097
S31580E2D1F876616C69642046445420666F756E642055
S31580E2D2082D20706C6561736520617070656E64202F
S31580E2D2186F6E6520746F20552D426F6F7420626938
S31580E2D2286E6172792C2075736520752D626F6F74C5
S31580E2D2382D6474622E62696E206F722064656669F7
S31580E2D2486E6520434F4E4649475F4F465F454D429E
S31580E2D25845442E20466F722073616E64626F782C25
S31580E2D26820757365202D64203C66696C652E64742E
S31580E2D278623E0A002F636F6E666967003C6E6F6E68
S31580E2D288653E00616E796B612C616B3337652D6C17
S31580E2D29863642D6374726C00616E796B612C616B69
S31580E2D2A83337652D6D6D633000616E796B612C6104
S31580E2D2B86B3337652D6D6D633100616E796B612CE9
S31580E2D2C8616B3337652D6D6D633200616E796B61A3
S31580E2D2D82C616B3337652D65746865726E6574008B
S31580E2D2E8616E796B612C616B3337652D6574686520
S31580E2D2F8726E657431006E76696469612C746567ED
S31580E2D308726132302D65686369006E766964696137
S31580E2D3182C746567726133302D65686369006E7651
S31580E2D328696469612C74656772613131342D656827
S31580E2D3386369006E76696469612C746567726131C6
S31580E2D34831342D693263006E76696469612C74655D
S31580E2D35867726132302D693263006E76696469611B
S31580E2D3682C746567726132302D6932632D64766317
S31580E2D378006E76696469612C746567726132302DF4
S31580E2D388656D63006E76696469612C74656772613E
S31580E2D39832302D656D632D7461626C65006E7669D7
S31580E2D3A86469612C746567726132302D6B626300E1
S31580E2D3B86E76696469612C746567726132302D6E46
S31580E2D3C8616E64006E76696469612C746567726100
S31580E2D3D832302D70776D006E76696469612C74657A
S31580E2D3E867726132302D6463006E76696469612C96
S31580E2D3F8746567726133302D7364686369006E762B
S31580E2D408696469612C746567726132302D73646808
S31580E2D4186369006E76696469612C746567726132E4
S31580E2D428302D73666C617368006E76696469612C07
S31580E2D438746567726132302D736C696E6B006E76D5
S31580E2D448696469612C74656772613131342D7370F0
S31580E2D4586900736D73632C6C616E39323135007392
S31580E2D468616D73756E672C6578796E6F732D7372DD
S31580E2D4786F6D630073616D73756E672C7333633298
S31580E2D4883434302D6932630073616D73756E672C3F
S31580E2D4986578796E6F732D736F756E6400776F6CCE
S31580E2D4A866736F6E2C776D383939342D636F6465A0
S31580E2D4B8630073616D73756E672C6578796E6F73C9
S31580E2D4C82D73706900676F6F676C652C63726F7313
S31580E2D4D82D656300676F6F676C652C63726F732D5A
S31580E2D4E865632D6B6579620073616D73756E672C02
S31580E2D4F86578796E6F732D656863690073616D739C
S31580E2D508756E672C6578796E6F732D7573622D707B
S31580E2D51868790073616D73756E672C6578796E6F5D
S31580E2D528732D746D750073616D73756E672C65788E
S31580E2D538796E6F732D66696D640073616D73756E4E
S31580E2D548672C6578796E6F73352D64700073616DBB
S31580E2D55873756E672C6578796E6F73353235302DD3
S31580E2D56864776D6D630073616D73756E672C65782C
S31580E2D578796E6F73343231302D75617274006D61F4
S31580E2D58878696D2C6D617837373638365F706D69B4
S31580E2D59863007370692D666C617368006D61786982
S31580E2D5A86D2C6D617839383039352D636F646563F2
S31580E2D5B800696E66696E656F6E2C736C6239363396
S31580E2D5C8352D74706D00696E66696E656F6E2C7343
S31580E2D5D86C62393634352D74706D0073616D73758E
S31580E2D5E86E672C6578796E6F73352D6873693263E9
S31580E2D5F800232323204552524F52202323232050AF
S31580E2D6086C6561736520524553455420746865207C
S31580E2D618626F617264202323230A00232320455202
S31580E2D628524F523A20756E737570706F7274656474
S31580E2D638206D61746368206D6574686F643A203022
S31580E2D64878253032780A00456E76206578706F7272
S31580E2D658742062756666657220746F6F20736D6179
S31580E2D6686C6C3A20257A752C20627574206E656515
S31580E2D6786420257A750A0068696D706F72745F72C4
S31580E2D6883A2063616E277420696E7365727420220C
S31580E2D69825733D25732220696E746F2068617368ED
S31580E2D6A8207461626C650A005741524E494E473A88
S31580E2D6B82027257327206E65697468657220696EEE
S31580E2D6C82072756E6E696E67206E6F7220696E2043
S31580E2D6D8696D706F7274656420656E76210A00578B
S31580E2D6E841524E494E473A2027257327206E6F745A
S31580E2D6F820696E20696D706F7274656420656E76D6
S31580E2D7082C2064656C6574696E67206974210A00E9
S31580E2D7184552524F523A204661696C656420746F6D
S31580E2D72820616C6C6F63617465203078256C782033
S31580E2D73862797465732062656C6F77203078256CC0
S31580E2D748782E0A002E2530336C64003C4E554C4CBC
S31580E2D7583E0025733A25753A2025733A204173733C
S31580E2D768657274696F6E2060257327206661696CBD
S31580E2D77865642E00252A6C6C750023232057617216
S31580E2D7886E696E67313A2067617465776179697027
S31580E2D798206E656564656420627574206E6F742098
S31580E2D7A87365740A002323205761726E696E673245
S31580E2D7B83A20676174657761796970206E65656418
S31580E2D7C8656420627574206E6F74207365740A00CE
S31580E2D7D82323205761726E696E67333A20676174D4
S31580E2D7E8657761796970206E6565646564206275BE
S31580E2D7F874206E6F74207365740A000A4152502051
S31580E2D808526574727920636F756E74206578636584
S31580E2D818656465643B207374617274696E672061BE
S31580E2D8286761696E0A00626164206C656E67746816
S31580E2D838202564203C2025640A002A2A2A2057418A
S31580E2D848524E494E473A20257320697320746F6F8A
S31580E2D858206C6F6E6720282564202D206D61783ACA
S31580E2D86820256429202D207472756E63617465643F
S31580E2D8780A00486F7374204E616D6500526F6F744B
S31580E2D8882050617468004E495320446F6D61696E19
S31580E2D898204E616D6500424F4F54502062726F612F
S31580E2D8A864636173742025640A000A526574727926
S31580E2D8B820636F756E742065786365656465643B1D
S31580E2D8C8207374617274696E6720616761696E0A32
S31580E2D8D8006574686163740025704D00257325645C
S31580E2D8E86164647200257361646472006574682E8B
S31580E2D8F8630065746825646D6163736B697000653E
S31580E2D90874686D6163736B6970000A5761726E69D8
S31580E2D9186E673A202573204D4143206164647265BF
S31580E2D9287373657320646F6E2774206D61746368A0
S31580E2D9383A0A004164647265737320696E205352B1
S31580E2D9484F4D20697320202020202020202025701A
S31580E2D9584D0A004164647265737320696E20656E50
S31580E2D9687669726F6E6D656E742069732020257094
S31580E2D9784D0A00426F617264204E657420496E6971
S31580E2D9887469616C697A6174696F6E204661696CE3
S31580E2D99865640A00435055204E657420496E697461
S31580E2D9A869616C697A6174696F6E204661696C65D2
S31580E2D9B8640A004E657420496E697469616C697A95
S31580E2D9C86174696F6E20536B69707065640A00656D
S31580E2D9D874687072696D65002C2000205B5052492C
S31580E2D9E84D455D000A5761726E696E673A206574C5
S31580E2D9F86820646576696365206E616D6520686115
S31580E2DA08732061207370616365210A000A57617227
S31580E2DA186E696E673A206661696C656420746F2008
S31580E2DA28736574204D414320616464726573730A39
S31580E2DA3800657468726F7461746500547279696E90
S31580E2DA48672025730A00756E6B6E6F776E00617557
S31580E2DA58746F6C6F6164006E657472657472790056
S31580E2DA686F6E6365002049434D5020486F7374207A
S31580E2DA78526564697265637420746F2025704934CF
S31580E2DA88200025642E25642E25642E2564006E7674
S31580E2DA986C616E002A2A2A204552524F523A2070E9
S31580E2DAA8696E672061646472657373206E6F742031
S31580E2DAB8676976656E0A002A2A2A204552524F52AB
S31580E2DAC83A2060736572766572697027206E6F7424
S31580E2DAD8207365740A002A2A2A204552524F523AFE
S31580E2DAE8206069706164647227206E6F7420736542
S31580E2DAF8740A002A2A2A204552524F523A204E6FF9
S31580E2DB082065746865726E657420666F756E642EBC
S31580E2DB180A002A2A2A204552524F523A20606574D0
S31580E2DB28686164647227206E6F74207365740A0074
S31580E2DB382A2A2A204552524F523A2060657468252D
S31580E2DB48646164647227206E6F74207365740A0058
S31580E2DB580A41626F72740A0042797465732074723C
S31580E2DB68616E73666572726564203D20256C6420F9
S31580E2DB7828256C7820686578290A0066696C65616B
S31580E2DB88646472005573696E6720257320646576CE
S31580E2DB986963650A006F6374657400626C6B7369A6
S31580E2DBA87A652563256425630046696C6520746F0A
S31580E2DBB86F206C617267650046696C65206861737F
S31580E2DBC820626164206D6167696300626C6B736968
S31580E2DBD87A65000A54465450206572726F723A200A
S31580E2DBE8466972737420626C6F636B206973206E08
S31580E2DBF86F7420626C6F636B20312028256C6429F0
S31580E2DC080A5374617274696E6720616761696E0A24
S31580E2DC180A006364683A0A0920000A646F6E650A34
S31580E2DC28000A54465450206572726F723A2027254C
S31580E2DC38732720282564290A004E6F74207265743A
S31580E2DC487279696E672E2E2E0A000A25733B207337
S31580E2DC5874617274696E6720616761696E0A0052DF
S31580E2DC686574727920636F756E742065786365650D
S31580E2DC786465640054200074667470626C6F636BCA
S31580E2DC8873697A65007466747074696D656F7574A4
S31580E2DC9800544654502074696D656F757420282542
S31580E2DCA86C64206D732920746F6F206C6F772C20DB
S31580E2DCB8736574206D696E696D756D203D203130AE
S31580E2DCC83030206D730A0025303258253032582597
S31580E2DCD8303258253032582E696D67002A2A2A2032
S31580E2DCE85761726E696E673A206E6F20626F6F74E3
S31580E2DCF82066696C65206E616D653B207573696E19
S31580E2DD086720272573270A00544654502025732016
S31580E2DD1873657276657220257049343B206F757219
S31580E2DD282049502061646472657373206973202583
S31580E2DD387049340A0066726F6D003B2073656E64C3
S31580E2DD48696E67207468726F756768206761746543
S31580E2DD5877617920257049340046696C656E616D14
S31580E2DD686520272573272E0A002053697A6520695C
S31580E2DD78732030782578204279746573203D2000B7
S31580E2DD884C6F616420616464726573733A2030789B
S31580E2DD98256C780A004C6F6164696E673A202A08B6
S31580E2DDA800204500524F2000202053697A653A20A8
S31580E2DDB8256C64204B4220696E2025642053656376
S31580E2DDC8746F72730A002020536563746F722053EE
S31580E2DDD874617274204164647265737365733A0020
S31580E2DDE80A20202000202530386C582573257300B8
S31580E2DDF82D206E6F20736563746F727320746F2043
S31580E2DE0865726173650A002D205761726E696E6765
S31580E2DE183A2025642070726F746563746564207332
S31580E2DE286563746F72732077696C6C206E6F742089
S31580E2DE38626520657261736564210A0053463A20F9
S31580E2DE486572617365206661696C65640A0053462A
S31580E2DE583A207772697465206661696C65640A003E
S31580E2DE6877616974207265616420262077726974A5
S31580E2DE78652069646C652074696D656F7574210ABD
S31580E2DE880077616974206566757365207265616479
S31580E2DE982066696E6973682074696D656F75742129
S31580E2DEA80A006E6F20706172746974696F6E73208E
S31580E2DEB8666F7220646576696365282573290A0028
S31580E2DEC86E6F2066696E642025732C706C7320638E
S31580E2DED86865636B0D0A0025733A2073697A653A39
S31580E2DEE830782530386C6C782C206F66667365746A
S31580E2DEF83A30782530386C6C780A006E6F2066691D
S31580E2DF086E6420256C642C706C7320636865636B21
S31580E2DF180D0A004C4F474F0065726F723A67657417
S31580E2DF28206C6F676F20706172746974696F6E2096
S31580E2DF38696E666F206661696C0A0025733A20739A
S31580E2DF4870695F666C6173682070726F626520655E
S31580E2DF5872726F722E0A0025733A207370695F6651
S31580E2DF686C6173682072656164206572726F722E65
S31580E2DF780A006664745F63686F73656E3A206572D9
S31580E2DF88726F720A00626F6F74617267733D006DB9
S31580E2DF98746470617274733D6D7464706172747363
S31580E2DFA83D006D74647061727473313D006D656DA8
S31580E2DFB83D6D656D3D006D656D73697A653D6D652F
S31580E2DFC86D73697A653D005741524E494E473A200C
S31580E2DFD8636F756C64206E6F742073657420626FEC
S31580E2DFE86F74617267732E0A0072616973653A208B
S31580E2DFF85369676E616C20232025642063617567A7
S31580E2E00868740A00202020202020202000552D42F6
S31580E2E0186F6F7420323031332E31302E302D5633B5
S31580E2E0282E312E333120285365702030322032301B
S31480E2E0383235202D2031313A31343A31362900D2
S31580E2E048010000000300000000000000000000005C
S30D80E2E058000000000000000058
S31580E2E060000100000101000002010000030100003E
S31580E2E070040100000501000006010000070100001E
S31580E2E08000000000FF00000001000000FF00000029
S31580E2E09002000000FF00000003000000FF00000015
S31580E2E0A004000000FF00000005000000FF00000001
S31580E2E0B002000000FF00000007000000FF000000F1
S31580E2E0C008000000FF00000009000000FF000000D9
S31580E2E0D002000000FF00000002000000FF000000D6
S31580E2E0E002000000FF00000002000000FF000000C6
S31580E2E0F00E000000FF00000002000000FF000000AA
S31580E2E10002000000FF0000008413E080D813E08064
S31580E2E110FCCFE1800C33E2808C03E080C8CCE080E7
S31580E2E120AC13E080A468E18034AEE0808C13E080BA
S31580E2E1303433E280000000005B61646472205B61DC
S31580E2E1407267202E2E2E5D5D0A202020202D2062F1
S31580E2E1506F6F74206170706C69636174696F6E2031
S31580E2E160696D6167652073746F72656420696E207C
S31580E2E1706D656D6F72790A0970617373696E672076
S31580E2E180617267756D656E74732027617267202E82
S31580E2E1902E2E273B207768656E20626F6F74696EDC
S31580E2E1A0672061204C696E7578206B65726E656C4E
S31580E2E1B02C0A0927617267272063616E20626520D7
S31580E2E1C07468652061646472657373206F6620612A
S31580E2E1D06E20696E6974726420696D6167650A0989
S31580E2E1E05768656E20626F6F74696E672061204C36
S31580E2E1F0696E7578206B65726E656C207768696387
S31580E2E20068207265717569726573206120666C61DA
S31580E2E21074206465766963652D747265650A096141
S31580E2E22020746869726420617267756D656E7420A8
S31580E2E230697320726571756972656420776869634E
S31580E2E240682069732074686520616464726573739B
S31580E2E250206F66207468650A096465766963652D50
S31580E2E2607472656520626C6F622E20546F20626FD5
S31580E2E2706F742074686174206B65726E656C20774A
S31580E2E2806974686F757420616E20696E69747264F0
S31580E2E29020696D6167652C0A09757365206120279F
S31580E2E2A02D2720666F7220746865207365636F6EB2
S31580E2E2B06420617267756D656E742E204966207979
S31580E2E2C06F7520646F206E6F742070617373206146
S31580E2E2D02074686972640A09612062645F696E66A5
S31580E2E2E06F207374727563742077696C6C206265D3
S31580E2E2F02070617373656420696E73746561640A04
S31580E2E3000A5375622D636F6D6D616E647320746FEF
S31580E2E31020646F2070617274206F66207468652055
S31580E2E320626F6F746D2073657175656E63652E209D
S31580E2E33020546865207375622D636F6D6D616E64BE
S31580E2E34073206D7573742062650A6973737565648B
S31580E2E35020696E20746865206F72646572206265DA
S31580E2E3606C6F77202869742773206F6B20746F2017
S31580E2E3706E6F7420697373756520616C6C2073753A
S31580E2E380622D636F6D6D616E6473293A0A097374E7
S31580E2E390617274205B61646472205B617267202EB5
S31580E2E3A02E2E5D5D0A096C6F61646F7320202D20CD
S31580E2E3B06C6F6164204F5320696D6167650A0972EB
S31580E2E3C0616D6469736B202D2072656C6F63617415
S31580E2E3D06520696E697472642C2073657420656E3B
S31580E2E3E07620696E697472645F73746172742F6980
S31580E2E3F06E697472645F656E640A0966647420206D
S31580E2E4002020202D2072656C6F6361746520666CB6
S31580E2E41061742064657669636520747265650A094C
S31580E2E420636D646C696E65202D204F532073706531
S31580E2E430636966696320636F6D6D616E64206C6982
S31580E2E4406E652070726F63657373696E672F73652D
S31580E2E4507475700A0962647420202020202D204F72
S31580E2E460532073706563696669632062645F7420B2
S31580E2E47070726F63657373696E670A09707265702D
S31580E2E480202020202D204F532073706563696669B2
S31580E2E490632070726570206265666F726520726550
S31580E2E4A06C6F636174696F6E206F7220676F0A09A1
S31580E2E4B0676F2020202020202D20737461727420C3
S31580E2E4C04F5300004098E280000000000100000007
S31580E2E4D001000000A8DDE280A8DDE2800000000005
S31580E2E4E05C66E28000000000010000000800000097
S31580E2E4F0A8DDE280A8DDE280000000006366E280BB
S31580E2E500000000000100000010000000A8DDE280AB
S31580E2E510A8DDE28000000000809EE280000000002C
S31580E2E5200100000020000000A8DDE280A8DDE28094
S31580E2E530000000006B66E28000000000010000003F
S31580E2E54040000000A8DDE280A8DDE2800000000055
S31580E2E5507366E28000000000010000008000000097
S31580E2E560A8DDE280A8DDE280000000007766E28036
S31580E2E570000000000100000000010000A8DDE2804A
S31580E2E580A8DDE280000000007C66E28000000000F8
S31580E2E5900100000000020000A8DDE280A8DDE28042
S31580E2E5A000000000F961E280000000000100000046
S31580E2E5B000040000A8DDE280A8DDE2800000000021
S31580E2E5C00909090909090909090909090909090953
S31580E2E5D00909090909090909090909090909090943
S31580E2E5E0002F0061646472205B2D635D20203C61B4
S31580E2E5F06464723E205B3C6C656E6774683E5D2047
S31580E2E60020202D2053657420746865205B636F6ECD
S31580E2E61074726F6C5D20666474206C6F636174697A
S31580E2E6206F6E20746F203C616464723E0A66647425
S31580E2E630206D6F76652020203C6664743E203C6EB9
S31580E2E6406577616464723E203C6C656E6774683E91
S31580E2E650202D20436F70792074686520666474206B
S31580E2E660746F203C616464723E20616E64206D61E9
S31580E2E6706B65206974206163746976650A66647481
S31580E2E68020726573697A6520202020202020202050
S31580E2E6902020202020202020202020202020202012
S31580E2E6A0202D20526573697A652066647420746FC2
S31580E2E6B02073697A65202B2070616464696E6720B5
S31580E2E6C0746F20346B20616464720A6664742070AD
S31580E2E6D072696E7420203C706174683E205B3C7087
S31580E2E6E0726F703E5D202020202020202020202D69
S31580E2E6F020526563757273697665207072696E748D
S31580E2E700207374617274696E67206174203C7061F3
S31580E2E71074683E0A666474206C6973742020203CB7
S31580E2E720706174683E205B3C70726F703E5D202043
S31580E2E73020202020202020202D205072696E7420F7
S31580E2E7406F6E65206C6576656C2073746172746930
S31580E2E7506E67206174203C706174683E0A666474F8
S31580E2E760206765742076616C7565203C7661723EC1
S31580E2E770203C706174683E203C70726F703E20204F
S31580E2E780202D20476574203C70726F7065727479B3
S31580E2E7903E20616E642073746F726520696E203CE0
S31580E2E7A07661723E0A66647420676574206E616D76
S31580E2E7B065203C7661723E203C706174683E203C06
S31580E2E7C0696E6465783E2020202D20476574206E30
S31580E2E7D0616D65206F66206E6F6465203C696E644C
S31580E2E7E065783E20616E642073746F726520696E0F
S31580E2E7F0203C7661723E0A666474206765742061A5
S31580E2E800646472203C7661723E203C706174683E3C
S31580E2E810203C70726F703E202020202D2047657448
S31580E2E8202073746172742061646472657373206F9D
S31580E2E83066203C70726F70657274793E20616E6498
S31580E2E8402073746F726520696E203C7661723E0A2F
S31580E2E850666474206765742073697A65203C7661A4
S31580E2E860723E203C706174683E205B3C70726F70D1
S31580E2E8703E5D20202D204765742073697A65206F7E
S31580E2E88066205B3C70726F70657274793E5D206F54
S31580E2E89072206E756D206E6F64657320616E642082
S31580E2E8A073746F726520696E203C7661723E0A6689
S31580E2E8B0647420736574202020203C706174683E05
S31580E2E8C0203C70726F703E205B3C76616C3E5D20D0
S31580E2E8D02020202D20536574203C70726F70657203
S31580E2E8E074793E205B746F203C76616C3E5D0A668D
S31580E2E8F06474206D6B6E6F6465203C706174683EF3
S31580E2E900203C6E6F64653E2020202020202020203F
S31580E2E9102020202D204372656174652061206E651A
S31580E2E92077206E6F6465206166746572203C7061E3
S31580E2E93074683E0A66647420726D20202020203C32
S31580E2E940706174683E205B3C70726F703E5D202021
S31580E2E95020202020202020202D2044656C657465AF
S31580E2E96020746865206E6F6465206F72203C7072D9
S31580E2E9706F70657274793E0A666474206865616454
S31580E2E9806572202020202020202020202020202088
S31580E2E9902020202020202020202020202D20446995
S31580E2E9A073706C61792068656164657220696E66F0
S31580E2E9B06F0A66647420626F6F74637075203C6957
S31580E2E9C0643E20202020202020202020202020207D
S31580E2E9D02020202020202D2053657420626F6F74C2
S31580E2E9E02063707569640A666474206D656D6F7202
S31580E2E9F079203C616464723E203C73697A653E208C
S31580E2EA0020202020202020202020202D20416464E8
S31580E2EA102F557064617465206D656D6F7279206EB5
S31580E2EA206F64650A666474207273766D656D2070B4
S31580E2EA3072696E7420202020202020202020202031
S31580E2EA4020202020202020202D2053686F772063ED
S31580E2EA50757272656E74206D656D2072657365720E
S31580E2EA607665730A666474207273766D656D20616D
S31580E2EA706464203C616464723E203C73697A653EDC
S31580E2EA8020202020202020202D2041646420612027
S31580E2EA906D656D20726573657276650A666474204B
S31580E2EAA07273766D656D2064656C657465203C690C
S31580E2EAB06E6465783E2020202020202020202020A1
S31580E2EAC02D2044656C6574652061206D656D2072CC
S31580E2EAD0657365727665730A6664742063686F73BC
S31580E2EAE0656E205B3C73746172743E203C656E6435
S31580E2EAF03E5D202020202020202020202D204164E1
S31580E2EB00642F75706461746520746865202F63680C
S31580E2EB106F73656E206272616E636820696E2074BF
S31580E2EB20686520747265650A2020202020202020D6
S31580E2EB30202020202020202020202020202020206D
S31580E2EB40202020202020202020202020202020205D
S31580E2EB503C73746172743E2F3C656E643E202D2058
S31580E2EB60696E697472642073746172742F656E64FF
S31580E2EB7020616464720A4E4F54453A204465726558
S31580E2EB80666572656E636520616C69617365732023
S31580E2EB906279206F6D6974696E6720746865206C2E
S31580E2EBA0656164696E6720272F272C20652E672E84
S31580E2EBB020666474207072696E742065746865720A
S31580E2EBC06E6574302E00000040000000FFFFFFFFFC
S31580E2EBD00A202020202D206C697374207061727463
S31580E2EBE06974696F6E207461626C650A6D746470B3
S31580E2EBF0617274732064656C616C6C0A20202020DB
S31580E2EC002D2064656C65746520616C6C2070617220
S31580E2EC10746974696F6E730A6D7464706172747309
S31580E2EC202064656C20706172742D69640A202020EC
S31580E2EC30202D2064656C65746520706172746974D8
S31580E2EC40696F6E2028652E672E20706172742D6939
S31580E2EC5064203D206E616E64302C31290A6D7464C5
S31580E2EC60706172747320616464203C6D74642D6497
S31580E2EC7065763E203C73697A653E5B403C6F6666AC
S31580E2EC807365743E5D205B3C6E616D653E5D205BC7
S31580E2EC90726F5D0A202020202D20616464207061DD
S31580E2ECA072746974696F6E0A6D746470617274737A
S31580E2ECB02064656661756C740A202020202D20729E
S31580E2ECC06573657420706172746974696F6E20749D
S31580E2ECD061626C6520746F2064656661756C7473BD
S31580E2ECE00A0A2D2D2D2D2D0A0A7468697320636F09
S31580E2ECF06D6D616E64207573657320746872656587
S31580E2ED0020656E7669726F6E6D656E74207661725D
S31580E2ED106961626C65733A0A0A2770617274697412
S31580E2ED20696F6E27202D206B65657073206375721F
S31580E2ED3072656E7420706172746974696F6E20692F
S31580E2ED4064656E7469666965720A0A70617274696D
S31580E2ED5074696F6E20203A3D203C706172742D6931
S31580E2ED60643E0A3C706172742D69643E20203A3DAD
S31580E2ED70203C6465762D69643E2C706172745F6EA8
S31580E2ED80756D0A0A276D746469647327202D206C79
S31580E2ED90696E7578206B65726E656C206D74642021
S31580E2EDA0646576696365206964203C2D3E20752D15
S31580E2EDB0626F6F7420646576696365206964206D2D
S31580E2EDC0617070696E670A0A6D74646964733D3C4A
S31580E2EDD069646D61703E5B2C3C69646D61703E2C4A
S31580E2EDE02E2E2E5D0A0A3C69646D61703E202020DB
S31580E2EDF0203A3D203C6465762D69643E3D3C6D74E7
S31580E2EE00642D69643E0A3C6465762D69643E202001
S31580E2EE10203A3D20276E616E64277C276E6F7227CB
S31580E2EE207C276F6E656E616E64273C6465762D6EB7
S31580E2EE30756D3E0A3C6465762D6E756D3E20203A90
S31580E2EE403D206D746420646576696365206E756DB8
S31580E2EE506265722C20302E2E2E0A3C6D74642D69EA
S31580E2EE60643E2020203A3D20756E69717565206486
S31580E2EE70657669636520746167207573656420626F
S31580E2EE8079206C696E7578206B65726E656C20741C
S31580E2EE906F2066696E64206D74642064657669634A
S31580E2EEA06520286D74642D3E6E616D65290A0A2798
S31580E2EEB06D7464706172747327202D207061727430
S31580E2EEC06974696F6E206C6973740A0A6D74647012
S31580E2EED0617274733D6D746470617274733D3C6D7E
S31580E2EEE074642D6465663E5B3B3C6D74642D64653B
S31580E2EEF0663E2E2E2E5D0A0A3C6D74642D6465662E
S31580E2EF003E20203A3D203C6D74642D69643E3A3C55
S31580E2EF10706172742D6465663E5B2C3C70617274BE
S31580E2EF202D6465663E2E2E2E5D0A3C6D74642D69D7
S31580E2EF30643E2020203A3D20756E697175652064B5
S31580E2EF40657669636520746167207573656420629E
S31580E2EF5079206C696E7578206B65726E656C20744B
S31580E2EF606F2066696E64206D746420646576696379
S31580E2EF706520286D74642D3E6E616D65290A3C704C
S31580E2EF806172742D6465663E203A3D203C73697AEF
S31580E2EF90653E5B403C6F66667365743E5D5B3C6E68
S31580E2EFA0616D653E5D5B3C726F2D666C61673E5D51
S31580E2EFB00A3C73697A653E20202020203A3D207300
S31580E2EFC074616E64617264206C696E7578206D65B9
S31580E2EFD06D73697A65204F5220272D2720746F2022
S31580E2EFE064656E6F746520616C6C2072656D6169B3
S31580E2EFF06E696E672073706163650A3C6F666673DD
S31580E2F00065743E2020203A3D20706172746974698D
S31580E2F0106F6E207374617274206F66667365742096
S31580E2F02077697468696E2074686520646576696359
S31580E2F030650A3C6E616D653E20202020203A3D20A7
S31580E2F040272827204E414D45202729270A3C726FE3
S31580E2F0502D666C61673E20203A3D207768656E209A
S31580E2F06073657420746F2027726F27206D616B65DC
S31580E2F0707320706172746974696F6E2072656164FF
S31580E2F0802D6F6E6C7920286E6F7420757365642C93
S31580E2F0902070617373656420746F206B65726E6530
S31580E2F0A06C290064656661756C74205B2D665D20F3
S31580E2F0B02D61202D205B666F726369626C795D20BB
S31580E2F0C072657365742064656661756C7420656EBD
S31580E2F0D07669726F6E6D656E740A656E76206465AA
S31580E2F0E06661756C74205B2D665D20766172205B4D
S31580E2F0F02E2E2E5D202D205B666F726369626C799F
S31580E2F1005D207265736574207661726961626C6591
S31580E2F11028732920746F2074686569722064656635
S31580E2F12061756C742076616C7565730A656E76209E
S31580E2F13064656C657465205B2D665D207661722000
S31580E2F1405B2E2E2E5D202D205B666F726369626C6C
S31580E2F150795D2064656C6574652076617269616249
S31580E2F1606C652873290A656E76206578706F72748D
S31580E2F170205B2D74207C202D62207C202D635D20F7
S31580E2F1805B2D732073697A655D2061646472205BAE
S31580E2F190766172202E2E2E5D202D206578706F721C
S31580E2F1A07420656E7669726F6E6D656E740A656ED1
S31580E2F1B07620696D706F7274205B2D645D205B2DA5
S31580E2F1C074207C202D62207C202D635D2061646426
S31580E2F1D072205B73697A655D202D20696D706F722E
S31580E2F1E07420656E7669726F6E6D656E740A656E91
S31580E2F1F076207072696E74205B2D61207C206E6150
S31580E2F2006D65202E2E2E5D202D207072696E742003
S31580E2F210656E7669726F6E6D656E740A656E76205E
S31580E2F22072756E20766172205B2E2E2E5D202D20E9
S31580E2F23072756E20636F6D6D616E647320696E2088
S31580E2F240616E20656E7669726F6E6D656E7420761C
S31580E2F25061726961626C650A656E76207361766554
S31580E2F260202D207361766520656E7669726F6E6D8C
S31580E2F270656E740A656E7620736574205B2D665DB5
S31580E2F280206E616D65205B617267202E2E2E5D0A8F
S31580E2F29000000000010000001F80E2800100000003
S31580E2F2A000000000B07FE080A8DDE280A8DDE28099
S31580E2F2B0000000007688E280200000000000000066
S31580E2F2C0CC7AE080A8DDE280A8DDE2800000000062
S31580E2F2D07D88E2800400000000000000E882E08091
S31580E2F2E0A8DDE280A8DDE280000000008488E2807A
S31580E2F2F00500000000000000687DE080A8DDE28075
S31580E2F300A8DDE280000000008B88E2802000000019
S31580E2F31001000000A07CE080A8DDE280A8DDE2803A
S31580E2F320000000009086E2802000000001000000DC
S31580E2F330E4FCE080A8DDE280A8DDE2800000000057
S31580E2F3409188E2800100000000000000687BE08096
S31580E2F350A8DDE280A8DDE28000000000DC61E280D8
S31580E2F36020000000000000001082E080A8DDE2803C
S31580E2F370A8DDE2800000000000000000000000003E
S31580E2F38078F3E28078F3E28080F3E28080F3E280D1
S31580E2F39088F3E28088F3E28090F3E28090F3E28081
S31580E2F3A098F3E28098F3E280A0F3E280A0F3E28031
S31580E2F3B0A8F3E280A8F3E280B0F3E280B0F3E280E1
S31580E2F3C0B8F3E280B8F3E280C0F3E280C0F3E28091
S31580E2F3D0C8F3E280C8F3E280D0F3E280D0F3E28041
S31580E2F3E0D8F3E280D8F3E280E0F3E280E0F3E280F1
S31580E2F3F0E8F3E280E8F3E280F0F3E280F0F3E280A1
S31580E2F400F8F3E280F8F3E28000F4E28000F4E2804E
S31580E2F41008F4E28008F4E28010F4E28010F4E280FC
S31580E2F42018F4E28018F4E28020F4E28020F4E280AC
S31580E2F43028F4E28028F4E28030F4E28030F4E2805C
S31580E2F44038F4E28038F4E28040F4E28040F4E2800C
S31580E2F45048F4E28048F4E28050F4E28050F4E280BC
S31580E2F46058F4E28058F4E28060F4E28060F4E2806C
S31580E2F47068F4E28068F4E28070F4E28070F4E2801C
S31580E2F48078F4E28078F4E28080F4E28080F4E280CC
S31580E2F49088F4E28088F4E28090F4E28090F4E2807C
S31580E2F4A098F4E28098F4E280A0F4E280A0F4E2802C
S31580E2F4B0A8F4E280A8F4E280B0F4E280B0F4E280DC
S31580E2F4C0B8F4E280B8F4E280C0F4E280C0F4E2808C
S31580E2F4D0C8F4E280C8F4E280D0F4E280D0F4E2803C
S31580E2F4E0D8F4E280D8F4E280E0F4E280E0F4E280EC
S31580E2F4F0E8F4E280E8F4E280F0F4E280F0F4E2809C
S31580E2F500F8F4E280F8F4E28000F5E28000F5E28049
S31580E2F51008F5E28008F5E28010F5E28010F5E280F7
S31580E2F52018F5E28018F5E28020F5E28020F5E280A7
S31580E2F53028F5E28028F5E28030F5E28030F5E28057
S31580E2F54038F5E28038F5E28040F5E28040F5E28007
S31580E2F55048F5E28048F5E28050F5E28050F5E280B7
S31580E2F56058F5E28058F5E28060F5E28060F5E28067
S31580E2F57068F5E28068F5E28070F5E28070F5E28017
S31580E2F58078F5E28078F5E28080F5E28080F5E280C7
S31580E2F59088F5E28088F5E28090F5E28090F5E28077
S31580E2F5A098F5E28098F5E280A0F5E280A0F5E28027
S31580E2F5B0A8F5E280A8F5E280B0F5E280B0F5E280D7
S31580E2F5C0B8F5E280B8F5E280C0F5E280C0F5E28087
S31580E2F5D0C8F5E280C8F5E280D0F5E280D0F5E28037
S31580E2F5E0D8F5E280D8F5E280E0F5E280E0F5E280E7
S31580E2F5F0E8F5E280E8F5E280F0F5E280F0F5E28097
S31580E2F600F8F5E280F8F5E28000F6E28000F6E28044
S31580E2F61008F6E28008F6E28010F6E28010F6E280F2
S31580E2F62018F6E28018F6E28020F6E28020F6E280A2
S31580E2F63028F6E28028F6E28030F6E28030F6E28052
S31580E2F64038F6E28038F6E28040F6E28040F6E28002
S31580E2F65048F6E28048F6E28050F6E28050F6E280B2
S31580E2F66058F6E28058F6E28060F6E28060F6E28062
S31580E2F67068F6E28068F6E28070F6E28070F6E28012
S31580E2F68078F6E28078F6E28080F6E28080F6E280C2
S31580E2F69088F6E28088F6E28090F6E28090F6E28072
S31580E2F6A098F6E28098F6E280A0F6E280A0F6E28022
S31580E2F6B0A8F6E280A8F6E280B0F6E280B0F6E280D2
S31580E2F6C0B8F6E280B8F6E280C0F6E280C0F6E28082
S31580E2F6D0C8F6E280C8F6E280D0F6E280D0F6E28032
S31580E2F6E0D8F6E280D8F6E280E0F6E280E0F6E280E2
S31580E2F6F0E8F6E280E8F6E280F0F6E280F0F6E28092
S31580E2F700F8F6E280F8F6E28000F7E28000F7E2803F
S31580E2F71008F7E28008F7E28010F7E28010F7E280ED
S31580E2F72018F7E28018F7E28020F7E28020F7E2809D
S31580E2F73028F7E28028F7E28030F7E28030F7E2804D
S31580E2F74038F7E28038F7E28040F7E28040F7E280FD
S31580E2F75048F7E28048F7E28050F7E28050F7E280AD
S31580E2F76058F7E28058F7E28060F7E28060F7E2805D
S31580E2F77068F7E28068F7E28070F7E28070F7E2800D
S31580E2F780FFFFFFFF00000200000000000000000013
S31580E2F7900000000074C7E08000800082FFFFFFFF68
S31580E2F7A0CB93E280D193E280D893E2800000070097
S31580E2F7B0010000005C010008000000000103070070
S31580E2F7C0010000005C01000800000000020607005C
S31580E2F7D0010000005C010008000000000309070048
S31580E2F7E0010000005C01000800000000040C070034
S31580E2F7F0010000005C01000800000000050F070020
S31580E2F800010000005C01000800000000061207000B
S31580E2F810010000005C0100080000000007150700F7
S31580E2F820010000005C0100080000000008180700E3
S31580E2F830010000005C01000800000000091B0700CF
S31580E2F840010000005C010008000000000A000700D9
S31580E2F8500100000060010008000000000B030700C1
S31580E2F8600100000060010008000000000C060700AD
S31580E2F8700100000060010008000000000D09070099
S31580E2F8800100000060010008000000000E0C070085
S31580E2F8900100000060010008000000000F0F070071
S31580E2F8A0010000006001000800000000101207005D
S31580E2F8B00100000060010008000000001115070049
S31580E2F8C00100000060010008000000001218070035
S31580E2F8D0010000006001000800000000131B070021
S31580E2F8E0010000006001000800000000140007002B
S31580E2F8F00100000064010008000000001503070013
S31580E2F90001000000640100080000000016060700FE
S31580E2F91001000000640100080000000017090700EA
S31580E2F920010000006401000800000000180C0700D6
S31580E2F930010000006401000800000000190F0700C2
S31580E2F9400100000064010008000000001A120700AE
S31580E2F9500100000064010008000000001B1507009A
S31580E2F9600100000064010008000000001C18070086
S31580E2F9700100000064010008000000001D1B070072
S31580E2F9800100000064010008000000001E0007007C
S31580E2F9900100000068010008000000001F03070064
S31580E2F9A00100000068010008000000002006070050
S31580E2F9B0010000006801000800000000210907003C
S31580E2F9C0010000006801000800000000220C070028
S31580E2F9D0010000006801000800000000230F070014
S31580E2F9E00100000068010008000000002412070000
S31580E2F9F001000000680100080000000025150700EC
S31580E2FA0001000000680100080000000026180700D7
S31580E2FA10010000006801000800000000271B0700C3
S31580E2FA2001000000680100080000000028000700CD
S31580E2FA30010000006C0100080000000029030700B5
S31580E2FA40010000006C010008000000002A060700A1
S31580E2FA50010000006C010008000000002B0907008D
S31580E2FA60010000006C010008000000002C0C070079
S31580E2FA70010000006C010008000000002D0F070065
S31580E2FA80010000006C010008000000002E12070051
S31580E2FA90010000006C010008000000002F1507003D
S31580E2FAA0010000006C010008000000003018070029
S31580E2FAB0010000006C01000800000000311B070015
S31580E2FAC0010000006C01000800000000320007001F
S31580E2FAD00100000070010008000000003303070007
S31580E2FAE001000000700100080000000034060700F3
S31580E2FAF001000000700100080000000035090700DF
S31580E2FB00010000007001000800000000360C0700CA
S31580E2FB10010000007001000800000000370F0700B6
S31580E2FB2001000000700100080000000038120700A2
S31580E2FB30010000007001000800000000391507008E
S31580E2FB400100000070010008000000003A1807007A
S31580E2FB500100000070010008000000003B1B070066
S31580E2FB600100000070010008000000003C00070070
S31580E2FB700100000074010008000000003D03070058
S31580E2FB800100000074010008000000003E06070044
S31580E2FB900100000074010008000000003F09070030
S31580E2FBA0010000007401000800000000400C07001C
S31580E2FBB0010000007401000800000000410F070008
S31580E2FBC001000000740100080000000042120700F4
S31580E2FBD001000000740100080000000043150700E0
S31580E2FBE001000000740100080000000044180700CC
S31580E2FBF0010000007401000800000000451B0700B8
S31580E2FC0001000000740100080000000046000700C1
S31580E2FC1001000000780100080000000047030700A9
S31580E2FC200100000078010008000000004806070095
S31580E2FC300100000078010008000000004909070081
S31580E2FC400100000078010008000000004A0C07006D
S31580E2FC500100000078010008000000004B0F070059
S31580E2FC600100000078010008000000004C12070045
S31580E2FC700100000078010008000000004D15070031
S31580E2FC800100000078010008000000004E1807001D
S31580E2FC900100000078010008000000004F1B070009
S31580E2FCA0010000007801000800000000500000001A
S31580E2FCB0010000000000000000000000510000008A
S31580E2FCC0010000000000000000000000520607006C
S31580E2FCD0010000007C0100080000000053090700D3
S31580E2FCE0010000007C01000800000000340C0700DF
S31580E2FCF0010000007C01000800000000550F0700AB
S31580E2FD00010000007C010008000000005612070096
S31580E2FD10010000007C0100080000000000000000F5
S31580E2FD20000000000000000000000000000000006B
S31580E2FD30000000000000000000000000000000005B
S31580E2FD40000000000000000000000000000000004B
S31580E2FD50000000000000000000000000000000003B
S31580E2FD60000000000000000000000000000000002B
S31580E2FD70000000000000000000000000000000001B
S31580E2FD80000000000000000000000000000000000B
S31580E2FD9000000000000000000000000000000000FB
S31580E2FDA000000000000000000000000000000000EB
S31580E2FDB000000000000000000000000000000000DB
S31580E2FDC000000000000000000000000000000000CB
S31580E2FDD000000000000000000000000000000000BB
S31580E2FDE000000000000000000000000000000000AB
S31580E2FDF0000000000000000000000000000000009B
S31580E2FE00000000000000000000000000000000008A
S31580E2FE10000000000000000000000000000000007A
S31580E2FE20000000000000000000000000000000006A
S31580E2FE30000000000000000000000000000000005A
S31580E2FE40000000000000000000000000000000004A
S31580E2FE50000000000000000000000000000000003A
S31580E2FE60000000000000000000000000000000002A
S31580E2FE70000000000000000000000000000000001A
S31580E2FE80000000000000000000000000000000000A
S31580E2FE9000000000000000000000000000000000FA
S31580E2FEA000000000000000000000000000000000EA
S31580E2FEB000000000000000000000000000000000DA
S31580E2FEC000000000000000000000000000000000CA
S31580E2FED000000000000000000000000000000000BA
S31580E2FEE000000000000000000000000000000000AA
S31580E2FEF0000000000000000000000000000000009A
S31580E2FF000000000000000000000000000000000089
S31580E2FF100000000000000000000000000000000079
S31580E2FF200000000000000000000000000000000069
S31580E2FF300000000000000000000000000000000059
S31580E2FF400000000000000000000000000000000049
S31580E2FF50000000000000000000000000FFFFFFFF3D
S31580E2FF601820C200000010325470600000000000C9
S31580E2FF70F44CE180F448E1801720C20000001032A0
S31580E2FF805470600000000000F44CE180F448E180A7
S31580E2FF9017702000000010325470600000000000EC
S31580E2FFA0F44CE180F448E1801870200000001032C1
S31580E2FFB05470600000000000F44CE180F448E18077
S31580E2FFC01740200000001032547698EA0F000000B5
S31580E2FFD0F44CE1807C48E180184020000000103239
S31580E2FFE0547698EA0F000000F44CE1807C48E18088
S31580E2FFF017701C0000001032547060000000000090
S31580E30000F44CE180F448E1801840C80000001032E7
S31580E30010547698EA0F000000F44CE1807C48E18056
S31580E300201740C80000001032547698EA0F000000AB
S31580E30030F44CE1807C48E1801640EF00000010320A
S31580E30040547698EB0F000000F44CE1807C48E18025
S31580E300501840EF0000001032547698EB0F00000052
S31580E30060F44CE1807C48E1801940EF0000001032D7
S31580E30070547698EB0F110100F44CE1807C48E180E3
S31580E300801732F80000001032047098EA0F0000007F
S31580E30090F44CE1807C48E1801740A10000001032F7
S31580E300A0047098EA0F000000F44CE1807C48E1801C
S31580E300B01840A10000001032047098EA0F00000097
S31580E300C0F44CE1807C48E1801840680000001032FF
S31580E300D0547698EA0F000000F44CE1807C48E18096
S31580E300E01740680000001032547698EA0F0000004B
S31580E300F0F44CE1807C48E1801840680000001032CF
S31580E30100547698EA0F000000F44CE1807C48E18065
S31580E301101740680000001032547698EA0F0000001A
S31580E30120F44CE1807C48E18016405E0000001032AA
S31580E30130047098E00F000000F44CE1807C48E18095
S31580E3014017405E0000001032047098E00F00000054
S31580E30150F44CE1807C48E18018405E000000103278
S31580E30160047098E00F000000F44CE1807C48E18065
S31580E3017017400B0000001032547698EA0F00000017
S31580E30180F44CE180F448E18018400B000000103223
S31580E30190547698EA0F000000F44CE180F448E1805D
S31580E301A017225200000010325486A9700000000026
S31580E301B0F44CE1807C48E180182152000000103243
S31580E301C05486A97000000000F44CE180F448E18095
S31580E301D01940C8000000103254006000000000009F
S31580E301E0F44CE180F448E180000000000000103226
S31580E301F0547698EA0F000000F44CE1807C48E18075
S31580E30200F4C8F4C800001000547689EA2F0300008E
S31580E30210F2C8F2C800001000547689EA2F03000082
S31580E30220F1C8F1C800001000547689EA2F03000074
S31580E30230D1C8D1C800001000547689EA2F030000A4
S31580E30240D2C8D2C800001000547689EA2F03000092
S31580E30250B1C848B100001000547689EA2F03000044
S31580E302607F7F21C800001000547689EA2F030000BF
S31580E3027031C831C800001000547689EA2F030000A4
S31580E30280E1A1E1A100001000547689EA2F03000082
S31580E3029012C212C200001000547689EA2F030000CE
S31580E302A00000000000001032547698EA0F00000048
S31580E302B0616B73657230000000000000000000008F
S31580E302C0AC64E18000000000C064E1804065E180C9
S31580E302D01066E180C065E1806066E1800000000031
S31580E302E0616B73657231000000000000000000005E
S31580E302F0B464E18000000000BC64E1804865E1808D
S31580E303001866E180C865E1806866E18000000000E8
S31580E30310000520030005200300000000000005001F
S31580E303200000000000000000000000000000000064
S31580E303300000000000000000000000000000000054
S31580E303400000000000000000000000000000000044
S31580E303500000000000000000000000000000000034
S31580E303600000000000000000000000000000000024
S31580E303700000000000000000000000000100000013
S31580E30380E09CE180ECA9E18044AAE18000000000E2
S31580E3039080AAE1800000000084AAE1809CAAE18033
S31580E303A0A4AAE180ACAAE180B4AAE18001000000BE
S31580E303B0FFFFFFFFFFFFFFFFFFFF00000A000000D4
S31380E303C00A000000BC05000050C300000002E6
S31180E303D0000000000000000000000000B8
S31580E303DC7674E28002000000010000008846E0802B
S31580E303EC7B74E2809774E280000000003366E280DF
S31580E303FC20000000010000006425E0803966E2807D
S31580E3040C38E1E28000000000B483E2800300000060
S31580E3041C01000000047AE080BA83E2808A83E2807A
S31580E3042C000000004A82E280020000000000000027
S31580E3043C8070E0805182E2806982E2800000000075
S31580E3044CB6A5E280010000000100000064E9E080CB
S31580E3045CBAA5E280A8DDE280000000006275E28046
S31580E3046C0400000001000000AC47E0806675E28082
S31580E3047C7575E280000000009475E280040000004C
S31580E3048C01000000E04AE0809775E280A375E28084
S31580E3049C000000000675E280040000000100000005
S31580E304AC104CE0800C75E2802175E2800000000040
S31580E304BC2A72E28020000000010000007C7BE08051
S31580E304CC5888E280A3F0E28000000000D766E280E1
S31580E304DC0300000001000000FC26E080DF66E2807A
S31580E304EC0267E28000000000EF67E280070000000D
S31580E304FC00000000CC26E080F767E2801E68E2808D
S31580E3050C000000006067E280040000000100000048
S31580E3051CE426E0806667E2808C67E2800000000078
S31580E3052C809EE280FF00000000000000BC2AE08091
S31580E3053C6B6FE280E3E5E28000000000F8CAE280BC
S31580E3054C02000000010000006846E0801E72E28033
S31580E3055C1572E28000000000F961E2802000000061
S31580E3056C01000000501CE080FC61E2802062E280A6
S31580E3057C00000000A56FE28020000000010000006F
S31580E3058C003BE080AA6FE280CA6FE2800000000045
S31580E3059CED72E2800400000000000000DC3DE080A8
S31580E305ACF372E2805E72E28000000000CB70E28040
S31580E305BC0400000000000000DC3DE080BD72E280B8
S31580E305CC5E72E280000000008670E2800400000028
S31580E305DC00000000DC3DE0802E72E2805E72E280F9
S31580E305EC000000002B74E280030000000100000091
S31580E305FC0849E0803074E2804F74E28000000000AA
S31580E3060C18A6E2800300000001000000F449E080B4
S31580E3061C6476E2807376E280000000003776E280CF
S31580E3062C02000000010000003C4EE0803A76E28056
S31580E3063C2276E280000000006AD5E28006000000A4
S31580E3064C010000004C4EE080F778E2800679E28088
S31580E3065C00000000F079E280010000000000000059
S31580E3066CE852E080F879E280097AE28000000000C3
S31580E3067C025EE28006000000000000005471E08018
S31580E3068C2D82E280D0EBE28000000000C475E2802C
S31580E3069C0400000001000000C846E080C775E280D4
S31580E306ACDB75E28000000000FE75E280020000004C
S31580E306BC01000000444EE0800176E2802276E280FF
S31580E306CC000000001E83E2800200000001000000AF
S31580E306DC507AE0802383E2804A83E2800000000044
S31580E306ECB587E2802000000001000000A07CE0805A
S31580E306FCBE87E280DA87E28050A4E080926FE28064
S31580E3070C2000000001000000003BE080946FE28053
S31580E3071CA8DDE28000000000DA61E28001000000DF
S31580E3072C00000000941BE080E061E280A8DDE280BB
S31580E3073C000000009086E2802000000001000000AB
S31580E3074CE4FCE0809486E280BC86E28050A4E08080
S31580E3075C9688E2800100000000000000687BE08060
S31580E3076C9E88E280A8DDE28000000000DD8BE280DB
S31580E3077C0700000000000000308BE080E88BE2800D
S31580E3078C1E68E280000000001486E28020000000F0
S31580E3079C000000001082E0800287E2801C87E28002
S31580E307AC50A4E080348FE280060000000100000054
S31580E307BC0096E080378FE2804D8FE2800000000068
S31580E307CC5683E2800300000001000000107AE0808B
S31580E307DC5F83E2808A83E280000000005692E280A7
S31580E307EC0700000000000000E89DE080E88BE280D3
S31580E307FC1E68E280000000000393E28001000000A3
S31580E3080C010000006CA1E080E092E280A8DDE2804A
S31580E3081C00000000BA5DE280CC68E18048D0E280DB
S31580E3082C2422E280DD94E28084BEE0804F94E280F1
S31580E3083C74ADE080D296E28028C5E0805A8AE28065
S30980E3084CF4DDE0800E
S31580E308502000E080170000002400E08017000000FD
S31580E308602800E080170000002C00E08017000000DD
S31580E308703000E080170000003400E08017000000BD
S31580E308803800E08017000000E008E08017000000F1
S31580E30890080CE08017000000840DE080170000005C
S31580E308A0DC0EE080170000002C10E08017000000CB
S31580E308B03010E080170000001411E080170000007C
S31580E308C01C11E080170000002011E0801700000073
S31580E308D08011E080170000008411E080170000009B
S31580E308E08811E080170000008C11E080170000007B
S31580E308F0A011E08017000000B811E0801700000027
S31580E30900EC11E080170000001C12E0801700000065
S31580E309101413E080170000001813E080170000002E
S31580E309201C13E080170000007413E08017000000BA
S31580E309307813E080170000007C13E0801700000046
S31580E309408013E08017000000A413E0801700000006
S31580E30950A813E08017000000D413E080170000009E
S31580E309604415E080170000004C15E0801700000076
S31580E309705815E080170000005C15E0801700000042
S31580E309806015E080170000009816E08017000000ED
S31580E309909C16E08017000000A416E0801700000094
S31580E309A0A816E08017000000AC16E0801700000070
S31580E309B0B016E08017000000B416E0801700000050
S31580E309C0B816E08017000000C016E080170000002C
S31580E309D0C416E08017000000C816E0801700000008
S31580E309E0CC16E08017000000D016E08017000000E8
S31580E309F07817E080170000007C17E080170000007E
S31580E30A008017E080170000008417E080170000005D
S31580E30A108817E08017000000A818E0801700000020
S31580E30A20AC18E08017000000B018E08017000000E3
S31580E30A30B818E080170000005019E0801700000026
S31580E30A405419E080170000005819E0801700000071
S31580E30A509419E08017000000AC1AE08017000000CC
S31580E30A60B01AE08017000000B41AE0801700000097
S31580E30A70B81AE08017000000BC1AE0801700000077
S31580E30A80C01AE08017000000C41AE0801700000057
S31580E30A90C81AE08017000000CC1AE0801700000037
S31580E30AA0D01AE08017000000F01AE08017000000FB
S31580E30AB0101BE08017000000301BE0801700000069
S31580E30AC0501BE08017000000701BE08017000000D9
S31580E30AD0901BE08017000000C01BE0801700000039
S31580E30AE0B41CE08017000000B81CE080170000000B
S31580E30AF0D024E08017000000D424E08017000000B3
S31580E30B00D824E08017000000DC24E0801700000092
S31580E30B10E424E08017000000E824E080170000006A
S31580E30B20EC24E08017000000F024E080170000004A
S31580E30B30F424E08017000000F824E080170000002A
S31580E30B40FC24E080170000000025E0801700000009
S31580E30B500425E080170000000825E08017000000E8
S31580E30B600C25E080170000001025E08017000000C8
S31580E30B701425E080170000001825E08017000000A8
S31580E30B801C25E080170000002025E0801700000088
S31580E30B902425E080170000002825E0801700000068
S31580E30BA02C25E080170000003025E0801700000048
S31580E30BB03425E080170000003825E0801700000028
S31580E30BC03C25E080170000004025E0801700000008
S31580E30BD04425E080170000004825E08017000000E8
S31580E30BE04C25E080170000005025E08017000000C8
S31580E30BF05425E080170000005825E08017000000A8
S31580E30C005C25E080170000006025E0801700000087
S31580E30C104426E080170000004826E08017000000A5
S31580E30C204C26E08017000000BC26E0801700000019
S31580E30C30C026E08017000000C426E080170000008D
S31580E30C40C826E080170000008427E08017000000B4
S31580E30C508827E080170000007028E08017000000F6
S31580E30C607428E080170000007828E08017000000F1
S31580E30C707C28E080170000008028E08017000000D1
S31580E30C801829E08017000000742AE080170000002E
S31580E30C90782AE080170000007C2AE08017000000B5
S31580E30CA0802AE08017000000842AE0801700000095
S31580E30CB0882AE080170000008C2AE0801700000075
S31580E30CC0902AE08017000000942AE0801700000055
S31580E30CD0982AE080170000009C2AE0801700000035
S31580E30CE0B42AE08017000000B82AE08017000000ED
S31580E30CF03833E080170000003C33E08017000000C3
S31580E30D004033E080170000004433E08017000000A2
S31580E30D104833E080170000004C33E0801700000082
S31580E30D205033E080170000005433E0801700000062
S31580E30D305833E08017000000043AE0801700000093
S31580E30D40083AE080170000000C3AE08017000000C4
S31580E30D50103AE08017000000143AE08017000000A4
S31580E30D60183AE080170000001C3AE0801700000084
S31580E30D70203AE08017000000243AE0801700000064
S31580E30D80283AE080170000002C3AE0801700000044
S31580E30D90303AE08017000000343AE0801700000024
S31580E30DA0383AE080170000003C3AE0801700000004
S31580E30DB0403AE08017000000443AE08017000000E4
S31580E30DC0483AE080170000004C3AE08017000000C4
S31580E30DD0503AE08017000000543AE08017000000A4
S31580E30DE0583AE080170000005C3AE0801700000084
S31580E30DF0603AE08017000000643AE0801700000064
S31580E30E00683AE080170000006C3AE0801700000043
S31580E30E10703AE08017000000743AE0801700000023
S31580E30E20783AE080170000007C3AE0801700000003
S31580E30E30803AE08017000000843AE08017000000E3
S31580E30E40883AE080170000008C3AE08017000000C3
S31580E30E50903AE08017000000943AE08017000000A3
S31580E30E60983AE080170000009C3AE0801700000083
S31580E30E70A03AE08017000000A43AE0801700000063
S31580E30E80A83AE08017000000AC3AE0801700000043
S31580E30E90B03AE08017000000B43AE0801700000023
S31580E30EA0B83AE08017000000BC3AE0801700000003
S31580E30EB0C03AE08017000000C43AE08017000000E3
S31580E30EC0C83AE08017000000CC3AE08017000000C3
S31580E30ED0D03AE08017000000D43AE08017000000A3
S31580E30EE0D83AE08017000000DC3AE0801700000083
S31580E30EF0E03AE08017000000E43AE0801700000063
S31580E30F00E83AE08017000000EC3AE0801700000042
S31580E30F10F03AE08017000000F43AE0801700000022
S31580E30F20F83AE08017000000FC3AE0801700000002
S31580E30F303C3BE08017000000403BE0801700000068
S31580E30F40683BE080170000006C3BE0801700000000
S31580E30F50703BE08017000000A83BE08017000000AC
S31580E30F60AC3BE08017000000B03BE0801700000058
S31580E30F70B43BE08017000000B83BE0801700000038
S31580E30F80BC3BE08017000000F43BE08017000000E4
S31580E30F90F83BE08017000000FC3BE0801700000090
S31580E30FA0003CE08017000000043CE080170000006E
S31580E30FB0083CE08017000000043DE0801700000055
S31580E30FC0083DE080170000000C3DE080170000003C
S31580E30FD0103DE08017000000583DE08017000000D8
S31580E30FE05C3DE08017000000883DE080170000004C
S31580E30FF0D03DE08017000000D43DE080170000007C
S31580E31000D83DE080170000003C45E08017000000F3
S31580E310104445E080170000004845E0801700000063
S31580E310204C45E080170000005045E0801700000043
S31580E310305445E080170000005845E0801700000023
S31580E310405C45E080170000006045E0801700000003
S31580E310506445E080170000006845E08017000000E3
S31580E310606C45E080170000007045E08017000000C3
S31580E310707445E080170000007845E08017000000A3
S31580E310807C45E080170000008045E0801700000083
S31580E310908445E080170000008845E0801700000063
S31580E310A08C45E080170000009045E0801700000043
S31580E310B09445E080170000009845E0801700000023
S31580E310C09C45E08017000000A045E0801700000003
S31580E310D0A445E08017000000A845E08017000000E3
S31580E310E0AC45E08017000000B445E08017000000BF
S31580E310F05446E080170000005846E0801700000061
S31580E311006046E080170000006446E0801700000038
S31580E311108446E08017000000C046E08017000000A8
S31580E31120C446E08017000000A047E0801700000077
S31580E31130A447E08017000000A847E080170000007E
S31580E31140F048E08017000000F448E08017000000D4
S31580E31150F848E08017000000FC48E08017000000B4
S31580E311600049E080170000000449E0801700000092
S31580E31170D04AE08017000000D44AE08017000000E0
S31580E31180D84AE08017000000DC4AE08017000000C0
S31580E31190004CE08017000000044CE080170000005C
S31580E311A0084CE080170000000C4CE080170000003C
S31580E311B0A44CE08017000000A84CE08017000000F4
S31580E311C0104EE08017000000144EE0801700000008
S31580E311D0184EE080170000001C4EE08017000000E8
S31580E311E0204EE08017000000244EE08017000000C8
S31580E311F0284EE080170000002C4EE08017000000A8
S31580E31200304EE08017000000344EE0801700000087
S31580E31210384EE080170000008C52E0801700000013
S31580E312209052E080170000009452E080170000009F
S31580E312309852E080170000009C52E080170000007F
S31580E31240A052E08017000000A452E080170000005F
S31580E31250A852E08017000000AC52E080170000003F
S31580E31260B052E08017000000B452E080170000001F
S31580E31270B852E08017000000BC52E08017000000FF
S31580E31280C052E08017000000C452E08017000000DF
S31580E31290C852E08017000000CC52E08017000000BF
S31580E312A0D052E08017000000D452E080170000009F
S31580E312B0D852E08017000000DC52E080170000007F
S31580E312C0E052E08017000000E452E080170000005F
S31580E312D04854E080170000004C54E080170000007B
S31580E312E05054E080170000005454E080170000005B
S31580E312F05854E080170000005C54E080170000003B
S31580E313006054E080170000006454E080170000001A
S31580E313106854E080170000006C54E08017000000FA
S31580E313207054E080170000007454E08017000000DA
S31580E313307854E080170000007C54E08017000000BA
S31580E313408054E080170000008454E080170000009A
S31580E313508854E080170000008C54E080170000007A
S31580E313609054E080170000009454E080170000005A
S31580E31370D855E08017000000E055E08017000000B4
S31580E31380E855E08017000000EC55E0801700000088
S31580E31390E058E08017000000E458E0801700000082
S31580E313A0E858E08017000000F058E080170000005E
S31580E313B0F458E080170000005859E08017000000D9
S31580E313C0C059E08017000000C459E0801700000090
S31580E313D0C859E08017000000CC59E0801700000070
S31580E313E0D059E08017000000105DE0801700000010
S31580E313F0145DE08017000000185DE08017000000B0
S31580E314001C5DE08017000000205DE080170000008F
S31580E31410245DE08017000000285DE080170000006F
S31580E314202C5DE08017000000305DE080170000004F
S31580E314307C5DE08017000000845EE080170000009A
S31580E31440885EE080170000008C5EE0801700000075
S31580E31450905EE08017000000945EE0801700000055
S31580E31460985EE08017000000245FE08017000000AC
S31580E31470285FE080170000002C5FE0801700000003
S31580E31480305FE08017000000C460E0801700000052
S31580E31490C860E08017000000CC60E08017000000A1
S31580E314A0D060E08017000000D460E0801700000081
S31580E314B0D860E08017000000DC60E0801700000061
S31580E314C0E060E080170000008C61E0801700000098
S31580E314D09061E080170000009461E08017000000CF
S31580E314E09861E080170000009C61E08017000000AF
S31580E314F03C62E080170000004062E0801700000055
S31580E315004462E080170000004862E0801700000034
S31580E315104C62E080170000005062E0801700000014
S31580E315205462E080170000005862E08017000000F4
S31580E315308062E080170000008462E080170000008C
S31580E31540F862E08017000000FC62E080170000008C
S31580E315500063E080170000001464E0801700000059
S31580E315601864E080170000001C64E0801700000028
S31580E31570AC69E08017000000B069E08017000000E6
S31580E31580B869E08017000000BC69E08017000000BE
S31580E31590C069E08017000000C469E080170000009E
S31580E315A0C869E08017000000CC69E080170000007E
S31580E315B0D069E08017000000D469E080170000005E
S31580E315C0D869E08017000000DC69E080170000003E
S31580E315D0E069E08017000000E469E080170000001E
S31580E315E0E869E08017000000EC69E08017000000FE
S31580E315F0F069E08017000000F469E08017000000DE
S31580E31600F869E08017000000FC69E08017000000BD
S31580E31610006AE08017000000046AE080170000009B
S31580E316200C70E080170000001070E0801700000067
S31580E316301470E080170000001870E0801700000047
S31580E316401C70E080170000002070E0801700000027
S31580E316502470E080170000002870E0801700000007
S31580E316602C70E080170000003070E08017000000E7
S31580E316703470E080170000003870E08017000000C7
S31580E316803C70E080170000004070E08017000000A7
S31580E316904470E080170000004870E0801700000087
S31580E316A04C70E080170000005070E0801700000067
S31580E316B05470E080170000005870E0801700000047
S31580E316C05C70E080170000006070E0801700000027
S31580E316D06470E080170000006870E0801700000007
S31580E316E06C70E080170000007070E08017000000E7
S31580E316F07470E080170000007870E08017000000C7
S31580E317007C70E080170000003871E08017000000ED
S31580E317103C71E080170000004071E0801700000014
S31580E317204471E080170000004871E08017000000F4
S31580E317304C71E080170000005071E08017000000D4
S31580E31740C476E08017000000C876E08017000000CA
S31580E31750CC76E08017000000D076E08017000000AA
S31580E31760D476E08017000000D876E080170000008A
S31580E31770DC76E08017000000E076E080170000006A
S31580E31780E476E08017000000E876E080170000004A
S31580E31790EC76E08017000000F076E080170000002A
S31580E317A0F476E08017000000F876E080170000000A
S31580E317B0FC76E080170000000077E08017000000E9
S31580E317C00477E080170000000877E08017000000C8
S31580E317D00C77E080170000001077E08017000000A8
S31580E317E01477E080170000001877E0801700000088
S31580E317F01C77E080170000002077E0801700000068
S31580E318002477E080170000002877E0801700000047
S31580E318102C77E080170000003077E0801700000027
S31580E318203477E080170000003877E0801700000007
S31580E318303C77E08017000000B079E0801700000075
S31580E31840B479E08017000000B879E08017000000E3
S31580E31850BC79E08017000000C079E08017000000C3
S31580E31860C479E08017000000C879E08017000000A3
S31580E31870CC79E08017000000D079E0801700000083
S31580E31880D479E08017000000D879E0801700000063
S31580E31890DC79E08017000000E079E0801700000043
S31580E318A0E479E08017000000E879E0801700000023
S31580E318B0EC79E08017000000F079E0801700000003
S31580E318C0F479E08017000000F879E08017000000E3
S31580E318D0FC79E08017000000007AE08017000000C2
S31580E318E0C07AE08017000000C47AE0801700000029
S31580E318F0C87AE08017000000607BE0801700000074
S31580E31900647BE08017000000DC7BE080170000004A
S31580E31910947CE08017000000987CE080170000004C
S31580E319209C7CE08017000000607DE080170000006B
S31580E31930647DE08017000000847FE080170000006C
S31580E31940887FE080170000008C7FE080170000002E
S31580E31950907FE08017000000947FE080170000000E
S31580E31960987FE080170000009C7FE08017000000EE
S31580E31970A07FE08017000000A47FE08017000000CE
S31580E31980A87FE080170000005480E0801700000005
S31580E31990F881E08017000000FC81E08017000000FA
S31580E319A00082E080170000000482E08017000000D8
S31580E319B00882E080170000000C82E08017000000B8
S31580E319C03882E080170000009082E08017000000F4
S31580E319D0E482E080170000002885E080170000009D
S31580E319E02C85E080170000003085E080170000003A
S31580E319F03485E080170000003885E080170000001A
S31580E31A003C85E080170000004485E08017000000F5
S31580E31A104885E080170000008486E0801700000098
S31580E31A20FC86E080170000001089E0801700000044
S31580E31A301489E080170000001889E0801700000011
S31580E31A402089E080170000002889E08017000000E5
S31580E31A503889E080170000008089E0801700000065
S31580E31A601C8AE080170000002C8BE08017000000C2
S31580E31A70C490E08017000000C890E0801700000063
S31580E31A80CC90E08017000000D090E0801700000043
S31580E31A90D490E08017000000D890E0801700000023
S31580E31AA0DC90E08017000000E090E0801700000003
S31580E31AB0E490E08017000000EC90E08017000000DF
S31580E31AC0F090E08017000000F490E08017000000BB
S31580E31AD0F890E08017000000FC90E080170000009B
S31580E31AE00091E080170000000491E0801700000079
S31580E31AF00891E080170000000C91E0801700000059
S31580E31B001091E080170000001491E0801700000038
S31580E31B101891E080170000001C91E0801700000018
S31580E31B202091E080170000002491E08017000000F8
S31580E31B302891E080170000002C91E08017000000D8
S31580E31B403091E080170000003491E08017000000B8
S31580E31B503891E080170000003C91E0801700000098
S31580E31B604491E080170000004891E0801700000070
S31580E31B704C91E080170000005091E0801700000050
S31580E31B805891E080170000005C91E0801700000028
S31580E31B906091E080170000006891E0801700000004
S31580E31BA06C91E080170000007091E08017000000E0
S31580E31BB07491E080170000007891E08017000000C0
S31580E31BC08091E08017000000A492E0801700000077
S31580E31BD0A892E08017000000B892E080170000002A
S31580E31BE0C892E08017000000D892E08017000000DA
S31580E31BF0E892E08017000000F892E080170000008A
S31580E31C000893E080170000001893E0801700000037
S31580E31C102893E080170000003893E08017000000E7
S31580E31C20BC94E08017000000C094E08017000000B9
S31580E31C30B495E08017000000B895E08017000000B7
S31580E31C40509DE08017000000549DE080170000005F
S31580E31C50589DE080170000005C9DE080170000003F
S31580E31C60609DE08017000000649DE080170000001F
S31580E31C70689DE080170000006C9DE08017000000FF
S31580E31C80709DE08017000000749DE08017000000DF
S31580E31C90789DE080170000007C9DE08017000000BF
S31580E31CA0809DE08017000000849DE080170000009F
S31580E31CB0889DE080170000008C9DE080170000007F
S31580E31CC0909DE08017000000949DE080170000005F
S31580E31CD0989DE08017000000A09DE080170000003B
S31580E31CE0A49DE08017000000A89DE0801700000017
S31580E31CF0AC9DE08017000000B09DE08017000000F7
S31580E31D00B49DE08017000000B89DE08017000000D6
S31580E31D10BC9DE08017000000C09DE08017000000B6
S31580E31D20C49DE08017000000C89DE0801700000096
S31580E31D30CC9DE08017000000D09DE0801700000076
S31580E31D40D49DE08017000000D89DE0801700000056
S31580E31D50DC9DE08017000000E09DE0801700000036
S31580E31D60E49DE0801700000040A1E08017000000BA
S31580E31D7044A1E0801700000048A1E080170000003E
S31580E31D804CA1E0801700000050A1E080170000001E
S31580E31D9054A1E0801700000058A1E08017000000FE
S31580E31DA05CA1E0801700000060A1E08017000000DE
S31580E31DB064A1E0801700000068A1E08017000000BE
S31580E31DC094A1E0801700000098A1E080170000004E
S31580E31DD09CA1E08017000000A0A1E080170000002E
S31580E31DE064A2E0801700000068A2E080170000008C
S31580E31DF0C4A2E08017000000C8A2E08017000000BC
S31580E31E00CCA2E0801700000048A4E0801700000021
S31580E31E104CA4E08017000000C4A4E0801700000013
S31580E31E20C8A4E0801700000014A9E0801700000032
S31580E31E3018A9E080170000001CA9E08017000000C5
S31580E31E4020A9E0801700000024A9E08017000000A5
S31580E31E5028A9E080170000002CA9E0801700000085
S31580E31E6034A9E0801700000038A9E080170000005D
S31580E31E7094A9E0801700000050AAE08017000000D4
S31580E31E80F0AAE08017000000F4AAE08017000000C3
S31580E31E9018ABE080170000003CABE0801700000041
S31580E31EA0B4ABE08017000000E4ABE08017000000ED
S31580E31EB0C0ACE08017000000C4ACE08017000000EF
S31580E31EC0DCACE08017000000ECACE080170000009B
S31580E31ED000ADE0801700000024AEE080170000002C
S31580E31EE028AEE080170000002CAEE08017000000EB
S31580E31EF030AEE08017000000D4AEE080170000002B
S31580E31F00D8AEE08017000000DCAEE080170000006A
S31580E31F10E0AEE08017000000E4AEE080170000004A
S31580E31F20E8AEE08017000000ECAEE080170000002A
S31580E31F30F0AEE08017000000CCAFE0801700000031
S31580E31F40D0AFE0801700000038B0E08017000000D3
S31580E31F503CB0E0801700000040B0E080170000004E
S31580E31F6078B0E080170000007CB0E08017000000C6
S31580E31F7080B0E0801700000044B1E08017000000E5
S31580E31F8048B1E080170000004CB1E0801700000004
S31580E31F9074B3E0801700000078B3E0801700000098
S31580E31FA07CB3E080170000006CB9E0801700000086
S31580E31FB070B9E0801700000074B9E0801700000074
S31580E31FC07CB9E0801700000080B9E080170000004C
S31580E31FD084B9E0801700000088B9E080170000002C
S31580E31FE08CB9E0801700000060BAE080170000003B
S31580E31FF008BEE080170000007CBEE080170000008A
S31580E3200080BEE08017000000BCBEE08017000000C1
S31580E32010C0BEE08017000000C4BEE0801700000069
S31580E32020C8BEE080170000005CBFE08017000000B8
S31580E32030F8BFE08017000000FCBFE08017000000D7
S31580E3204028C0E0801700000068C0E0801700000029
S31580E3205068C1E080170000006CC1E08017000000D3
S31580E3206070C1E0801700000078C1E08017000000AF
S31580E320707CC1E0801700000080C1E080170000008B
S31580E3208084C1E08017000000B4C1E080170000003F
S31580E32090BCC1E0801700000054C3E0801700000055
S31580E320A058C3E080170000005CC3E080170000009F
S31580E320B060C3E0801700000064C3E080170000007F
S31580E320C068C3E080170000006CC3E080170000005F
S31580E320D070C3E0801700000074C3E080170000003F
S31580E320E078C3E080170000007CC3E080170000001F
S31580E320F080C3E0801700000084C3E08017000000FF
S31580E3210088C3E080170000008CC3E08017000000DE
S31580E32110BCC3E080170000009CC4E0801700000089
S31580E32120A0C4E08017000000A4C4E080170000008C
S31580E3213014C5E0801700000060C5E080170000004A
S31580E3214064C5E0801700000068C5E08017000000E2
S31580E321506CC5E08017000000B8C5E080170000007A
S31580E32160BCC5E0801700000010C6E08017000000C1
S31580E3217014C6E08017000000BCC6E08017000000AC
S31580E32180C0C6E0801700000064C7E0801700000047
S31580E3219068C7E080170000006CC7E0801700000086
S31580E321A070C7E08017000000C0C7E080170000001A
S31580E321B0C4C7E08017000000C8C7E08017000000AE
S31580E321C0CCC7E08017000000D0C7E080170000008E
S31580E321D0D4C7E0801700000078CAE08017000000CB
S31580E321E07CCAE0801700000080CAE0801700000008
S31580E321F084CAE0801700000088CAE08017000000E8
S31580E322008CCAE0801700000090CAE08017000000C7
S31580E32210ECCBE08017000000F4CBE08017000000F1
S31580E32220FCCBE0801700000000CCE08017000000C4
S31580E3223004CCE0801700000008CCE08017000000A3
S31580E322400CCCE0801700000010CCE0801700000083
S31580E3225018CCE080170000001CCCE080170000005B
S31580E3226020CCE08017000000BCCCE08017000000A3
S31580E32270C0CCE08017000000C4CCE08017000000EB
S31580E32280E0CCE0801700000034CEE0801700000049
S31580E3229038CEE080170000003CCEE08017000000D7
S31580E322A040CEE0801700000044CEE08017000000B7
S31580E322B048CEE080170000004CCEE0801700000097
S31580E322C050CEE0801700000054CEE0801700000077
S31580E322D058CEE080170000005CCEE0801700000057
S31580E322E060CEE0801700000064CEE0801700000037
S31580E322F068CEE080170000006CCEE0801700000017
S31580E3230070CEE0801700000074CEE08017000000F6
S31580E3231078CEE080170000007CCEE08017000000D6
S31580E32320A0D0E08017000000A4D0E0801700000072
S31580E32330A8D0E08017000000ACD0E0801700000052
S31580E32340B0D0E08017000000B4D0E0801700000032
S31580E32350ACD1E08017000000B0D1E0801700000028
S31580E32360B4D1E08017000000B8D1E0801700000008
S31580E32370BCD1E08017000000C0D1E08017000000E8
S31580E32380F0D3E08017000000F4D3E080170000006C
S31580E32390F8D3E08017000000FCD3E080170000004C
S31580E323A000D4E0801700000004D4E080170000002A
S31580E323B008D4E080170000000CD4E080170000000A
S31580E323C010D4E0801700000014D4E08017000000EA
S31580E323D018D4E0801700000090D5E0801700000055
S31580E323E0A8D7E08017000000ACD7E0801700000094
S31580E323F0B0D7E08017000000B4D7E0801700000074
S31580E32400B8D7E08017000000BCD7E0801700000053
S31580E32410C0D7E08017000000C4D7E0801700000033
S31580E32420C8D7E08017000000CCD7E0801700000013
S31580E32430D0D7E08017000000F8D7E08017000000CF
S31580E32440FCD7E0801700000084D8E0801700000006
S31580E32450F8D9E08017000000FCD9E080170000007F
S31580E3246000DAE0801700000004DAE080170000005D
S31580E3247008DAE080170000000CDAE080170000003D
S31580E3248010DAE08017000000A0DCE080170000008F
S31580E32490A4DCE08017000000A8DCE08017000000E1
S31580E324A0ACDCE08017000000B0DCE08017000000C1
S31580E324B0B4DCE08017000000B8DCE08017000000A1
S31580E324C0BCDCE08017000000C0DCE0801700000081
S31580E324D0C4DCE08017000000C8DCE0801700000061
S31580E324E0CCDCE08017000000D0DCE0801700000041
S31580E324F0D4DCE08017000000D8DCE0801700000021
S31580E32500E0DDE08017000000E8DDE08017000000F2
S31580E32510ECDDE08017000000F0DDE08017000000CE
S31580E3252028DEE08017000000DCDFE0801700000093
S31580E3253034E0E0801700000038E0E0801700000018
S31580E3254068E0E08017000000A0E0E080170000006C
S31580E32550A4E0E08017000000E4E0E08017000000DC
S31580E32560E8E0E08017000000FCE0E0801700000070
S31580E3257000E1E0801700000014E1E080170000002E
S31580E3258018E1E080170000002CE1E08017000000EE
S31580E3259030E1E08017000000BCE2E0801700000035
S31580E325A0C0E2E08017000000C4E2E080170000008C
S31580E325B0C8E2E08017000000CCE2E080170000006C
S31580E325C0D0E2E08017000000D4E2E080170000004C
S31580E325D0D8E2E08017000000DCE2E080170000002C
S31580E325E0E0E2E0801700000074E5E0801700000079
S31580E325F078E5E080170000007CE5E08017000000C6
S31580E3260084E5E0801700000088E5E080170000009D
S31580E326108CE5E0801700000090E5E080170000007D
S31580E3262094E5E0801700000098E5E080170000005D
S31580E326309CE5E08017000000C0E6E080170000001C
S31580E32640C4E6E08017000000C8E6E08017000000DB
S31580E32650CCE6E080170000009CE7E08017000000EE
S31580E32660D8E7E08017000000DCE7E0801700000091
S31580E32670BCE8E08017000000C0E8E08017000000B7
S31580E32680C4E8E08017000000C8E8E0801700000097
S31580E32690CCE8E08017000000D0E8E0801700000077
S31580E326A0D4E8E08017000000D8E8E0801700000057
S31580E326B0DCE8E0801700000040E9E08017000000D6
S31580E326C044E9E080170000004CE9E0801700000051
S31580E326D050E9E0801700000054E9E080170000002D
S31580E326E058E9E080170000005CE9E080170000000D
S31580E326F060E9E08017000000B4E9E080170000009D
S31580E3270080EAE0801700000084EAE080170000009A
S31580E327106CEBE08017000000F8EDE0801700000026
S31580E32720FCEDE0801700000000EEE080170000007B
S31580E3273004EEE0801700000008EEE080170000005A
S31580E327400CEEE0801700000010EEE080170000003A
S31580E3275014EEE08017000000E4F4E0801700000048
S31580E32760E8F4E08017000000ECF4E0801700000056
S31580E32770F0F4E08017000000F4F4E0801700000036
S31580E32780F8F4E08017000000FCF4E0801700000016
S31580E3279004F5E0801700000008F5E08017000000EC
S31580E327A00CF5E0801700000014F5E08017000000C8
S31580E327B018F5E080170000001CF5E08017000000A4
S31580E327C020F5E0801700000034F5E0801700000074
S31580E327D0BCF5E0801700000000F9E08017000000F8
S31580E327E08CFCE0801700000090FCE080170000007E
S31580E327F094FCE0801700000098FCE080170000005E
S31580E328009CFCE08017000000A4FCE0801700000039
S31580E32810A8FCE08017000000ACFCE0801700000015
S31580E32820B0FCE08017000000B4FCE08017000000F5
S31580E32830B8FCE08017000000BCFCE08017000000D5
S31580E32840C0FCE08017000000C4FCE08017000000B5
S31580E32850D0FCE08017000000D4FCE0801700000085
S31580E32860D8FCE08017000000DCFCE0801700000065
S31580E32870E0FCE0801700000058FDE08017000000D0
S31580E3288048FEE08017000000A4FEE0801700000009
S31580E3289018FFE0801700000094FFE0801700000037
S31580E328A098FFE080170000009CFFE080170000009F
S31580E328B0A0FFE08017000000A4FFE080170000007F
S31580E328C0A8FFE080170000003C02E18017000000CB
S31580E328D04402E180170000004802E180170000000F
S31580E328E04C02E180170000005002E18017000000EF
S31580E328F05402E180170000008804E180170000009D
S31580E329008C04E18017000000E806E18017000000F0
S31580E329103007E180170000003407E18017000000EC
S31580E329203807E180170000003C07E18017000000CC
S31580E32930CC07E18017000000EC07E1801700000078
S31580E32940F007E180170000006408E18017000000CB
S31580E329509408E180170000009808E18017000000E2
S31580E329609C08E18017000000A008E18017000000C2
S31580E32970A408E18017000000A808E18017000000A2
S31580E32980AC08E18017000000B008E1801700000082
S31580E32990B408E180170000005009E18017000000C9
S31580E329A05409E180170000005809E1801700000010
S31580E329B05C09E180170000006009E18017000000F0
S31580E329C06409E180170000006809E18017000000D0
S31580E329D06C09E180170000003C0AE18017000000E3
S31580E329E0400AE18017000000440AE18017000000F6
S31580E329F0480AE180170000004C0AE18017000000D6
S31580E32A00500AE18017000000540AE18017000000B5
S31580E32A10580AE180170000005C0AE1801700000095
S31580E32A20600AE18017000000640AE1801700000075
S31580E32A30680AE180170000006C0AE1801700000055
S31580E32A40700AE18017000000740AE1801700000035
S31580E32A50780AE180170000007C0AE1801700000015
S31580E32A60D00AE18017000000D40AE1801700000055
S31580E32A70D80AE18017000000DC0AE1801700000035
S31580E32A80E00AE18017000000E40AE1801700000015
S31580E32A90E80AE18017000000EC0AE18017000000F5
S31580E32AA0540BE18017000000580BE180170000000B
S31580E32AB05C0BE18017000000600BE18017000000EB
S31580E32AC0640BE18017000000680BE18017000000CB
S31580E32AD06C0BE18017000000700BE18017000000AB
S31580E32AE0740BE18017000000780BE180170000008B
S31580E32AF07C0BE18017000000800BE180170000006B
S31580E32B00280CE180170000002C0CE1801700000000
S31580E32B102C10E180170000003010E18017000000E0
S31580E32B203410E180170000003810E18017000000C0
S31580E32B303C10E180170000004010E18017000000A0
S31580E32B404410E180170000004810E1801700000080
S31580E32B504C10E180170000005010E1801700000060
S31580E32B606010E180170000006410E1801700000028
S31580E32B706810E180170000006C10E1801700000008
S31580E32B804C11E180170000005011E180170000002E
S31580E32B905411E180170000005811E180170000000E
S31580E32BA05C11E180170000006011E18017000000EE
S31580E32BB06411E180170000006811E18017000000CE
S31580E32BC00414E180170000000814E1801700000078
S31580E32BD00C14E180170000001014E1801700000058
S31580E32BE01414E180170000001814E1801700000038
S31580E32BF01C14E180170000002014E1801700000018
S31580E32C002414E180170000002814E18017000000F7
S31580E32C101416E180170000001816E1801700000003
S31580E32C201C16E180170000002016E18017000000E3
S31580E32C302416E180170000002816E18017000000C3
S31580E32C402C16E180170000003016E18017000000A3
S31580E32C50A416E18017000000A816E18017000000A3
S31580E32C60AC16E18017000000B016E1801700000083
S31580E32C70B416E18017000000B816E1801700000063
S31580E32C80BC16E18017000000C016E1801700000043
S31580E32C904817E180170000004C17E1801700000019
S31580E32CA05017E180170000005417E18017000000F9
S31580E32CB08817E180170000007018E1801700000094
S31580E32CC07418E18017000000DC18E180170000002B
S31580E32CD0E018E18017000000E418E18017000000A7
S31580E32CE03019E180170000003419E18017000000F5
S31580E32CF03819E18017000000EC19E1801700000025
S31580E32D00F019E18017000000F419E1801700000054
S31580E32D10081AE180170000000C1AE1801700000012
S31580E32D20101AE18017000000141AE18017000000F2
S31580E32D30181AE180170000001C1AE18017000000D2
S31580E32D40201AE18017000000241AE18017000000B2
S31580E32D50A01CE18017000000A41CE180170000009E
S31580E32D60701DE18017000000741DE18017000000EC
S31580E32D70C41EE18017000000C81EE1801700000032
S31580E32D806021E180170000006421E18017000000E4
S31580E32D906821E180170000006C21E18017000000C4
S31580E32DA07021E18017000000EC23E180170000002A
S31580E32DB0F023E18017000000F423E1801700000090
S31580E32DC0F823E18017000000FC23E1801700000070
S31580E32DD00024E18017000000082BE1801700000043
S31580E32DE0142BE18017000000182BE1801700000008
S31580E32DF02C2BE18017000000302BE18017000000C8
S31580E32E00342BE18017000000382BE18017000000A7
S31580E32E103C2BE18017000000402BE1801700000087
S31580E32E20442BE18017000000742BE180170000003B
S31580E32E30782BE180170000007C2BE18017000000EF
S31580E32E40802BE18017000000842BE18017000000CF
S31580E32E50982BE180170000009C2BE180170000008F
S31580E32E60A02BE18017000000142CE18017000000FE
S31580E32E70182CE180170000001C2CE180170000006D
S31580E32E80202CE18017000000282CE1801700000049
S31580E32E90442EE18017000000482EE18017000000F1
S31580E32EA04C2EE18017000000502EE18017000000D1
S31580E32EB0542EE18017000000642EE18017000000A5
S31580E32EC0682EE180170000006C2EE1801700000079
S31580E32ED0702EE18017000000882FE1801700000044
S31580E32EE08C2FE18017000000902FE180170000000F
S31580E32EF0942FE18017000000A42FE18017000000E3
S31580E32F00AC30E18017000000B030E18017000000AC
S31580E32F10B430E18017000000B830E180170000008C
S31580E32F20BC30E18017000000C030E180170000006C
S31580E32F30C430E180170000004031E18017000000D3
S31580E32F404431E18017000000E031E18017000000A2
S31580E32F50E431E180170000001434E18017000000BB
S31580E32F601C34E180170000002034E1801700000064
S31580E32F702434E180170000002834E1801700000044
S31580E32F802C34E180170000003034E1801700000024
S31580E32F903434E180170000003834E1801700000004
S31580E32FA03C34E180170000000037E1801700000021
S31580E32FB00437E180170000000837E180170000003E
S31580E32FC00C37E180170000001037E180170000001E
S31580E32FD01437E180170000001837E18017000000FE
S31580E32FE0B437E18017000000B837E18017000000AE
S31580E32FF0BC37E180170000002439E1801700000028
S31580E330002839E180170000002C39E18017000000A1
S31580E330103039E180170000003439E1801700000081
S31580E330203839E180170000004839E1801700000055
S31580E330304C39E180170000005039E1801700000029
S31580E330405839E18017000000E03AE180170000007C
S31580E33050E43AE18017000000E83AE18017000000D7
S31580E33060EC3AE18017000000F03AE18017000000B7
S31580E33070F43AE18017000000F83AE1801700000097
S31580E33080FC3AE18017000000003BE1801700000076
S31580E33090943CE18017000000983CE1801700000033
S31580E330A0F03DE18017000000F43DE1801700000069
S31580E330B0F83DE18017000000783EE18017000000CC
S31580E330C07C3EE18017000000803EE180170000002F
S31580E330D0EC3EE180170000000046E1801700000027
S31580E330E00446E180170000000846E18017000000EF
S31580E330F00C46E180170000001446E18017000000CB
S31580E331001846E180170000001C46E18017000000A6
S31580E331102046E180170000002446E1801700000086
S31580E331202846E180170000002C46E1801700000066
S31580E331303046E180170000003446E1801700000046
S31580E331403846E180170000003C46E1801700000026
S31580E331504046E180170000004446E1801700000006
S31580E331604846E180170000004C46E18017000000E6
S31580E331705046E18017000000944CE1801700000080
S31580E331807C52E180170000008052E1801700000046
S31580E33190A054E18017000000FC55E1801700000091
S31580E331A00056E180170000000456E1801700000016
S31580E331B00856E18017000000B456E180170000004E
S31580E331C0B856E18017000000BC56E1801700000086
S31580E331D0C056E180170000005461E18017000000CB
S31580E331E05861E180170000005C61E1801700000010
S31580E331F06061E180170000006461E18017000000F0
S31580E332007061E180170000007461E18017000000BF
S31580E332107861E180170000007C61E180170000009F
S31580E332208061E180170000008461E180170000007F
S31580E332308C61E180170000009461E1801700000053
S31580E332409861E18017000000A461E1801700000027
S31580E33250A861E18017000000AC61E18017000000FF
S31580E33260B063E18017000000B463E18017000000DB
S31580E33270B863E18017000000BC63E18017000000BB
S31580E33280C463E18017000000C863E1801700000093
S31580E33290CC63E18017000000D063E1801700000073
S31580E332A0D463E18017000000D863E1801700000053
S31580E332B0DC63E18017000000E063E1801700000033
S31580E332C0E463E18017000000A464E1801700000056
S31580E332D03065E180170000000C66E180170000008E
S31580E332E07866E180170000009466E18017000000AD
S31580E332F09866E18017000000D466E180170000003D
S31580E33300D866E18017000000F466E18017000000CC
S31580E333108067E18017000000C867E180170000003E
S31580E33320CC67E18017000000AC69E18017000000FC
S31580E33330B069E18017000000B469E18017000000FE
S31580E33340D06CE18017000000D86CE18017000000A4
S31580E33350DC6CE18017000000E06CE1801700000080
S31580E33360646EE18017000000686EE180170000005C
S31580E33370E06FE18017000000E46FE1801700000052
S31580E33380E86FE18017000000EC6FE1801700000032
S31580E33390D070E18017000000D870E180170000004C
S31580E333A0DC70E180170000002872E18017000000DE
S31580E333B02C72E18017000000F472E18017000000B0
S31580E333C0F872E180170000009874E180170000002E
S31580E333D04479E18017000000BC7EE180170000009D
S31580E333E0C07EE18017000000C47EE1801700000004
S31580E333F0C87EE18017000000CC7EE18017000000E4
S31580E33400D07EE18017000000D47EE18017000000C3
S31580E33410D87EE18017000000DC7EE18017000000A3
S31580E33420E07EE18017000000E47EE1801700000083
S31580E33430E87EE18017000000EC7EE1801700000063
S31580E33440F07EE18017000000F47EE1801700000043
S31580E33450F87EE18017000000FC7EE1801700000023
S31580E33460007FE18017000000047FE1801700000001
S31580E33470087FE180170000000C7FE18017000000E1
S31580E33480107FE18017000000147FE18017000000C1
S31580E33490187FE180170000001C7FE18017000000A1
S31580E334A0207FE18017000000247FE1801700000081
S31580E334B0287FE180170000002C7FE1801700000061
S31580E334C0307FE18017000000347FE1801700000041
S31580E334D0387FE180170000003C7FE1801700000021
S31580E334E0407FE180170000006883E18017000000D9
S31580E334F06C83E180170000007083E1801700000091
S31580E335007483E180170000007883E1801700000070
S31580E335107C83E180170000008083E1801700000050
S31580E335208483E180170000008883E1801700000030
S31580E335308C83E180170000009083E1801700000010
S31580E335409483E180170000009883E18017000000F0
S31580E335509C83E18017000000A083E18017000000D0
S31580E33560A483E18017000000A883E18017000000B0
S31580E33570AC83E18017000000B083E1801700000090
S31580E33580B483E18017000000B883E1801700000070
S31580E33590BC83E18017000000C083E1801700000050
S31580E335A0C483E18017000000C883E1801700000030
S31580E335B0CC83E18017000000D083E1801700000010
S31580E335C0D483E18017000000D883E18017000000F0
S31580E335D0DC83E18017000000E083E18017000000D0
S31580E335E0E483E18017000000E883E18017000000B0
S31580E335F0EC83E18017000000F083E1801700000090
S31580E33600F483E18017000000F883E180170000006F
S31580E336107C85E180170000008085E180170000004B
S31580E336208485E180170000008885E180170000002B
S31580E336308C85E180170000009085E180170000000B
S31580E336409485E180170000009885E18017000000EB
S31580E336509C85E18017000000A085E18017000000CB
S31580E33660A485E18017000000A885E18017000000AB
S31580E33670AC85E18017000000B085E180170000008B
S31580E33680B485E180170000006891E18017000000AF
S31580E336906C91E180170000007091E18017000000D3
S31580E336A07491E180170000007891E18017000000B3
S31580E336B0A491E18017000000A891E1801700000043
S31580E336C0AC91E18017000000BC91E1801700000017
S31580E336D0C091E18017000000C491E18017000000EB
S31580E336E0C891E18017000000CC91E18017000000CB
S31580E336F0D091E18017000000D491E18017000000AB
S31580E33700D891E18017000000DC91E180170000008A
S31580E33710E091E18017000000E491E180170000006A
S31580E33720E891E18017000000EC91E180170000004A
S31580E337302C94E180170000003494E18017000000A8
S31580E337405894E18017000000BC94E18017000000E4
S31580E33750F094E180170000005095E18017000000A7
S31580E337605495E18017000000A098E18017000000DF
S31580E33770649AE18017000000689AE18017000000F0
S31580E337806C9AE18017000000709AE18017000000D0
S31580E33790D49CE18017000000DC9CE18017000000E8
S31580E337A0989DE180170000009C9DE1801700000052
S31580E337B0A09DE18017000000A49DE1801700000032
S31580E337C0A89DE1801700000044A8E180170000006F
S31580E337D048A8E180170000004CA8E18017000000AC
S31580E337E054A8E1801700000058A8E1801700000084
S31580E337F05CA8E1801700000060A8E1801700000064
S31580E3380068A8E180170000006CA8E180170000003B
S31580E3381074A8E1801700000078A8E1801700000013
S31580E33820E0A8E18017000000E4A8E180170000002B
S31580E33830E8A8E18017000000ECA8E180170000000B
S31580E33840F0A8E18017000000F4A8E18017000000EB
S31580E33850F8A8E18017000000FCA8E18017000000CB
S31580E33860B4A9E18017000000B8A9E1801700000041
S31580E33870BCA9E18017000000C0A9E1801700000021
S31580E33880C4A9E18017000000C8A9E1801700000001
S31580E33890CCA9E18017000000D0A9E18017000000E1
S31580E338A0D4A9E18017000000D8A9E18017000000C1
S31580E338B0DCA9E18017000000E0A9E18017000000A1
S31580E338C0E4A9E18017000000E8A9E1801700000081
S31580E338D040AAE180170000007CAAE180170000007F
S31580E338E098AAE18017000000D4AAE18017000000BF
S31580E338F0FCAAE1801700000090ABE180170000008E
S31580E3390094ABE1801700000098ABE18017000000DC
S31580E339109CABE18017000000D8ABE1801700000084
S31580E3392058ACE180170000005CACE1801700000032
S31580E3393014AEE180170000001CAEE18017000000A2
S31580E3394020AEE1801700000024AEE180170000007E
S31580E3395028AEE180170000002CAEE180170000005E
S31580E3396030AEE1801700000034AEE180170000003E
S31580E3397038AEE180170000003CAEE180170000001E
S31580E33980A4AEE1801700000058B0E1801700000084
S31580E339905CB0E1801700000060B0E18017000000B2
S31580E339A064B0E1801700000068B0E1801700000092
S31580E339B06CB0E1801700000070B0E1801700000072
S31580E339C074B0E1801700000078B0E1801700000052
S31580E339D07CB8E1801700000004BBE180170000009B
S31580E339E0C4C8E18017000000C8C8E1801700000062
S31580E339F0CCC8E18017000000D0C8E1801700000042
S31580E33A005CC9E1801700000034CAE180170000003A
S31580E33A106CCBE1801700000070CBE18017000000DB
S31580E33A2074CBE1801700000078CBE18017000000BB
S31580E33A307CCBE180170000001CCDE18017000000FD
S31580E33A4020CDE1801700000024CDE180170000003F
S31580E33A5028CDE180170000002CCDE180170000001F
S31580E33A6018CFE180170000001CCFE180170000002B
S31580E33A702CCFE18017000000B0CFE1801700000073
S31580E33A80B4CFE18017000000F8CFE1801700000093
S31580E33A90D8D0E1801700000014D1E1801700000040
S31580E33AA030D1E1801700000044D2E18017000000A6
S31580E33AB0F4D2E180170000006CD3E18017000000A8
S31580E33AC00CD4E18017000000E8D8E18017000000FD
S31580E33AD0C0D9E18017000000C8DCE1801700000050
S31580E33AE0CCDCE18017000000D0DCE1801700000029
S31580E33AF010E0E1801700000014E0E1801700000089
S31580E33B0018E0E180170000001CE0E1801700000068
S31580E33B109CE0E18017000000FCE0E18017000000F4
S31580E33B206CE5E18017000000A8F5E180170000004E
S31580E33B30A4FAE18017000000F0FCE18017000000A2
S31580E33B400003E280170000000403E2801700000010
S31580E33B50BC03E280170000003805E280170000000E
S31580E33B60FC05E280170000003806E28017000000BB
S31580E33B703C06E280170000004006E2801700000062
S31580E33B804406E280170000004806E2801700000042
S31580E33B904C06E280170000000407E280170000006D
S31580E33BA00807E280170000001007E2801700000094
S31580E33BB09407E280170000009807E2801700000070
S31580E33BC09C07E28017000000A007E2801700000050
S31580E33BD0A407E28017000000A807E2801700000030
S31580E33BE0AC07E28017000000B007E2801700000010
S31580E33BF0B407E280170000002808E280170000007F
S31580E33C002C08E280170000003408E28017000000E9
S31580E33C103808E28017000000380AE28017000000C7
S31580E33C203C0AE28017000000440AE28017000000A5
S31580E33C30480AE280170000004C0AE2801700000081
S31580E33C40500AE28017000000540AE2801700000061
S31580E33C50580AE28017000000880DE2801700000012
S31580E33C608C0DE28017000000900DE28017000000C3
S31580E33C70940DE28017000000980DE28017000000A3
S31580E33C809C0DE28017000000A00DE2801700000083
S31580E33C90A80DE28017000000AC0DE280170000005B
S31580E33CA0B00DE28017000000B40DE280170000003B
S31580E33CB0B80DE28017000000BC0DE280170000001B
S31580E33CC0C00DE28017000000C40DE28017000000FB
S31580E33CD0C80DE28017000000CC0DE28017000000DB
S31580E33CE0D00DE28017000000C40FE28017000000C9
S31580E33CF0C80FE28017000000CC0FE28017000000B7
S31580E33D00D40FE28017000000D80FE280170000008E
S31580E33D10DC0FE28017000000E00FE280170000006E
S31580E33D20E40FE28017000000EC0FE280170000004A
S31580E33D302810E280170000002C10E28017000000B4
S31580E33D403410E280170000009810E280170000002C
S31580E33D509C10E280170000008011E28017000000CB
S31580E33D60CC11E28017000000D011E280170000003A
S31580E33D70EC11E280170000009813E2801700000040
S31580E33D809C13E28017000000A013E2801700000076
S31580E33D90A413E28017000000A813E2801700000056
S31580E33DA0AC13E28017000000B013E2801700000036
S31580E33DB0B413E280170000002814E28017000000A5
S31580E33DC02C14E280170000003014E2801700000014
S31580E33DD0B415E28017000000B815E28017000000F2
S31580E33DE0BC15E28017000000C015E28017000000D2
S31580E33DF0C415E28017000000C815E28017000000B2
S31580E33E00CC15E28017000000D015E2801700000091
S31580E33E10D415E28017000000D815E2801700000071
S31580E33E20DC15E28017000000E015E2801700000051
S31580E33E30E415E28017000000E815E2801700000031
S31580E33E40EC15E28017000000F015E2801700000011
S31580E33E50F415E28017000000F815E28017000000F1
S31580E33E602816E280170000006016E2801700000043
S31580E33E708416E28017000000F816E280170000003F
S31580E33E80FC16E280170000000017E28017000000AE
S31580E33E900417E280170000000817E280170000008D
S31580E33EA0D817E28017000000DC17E28017000000D5
S31580E33EB0E017E28017000000E417E28017000000B5
S31580E33EC0E817E280170000008018E2801700000000
S31580E33ED08418E280170000008818E280170000004B
S31580E33EE08C18E28017000000A818E2801700000013
S31580E33EF0AC18E28017000000C018E28017000000CB
S31580E33F00EC18E28017000000F018E280170000004A
S31580E33F10F418E28017000000F818E280170000002A
S31580E33F202C19E280170000003019E28017000000A8
S31580E33F30481AE280170000004C1AE280170000005E
S31580E33F40501AE28017000000541AE280170000003E
S31580E33F50581AE280170000005C1AE280170000001E
S31580E33F60601AE28017000000641AE28017000000FE
S31580E33F70681AE280170000006C1AE28017000000DE
S31580E33F80701AE28017000000781AE28017000000BA
S31580E33F907C1AE28017000000801AE2801700000096
S31580E33FA0841AE28017000000A01AE280170000005E
S31580E33FB0A41AE28017000000B41AE280170000001A
S31580E33FC0FC1AE28017000000001BE2801700000065
S31580E33FD0041BE280170000000C1EE280170000003D
S31580E33FE0101EE28017000000141EE2801700000016
S31580E33FF0201EE280170000002C1EE28017000000DE
S31580E34000301EE28017000000341EE28017000000B5
S31580E34010701EE28017000000141FE2801700000084
S31580E340201C1FE280170000009C1FE280170000003F
S31580E340302820E28017000000D020E28017000000ED
S31580E34040C021E28017000000C421E280170000004F
S31580E34050C821E28017000000CC21E280170000002F
S31580E34060D021E28017000000D421E280170000000F
S31580E34070D821E28017000000DC21E28017000000EF
S31580E340804C22E28017000000A022E28017000000A5
S31580E34090C023E28017000000C423E28017000000FB
S31580E340A0C823E28017000000CC23E28017000000DB
S31580E340B0D023E28017000000D423E28017000000BB
S31580E340C0D823E28017000000DC23E280170000009B
S31580E340D0E023E28017000000E423E280170000007B
S31580E340E0E823E28017000000EC23E280170000005B
S31580E340F0F023E28017000000F423E280170000003B
S31580E34100F823E280170000006024E28017000000B5
S31580E341106424E280170000006824E2801700000030
S31580E341206C24E280170000002825E2801700000057
S31580E341302C25E280170000003025E280170000007E
S31580E341403425E280170000003825E280170000005E
S31580E341503C25E280170000004025E280170000003E
S31580E341604425E280170000004825E280170000001E
S31580E341704C25E280170000005025E28017000000FE
S31580E341805425E280170000005825E28017000000DE
S31580E341905C25E280170000002C27E28017000000F0
S31580E341A03027E280170000003427E2801700000002
S31580E341B03827E280170000003C27E28017000000E2
S31580E341C04027E280170000004427E28017000000C2
S31580E341D04827E280170000004C27E28017000000A2
S31580E341E05027E280170000005427E2801700000082
S31580E341F05827E280170000005C27E2801700000062
S31580E342006027E280170000006427E2801700000041
S31580E342106827E280170000006C27E2801700000021
S31580E342207027E280170000007427E2801700000001
S31580E342307827E280170000007C27E28017000000E1
S31580E342408027E280170000008427E28017000000C1
S31580E342508827E280170000008C27E28017000000A1
S31580E342609027E280170000009427E2801700000081
S31580E34270B027E28017000000B028E2801700000034
S31580E34280B428E28017000000B828E2801700000017
S31580E34290C028E28017000000C428E28017000000EF
S31580E342A0C828E28017000000CC28E28017000000CF
S31580E342B0D028E28017000000D428E28017000000AF
S31580E342C0D828E28017000000DC28E280170000008F
S31580E342D0BC29E28017000000C029E28017000000B5
S31580E342E0C429E28017000000F829E2801700000065
S31580E342F0FC29E28017000000002AE2801700000014
S31580E34300042AE28017000000082AE28017000000F2
S31580E343100C2AE28017000000102AE28017000000D2
S31580E34320502BE28017000000542BE2801700000038
S31580E34330582BE280170000005C2BE2801700000018
S31580E34340602BE28017000000642BE28017000000F8
S31580E34350682BE280170000006C2BE28017000000D8
S31580E34360702BE28017000000742BE28017000000B8
S31580E34370782BE280170000007C2BE2801700000098
S31580E34380802BE28017000000842BE2801700000078
S31580E34390882BE280170000008C2BE2801700000058
S31580E343A0BC2EE28017000000C02EE28017000000DA
S31580E343B0C42EE28017000000C82EE28017000000BA
S31580E343C0CC2EE28017000000D02EE280170000009A
S31580E343D0D42EE28017000000D82EE280170000007A
S31580E343E0DC2EE28017000000E42EE2801700000056
S31580E343F0E82EE28017000000EC2EE2801700000032
S31580E34400F02EE28017000000F42EE2801700000011
S31580E34410F82EE28017000000FC2EE28017000000F1
S31580E34420002FE28017000000042FE28017000000CF
S31580E34430082FE280170000000C2FE28017000000AF
S31580E34440102FE28017000000142FE280170000008F
S31580E34450182FE280170000001C2FE280170000006F
S31580E34460202FE280170000008C2FE28017000000E7
S31580E34470902FE28017000000942FE280170000005F
S31580E34480982FE280170000009C2FE280170000003F
S31580E34490A02FE28017000000A42FE280170000001F
S31580E344A0A82FE280170000004832E2801700000060
S31580E344B04C32E280170000005032E28017000000A1
S31580E344C05432E280170000005832E2801700000081
S31580E344D05C32E280170000006032E2801700000061
S31580E344E06432E280170000006832E2801700000041
S31580E344F06C32E280170000007032E2801700000021
S31580E345007432E280170000007832E2801700000000
S31580E345107C32E280170000008032E28017000000E0
S31580E345208432E280170000008832E28017000000C0
S31580E345308C32E280170000009032E28017000000A0
S31580E345409432E280170000009832E2801700000080
S31580E345509C32E28017000000A032E2801700000060
S31580E34560A432E28017000000A832E2801700000040
S31580E34570AC32E28017000000B032E2801700000020
S31580E34580B432E28017000000B832E2801700000000
S31580E34590BC32E28017000000C032E28017000000E0
S31580E345A0C432E28017000000C832E28017000000C0
S31580E345B0CC32E28017000000D032E28017000000A0
S31580E345C0D432E28017000000D832E2801700000080
S31580E345D0AC34E28017000000B034E28017000000BC
S31580E345E0B434E28017000000F434E2801700000060
S31580E345F0E438E28017000000E838E2801700000024
S31580E34600EC38E28017000000F038E2801700000003
S31580E34610F438E28017000000FC38E28017000000DF
S31580E346200039E280170000000439E28017000000B9
S31580E346300839E280170000000C39E2801700000099
S31580E346401039E280170000001439E2801700000079
S31580E346501839E280170000001C39E2801700000059
S31580E346602039E280170000002439E2801700000039
S31580E346702839E280170000002C39E2801700000019
S31580E346803039E28017000000A839E2801700000085
S31580E34690AC39E28017000000403AE2801700000060
S31580E346A0443AE28017000000483AE28017000000AF
S31580E346B0F03AE28017000000F43AE2801700000047
S31580E346C0F83AE28017000000003BE2801700000022
S31580E346D0043BE28017000000083BE28017000000FD
S31580E346E0B03BE28017000000B43BE2801700000095
S31580E346F0B83BE28017000000C03BE2801700000071
S31580E34700C43BE28017000000C83BE280170000004C
S31580E34710E43BE280170000000841E28017000000D6
S31580E347200C41E280170000001041E2801700000090
S31580E347301441E280170000001841E2801700000070
S31580E347401C41E280170000002041E2801700000050
S31580E347502441E280170000002841E2801700000030
S31580E347602C41E280170000003041E2801700000010
S31580E347703441E280170000003841E28017000000F0
S31580E347803C41E280170000004041E28017000000D0
S31580E347904441E280170000004841E28017000000B0
S31580E347A04C41E280170000005041E2801700000090
S31580E347B05441E280170000005841E2801700000070
S31580E347C05C41E280170000006041E2801700000050
S31580E347D06441E280170000006841E2801700000030
S31580E347E06C41E280170000007041E2801700000010
S31580E347F07441E280170000007841E28017000000F0
S31580E348007C41E280170000008041E28017000000CF
S31580E348108441E280170000008841E28017000000AF
S31580E348208C41E280170000009041E280170000008F
S31580E348309441E280170000009841E280170000006F
S31580E348409C41E28017000000A041E280170000004F
S31580E34850A441E28017000000A841E280170000002F
S31580E34860AC41E28017000000CC41E28017000000F3
S31580E34870D041E28017000000D441E28017000000B7
S31580E34880D841E28017000000DC41E2801700000097
S31580E34890E041E28017000000E441E2801700000077
S31580E348A0E841E28017000000EC41E2801700000057
S31580E348B0F041E28017000000F441E2801700000037
S31580E348C0F841E28017000000FC41E2801700000017
S31580E348D00042E280170000000442E28017000000F5
S31580E348E00842E280170000000C42E28017000000D5
S31580E348F01042E280170000001442E28017000000B5
S31580E349001842E280170000001C42E2801700000094
S31580E349102042E280170000002442E2801700000074
S31580E349202842E280170000002C42E2801700000054
S31580E349303042E280170000003442E2801700000034
S31580E349403842E280170000003C42E2801700000014
S31580E349504042E280170000004442E28017000000F4
S31580E349604842E280170000004C42E28017000000D4
S31580E349705042E280170000005442E28017000000B4
S31580E349805842E280170000005C42E2801700000094
S31580E349906042E280170000006442E2801700000074
S31580E349A06842E280170000006C42E2801700000054
S31580E349B07042E280170000007442E2801700000034
S31580E349C07842E280170000007C42E2801700000014
S31580E349D08042E28017000000B046E28017000000C4
S31580E349E0B446E28017000000B846E2801700000074
S31580E349F0BC46E28017000000C046E2801700000054
S31580E34A00C846E28017000000CC46E280170000002B
S31580E34A10D046E28017000000D446E280170000000B
S31580E34A20D846E28017000000DC46E28017000000EB
S31580E34A300047E280170000001C47E2801700000071
S31580E34A403847E280170000005447E28017000000F1
S31580E34A507047E280170000008C47E2801700000071
S31580E34A60A847E28017000000C447E28017000000F1
S31580E34A70E047E28017000000FC47E2801700000071
S31580E34A801848E280170000003448E28017000000EF
S31580E34A905048E280170000006C48E280170000006F
S31580E34AA08848E28017000000A448E28017000000EF
S31580E34AB0C048E28017000000DC48E280170000006F
S31580E34AC0F848E280170000001449E28017000000EE
S31580E34AD03049E280170000004C49E280170000006D
S31580E34AE06849E280170000008449E28017000000ED
S31580E34AF0A049E28017000000BC49E280170000006D
S31580E34B00D849E28017000000F449E28017000000EC
S31580E34B10104AE280170000002C4AE280170000006A
S31580E34B20484AE28017000000644AE28017000000EA
S31580E34B30804AE280170000009C4AE280170000006A
S31580E34B40B84AE28017000000D44AE28017000000EA
S31580E34B50F04AE280170000000C4BE2801700000069
S31580E34B60284BE28017000000444BE28017000000E8
S31580E34B70604BE280170000007C4BE2801700000068
S31580E34B80984BE28017000000B44BE28017000000E8
S31580E34B90D04BE28017000000EC4BE2801700000068
S31580E34BA0084CE28017000000244CE28017000000E6
S31580E34BB0404CE280170000005C4CE2801700000066
S31580E34BC0784CE28017000000944CE28017000000E6
S31580E34BD0B04CE28017000000CC4CE2801700000066
S31580E34BE0E84CE28017000000044DE28017000000E5
S31580E34BF0204DE280170000003C4DE2801700000064
S31580E34C00584DE28017000000744DE28017000000E3
S31580E34C10904DE28017000000AC4DE2801700000063
S31580E34C20C84DE28017000000E44DE28017000000E3
S31580E34C30004EE280170000001C4EE2801700000061
S31580E34C40384EE28017000000544EE28017000000E1
S31580E34C50704EE280170000008C4EE2801700000061
S31580E34C60A84EE28017000000C44EE28017000000E1
S31580E34C70E04EE28017000000FC4EE2801700000061
S31580E34C80184FE28017000000344FE28017000000DF
S31580E34C90504FE28017000000544FE2801700000077
S31580E34CA0584FE280170000005C4FE2801700000057
S31580E34CB0684FE28017000000704FE2801700000023
S31580E34CC0744FE280170000007C4FE28017000000FB
S31580E34CD0804FE28017000000884FE28017000000D3
S31580E34CE08C4FE28017000000944FE28017000000AB
S31580E34CF0984FE28017000000A04FE2801700000083
S31580E34D00A44FE28017000000AC4FE280170000005A
S31580E34D10B04FE28017000000B84FE2801700000032
S31580E34D20BC4FE28017000000C44FE280170000000A
S31580E34D30C84FE28017000000D04FE28017000000E2
S31580E34D40D44FE28017000000DC4FE28017000000BA
S31580E34D50E04FE28017000000E84FE2801700000092
S31580E34D60EC4FE28017000000F44FE280170000006A
S31580E34D70F84FE280170000000050E2801700000041
S31580E34D800450E280170000000C50E2801700000018
S31580E34D901050E280170000001850E28017000000F0
S31580E34DA01C50E280170000002450E28017000000C8
S31580E34DB02850E280170000003050E28017000000A0
S31580E34DC03450E280170000003C50E2801700000078
S31580E34DD04050E280170000004850E2801700000050
S31580E34DE04C50E280170000005450E2801700000028
S31580E34DF05850E280170000006050E2801700000000
S31580E34E006450E280170000006C50E28017000000D7
S31580E34E107050E280170000007850E28017000000AF
S31580E34E207C50E280170000008450E2801700000087
S31580E34E308850E280170000009050E280170000005F
S31580E34E409450E280170000009C50E2801700000037
S31580E34E50A050E28017000000A850E280170000000F
S31580E34E60AC50E28017000000B850E28017000000E3
S31580E34E70C050E28017000000C450E28017000000B3
S31580E34E80CC50E28017000000D050E280170000008B
S31580E34E90D850E28017000000DC50E2801700000063
S31580E34EA0E450E28017000000E850E280170000003B
S31580E34EB0F050E28017000000F450E2801700000013
S31580E34EC0FC50E280170000000051E28017000000EA
S31580E34ED00851E280170000000C51E28017000000C1
S31580E34EE01451E280170000001851E2801700000099
S31580E34EF02051E280170000002451E2801700000071
S31580E34F002C51E280170000003051E2801700000048
S31580E34F103851E280170000003C51E2801700000020
S31580E34F204451E280170000004851E28017000000F8
S31580E34F305051E280170000005451E28017000000D0
S31580E34F405C51E280170000006051E28017000000A8
S31580E34F506851E280170000006C51E2801700000080
S31580E34F607851E280170000008051E280170000004C
S31580E34F708451E280170000008C51E2801700000024
S31580E34F809051E280170000009851E28017000000FC
S31580E34F909C51E28017000000A451E28017000000D4
S31580E34FA0A851E28017000000B051E28017000000AC
S31580E34FB0B451E28017000000BC51E2801700000084
S31580E34FC0C051E28017000000C851E280170000005C
S31580E34FD0CC51E28017000000D451E2801700000034
S31580E34FE0D851E28017000000E051E280170000000C
S31580E34FF0E451E2801700000008E1E2801700000038
S31580E350000CE1E2801700000010E1E2801700000067
S31580E3501014E1E2801700000018E1E2801700000047
S31580E350201CE1E2801700000020E1E2801700000027
S31580E3503024E1E2801700000028E1E2801700000007
S31580E350402CE1E2801700000030E1E28017000000E7
S31580E35050C4E4E28017000000D4E4E2801700000095
S31580E35060D8E4E28017000000E0E4E2801700000065
S31580E35070F0E4E28017000000F4E4E2801700000029
S31580E35080FCE4E280170000000CE5E28017000000F4
S31580E3509010E5E2801700000018E5E28017000000C3
S31580E350A028E5E280170000002CE5E2801700000087
S31580E350B034E5E2801700000044E5E2801700000053
S31580E350C048E5E2801700000050E5E2801700000023
S31580E350D060E5E2801700000064E5E28017000000E7
S31580E350E06CE5E280170000007CE5E28017000000B3
S31580E350F080E5E2801700000088E5E2801700000083
S31580E3510098E5E280170000009CE5E2801700000046
S31580E35110A4E5E28017000000B4E5E2801700000012
S31580E35120B8E5E2801700000098F2E28017000000FD
S31580E35130A4F2E28017000000A8F2E28017000000E4
S31580E35140ACF2E28017000000B4F2E28017000000C0
S31580E35150C0F2E28017000000C4F2E280170000008C
S31580E35160C8F2E28017000000D0F2E2801700000068
S31580E35170DCF2E28017000000E0F2E2801700000034
S31580E35180E4F2E28017000000ECF2E2801700000010
S31580E35190F8F2E28017000000FCF2E28017000000DC
S31580E351A000F3E2801700000008F3E28017000000B6
S31580E351B014F3E2801700000018F3E2801700000082
S31580E351C01CF3E2801700000024F3E280170000005E
S31580E351D030F3E2801700000034F3E280170000002A
S31580E351E038F3E2801700000040F3E2801700000006
S31580E351F04CF3E2801700000050F3E28017000000D2
S31580E3520054F3E280170000005CF3E28017000000AD
S31580E3521068F3E280170000006CF3E2801700000079
S31580E3522070F3E2801700000080F3E280170000004D
S31580E3523084F3E2801700000088F3E2801700000021
S31580E352408CF3E2801700000090F3E2801700000001
S31580E3525094F3E2801700000098F3E28017000000E1
S31580E352609CF3E28017000000A0F3E28017000000C1
S31580E35270A4F3E28017000000A8F3E28017000000A1
S31580E35280ACF3E28017000000B0F3E2801700000081
S31580E35290B4F3E28017000000B8F3E2801700000061
S31580E352A0BCF3E28017000000C0F3E2801700000041
S31580E352B0C4F3E28017000000C8F3E2801700000021
S31580E352C0CCF3E28017000000D0F3E2801700000001
S31580E352D0D4F3E28017000000D8F3E28017000000E1
S31580E352E0DCF3E28017000000E0F3E28017000000C1
S31580E352F0E4F3E28017000000E8F3E28017000000A1
S31580E35300ECF3E28017000000F0F3E2801700000080
S31580E35310F4F3E28017000000F8F3E2801700000060
S31580E35320FCF3E2801700000000F4E280170000003F
S31580E3533004F4E2801700000008F4E280170000001E
S31580E353400CF4E2801700000010F4E28017000000FE
S31580E3535014F4E2801700000018F4E28017000000DE
S31580E353601CF4E2801700000020F4E28017000000BE
S31580E3537024F4E2801700000028F4E280170000009E
S31580E353802CF4E2801700000030F4E280170000007E
S31580E3539034F4E2801700000038F4E280170000005E
S31580E353A03CF4E2801700000040F4E280170000003E
S31580E353B044F4E2801700000048F4E280170000001E
S31580E353C04CF4E2801700000050F4E28017000000FE
S31580E353D054F4E2801700000058F4E28017000000DE
S31580E353E05CF4E2801700000060F4E28017000000BE
S31580E353F064F4E2801700000068F4E280170000009E
S31580E354006CF4E2801700000070F4E280170000007D
S31580E3541074F4E2801700000078F4E280170000005D
S31580E354207CF4E2801700000080F4E280170000003D
S31580E3543084F4E2801700000088F4E280170000001D
S31580E354408CF4E2801700000090F4E28017000000FD
S31580E3545094F4E2801700000098F4E28017000000DD
S31580E354609CF4E28017000000A0F4E28017000000BD
S31580E35470A4F4E28017000000A8F4E280170000009D
S31580E35480ACF4E28017000000B0F4E280170000007D
S31580E35490B4F4E28017000000B8F4E280170000005D
S31580E354A0BCF4E28017000000C0F4E280170000003D
S31580E354B0C4F4E28017000000C8F4E280170000001D
S31580E354C0CCF4E28017000000D0F4E28017000000FD
S31580E354D0D4F4E28017000000D8F4E28017000000DD
S31580E354E0DCF4E28017000000E0F4E28017000000BD
S31580E354F0E4F4E28017000000E8F4E280170000009D
S31580E35500ECF4E28017000000F0F4E280170000007C
S31580E35510F4F4E28017000000F8F4E280170000005C
S31580E35520FCF4E2801700000000F5E280170000003B
S31580E3553004F5E2801700000008F5E280170000001A
S31580E355400CF5E2801700000010F5E28017000000FA
S31580E3555014F5E2801700000018F5E28017000000DA
S31580E355601CF5E2801700000020F5E28017000000BA
S31580E3557024F5E2801700000028F5E280170000009A
S31580E355802CF5E2801700000030F5E280170000007A
S31580E3559034F5E2801700000038F5E280170000005A
S31580E355A03CF5E2801700000040F5E280170000003A
S31580E355B044F5E2801700000048F5E280170000001A
S31580E355C04CF5E2801700000050F5E28017000000FA
S31580E355D054F5E2801700000058F5E28017000000DA
S31580E355E05CF5E2801700000060F5E28017000000BA
S31580E355F064F5E2801700000068F5E280170000009A
S31580E356006CF5E2801700000070F5E2801700000079
S31580E3561074F5E2801700000078F5E2801700000059
S31580E356207CF5E2801700000080F5E2801700000039
S31580E3563084F5E2801700000088F5E2801700000019
S31580E356408CF5E2801700000090F5E28017000000F9
S31580E3565094F5E2801700000098F5E28017000000D9
S31580E356609CF5E28017000000A0F5E28017000000B9
S31580E35670A4F5E28017000000A8F5E2801700000099
S31580E35680ACF5E28017000000B0F5E2801700000079
S31580E35690B4F5E28017000000B8F5E2801700000059
S31580E356A0BCF5E28017000000C0F5E2801700000039
S31580E356B0C4F5E28017000000C8F5E2801700000019
S31580E356C0CCF5E28017000000D0F5E28017000000F9
S31580E356D0D4F5E28017000000D8F5E28017000000D9
S31580E356E0DCF5E28017000000E0F5E28017000000B9
S31580E356F0E4F5E28017000000E8F5E2801700000099
S31580E35700ECF5E28017000000F0F5E2801700000078
S31580E35710F4F5E28017000000F8F5E2801700000058
S31580E35720FCF5E2801700000000F6E2801700000037
S31580E3573004F6E2801700000008F6E2801700000016
S31580E357400CF6E2801700000010F6E28017000000F6
S31580E3575014F6E2801700000018F6E28017000000D6
S31580E357601CF6E2801700000020F6E28017000000B6
S31580E3577024F6E2801700000028F6E2801700000096
S31580E357802CF6E2801700000030F6E2801700000076
S31580E3579034F6E2801700000038F6E2801700000056
S31580E357A03CF6E2801700000040F6E2801700000036
S31580E357B044F6E2801700000048F6E2801700000016
S31580E357C04CF6E2801700000050F6E28017000000F6
S31580E357D054F6E2801700000058F6E28017000000D6
S31580E357E05CF6E2801700000060F6E28017000000B6
S31580E357F064F6E2801700000068F6E2801700000096
S31580E358006CF6E2801700000070F6E2801700000075
S31580E3581074F6E2801700000078F6E2801700000055
S31580E358207CF6E2801700000080F6E2801700000035
S31580E3583084F6E2801700000088F6E2801700000015
S31580E358408CF6E2801700000090F6E28017000000F5
S31580E3585094F6E2801700000098F6E28017000000D5
S31580E358609CF6E28017000000A0F6E28017000000B5
S31580E35870A4F6E28017000000A8F6E2801700000095
S31580E35880ACF6E28017000000B0F6E2801700000075
S31580E35890B4F6E28017000000B8F6E2801700000055
S31580E358A0BCF6E28017000000C0F6E2801700000035
S31580E358B0C4F6E28017000000C8F6E2801700000015
S31580E358C0CCF6E28017000000D0F6E28017000000F5
S31580E358D0D4F6E28017000000D8F6E28017000000D5
S31580E358E0DCF6E28017000000E0F6E28017000000B5
S31580E358F0E4F6E28017000000E8F6E2801700000095
S31580E35900ECF6E28017000000F0F6E2801700000074
S31580E35910F4F6E28017000000F8F6E2801700000054
S31580E35920FCF6E2801700000000F7E2801700000033
S31580E3593004F7E2801700000008F7E2801700000012
S31580E359400CF7E2801700000010F7E28017000000F2
S31580E3595014F7E2801700000018F7E28017000000D2
S31580E359601CF7E2801700000020F7E28017000000B2
S31580E3597024F7E2801700000028F7E2801700000092
S31580E359802CF7E2801700000030F7E2801700000072
S31580E3599034F7E2801700000038F7E2801700000052
S31580E359A03CF7E2801700000040F7E2801700000032
S31580E359B044F7E2801700000048F7E2801700000012
S31580E359C04CF7E2801700000050F7E28017000000F2
S31580E359D054F7E2801700000058F7E28017000000D2
S31580E359E05CF7E2801700000060F7E28017000000B2
S31580E359F064F7E2801700000068F7E2801700000092
S31580E35A006CF7E2801700000070F7E2801700000071
S31580E35A1074F7E2801700000078F7E2801700000051
S31580E35A207CF7E2801700000094F7E280170000001D
S31580E35A30A0F7E28017000000A4F7E28017000000D9
S31580E35A40A8F7E2801700000070FFE28017000000ED
S31580E35A5074FFE2801700000088FFE28017000000F1
S31580E35A608CFFE28017000000A0FFE28017000000B1
S31580E35A70A4FFE28017000000B8FFE2801700000071
S31580E35A80BCFFE28017000000D0FFE2801700000031
S31580E35A90D4FFE28017000000E8FFE28017000000F1
S31580E35AA0ECFFE280170000000000E38017000000AF
S31580E35AB00400E380170000001800E380170000006D
S31580E35AC01C00E380170000003000E380170000002D
S31580E35AD03400E380170000004800E38017000000ED
S31580E35AE04C00E380170000006000E38017000000AD
S31580E35AF06400E380170000007800E380170000006D
S31580E35B007C00E380170000009000E380170000002C
S31580E35B109400E38017000000A800E38017000000EC
S31580E35B20AC00E38017000000C000E38017000000AC
S31580E35B30C400E38017000000D800E380170000006C
S31580E35B40DC00E38017000000F000E380170000002C
S31580E35B50F400E380170000000801E38017000000EB
S31580E35B600C01E380170000002001E38017000000AA
S31580E35B702401E380170000003801E380170000006A
S31580E35B803C01E380170000005001E380170000002A
S31580E35B905401E380170000006801E38017000000EA
S31580E35BA06C01E380170000008001E38017000000AA
S31580E35BB08401E380170000009801E380170000006A
S31580E35BC09C01E38017000000B001E380170000002A
S31580E35BD0B401E38017000000C801E38017000000EA
S31580E35BE0CC01E38017000000E001E38017000000AA
S31580E35BF0E401E38017000000F801E380170000006A
S31580E35C00FC01E38017000000C002E3801700000078
S31580E35C10C802E38017000000CC02E380170000008F
S31580E35C20D002E38017000000D402E380170000006F
S31580E35C30D802E38017000000F002E380170000003B
S31580E35C40F802E38017000000FC02E38017000000FF
S31580E35C500003E380170000000403E38017000000DD
S31580E35C600803E380170000008003E3801700000049
S31580E35C708403E380170000008803E38017000000B5
S31580E35C809003E380170000009803E3801700000089
S31580E35C909C03E38017000000A003E3801700000065
S31580E35CA0A403E38017000000A803E3801700000045
S31580E35CB0DC03E38017000000E803E38017000000BD
S31580E35CC0EC03E38017000000F003E3801700000095
S31580E35CD0F803E380170000000404E3801700000064
S31580E35CE00804E380170000000C04E380170000003B
S31580E35CF01404E380170000002004E380170000000B
S31580E35D002404E380170000002804E38017000000E2
S31580E35D103004E380170000003C04E38017000000B2
S31580E35D204004E380170000004404E380170000008A
S31580E35D304C04E380170000005804E380170000005A
S31580E35D405C04E380170000006004E3801700000032
S31580E35D506804E380170000007404E3801700000002
S31580E35D607804E380170000007C04E38017000000DA
S31580E35D708404E380170000009004E38017000000AA
S31580E35D809404E380170000009804E3801700000082
S31580E35D90A004E38017000000AC04E3801700000052
S31580E35DA0B004E38017000000B404E380170000002A
S31580E35DB0BC04E38017000000C804E38017000000FA
S31580E35DC0CC04E38017000000D004E38017000000D2
S31580E35DD0D804E38017000000E404E38017000000A2
S31580E35DE0E804E38017000000EC04E380170000007A
S31580E35DF0F404E380170000000005E3801700000049
S31580E35E000405E380170000000805E380170000001F
S31580E35E101005E380170000001C05E38017000000EF
S31580E35E202005E380170000002405E38017000000C7
S31580E35E302C05E380170000003805E3801700000097
S31580E35E403C05E380170000004005E380170000006F
S31580E35E504805E380170000005405E380170000003F
S31580E35E605805E380170000005C05E3801700000017
S31580E35E706405E380170000007005E38017000000E7
S31580E35E807405E380170000007805E38017000000BF
S31580E35E908005E380170000008C05E380170000008F
S31580E35EA09005E380170000009405E3801700000067
S31580E35EB09C05E38017000000A805E3801700000037
S31580E35EC0AC05E38017000000B005E380170000000F
S31580E35ED0B805E38017000000C405E38017000000DF
S31580E35EE0C805E38017000000CC05E38017000000B7
S31580E35EF0D405E38017000000E005E3801700000087
S31580E35F00E405E38017000000E805E380170000005E
S31580E35F10F005E38017000000FC05E380170000002E
S31580E35F200006E380170000000406E3801700000004
S31580E35F300C06E380170000001806E38017000000D4
S31580E35F401C06E380170000002006E38017000000AC
S31580E35F502806E380170000003406E380170000007C
S31580E35F603806E380170000003C06E3801700000054
S31580E35F704406E380170000005006E3801700000024
S31580E35F805406E380170000005806E38017000000FC
S31580E35F906006E380170000006C06E38017000000CC
S31580E35FA07006E380170000007406E38017000000A4
S31580E35FB07C06E380170000008806E3801700000074
S31580E35FC08C06E380170000009006E380170000004C
S31580E35FD09806E38017000000A406E380170000001C
S31580E35FE0A806E38017000000AC06E38017000000F4
S31580E35FF0B406E38017000000C006E38017000000C4
S31580E36000C406E38017000000C806E380170000009B
S31580E36010D006E38017000000DC06E380170000006B
S31580E36020E006E38017000000E406E3801700000043
S31580E36030EC06E38017000000F806E3801700000013
S31580E36040FC06E380170000000007E38017000000EA
S31580E360500407E380170000000807E38017000000C9
S31580E360601407E380170000001807E3801700000099
S31580E360701C07E380170000002407E3801700000075
S31580E360803007E380170000003407E3801700000041
S31580E360903807E380170000004007E380170000001D
S31580E360A04C07E380170000005007E38017000000E9
S31580E360B05407E380170000005807E38017000000C9
S31580E360C05C07E380170000006807E38017000000A1
S31580E360D06C07E380170000007007E3801700000079
S31580E360E07807E380170000008407E3801700000049
S31580E360F08807E380170000008C07E3801700000021
S31580E361009407E38017000000A007E38017000000F0
S31580E36110A407E38017000000A807E38017000000C8
S31580E36120AC07E38017000000B007E38017000000A8
S31580E36130BC07E38017000000C007E3801700000078
S31580E36140C407E38017000000CC07E3801700000054
S31580E36150D807E38017000000DC07E3801700000020
S31580E36160E007E38017000000E807E38017000000FC
S31580E36170F407E38017000000F807E38017000000C8
S31580E36180FC07E380170000000408E38017000000A3
S31580E361901008E380170000001408E380170000006E
S31580E361A01808E380170000002008E380170000004A
S31580E361B02408E380170000002808E3801700000026
S31580E361C02C08E380170000003008E3801700000006
S31580E361D03408E380170000003808E38017000000E6
S31580E361E03C08E380170000004008E38017000000C6
S31580E361F04408E380170000004808E38017000000A6
S30D80E362004C08E380170000005F
S70580DFFE009D
